{
  "n_taxa": 40,
  "n_dims": 95744,
  "mode": "per_residue",
  "n_generations": 200000,
  "n_runs": 2,
  "n_chains": 4,
  "mcmc_time_s": 4373.765720844269,
  "asdsf": 0.02478048780487805,
  "converged": true,
  "rf_consensus_vs_iqtree": 51,
  "rf_nj_vs_iqtree": 49,
  "max_rf": 74,
  "normalized_rf": 0.6891891891891891,
  "clade_recovery": 0.3157894736842105
}