{
  "n_taxa": 84,
  "n_dims": 512,
  "mode": "per_protein",
  "n_generations": 200000,
  "n_runs": 2,
  "n_chains": 4,
  "mcmc_time_s": 541.0433878898621,
  "asdsf": 0.060456621004566204,
  "converged": false,
  "n_monophyletic_consensus": 2,
  "n_monophyletic_nj": 4,
  "n_families": 12,
  "clade_purity_consensus": 0.5443478260869565,
  "clade_purity_nj": 0.45539280958721706,
  "separation_ratio": 1.4669986644083122,
  "silhouette_approx": 0.3183361210466185
}