{
  "n_taxa": 84,
  "n_dims": 512,
  "mode": "per_protein",
  "n_generations": 200000,
  "n_runs": 2,
  "n_chains": 4,
  "mcmc_time_s": 850.1566109657288,
  "asdsf": 0.10595271867612294,
  "converged": false,
  "n_monophyletic_consensus": 10,
  "n_monophyletic_nj": 9,
  "n_families": 12,
  "clade_purity_consensus": 0.7224669603524229,
  "clade_purity_nj": 0.43911439114391143,
  "separation_ratio": 2.426132699117037,
  "silhouette_approx": 0.5878213914828573
}