{
  "n_taxa": 84,
  "n_dims": 512,
  "mode": "per_protein",
  "n_generations": 200000,
  "n_runs": 2,
  "n_chains": 4,
  "mcmc_time_s": 604.1772871017456,
  "asdsf": 0.06431604938271604,
  "converged": false,
  "n_monophyletic_consensus": 10,
  "n_monophyletic_nj": 9,
  "n_families": 12,
  "clade_purity_consensus": 0.72,
  "clade_purity_nj": 0.43911439114391143,
  "separation_ratio": 2.426132699117037,
  "silhouette_approx": 0.5878213914828573
}