{
  "steps_done": [
    "F",
    "A",
    "B",
    "C",
    "D",
    "E",
    "G",
    "H",
    "I"
  ],
  "results": {},
  "data_analysis": {
    "intrinsic_dim_prott5": {
      "participation_ratio": 374.4490051269531,
      "dims_90pct": 596,
      "dims_95pct": 738,
      "dims_99pct": 911,
      "total_dims": 1024,
      "sv_top20": [
        151.17308044433594,
        140.03448486328125,
        133.04945373535156,
        130.37039184570312,
        123.95488739013672,
        118.98985290527344,
        116.2772445678711,
        114.36225128173828,
        110.24226379394531,
        108.48558807373047,
        108.1622543334961,
        106.88449096679688,
        105.77526092529297,
        104.98280334472656,
        103.30252075195312,
        102.71795654296875,
        101.42094421386719,
        100.57112121582031,
        98.5192642211914,
        98.4046630859375
      ]
    },
    "channel_dist_prott5": {
      "mean_disc_ratio": 0.05403580977766942,
      "top_10_discriminative_channels": [
        443,
        947,
        294,
        273,
        437,
        405,
        966,
        814,
        72,
        1004
      ],
      "bottom_10_channels": [
        988,
        4,
        493,
        887,
        89,
        654,
        932,
        855,
        804,
        780
      ],
      "mean_abs_correlation": 0.03188395353808931,
      "n_highly_correlated_pairs": 17
    },
    "intrinsic_dim_esm2": {
      "participation_ratio": 41.3397216796875,
      "dims_90pct": 841,
      "dims_95pct": 1031,
      "dims_99pct": 1221,
      "total_dims": 1280
    }
  },
  "part_A": {
    "raw_rp512_dct_K4": {
      "codec": "raw_rp512_dct_K4",
      "family_ret1": 0.78,
      "mrr": 0.8525954964544342,
      "vec_dim": 2048,
      "ss3_q3": 0.8148330804248862,
      "vec_bytes": 8192,
      "encode_ms": 29.583881669677794
    },
    "centered_rp512_dct_K4": {
      "codec": "centered_rp512_dct_K4",
      "family_ret1": 0.7811764705882352,
      "mrr": 0.8541723621057264,
      "vec_dim": 2048,
      "ss3_q3": 0.8148330804248862,
      "vec_bytes": 8192,
      "encode_ms": 28.84552542003803
    },
    "zscore_rp512_dct_K4": {
      "codec": "zscore_rp512_dct_K4",
      "family_ret1": 0.7811764705882352,
      "mrr": 0.8520013786847012,
      "vec_dim": 2048,
      "ss3_q3": 0.8167678300455236,
      "vec_bytes": 8192,
      "encode_ms": 29.433852079091594
    },
    "abtt_k1_rp512_dct_K4": {
      "codec": "abtt_k1_rp512_dct_K4",
      "family_ret1": 0.7823529411764706,
      "mrr": 0.854136685393145,
      "vec_dim": 2048,
      "ss3_q3": 0.8126327769347497,
      "vec_bytes": 8192,
      "encode_ms": 30.518830000655726
    },
    "abtt_k3_rp512_dct_K4": {
      "codec": "abtt_k3_rp512_dct_K4",
      "family_ret1": 0.7858823529411765,
      "mrr": 0.8568512134948559,
      "vec_dim": 2048,
      "ss3_q3": 0.810546282245827,
      "vec_bytes": 8192,
      "encode_ms": 29.682160000083968
    },
    "pca_rot_rp512_dct_K4": {
      "codec": "pca_rot_rp512_dct_K4",
      "family_ret1": 0.7835294117647059,
      "mrr": 0.8552164156759066,
      "vec_dim": 2048,
      "ss3_q3": 0.8136191198786039,
      "vec_bytes": 8192,
      "encode_ms": 29.602865000488237
    },
    "center_abtt1_rp512_dct_K4": {
      "codec": "center_abtt1_rp512_dct_K4",
      "family_ret1": 0.7811764705882352,
      "mrr": 0.8543057166936959,
      "vec_dim": 2048,
      "ss3_q3": 0.812556904400607,
      "vec_bytes": 8192,
      "encode_ms": 29.640972920460626
    },
    "centered_mean": {
      "codec": "centered_mean",
      "family_ret1": 0.7388235294117647,
      "mrr": 0.8165876991051441,
      "vec_dim": 1024,
      "vec_bytes": 4096,
      "encode_ms": 0.05212999996729195
    },
    "zscore_mean": {
      "codec": "zscore_mean",
      "family_ret1": 0.7247058823529412,
      "mrr": 0.8038906102798501,
      "vec_dim": 1024,
      "vec_bytes": 4096,
      "encode_ms": 0.0786462496034801
    },
    "abtt1_mean": {
      "codec": "abtt1_mean",
      "family_ret1": 0.7352941176470589,
      "mrr": 0.8148065672302701,
      "vec_dim": 1024,
      "vec_bytes": 4096,
      "encode_ms": 0.21096792072057724
    }
  },
  "part_B": {
    "channel_resample_l32": {
      "codec": "channel_resample_l32",
      "family_ret1": 0.7352941176470589,
      "mrr": 0.8132147638027971,
      "vec_dim": 32768,
      "vec_bytes": 131072,
      "encode_ms": 0.579072079854086
    },
    "channel_resample_l64": {
      "codec": "channel_resample_l64",
      "family_ret1": 0.7235294117647059,
      "mrr": 0.805201884990203,
      "vec_dim": 65536,
      "vec_bytes": 262144,
      "encode_ms": 0.6208208308089525
    },
    "channel_resample_l128": {
      "codec": "channel_resample_l128",
      "family_ret1": 0.7223529411764706,
      "mrr": 0.8045014545025351,
      "vec_dim": 131072,
      "vec_bytes": 524288,
      "encode_ms": 0.9941095800604671
    },
    "rp512_resample_l32": {
      "codec": "rp512_resample_l32",
      "family_ret1": 0.7352941176470589,
      "mrr": 0.8125929937946456,
      "vec_dim": 16384,
      "vec_bytes": 65536,
      "encode_ms": 34.530829169088975
    },
    "rp512_resample_l64": {
      "codec": "rp512_resample_l64",
      "family_ret1": 0.7211764705882353,
      "mrr": 0.8034826153024437,
      "vec_dim": 32768,
      "vec_bytes": 131072,
      "encode_ms": 62.01959333033301
    },
    "protein_svd_k1": {
      "codec": "protein_svd_k1",
      "family_ret1": 0.5211764705882352,
      "mrr": 0.5888900687024198,
      "vec_dim": 1024,
      "vec_bytes": 4096,
      "encode_ms": 11.841347499284893
    },
    "protein_svd_k2": {
      "codec": "protein_svd_k2",
      "family_ret1": 0.4541176470588235,
      "mrr": 0.5239750846951544,
      "vec_dim": 2048,
      "vec_bytes": 8192,
      "encode_ms": 10.802051249193028
    },
    "protein_svd_k4": {
      "codec": "protein_svd_k4",
      "family_ret1": 0.4211764705882353,
      "mrr": 0.5002504438016906,
      "vec_dim": 4096,
      "vec_bytes": 16384,
      "encode_ms": 9.46160291088745
    },
    "protein_svd_k8": {
      "codec": "protein_svd_k8",
      "family_ret1": 0.41411764705882353,
      "mrr": 0.49153415667390526,
      "vec_dim": 8192,
      "vec_bytes": 32768,
      "encode_ms": 10.232806659769267
    },
    "channel_stats_mean_std": {
      "codec": "channel_stats_mean_std",
      "family_ret1": 0.7411764705882353,
      "mrr": 0.8207923441693349,
      "vec_dim": 2048,
      "vec_bytes": 8192,
      "encode_ms": 0.11881749960593879
    },
    "channel_stats_mean_std_skew": {
      "codec": "channel_stats_mean_std_skew",
      "family_ret1": 0.7776470588235294,
      "mrr": 0.8410495456817553,
      "vec_dim": 3072,
      "vec_bytes": 12288,
      "encode_ms": 0.4964366694912314
    },
    "channel_stats_mean_std_min_max": {
      "codec": "channel_stats_mean_std_min_max",
      "family_ret1": 0.7658823529411765,
      "mrr": 0.8374378621397311,
      "vec_dim": 4096,
      "vec_bytes": 16384,
      "encode_ms": 0.11334375012665987
    },
    "mean_std_concat": {
      "codec": "mean_std_concat",
      "family_ret1": 0.7411764705882353,
      "mrr": 0.8207923441693349,
      "vec_dim": 2048,
      "vec_bytes": 8192,
      "encode_ms": 0.08915666956454515
    }
  },
  "part_C": {
    "percentile_p25_50_75": {
      "codec": "percentile_p25_50_75",
      "family_ret1": 0.7247058823529412,
      "mrr": 0.8080247543495149,
      "vec_dim": 3072,
      "vec_bytes": 12288,
      "encode_ms": 3.2062908296938986
    },
    "percentile_p10_50_90": {
      "codec": "percentile_p10_50_90",
      "family_ret1": 0.7329411764705882,
      "mrr": 0.8133915343654751,
      "vec_dim": 3072,
      "vec_bytes": 12288,
      "encode_ms": 3.1304712500423193
    },
    "percentile_p10_25_50_75_90": {
      "codec": "percentile_p10_25_50_75_90",
      "family_ret1": 0.7329411764705882,
      "mrr": 0.8137253066908531,
      "vec_dim": 5120,
      "vec_bytes": 20480,
      "encode_ms": 3.697992080124095
    },