{
  "steps_done": [
    "P1A",
    "P1B",
    "P1C",
    "P1D",
    "P2",
    "P3"
  ],
  "results": {
    "prot_t5_xl": {
      "wavelet_db4_50": {
        "family_ret1": 0.7341176470588235,
        "mrr": 0.8137410941884515,
        "cos_sim": 0.9370029038190841,
        "encode_ms": 27.218582920031622,
        "fitting": "none",
        "per_residue": true,
        "size_bytes": 693452,
        "size_zstd_bytes": 642828,
        "compression_ratio": 1.0,
        "ss3_q3": 0.8312594840667679
      },
      "wavelet_db4_75": {
        "family_ret1": 0.7352941176470589,
        "mrr": 0.814339063471019,
        "cos_sim": 0.8147936296463013,
        "encode_ms": 26.11128374992404,
        "fitting": "none",
        "per_residue": true,
        "size_bytes": 693452,
        "size_zstd_bytes": 643322,
        "compression_ratio": 1.0,
        "ss3_q3": 0.8190060698027314
      },
      "wavelet_db4_90": {
        "family_ret1": 0.7352941176470589,
        "mrr": 0.8143678975450355,
        "cos_sim": 0.6738634964823723,
        "encode_ms": 27.126142499619164,
        "fitting": "none",
        "per_residue": true,
        "size_bytes": 693452,
        "size_zstd_bytes": 643162,
        "compression_ratio": 1.0,
        "ss3_q3": 0.7795902883156297
      },
      "wavelet_db4_95": {
        "family_ret1": 0.7352941176470589,
        "mrr": 0.8146114351845188,
        "cos_sim": 0.6042789882421493,
        "encode_ms": 28.07760625029914,
        "fitting": "none",
        "per_residue": true,
        "size_bytes": 693452,
        "size_zstd_bytes": 643034,
        "compression_ratio": 1.0,
        "ss3_q3": 0.7324734446130501
      },
      "cur_k32": {
        "family_ret1": 0.7152941176470589,
        "mrr": 0.79898780168315,
        "cos_sim": 0.7183437559008599,
        "encode_ms": 7.512494589900598,
        "fitting": "none",
        "per_residue": true,
        "size_bytes": 693452,
        "size_zstd_bytes": 643464,
        "compression_ratio": 1.0,
        "ss3_q3": 0.6943474962063733
      },
      "cur_k64": {
        "family_ret1": 0.7305882352941176,
        "mrr": 0.8097716601495236,
        "cos_sim": 0.8638360646367073,
        "encode_ms": 9.221394169726409,
        "fitting": "none",
        "per_residue": true,
        "size_bytes": 693452,
        "size_zstd_bytes": 643004,
        "compression_ratio": 1.0,
        "ss3_q3": 0.7639605462822459
      },
      "cur_k128": {
        "family_ret1": 0.7329411764705882,
        "mrr": 0.8121446413137469,
        "cos_sim": 0.9633018860220909,
        "encode_ms": 16.197569159558043,
        "fitting": "none",
        "per_residue": true,
        "size_bytes": 693452,
        "size_zstd_bytes": 642452,
        "compression_ratio": 1.0,
        "ss3_q3": 0.8105842185128983
      },
      "cur_k256": {
        "family_ret1": 0.7329411764705882,
        "mrr": 0.8132276560558677,
        "cos_sim": 0.99636754155159,
        "encode_ms": 22.277218750095926,
        "fitting": "none",
        "per_residue": true,
        "size_bytes": 693452,
        "size_zstd_bytes": 642064,
        "compression_ratio": 1.0,
        "ss3_q3": 0.8334597875569044
      },
      "prune_k64": {
        "fitting": "none",
        "per_residue": true,
        "family_ret1": 0.6882352941176471,
        "mrr": 0.7692706236157776,
        "ss3_q3": 0.582587253414264,
        "size_bytes": 43340,
        "size_zstd_bytes": 40093,
        "compression_ratio": 16.0,
        "encode_ms": 0.04149292013607919
      },
      "prune_k128": {
        "fitting": "none",
        "per_residue": true,
        "family_ret1": 0.7188235294117648,
        "mrr": 0.8019146301718901,
        "ss3_q3": 0.6646813353566009,
        "size_bytes": 86681,
        "size_zstd_bytes": 80175,
        "compression_ratio": 8.0,
        "encode_ms": 0.046906250063329935
      },
      "prune_k256": {
        "fitting": "none",
        "per_residue": true,
        "family_ret1": 0.7282352941176471,
        "mrr": 0.812191144766805,
        "ss3_q3": 0.7486342943854325,
        "size_bytes": 173363,
        "size_zstd_bytes": 160383,
        "compression_ratio": 4.0,
        "encode_ms": 0.06332874996587634
      },
      "prune_k512": {
        "fitting": "none",
        "per_residue": true,
        "family_ret1": 0.7352941176470589,
        "mrr": 0.8182421743450335,
        "ss3_q3": 0.8048179059180577,
        "size_bytes": 346726,
        "size_zstd_bytes": 320826,
        "compression_ratio": 2.0,
        "encode_ms": 0.10242916992865503
      },
      "delta_order1": {
        "family_ret1": 0.7341176470588235,
        "mrr": 0.8138807331145195,
        "cos_sim": 1.0000000163912772,
        "size_bytes": 693452,
        "size_zstd_bytes": 640941,
        "compression_ratio": 1.0,
        "encode_ms": 0.026718330336734653,
        "fitting": "none",
        "per_residue": true,
        "ss3_q3": 0.8401745068285281
      },
      "int8_raw": {
        "family_ret1": 0.7341176470588235,
        "mrr": 0.8138803108363092,
        "cos_sim": 0.9999817398190498,
        "encode_ms": 0.30254041019361466,
        "fitting": "train_free",
        "per_residue": true,
        "size_bytes": 173363,
        "size_zstd_bytes": 632944,
        "compression_ratio": 4.0,
        "ss3_q3": 0.8402503793626707
      },
      "int4_raw": {
        "family_ret1": 0.7329411764705882,
        "mrr": 0.8132746982020754,
        "cos_sim": 0.9947604766488075,
        "encode_ms": 0.36173374974168837,
        "fitting": "train_free",
        "per_residue": true,
        "size_bytes": 86681,
        "size_zstd_bytes": 322269,
        "compression_ratio": 8.0,
        "ss3_q3": 0.8388467374810319
      },
      "binary_raw": {
        "family_ret1": 0.7247058823529412,
        "mrr": 0.8081760095008574,
        "cos_sim": 0.8073533350229263,
        "encode_ms": 0.2648399997269735,
        "fitting": "train_free",
        "per_residue": true,
        "size_bytes": 21670,
        "size_zstd_bytes": 100453,
        "compression_ratio": 32.0,
        "ss3_q3": 0.8182852807283764
      },
      "int8_rp512": {
        "family_ret1": 0.7305882352941176,
        "mrr": 0.8134866841789666,
        "cos_sim": NaN,
        "encode_ms": 27.82093250018079,
        "fitting": "train_free",
        "per_residue": true,
        "size_bytes": 86681,
        "size_zstd_bytes": 311765,
        "compression_ratio": 8.0,
        "ss3_q3": 0.8146433990895295
      },
      "int4_rp512": {
        "family_ret1": 0.7294117647058823,
        "mrr": 0.8129031869008635,
        "cos_sim": NaN,
        "encode_ms": 27.801921669743024,
        "fitting": "train_free",
        "per_residue": true,
        "size_bytes": 43340,
        "size_zstd_bytes": 151334,
        "compression_ratio": 16.0,
        "ss3_q3": 0.8138846737481031
      },
      "binary_rp512": {
        "family_ret1": 0.7282352941176471,
        "mrr": 0.8102944424652772,
        "cos_sim": NaN,
        "encode_ms": 27.695645409985445,
        "fitting": "train_free",
        "per_residue": true,
        "size_bytes": 10835,
        "size_zstd_bytes": 48955,
        "compression_ratio": 64.0,
        "ss3_q3": 0.7745447647951441
      },
      "pq_M16": {
        "family_ret1": 0.48470588235294115,
        "mrr": 0.573246656858718,
        "cos_sim": 0.4801294727622419,
        "encode_ms": 1.0660629102494568,
        "fitting": "corpus_fit",
        "per_residue": true,
        "size_bytes": 2708,
        "size_zstd_bytes": 362780,
        "compression_ratio": 256.0,
        "ss3_q3": 0.7602427921092565
      },
      "pq_M32": {
        "family_ret1": 0.6047058823529412,
        "mrr": 0.6881818639891559,
        "cos_sim": 0.5493628586742507,
        "encode_ms": 1.860680830432102,
        "fitting": "corpus_fit",
        "per_residue": true,
        "size_bytes": 5417,
        "size_zstd_bytes": 393194,
        "compression_ratio": 128.0,
        "ss3_q3": 0.7672610015174507
      },