{
  "steps_done": [
    "B10",
    "B7",
    "B8",
    "B11",
    "B9",
    "B13"
  ],
  "results": {
    "retrieval": {
      "prot_t5_xl_family_cosine": {
        "ret1": 0.7341176470588235,
        "mrr": 0.8138807331145195,
        "map": 0.4982019152266411,
        "n_queries": 850
      },
      "prot_t5_xl_superfamily_cosine": {
        "ret1": 0.9,
        "mrr": 0.9240763173392047,
        "map": 0.5394380404486213,
        "n_queries": 850
      },
      "prot_t5_xl_fold_cosine": {
        "ret1": 0.9094117647058824,
        "mrr": 0.931351329702915,
        "map": 0.5198667219784595,
        "n_queries": 850
      },
      "prot_t5_xl_family_euclidean": {
        "ret1": 0.7176470588235294,
        "mrr": 0.8041388794531623,
        "map": 0.4630443227463062,
        "n_queries": 850
      },
      "prot_t5_xl_superfamily_euclidean": {
        "ret1": 0.888235294117647,
        "mrr": 0.9173797705383029,
        "map": 0.49036867292866043,
        "n_queries": 850
      },
      "prot_t5_xl_fold_euclidean": {
        "ret1": 0.8976470588235295,
        "mrr": 0.9236568397978766,
        "map": 0.47104603495209163,
        "n_queries": 850
      },
      "esm2_650m_family_cosine": {
        "ret1": 0.6176470588235294,
        "mrr": 0.6986199163043135,
        "map": 0.35485992048163617,
        "n_queries": 850
      },
      "esm2_650m_superfamily_cosine": {
        "ret1": 0.8105882352941176,
        "mrr": 0.8428662271290747,
        "map": 0.3710611367836953,
        "n_queries": 850
      },
      "esm2_650m_fold_cosine": {
        "ret1": 0.8223529411764706,
        "mrr": 0.8541371703063932,
        "map": 0.36459342095471986,
        "n_queries": 850
      },
      "esm2_650m_family_euclidean": {
        "ret1": 0.6047058823529412,
        "mrr": 0.6811554078004366,
        "map": 0.34071099117837794,
        "n_queries": 850
      },
      "esm2_650m_superfamily_euclidean": {
        "ret1": 0.7847058823529411,
        "mrr": 0.8241740616204075,
        "map": 0.35192756001597497,
        "n_queries": 850
      },
      "esm2_650m_fold_euclidean": {
        "ret1": 0.7952941176470588,
        "mrr": 0.8363508790190965,
        "map": 0.3452937183899786,
        "n_queries": 850
      },
      "esmc_300m_family_cosine": {
        "ret1": 0.38588235294117645,
        "mrr": 0.46951872685064694,
        "map": 0.19743806338879366,
        "n_queries": 850
      },
      "esmc_300m_superfamily_cosine": {
        "ret1": 0.5047058823529412,
        "mrr": 0.5890461316841524,
        "map": 0.19789998104583115,
        "n_queries": 850
      },
      "esmc_300m_fold_cosine": {
        "ret1": 0.52,
        "mrr": 0.6066172625618058,
        "map": 0.1998529483196964,
        "n_queries": 850
      },
      "esmc_300m_family_euclidean": {
        "ret1": 0.38,
        "mrr": 0.4640177465132719,
        "map": 0.1918552194703098,
        "n_queries": 850
      },
      "esmc_300m_superfamily_euclidean": {
        "ret1": 0.49058823529411766,
        "mrr": 0.5833609596500222,
        "map": 0.19198746095184213,
        "n_queries": 850
      },
      "esmc_300m_fold_euclidean": {
        "ret1": 0.5058823529411764,
        "mrr": 0.6004481980320202,
        "map": 0.19347291273197115,
        "n_queries": 850
      }
    },
    "hierarchy": {
      "prot_t5_xl_cosine": {
        "metric": "cosine",
        "n_proteins": 850,
        "within_family_mean": 0.30150842666625977,
        "within_family_std": 0.157211571931839,
        "within_family_median": 0.29457083344459534,
        "within_family_n_pairs": 1380,
        "same_superfamily_mean": 0.5224205255508423,
        "same_superfamily_std": 0.17547492682933807,
        "same_superfamily_median": 0.533781111240387,
        "same_superfamily_n_pairs": 3170,
        "same_fold_mean": 0.6436262726783752,
        "same_fold_std": 0.13707980513572693,
        "same_fold_median": 0.6662541627883911,
        "same_fold_n_pairs": 1960,
        "unrelated_mean": 0.7104504108428955,
        "unrelated_std": 0.10784175992012024,
        "unrelated_median": 0.7211219072341919,
        "unrelated_n_pairs": 50000,
        "separation_ratio": 2.356320248486104,
        "ordering_correct": true
      },
      "prot_t5_xl_euclidean": {
        "metric": "euclidean",
        "n_proteins": 850,
        "within_family_mean": 1.0525797605514526,
        "within_family_std": 0.3308982849121094,
        "within_family_median": 1.0331244468688965,
        "within_family_n_pairs": 1380,
        "same_superfamily_mean": 1.3997870683670044,
        "same_superfamily_std": 0.3345184922218323,
        "same_superfamily_median": 1.4223825931549072,
        "same_superfamily_n_pairs": 3170,
        "same_fold_mean": 1.6437627077102661,
        "same_fold_std": 0.25978484749794006,
        "same_fold_median": 1.6616084575653076,
        "same_fold_n_pairs": 1960,
        "unrelated_mean": 1.680951714515686,
        "unrelated_std": 0.24010016024112701,
        "unrelated_median": 1.6761767864227295,
        "unrelated_n_pairs": 50000,
        "separation_ratio": 1.5969827442198068,
        "ordering_correct": true
      },
      "esm2_650m_cosine": {
        "metric": "cosine",
        "n_proteins": 850,
        "within_family_mean": 0.07641492784023285,
        "within_family_std": 0.09126925468444824,
        "within_family_median": 0.04598662257194519,
        "within_family_n_pairs": 1380,
        "same_superfamily_mean": 0.10428836196660995,
        "same_superfamily_std": 0.11028065532445908,
        "same_superfamily_median": 0.07075592875480652,
        "same_superfamily_n_pairs": 3170,
        "same_fold_mean": 0.15071146190166473,
        "same_fold_std": 0.16766700148582458,
        "same_fold_median": 0.07921001315116882,
        "same_fold_n_pairs": 1960,
        "unrelated_mean": 0.134796604514122,
        "unrelated_std": 0.10372097045183182,
        "unrelated_median": 0.10348504781723022,
        "unrelated_n_pairs": 50000,
        "separation_ratio": 1.7640087915276537,
        "ordering_correct": false
      },
      "esm2_650m_euclidean": {
        "metric": "euclidean",
        "n_proteins": 850,
        "within_family_mean": 2.54683256149292,
        "within_family_std": 1.1456388235092163,
        "within_family_median": 2.23044490814209,
        "within_family_n_pairs": 1380,
        "same_superfamily_mean": 3.132777452468872,
        "same_superfamily_std": 1.2244287729263306,
        "same_superfamily_median": 2.8072690963745117,
        "same_superfamily_n_pairs": 3170,
        "same_fold_mean": 3.697727918624878,
        "same_fold_std": 1.5993638038635254,
        "same_fold_median": 3.1315298080444336,
        "same_fold_n_pairs": 1960,
        "unrelated_mean": 3.7070565223693848,
        "unrelated_std": 1.1056263446807861,
        "unrelated_median": 3.40208101272583,
        "unrelated_n_pairs": 50000,
        "separation_ratio": 1.4555556491693182,
        "ordering_correct": true
      },
      "esmc_300m_cosine": {
        "metric": "cosine",
        "n_proteins": 850,
        "within_family_mean": 0.17028917372226715,
        "within_family_std": 0.12944842875003815,
        "within_family_median": 0.13900837302207947,
        "within_family_n_pairs": 1380,
        "same_superfamily_mean": 0.25061020255088806,
        "same_superfamily_std": 0.1790187805891037,
        "same_superfamily_median": 0.1968177855014801,
        "same_superfamily_n_pairs": 3170,
        "same_fold_mean": 0.294206827878952,
        "same_fold_std": 0.18716391921043396,
        "same_fold_median": 0.23963341116905212,
        "same_fold_n_pairs": 1960,
        "unrelated_mean": 0.3147033751010895,
        "unrelated_std": 0.1724737137556076,
        "unrelated_median": 0.2724788188934326,
        "unrelated_n_pairs": 50000,
        "separation_ratio": 1.8480527459388254,
        "ordering_correct": true
      },
      "esmc_300m_euclidean": {
        "metric": "euclidean",
        "n_proteins": 850,