{
  "experiment": "41_768d_retention_benchmarks",
  "raw_model": "prot_t5_xl",
  "raw_dim": 1024,
  "compressed_dim": 768,
  "codec": "One Embedding 1.0 (ABTT3 + RP768 + DCT K=4)",
  "ss3": {
    "raw_1024d": {
      "q3": 0.8464925262690544,
      "per_class_acc": {
        "H": 0.8781747286331542,
        "E": 0.7786716877781582,
        "C": 0.8546635889544327
      },
      "n_train_residues": 107545,
      "n_test_residues": 27028
    },
    "compressed_768d": {
      "q3": 0.8366508805682995,
      "per_class_acc": {
        "H": 0.8680577510801981,
        "E": 0.7553919890448476,
        "C": 0.8517568607335214
      },
      "n_train_residues": 107545,
      "n_test_residues": 27028
    },
    "retention_pct": 98.83736177280474
  },
  "ss8": {
    "raw_1024d": {
      "q8": 0.7135933106408169,
      "per_class_acc": {
        "H": 0.9249790944928922,
        "B": 0.07466666666666667,
        "E": 0.8297055057618438,
        "G": 0.23454367026496564,
        "I": 0.30303030303030304,
        "T": 0.5655195234943746,
        "S": 0.26974437237695537,
        "C": 0.7094482986455236
      },
      "n_train_residues": 107545,
      "n_test_residues": 27028
    },
    "compressed_768d": {
      "q8": 0.7034926742637265,
      "per_class_acc": {
        "H": 0.9190060924620714,
        "B": 0.048,
        "E": 0.81507225169197,
        "G": 0.20215897939156036,
        "I": 0.26262626262626265,
        "T": 0.542686962276638,
        "S": 0.2533384204502098,
        "C": 0.7120911793855302
      },
      "n_train_residues": 107545,
      "n_test_residues": 27028
    },
    "retention_pct": 98.58453880852387
  },
  "disorder": {
    "raw_1024d": {
      "spearman_rho": 0.6632456993786914,
      "p_value": 0.0,
      "mse": 20.167312622070312,
      "n_train_residues": 132545,
      "n_test_residues": 12516
    },
    "compressed_768d": {
      "spearman_rho": 0.6290741507976639,
      "p_value": 0.0,
      "mse": 23.83560562133789,
      "n_train_residues": 132545,
      "n_test_residues": 12516
    },
    "retention_pct": 94.84782960326191
  },
  "tm_topology": {
    "raw_1024d": {
      "accuracy": 0.9880534154070444,
      "macro_f1": 0.8578633873200645,
      "per_class_f1": {
        "H": 0.8650425367362722,
        "B": 0.7567567567567568,
        "S": 0.8158473954512105,
        "O": 0.9938068603360186
      },
      "n_train_residues": 388108,
      "n_test_residues": 98773
    },
    "compressed_768d": {
      "accuracy": 0.987213104795845,
      "macro_f1": 0.8482617884329544,
      "per_class_f1": {
        "H": 0.8460323726806158,
        "B": 0.7223427331887202,
        "S": 0.8312816799420709,
        "O": 0.993390367920411
      },
      "n_train_residues": 388108,
      "n_test_residues": 98773
    },
    "retention_pct": 98.88075432183845
  },
  "retrieval": {
    "raw_1024d": {
      "precision@1": 0.731247492980345,
      "precision@3": 0.574140927931542,
      "precision@5": 0.4215804251905325,
      "mrr": 0.8018605182451886,
      "map": 0.4798148906530969,
      "n_queries": 2493,
      "n_database": 2493
    },
    "compressed_768d": {
      "precision@1": 0.7978339350180506,
      "precision@3": 0.6642599277978347,
      "precision@5": 0.4865623746490153,
      "mrr": 0.8608129229905552,
      "map": 0.5553669539904055,
      "n_queries": 2493,
      "n_database": 2493
    },
    "retention_pct": 109.10586944596818
  },
  "total_time_seconds": 75.51390218734741
}