{
  "ss3": {
    "raw_1024d": {
      "Q3": 0.426090334036178
    },
    "compressed_512d": {
      "Q3": 0.4332482521362779
    },
    "retention": 1.0167990623779137
  }
}