{
  "ABTT3_meanmax_euc": {
    "vec_encode_ms": 0.11899895500391722,
    "vec_dim": 2048,
    "vec_bytes_fp32": 8192,
    "vec_bytes_fp16": 4096,
    "family_ret1": 0.7905882352941176,
    "mrr": 0.8523415380260878,
    "superfamily_ret1": 0.94,
    "fold_ret1": 0.9447058823529412,
    "pr_dim": 0,
    "mean_L": 171.82,
    "total_bytes_fp32": 8192,
    "total_bytes_fp16": 4096,
    "raw_bytes": 703774,
    "compression_ratio_fp16": 171.81982421875,
    "ss3_q3": null
  },
  "center_ABTT3_rp512_dct": {
    "vec_encode_ms": 28.85628916497808,
    "pr_encode_ms": 28.53565395460464,
    "vec_dim": 2048,
    "vec_bytes_fp32": 8192,
    "vec_bytes_fp16": 4096,
    "family_ret1": 0.7858823529411765,
    "mrr": 0.8571485059076919,
    "superfamily_ret1": 0.9529411764705882,
    "fold_ret1": 0.9564705882352941,
    "pr_dim": 512,
    "mean_L": 171.82,
    "total_bytes_fp32": 360079,
    "total_bytes_fp16": 180039,
    "total_bytes_int4": 48081,
    "raw_bytes": 703774,
    "compression_ratio_fp16": 3.9090086036914222,
    "compression_ratio_int4": 14.637257960524947,
    "ss3_q3": 0.8105083459787557
  },
  "ABTT3_rp512_dct": {
    "vec_encode_ms": 28.631796875270084,
    "pr_encode_ms": 28.864845415228046,
    "vec_dim": 2048,
    "vec_bytes_fp32": 8192,
    "vec_bytes_fp16": 4096,
    "family_ret1": 0.7858823529411765,
    "mrr": 0.8568512134948559,
    "superfamily_ret1": 0.9529411764705882,
    "fold_ret1": 0.9564705882352941,
    "pr_dim": 512,
    "mean_L": 171.82,
    "total_bytes_fp32": 360079,
    "total_bytes_fp16": 180039,
    "total_bytes_int4": 48081,
    "raw_bytes": 703774,
    "compression_ratio_fp16": 3.9090086036914222,
    "compression_ratio_int4": 14.637257960524947,
    "ss3_q3": 0.810546282245827
  },
  "ABTT3_rp512_int4_dct": {
    "vec_encode_ms": 28.390685835038312,
    "pr_encode_ms": 27.873639584868215,
    "vec_dim": 2048,
    "vec_bytes_fp32": 8192,
    "vec_bytes_fp16": 4096,
    "family_ret1": 0.7835294117647059,
    "mrr": 0.8553526871362628,
    "superfamily_ret1": 0.951764705882353,
    "fold_ret1": 0.9552941176470588,
    "pr_dim": 512,
    "mean_L": 171.82,
    "total_bytes_fp32": 360079,
    "total_bytes_fp16": 180039,
    "total_bytes_int4": 48081,
    "raw_bytes": 703774,
    "compression_ratio_fp16": 3.9090086036914222,
    "compression_ratio_int4": 14.637257960524947,
    "ss3_q3": 0.8092564491654021
  },
  "meanmaxstd_euc": {
    "vec_encode_ms": 0.114977085031569,
    "vec_dim": 3072,
    "vec_bytes_fp32": 12288,
    "vec_bytes_fp16": 6144,
    "family_ret1": 0.7894117647058824,
    "mrr": 0.8514455433007238,
    "superfamily_ret1": 0.9329411764705883,
    "fold_ret1": 0.9376470588235294,
    "pr_dim": 0,
    "mean_L": 171.82,
    "total_bytes_fp32": 12288,
    "total_bytes_fp16": 6144,
    "raw_bytes": 703774,
    "compression_ratio_fp16": 114.54654947916667,
    "ss3_q3": null
  }
}