{
  "raw_mean_pool": {
    "label": "Raw mean pool",
    "family_ret1": 0.7341176470588235,
    "family_mrr": 0.8138807331145195,
    "superfamily_ret1": 0.9,
    "superfamily_mrr": 0.9240763173392047,
    "fold_ret1": 0.9094117647058824,
    "fold_mrr": 0.931351329702915,
    "vec_dim": 1024,
    "ss3_q3": 0.8401745068285281,
    "ss8_q8": 0.6977617602427921,
    "pr_dim": 1024,
    "size_fp32": 704512,
    "size_fp16": 352256,
    "raw_bytes": 704512,
    "compression_fp16": 2.0,
    "encode_ms": 0.0285874999826774
  },
  "raw_mean_max": {
    "label": "Raw [mean|max]",
    "family_ret1": 0.7752941176470588,
    "family_mrr": 0.8404590118318811,
    "superfamily_ret1": 0.9270588235294117,
    "superfamily_mrr": 0.9388880392194869,
    "fold_ret1": 0.9270588235294117,
    "fold_mrr": 0.9395975004141166,
    "vec_dim": 2048,
    "ss3_q3": 0.8401745068285281,
    "ss8_q8": 0.6977617602427921,
    "pr_dim": 1024,
    "size_fp32": 704512,
    "size_fp16": 352256,
    "raw_bytes": 704512,
    "compression_fp16": 2.0,
    "encode_ms": 0.04263875016476959
  },
  "raw_mean_max_euc": {
    "label": "Raw [mean|max] Euc",
    "family_ret1": 0.7858823529411765,
    "family_mrr": 0.8505291731784662,
    "superfamily_ret1": 0.9341176470588235,
    "superfamily_mrr": 0.9484484773672094,
    "fold_ret1": 0.9388235294117647,
    "fold_mrr": 0.9533795006236512,
    "vec_dim": 2048,
    "ss3_q3": 0.8401745068285281,
    "ss8_q8": 0.6977617602427921,
    "pr_dim": 1024,
    "size_fp32": 704512,
    "size_fp16": 352256,
    "raw_bytes": 704512,
    "compression_fp16": 2.0,
    "encode_ms": 0.04513729480095208
  },
  "M3_center_abtt3_rp512": {
    "label": "#3 center+ABTT3+rp512+dct",
    "family_ret1": 0.7858823529411765,
    "family_mrr": 0.8571485059076919,
    "superfamily_ret1": 0.9529411764705882,
    "superfamily_mrr": 0.9627379039140602,
    "fold_ret1": 0.9564705882352941,
    "fold_mrr": 0.9657565752094088,
    "vec_dim": 2048,
    "ss3_q3": 0.8105083459787557,
    "ss8_q8": 0.6643778452200303,
    "pr_dim": 512,
    "size_fp16": 180224,
    "size_int4": 48128,
    "size_fp32": 360448,
    "raw_bytes": 704512,
    "compression_fp16": 3.909090909090909,
    "compression_int4": 14.638297872340425,
    "encode_ms": 29.12943520466797
  },
  "M4_abtt3_rp512": {
    "label": "#4 ABTT3+rp512+dct",
    "family_ret1": 0.7858823529411765,
    "family_mrr": 0.8568512134948559,
    "superfamily_ret1": 0.9529411764705882,
    "superfamily_mrr": 0.9624199242881015,
    "fold_ret1": 0.9564705882352941,
    "fold_mrr": 0.9654609058590946,
    "vec_dim": 2048,
    "ss3_q3": 0.810546282245827,
    "ss8_q8": 0.6642261001517451,
    "pr_dim": 512,
    "size_fp16": 180224,
    "size_int4": 48128,
    "size_fp32": 360448,
    "raw_bytes": 704512,
    "compression_fp16": 3.909090909090909,
    "compression_int4": 14.638297872340425,
    "encode_ms": 28.96611062460579
  },
  "M5_abtt3_rp512_int4": {
    "label": "#5 ABTT3+rp512+int4+dct",
    "family_ret1": 0.7835294117647059,
    "family_mrr": 0.8553526871362628,
    "superfamily_ret1": 0.951764705882353,
    "superfamily_mrr": 0.9615804077606784,
    "fold_ret1": 0.9552941176470588,
    "fold_mrr": 0.9646211295926485,
    "vec_dim": 2048,
    "ss3_q3": 0.8092564491654021,
    "ss8_q8": 0.6632018209408195,
    "pr_dim": 512,
    "size_fp16": 180224,
    "size_int4": 48128,
    "size_fp32": 360448,
    "raw_bytes": 704512,
    "compression_fp16": 3.909090909090909,
    "compression_int4": 14.638297872340425,
    "encode_ms": 29.770932085230015
  }
}