{
  "steps_done": [
    "C1",
    "C2",
    "C4"
  ],
  "C1": {
    "vq_K256": {
      "method": "vq_K256",
      "K": 256,
      "family_ret1": 0.5070588235294118,
      "family_mrr": 0.5908767986092743,
      "ss3_q3": 0.6147698682847418,
      "cos_sim": 0.4097,
      "utilization_pct": 100.0,
      "per_protein_bytes": 4271,
      "per_protein_kb": 4.2,
      "vs_mean_pool": 2.1,
      "codebook_kb": 512.0,
      "mean_L": 175,
      "elapsed_s": 13.3
    },
    "vq_K1024": {
      "method": "vq_K1024",
      "K": 1024,
      "family_ret1": 0.5729411764705883,
      "family_mrr": 0.6580500844938335,
      "ss3_q3": 0.6821444428000591,
      "cos_sim": 0.4481,
      "utilization_pct": 100.0,
      "per_protein_bytes": 4446,
      "per_protein_kb": 4.3,
      "vs_mean_pool": 2.2,
      "codebook_kb": 2048.0,
      "mean_L": 175,
      "elapsed_s": 39.1
    },
    "vq_K4096": {
      "method": "vq_K4096",
      "K": 4096,
      "family_ret1": 0.5905882352941176,
      "family_mrr": 0.6796775602663111,
      "ss3_q3": 0.6962409353263282,
      "cos_sim": 0.482,
      "utilization_pct": 99.5,
      "per_protein_bytes": 4446,
      "per_protein_kb": 4.3,
      "vs_mean_pool": 2.2,
      "codebook_kb": 8192.0,
      "mean_L": 175,
      "elapsed_s": 142.9
    },
    "vq_K16384": {
      "method": "vq_K16384",
      "K": 16384,
      "family_ret1": 0.6211764705882353,
      "family_mrr": 0.7053697016438888,
      "ss3_q3": 0.7167011987568448,
      "cos_sim": 0.5603,
      "utilization_pct": 99.6,
      "per_protein_bytes": 4446,
      "per_protein_kb": 4.3,
      "vs_mean_pool": 2.2,
      "codebook_kb": 32768.0,
      "mean_L": 175,
      "elapsed_s": 570.3
    }
  },
  "C2": {
    "rvq_2L_K1024": {
      "method": "rvq_2L_K1024",
      "n_levels": 2,
      "K": 1024,
      "family_ret1": 0.6035294117647059,
      "family_mrr": 0.6896560176017272,
      "ss3_q3": 0.6835503921858813,
      "cos_sim": 0.4591,
      "per_protein_bytes": 4796,
      "per_protein_kb": 4.7,
      "vs_mean_pool": 2.3,
      "codebook_kb": 4096.0,
      "elapsed_s": 75.0
    },
    "rvq_3L_K1024": {
      "method": "rvq_3L_K1024",
      "n_levels": 3,
      "K": 1024,
      "family_ret1": 0.6223529411764706,
      "family_mrr": 0.7122847249700901,
      "ss3_q3": 0.6819594494598195,
      "cos_sim": 0.4722,
      "per_protein_bytes": 5146,
      "per_protein_kb": 5.0,
      "vs_mean_pool": 2.5,
      "codebook_kb": 6144.0,
      "elapsed_s": 107.9
    },
    "rvq_4L_K1024": {
      "method": "rvq_4L_K1024",
      "n_levels": 4,
      "K": 1024,
      "family_ret1": 0.648235294117647,
      "family_mrr": 0.7312186240656877,
      "ss3_q3": 0.7097454491638301,
      "cos_sim": 0.4952,
      "per_protein_bytes": 5496,
      "per_protein_kb": 5.4,
      "vs_mean_pool": 2.7,
      "codebook_kb": 8192.0,
      "elapsed_s": 144.2
    },
    "rvq_2L_K4096": {
      "method": "rvq_2L_K4096",
      "n_levels": 2,
      "K": 4096,
      "family_ret1": 0.6105882352941177,
      "family_mrr": 0.7013647672332842,
      "ss3_q3": 0.7268018351339351,
      "cos_sim": 0.5399,
      "per_protein_bytes": 4796,
      "per_protein_kb": 4.7,
      "vs_mean_pool": 2.3,
      "codebook_kb": 16384.0,
      "elapsed_s": 282.5
    },
    "rvq_3L_K4096": {
      "method": "rvq_3L_K4096",
      "n_levels": 3,
      "K": 4096,
      "family_ret1": 0.6235294117647059,
      "family_mrr": 0.7115258937855066,
      "ss3_q3": 0.7295027379014355,
      "cos_sim": 0.5564,
      "per_protein_bytes": 5146,
      "per_protein_kb": 5.0,
      "vs_mean_pool": 2.5,
      "codebook_kb": 24576.0,
      "elapsed_s": 418.1
    }
  },
  "C4": {
    "vq256_pq8": {
      "method": "vq256_pq8",
      "vq_K": 256,
      "pq_M": 8,
      "family_ret1": 0.6729411764705883,
      "family_mrr": 0.7558534855058288,
      "ss3_q3": 0.7268018351339351,
      "per_protein_bytes": 5671,
      "per_protein_kb": 5.5,
      "vs_mean_pool": 2.8,
      "elapsed_s": 19.0
    },
    "vq256_pq16": {
      "method": "vq256_pq16",
      "vq_K": 256,
      "pq_M": 16,
      "family_ret1": 0.7141176470588235,
      "family_mrr": 0.7938284451485784,
      "ss3_q3": 0.7312046766316412,
      "per_protein_bytes": 7071,
      "per_protein_kb": 6.9,
      "vs_mean_pool": 3.5,
      "elapsed_s": 25.5
    },
    "vq256_pq32": {
      "method": "vq256_pq32",
      "vq_K": 256,
      "pq_M": 32,
      "family_ret1": 0.7588235294117647,
      "family_mrr": 0.8333967621836565,
      "ss3_q3": 0.7560677815598639,
      "per_protein_bytes": 9871,
      "per_protein_kb": 9.6,
      "vs_mean_pool": 4.8,
      "elapsed_s": 40.8
    },
    "vq1024_pq8": {
      "method": "vq1024_pq8",
      "vq_K": 1024,
      "pq_M": 8,
      "family_ret1": 0.6823529411764706,
      "family_mrr": 0.7641279555227506,
      "ss3_q3": 0.7296137339055794,
      "per_protein_bytes": 5846,
      "per_protein_kb": 5.7,
      "vs_mean_pool": 2.9,
      "elapsed_s": 19.9
    },
    "vq1024_pq16": {
      "method": "vq1024_pq16",
      "vq_K": 1024,
      "pq_M": 16,
      "family_ret1": 0.711764705882353,
      "family_mrr": 0.7934200483303493,
      "ss3_q3": 0.7406763356519165,
      "per_protein_bytes": 7246,
      "per_protein_kb": 7.1,
      "vs_mean_pool": 3.5,
      "elapsed_s": 25.8
    },
    "vq1024_pq32": {
      "method": "vq1024_pq32",
      "vq_K": 1024,
      "pq_M": 32,
      "family_ret1": 0.7564705882352941,
      "family_mrr": 0.8308976293236543,
      "ss3_q3": 0.7636525085096937,
      "per_protein_bytes": 10046,
      "per_protein_kb": 9.8,
      "vs_mean_pool": 4.9,
      "elapsed_s": 41.1
    },
    "vq4096_pq8": {
      "method": "vq4096_pq8",
      "vq_K": 4096,
      "pq_M": 8,
      "family_ret1": 0.6658823529411765,
      "family_mrr": 0.7571880542892545,
      "ss3_q3": 0.7385304129051354,
      "per_protein_bytes": 5846,
      "per_protein_kb": 5.7,
      "vs_mean_pool": 2.9,
      "elapsed_s": 22.6
    },
    "vq4096_pq16": {
      "method": "vq4096_pq16",
      "vq_K": 4096,
      "pq_M": 16,
      "family_ret1": 0.7176470588235294,
      "family_mrr": 0.7977571996189798,
      "ss3_q3": 0.7497040106556164,
      "per_protein_bytes": 7246,
      "per_protein_kb": 7.1,
      "vs_mean_pool": 3.5,
      "elapsed_s": 29.6
    },
    "vq4096_pq32": {
      "method": "vq4096_pq32",
      "vq_K": 4096,
      "pq_M": 32,
      "family_ret1": 0.7588235294117647,
      "family_mrr": 0.8328475389335102,
      "ss3_q3": 0.7707932514429481,
      "per_protein_bytes": 10046,
      "per_protein_kb": 9.8,
      "vs_mean_pool": 4.9,
      "elapsed_s": 44.2
    }
  }
}