id,dataset,label_type,sccs,class,fold,superfamily,family,length
d1dlwa_,SCOPe-ALL,family,a.1.1.1,a,a.1,a.1.1,a.1.1.1,116
d2gkma_,SCOPe-ALL,family,a.1.1.1,a,a.1,a.1.1,a.1.1.1,127
d1ngka_,SCOPe-ALL,family,a.1.1.1,a,a.1,a.1.1,a.1.1.1,126
d2bkma_,SCOPe-ALL,family,a.1.1.1,a,a.1,a.1.1,a.1.1.1,128
d4i0va_,SCOPe-ALL,family,a.1.1.1,a,a.1,a.1.1,a.1.1.1,123
d1asha_,SCOPe-ALL,family,a.1.1.2,a,a.1,a.1.1,a.1.1.2,147
d2dc3a_,SCOPe-ALL,family,a.1.1.2,a,a.1,a.1.1,a.1.1.2,172
d4hswa_,SCOPe-ALL,family,a.1.1.2,a,a.1,a.1.1,a.1.1.2,137
d1ecaa_,SCOPe-ALL,family,a.1.1.2,a,a.1,a.1.1,a.1.1.2,136
d1x9fd_,SCOPe-ALL,family,a.1.1.2,a,a.1,a.1.1,a.1.1.2,140
d1x9fc_,SCOPe-ALL,family,a.1.1.2,a,a.1,a.1.1,a.1.1.2,149
d1jl7a_,SCOPe-ALL,family,a.1.1.2,a,a.1,a.1.1,a.1.1.2,147
d1it2a_,SCOPe-ALL,family,a.1.1.2,a,a.1,a.1.1,a.1.1.2,146
d1or4a_,SCOPe-ALL,family,a.1.1.2,a,a.1,a.1.1,a.1.1.2,169
d1itha_,SCOPe-ALL,family,a.1.1.2,a,a.1,a.1.1,a.1.1.2,141
d3g46a_,SCOPe-ALL,family,a.1.1.2,a,a.1,a.1.1,a.1.1.2,146
d1b0ba_,SCOPe-ALL,family,a.1.1.2,a,a.1,a.1.1,a.1.1.2,142
d3d1ka_,SCOPe-ALL,family,a.1.1.2,a,a.1,a.1.1,a.1.1.2,142
d1cg5a_,SCOPe-ALL,family,a.1.1.2,a,a.1,a.1.1,a.1.1.2,141
d3d1kb_,SCOPe-ALL,family,a.1.1.2,a,a.1,a.1.1,a.1.1.2,146
d1cg5b_,SCOPe-ALL,family,a.1.1.2,a,a.1,a.1.1,a.1.1.2,141
d1gcvb_,SCOPe-ALL,family,a.1.1.2,a,a.1,a.1.1,a.1.1.2,136
d1hlba_,SCOPe-ALL,family,a.1.1.2,a,a.1,a.1.1,a.1.1.2,157
d1tu9a1,SCOPe-ALL,family,a.1.1.2,a,a.1,a.1.1,a.1.1.2,129
d1mbaa_,SCOPe-ALL,family,a.1.1.2,a,a.1,a.1.1,a.1.1.2,146
d1naza_,SCOPe-ALL,family,a.1.1.2,a,a.1,a.1.1,a.1.1.2,154
d1q1fa_,SCOPe-ALL,family,a.1.1.2,a,a.1,a.1.1,a.1.1.2,148
d1h97a_,SCOPe-ALL,family,a.1.1.2,a,a.1,a.1.1,a.1.1.2,147
d3qm9a_,SCOPe-ALL,family,a.1.1.2,a,a.1,a.1.1,a.1.1.2,145
d3qqqa_,SCOPe-ALL,family,a.1.1.2,a,a.1,a.1.1,a.1.1.2,151
d3l0fa_,SCOPe-ALL,family,a.1.1.3,a,a.1,a.1.1,a.1.1.3,162
d1b8da_,SCOPe-ALL,family,a.1.1.3,a,a.1,a.1.1,a.1.1.3,164
d1xg0c_,SCOPe-ALL,family,a.1.1.3,a,a.1,a.1.1,a.1.1.3,175
d4po5b_,SCOPe-ALL,family,a.1.1.3,a,a.1,a.1.1,a.1.1.3,161
d1kr7a_,SCOPe-ALL,family,a.1.1.4,a,a.1,a.1.1,a.1.1.4,110
d2wy4a_,SCOPe-ALL,family,a.1.1.0,a,a.1,a.1.1,a.1.1.0,139
d2ig3a_,SCOPe-ALL,family,a.1.1.0,a,a.1,a.1.1,a.1.1.0,127
d3pt8a_,SCOPe-ALL,family,a.1.1.0,a,a.1,a.1.1,a.1.1.0,151
d2bk9a_,SCOPe-ALL,family,a.1.1.0,a,a.1,a.1.1,a.1.1.0,153
d2c0ka_,SCOPe-ALL,family,a.1.1.0,a,a.1,a.1.1,a.1.1.0,150
d6td7a_,SCOPe-ALL,family,a.1.1.0,a,a.1,a.1.1,a.1.1.0,126
d6bmea_,SCOPe-ALL,family,a.1.1.0,a,a.1,a.1.1,a.1.1.0,127
d3wctd_,SCOPe-ALL,family,a.1.1.0,a,a.1,a.1.1,a.1.1.0,147
d3ubca_,SCOPe-ALL,family,a.1.1.0,a,a.1,a.1.1,a.1.1.0,131
d3wfwa1,SCOPe-ALL,family,a.1.1.0,a,a.1,a.1.1,a.1.1.0,133
d2wtga_,SCOPe-ALL,family,a.1.1.0,a,a.1,a.1.1,a.1.1.0,158
d4xxia_,SCOPe-ALL,family,a.1.1.0,a,a.1,a.1.1,a.1.1.0,147
d2zs0a_,SCOPe-ALL,family,a.1.1.0,a,a.1,a.1.1,a.1.1.0,140
d2zs0b_,SCOPe-ALL,family,a.1.1.0,a,a.1,a.1.1,a.1.1.0,142
d2zs0c_,SCOPe-ALL,family,a.1.1.0,a,a.1,a.1.1,a.1.1.0,147
d2zs0d_,SCOPe-ALL,family,a.1.1.0,a,a.1,a.1.1,a.1.1.0,145
d3ozua1,SCOPe-ALL,family,a.1.1.0,a,a.1,a.1.1,a.1.1.0,150
d5ziqa1,SCOPe-ALL,family,a.1.1.0,a,a.1,a.1.1,a.1.1.0,154
d6wk3a_,SCOPe-ALL,family,a.1.1.0,a,a.1,a.1.1,a.1.1.0,145
d4po5a1,SCOPe-ALL,family,a.1.1.0,a,a.1,a.1.1,a.1.1.0,160
d1x46a_,SCOPe-ALL,family,a.1.1.0,a,a.1,a.1.1,a.1.1.0,150
d1x3ka_,SCOPe-ALL,family,a.1.1.0,a,a.1,a.1.1,a.1.1.0,152
d1kf6b1,SCOPe-ALL,family,a.1.2.1,a,a.1,a.1.2,a.1.2.1,138
d2h88b2,SCOPe-ALL,family,a.1.2.1,a,a.1,a.1.2,a.1.2.1,132
d2bs2b1,SCOPe-ALL,family,a.1.2.1,a,a.1,a.1.2,a.1.2.1,134
d7m32a1,SCOPe-ALL,family,a.1.2.2,a,a.1,a.1.2,a.1.2.2,181
d6lumb2,SCOPe-ALL,family,a.1.2.0,a,a.1,a.1.2,a.1.2.0,128
d1grja1,SCOPe-ALL,family,a.2.1.1,a,a.2,a.2.1,a.2.1.1,78
d2f23a1,SCOPe-ALL,family,a.2.1.1,a,a.2,a.2.1,a.2.1.1,75
d2p4va1,SCOPe-ALL,family,a.2.1.0,a,a.2,a.2.1,a.2.1.0,79
d2qamx1,SCOPe-ALL,family,a.2.2.1,a,a.2,a.2.2,a.2.2.1,63
d1vq8v1,SCOPe-ALL,family,a.2.2.1,a,a.2,a.2.2,a.2.2.1,65
d2j0121,SCOPe-ALL,family,a.2.2.1,a,a.2,a.2.2,a.2.2.1,51
d2qwob_,SCOPe-ALL,family,a.2.3.1,a,a.2,a.2.3,a.2.3.1,92
d1wjza1,SCOPe-ALL,family,a.2.3.1,a,a.2,a.2.3,a.2.3.1,81
d1fpoa1,SCOPe-ALL,family,a.2.3.1,a,a.2,a.2.3,a.2.3.1,76
d1iura1,SCOPe-ALL,family,a.2.3.1,a,a.2,a.2.3,a.2.3.1,75
d1fafa_,SCOPe-ALL,family,a.2.3.1,a,a.2,a.2.3,a.2.3.1,79
d1gh6a1,SCOPe-ALL,family,a.2.3.1,a,a.2,a.2.3,a.2.3.1,111
d2o37a_,SCOPe-ALL,family,a.2.3.0,a,a.2,a.2.3,a.2.3.0,81
d2yuaa1,SCOPe-ALL,family,a.2.3.0,a,a.2,a.2.3,a.2.3.0,86
d6rzya1,SCOPe-ALL,family,a.2.3.0,a,a.2,a.2.3,a.2.3.0,68
d3ag7a1,SCOPe-ALL,family,a.2.3.0,a,a.2,a.2.3,a.2.3.0,100
d1fxkc_,SCOPe-ALL,family,a.2.5.1,a,a.2,a.2.5,a.2.5.1,133
d1fxka_,SCOPe-ALL,family,a.2.5.1,a,a.2,a.2.5,a.2.5.1,107
d1cxzb_,SCOPe-ALL,family,a.2.6.1,a,a.2,a.2.6,a.2.6.1,86
d4nkgb_,SCOPe-ALL,family,a.2.6.1,a,a.2,a.2.6,a.2.6.1,66
d1seta1,SCOPe-ALL,family,a.2.7.1,a,a.2,a.2.7,a.2.7.1,110
d2iy5a1,SCOPe-ALL,family,a.2.7.2,a,a.2,a.2.7,a.2.7.2,70
d1ivsa1,SCOPe-ALL,family,a.2.7.3,a,a.2,a.2.7,a.2.7.3,66
d1lrza1,SCOPe-ALL,family,a.2.7.4,a,a.2,a.2.7,a.2.7.4,65
d6p24c1,SCOPe-ALL,family,a.2.7.0,a,a.2,a.2.7,a.2.7.0,86
d1k4ta1,SCOPe-ALL,family,a.2.8.1,a,a.2,a.2.8,a.2.8.1,72
d1qoja_,SCOPe-ALL,family,a.2.9.1,a,a.2,a.2.9,a.2.9.1,46
d2hldh2,SCOPe-ALL,family,a.2.10.1,a,a.2,a.2.10,a.2.10.1,45
d2jdih1,SCOPe-ALL,family,a.2.10.1,a,a.2,a.2.10,a.2.10.1,45
d1aqta1,SCOPe-ALL,family,a.2.10.1,a,a.2,a.2.10,a.2.10.1,50
d1coja1,SCOPe-ALL,family,a.2.11.1,a,a.2,a.2.11,a.2.11.1,89
d1my6a1,SCOPe-ALL,family,a.2.11.1,a,a.2,a.2.11,a.2.11.1,88
d1ix9a1,SCOPe-ALL,family,a.2.11.1,a,a.2,a.2.11,a.2.11.1,90
d3ak2a1,SCOPe-ALL,family,a.2.11.0,a,a.2,a.2.11,a.2.11.0,92
d4f6ea1,SCOPe-ALL,family,a.2.11.0,a,a.2,a.2.11,a.2.11.0,89
d3ceia1,SCOPe-ALL,family,a.2.11.0,a,a.2,a.2.11,a.2.11.0,84
d4f2na1,SCOPe-ALL,family,a.2.11.0,a,a.2,a.2.11,a.2.11.0,96
d2cw3a1,SCOPe-ALL,family,a.2.11.0,a,a.2,a.2.11,a.2.11.0,87
d6gsca1,SCOPe-ALL,family,a.2.11.0,a,a.2,a.2.11,a.2.11.0,65
d3d36c_,SCOPe-ALL,family,a.2.12.1,a,a.2,a.2.12,a.2.12.1,42
d1us6a_,SCOPe-ALL,family,a.2.13.1,a,a.2,a.2.13,a.2.13.1,91
d1tjla1,SCOPe-ALL,family,a.2.14.1,a,a.2,a.2.14,a.2.14.1,104
d5gmkh_,SCOPe-ALL,family,a.2.15.1,a,a.2,a.2.15,a.2.15.1,95
d1x4ta1,SCOPe-ALL,family,a.2.15.1,a,a.2,a.2.15,a.2.15.1,79
d2a26a1,SCOPe-ALL,family,a.2.16.1,a,a.2,a.2.16,a.2.16.1,47
d2f6ma2,SCOPe-ALL,family,a.2.17.1,a,a.2,a.2.17,a.2.17.1,64
d2f6mb2,SCOPe-ALL,family,a.2.17.2,a,a.2,a.2.17,a.2.17.2,106
d2f66c1,SCOPe-ALL,family,a.2.17.3,a,a.2,a.2.17,a.2.17.3,65
d6vmee_,SCOPe-ALL,family,a.2.17.0,a,a.2,a.2.17,a.2.17.0,102
d1z0pa1,SCOPe-ALL,family,a.2.18.1,a,a.2,a.2.18,a.2.18.1,77
d1z0jb1,SCOPe-ALL,family,a.2.19.1,a,a.2,a.2.19,a.2.19.1,51
d1z0kb1,SCOPe-ALL,family,a.2.19.1,a,a.2,a.2.19,a.2.19.1,61
d2ca5a1,SCOPe-ALL,family,a.2.20.1,a,a.2,a.2.20,a.2.20.1,59
d3bhpa_,SCOPe-ALL,family,a.2.21.1,a,a.2,a.2.21,a.2.21.1,52
d1gu2a_,SCOPe-ALL,family,a.3.1.1,a,a.3,a.3.1,a.3.1.1,124
d1i8oa_,SCOPe-ALL,family,a.3.1.1,a,a.3,a.3.1,a.3.1.1,114
d1cc5a_,SCOPe-ALL,family,a.3.1.1,a,a.3,a.3.1,a.3.1.1,83
d1gksa_,SCOPe-ALL,family,a.3.1.1,a,a.3,a.3.1,a.3.1.1,78
d5xeca_,SCOPe-ALL,family,a.3.1.1,a,a.3,a.3.1,a.3.1.1,82
d1ql3a_,SCOPe-ALL,family,a.3.1.1,a,a.3,a.3.1,a.3.1.1,99
d1c52a_,SCOPe-ALL,family,a.3.1.1,a,a.3,a.3.1,a.3.1.1,131
d1b7ca_,SCOPe-ALL,family,a.3.1.1,a,a.3,a.3.1,a.3.1.1,71
d1c53a_,SCOPe-ALL,family,a.3.1.1,a,a.3,a.3.1,a.3.1.1,79
d1ctja_,SCOPe-ALL,family,a.3.1.1,a,a.3,a.3.1,a.3.1.1,89
d4n0ka1,SCOPe-ALL,family,a.3.1.1,a,a.3,a.3.1,a.3.1.1,106
d1h32b_,SCOPe-ALL,family,a.3.1.1,a,a.3,a.3.1,a.3.1.1,138
d1e29a_,SCOPe-ALL,family,a.3.1.1,a,a.3,a.3.1,a.3.1.1,135
d1dw0a_,SCOPe-ALL,family,a.3.1.1,a,a.3,a.3.1,a.3.1.1,112
d2bh4x_,SCOPe-ALL,family,a.3.1.1,a,a.3,a.3.1,a.3.1.1,122
d1wvec_,SCOPe-ALL,family,a.3.1.1,a,a.3,a.3.1,a.3.1.1,75
d1qksa1,SCOPe-ALL,family,a.3.1.2,a,a.3,a.3.1,a.3.1.2,127
d3cx5d1,SCOPe-ALL,family,a.3.1.3,a,a.3,a.3.1,a.3.1.3,199
d1qcrd2,SCOPe-ALL,family,a.3.1.3,a,a.3,a.3.1,a.3.1.3,29
d1m70a1,SCOPe-ALL,family,a.3.1.4,a,a.3,a.3.1,a.3.1.4,92
d1m70a2,SCOPe-ALL,family,a.3.1.4,a,a.3,a.3.1,a.3.1.4,98
d1h1oa1,SCOPe-ALL,family,a.3.1.4,a,a.3,a.3.1,a.3.1.4,82
d1h1oa2,SCOPe-ALL,family,a.3.1.4,a,a.3,a.3.1,a.3.1.4,90
d3vrda1,SCOPe-ALL,family,a.3.1.4,a,a.3,a.3.1,a.3.1.4,80
d3vrda2,SCOPe-ALL,family,a.3.1.4,a,a.3,a.3.1,a.3.1.4,94
d1kb0a1,SCOPe-ALL,family,a.3.1.6,a,a.3,a.3.1,a.3.1.6,97
d1kv9a1,SCOPe-ALL,family,a.3.1.6,a,a.3,a.3.1,a.3.1.6,104
d1pbya1,SCOPe-ALL,family,a.3.1.7,a,a.3,a.3.1,a.3.1.7,85
d1pbya2,SCOPe-ALL,family,a.3.1.7,a,a.3,a.3.1,a.3.1.7,80
d1jmxa1,SCOPe-ALL,family,a.3.1.7,a,a.3,a.3.1,a.3.1.7,84
d1h32a1,SCOPe-ALL,family,a.3.1.8,a,a.3,a.3.1,a.3.1.8,150
d1h32a2,SCOPe-ALL,family,a.3.1.8,a,a.3,a.3.1,a.3.1.8,111
d2zxya_,SCOPe-ALL,family,a.3.1.0,a,a.3,a.3.1,a.3.1.0,86
d5xdha_,SCOPe-ALL,family,a.3.1.0,a,a.3,a.3.1,a.3.1.0,86
d5mxza_,SCOPe-ALL,family,a.3.1.0,a,a.3,a.3.1,a.3.1.0,82
d4j20a_,SCOPe-ALL,family,a.3.1.0,a,a.3,a.3.1,a.3.1.0,88
d4aana1,SCOPe-ALL,family,a.3.1.0,a,a.3,a.3.1,a.3.1.0,165
d4aana2,SCOPe-ALL,family,a.3.1.0,a,a.3,a.3.1,a.3.1.0,158
d3cu4a_,SCOPe-ALL,family,a.3.1.0,a,a.3,a.3.1,a.3.1.0,79
d1umma_,SCOPe-ALL,family,a.3.1.0,a,a.3,a.3.1,a.3.1.0,149
d1w2la_,SCOPe-ALL,family,a.3.1.0,a,a.3,a.3.1,a.3.1.0,97
d4xxla1,SCOPe-ALL,family,a.3.1.0,a,a.3,a.3.1,a.3.1.0,90
d4eiea_,SCOPe-ALL,family,a.3.1.0,a,a.3,a.3.1,a.3.1.0,82
d2ce0a_,SCOPe-ALL,family,a.3.1.0,a,a.3,a.3.1,a.3.1.0,99
d1p7id_,SCOPe-ALL,family,a.4.1.1,a,a.4,a.4.1,a.4.1.1,56
d1lfba_,SCOPe-ALL,family,a.4.1.1,a,a.4,a.4.1,a.4.1.1,78
d1mija_,SCOPe-ALL,family,a.4.1.1,a,a.4,a.4.1,a.4.1.1,152
d1pufa_,SCOPe-ALL,family,a.4.1.1,a,a.4,a.4.1,a.4.1.1,77
d1uhsa1,SCOPe-ALL,family,a.4.1.1,a,a.4,a.4.1,a.4.1.1,64
d1x58a1,SCOPe-ALL,family,a.4.1.1,a,a.4,a.4.1,a.4.1.1,49
d1bw5a_,SCOPe-ALL,family,a.4.1.1,a,a.4,a.4.1,a.4.1.1,66
d1x2ma1,SCOPe-ALL,family,a.4.1.1,a,a.4,a.4.1,a.4.1.1,51
d1k61a_,SCOPe-ALL,family,a.4.1.1,a,a.4,a.4.1,a.4.1.1,60
d1akha_,SCOPe-ALL,family,a.4.1.1,a,a.4,a.4.1,a.4.1.1,49
d1pufb_,SCOPe-ALL,family,a.4.1.1,a,a.4,a.4.1,a.4.1.1,73
d1x41a1,SCOPe-ALL,family,a.4.1.1,a,a.4,a.4.1,a.4.1.1,47
d1qrya1,SCOPe-ALL,family,a.4.1.1,a,a.4,a.4.1,a.4.1.1,76
d1wh7a1,SCOPe-ALL,family,a.4.1.1,a,a.4,a.4.1,a.4.1.1,67
d3nara_,SCOPe-ALL,family,a.4.1.1,a,a.4,a.4.1,a.4.1.1,70
d3a02a_,SCOPe-ALL,family,a.4.1.1,a,a.4,a.4.1,a.4.1.1,51
d3a01a_,SCOPe-ALL,family,a.4.1.1,a,a.4,a.4.1,a.4.1.1,78
d3k2aa_,SCOPe-ALL,family,a.4.1.1,a,a.4,a.4.1,a.4.1.1,55
d4j19a_,SCOPe-ALL,family,a.4.1.1,a,a.4,a.4.1,a.4.1.1,77
d2mw8a_,SCOPe-ALL,family,a.4.1.1,a,a.4,a.4.1,a.4.1.1,67
d1gdta1,SCOPe-ALL,family,a.4.1.2,a,a.4,a.4.1,a.4.1.2,43
d1ijwc_,SCOPe-ALL,family,a.4.1.2,a,a.4,a.4.1,a.4.1.2,47
d2ezla_,SCOPe-ALL,family,a.4.1.2,a,a.4,a.4.1,a.4.1.2,99
d2ezia_,SCOPe-ALL,family,a.4.1.2,a,a.4,a.4.1,a.4.1.2,75
d1tc3c_,SCOPe-ALL,family,a.4.1.2,a,a.4,a.4.1,a.4.1.2,51
d1u78a2,SCOPe-ALL,family,a.4.1.2,a,a.4,a.4.1,a.4.1.2,50
d1ug2a1,SCOPe-ALL,family,a.4.1.3,a,a.4,a.4.1,a.4.1.3,89
d1a5ja2,SCOPe-ALL,family,a.4.1.3,a,a.4,a.4.1,a.4.1.3,55
d1guua_,SCOPe-ALL,family,a.4.1.3,a,a.4,a.4.1,a.4.1.3,50
d2cqqa1,SCOPe-ALL,family,a.4.1.3,a,a.4,a.4.1,a.4.1.3,59
d2cqra1,SCOPe-ALL,family,a.4.1.3,a,a.4,a.4.1,a.4.1.3,59
d1wgxa1,SCOPe-ALL,family,a.4.1.3,a,a.4,a.4.1,a.4.1.3,60
d2crga1,SCOPe-ALL,family,a.4.1.3,a,a.4,a.4.1,a.4.1.3,57
d2cu7a1,SCOPe-ALL,family,a.4.1.3,a,a.4,a.4.1,a.4.1.3,65
d2cjja1,SCOPe-ALL,family,a.4.1.3,a,a.4,a.4.1,a.4.1.3,63
d1fexa_,SCOPe-ALL,family,a.4.1.3,a,a.4,a.4.1,a.4.1.3,59
d2uxnb1,SCOPe-ALL,family,a.4.1.3,a,a.4,a.4.1,a.4.1.3,65
d1ofcx1,SCOPe-ALL,family,a.4.1.3,a,a.4,a.4.1,a.4.1.3,52
d2ckxa1,SCOPe-ALL,family,a.4.1.3,a,a.4,a.4.1,a.4.1.3,83
d1h8ac1,SCOPe-ALL,family,a.4.1.3,a,a.4,a.4.1,a.4.1.3,57
d4a69c_,SCOPe-ALL,family,a.4.1.3,a,a.4,a.4.1,a.4.1.3,69
d3sjma_,SCOPe-ALL,family,a.4.1.4,a,a.4,a.4.1,a.4.1.4,55
d1k78a1,SCOPe-ALL,family,a.4.1.5,a,a.4,a.4.1,a.4.1.5,63
d1k78a2,SCOPe-ALL,family,a.4.1.5,a,a.4,a.4.1,a.4.1.5,61
d1igna2,SCOPe-ALL,family,a.4.1.6,a,a.4,a.4.1,a.4.1.6,149
d1igna1,SCOPe-ALL,family,a.4.1.6,a,a.4,a.4.1,a.4.1.6,86
d1iufa1,SCOPe-ALL,family,a.4.1.7,a,a.4,a.4.1,a.4.1.7,75
d1iufa2,SCOPe-ALL,family,a.4.1.7,a,a.4,a.4.1,a.4.1.7,66
d1hlva1,SCOPe-ALL,family,a.4.1.7,a,a.4,a.4.1,a.4.1.7,66
d1hlva2,SCOPe-ALL,family,a.4.1.7,a,a.4,a.4.1,a.4.1.7,63
d1bl0a1,SCOPe-ALL,family,a.4.1.8,a,a.4,a.4.1,a.4.1.8,54
d1bl0a2,SCOPe-ALL,family,a.4.1.8,a,a.4,a.4.1,a.4.1.8,62
d1d5ya2,SCOPe-ALL,family,a.4.1.8,a,a.4,a.4.1,a.4.1.8,65
d1ui5a1,SCOPe-ALL,family,a.4.1.9,a,a.4,a.4.1,a.4.1.9,71
d4jyka1,SCOPe-ALL,family,a.4.1.9,a,a.4,a.4.1,a.4.1.9,75
d1rkta1,SCOPe-ALL,family,a.4.1.9,a,a.4,a.4.1,a.4.1.9,81
d1vi0a1,SCOPe-ALL,family,a.4.1.9,a,a.4,a.4.1,a.4.1.9,72
d3br0a1,SCOPe-ALL,family,a.4.1.9,a,a.4,a.4.1,a.4.1.9,71
d2gena1,SCOPe-ALL,family,a.4.1.9,a,a.4,a.4.1,a.4.1.9,70
d2fd5a1,SCOPe-ALL,family,a.4.1.9,a,a.4,a.4.1,a.4.1.9,76
d2gfna1,SCOPe-ALL,family,a.4.1.9,a,a.4,a.4.1,a.4.1.9,77
d2d6ya1,SCOPe-ALL,family,a.4.1.9,a,a.4,a.4.1,a.4.1.9,68
d2oi8a1,SCOPe-ALL,family,a.4.1.9,a,a.4,a.4.1,a.4.1.9,79
d2g3ba1,SCOPe-ALL,family,a.4.1.9,a,a.4,a.4.1,a.4.1.9,72
d2g7sa1,SCOPe-ALL,family,a.4.1.9,a,a.4,a.4.1,a.4.1.9,74
d2g7ga1,SCOPe-ALL,family,a.4.1.9,a,a.4,a.4.1,a.4.1.9,65
d2hkua1,SCOPe-ALL,family,a.4.1.9,a,a.4,a.4.1,a.4.1.9,70
d2i10a1,SCOPe-ALL,family,a.4.1.9,a,a.4,a.4.1,a.4.1.9,69
d2np3a1,SCOPe-ALL,family,a.4.1.9,a,a.4,a.4.1,a.4.1.9,65
d3c07a1,SCOPe-ALL,family,a.4.1.9,a,a.4,a.4.1,a.4.1.9,75
d2hyja1,SCOPe-ALL,family,a.4.1.9,a,a.4,a.4.1,a.4.1.9,75
d2id3a1,SCOPe-ALL,family,a.4.1.9,a,a.4,a.4.1,a.4.1.9,68
d2g7la1,SCOPe-ALL,family,a.4.1.9,a,a.4,a.4.1,a.4.1.9,68
d1sgma1,SCOPe-ALL,family,a.4.1.9,a,a.4,a.4.1,a.4.1.9,73
d1t33a1,SCOPe-ALL,family,a.4.1.9,a,a.4,a.4.1,a.4.1.9,88
d2xpwa1,SCOPe-ALL,family,a.4.1.9,a,a.4,a.4.1,a.4.1.9,65
d2iu5a1,SCOPe-ALL,family,a.4.1.9,a,a.4,a.4.1,a.4.1.9,71
d2fq4a1,SCOPe-ALL,family,a.4.1.9,a,a.4,a.4.1,a.4.1.9,69
d1zk8a1,SCOPe-ALL,family,a.4.1.9,a,a.4,a.4.1,a.4.1.9,72
d2o7ta1,SCOPe-ALL,family,a.4.1.9,a,a.4,a.4.1,a.4.1.9,78
d2yvea1,SCOPe-ALL,family,a.4.1.9,a,a.4,a.4.1,a.4.1.9,74
d1z0xa1,SCOPe-ALL,family,a.4.1.9,a,a.4,a.4.1,a.4.1.9,68
d2fbqa1,SCOPe-ALL,family,a.4.1.9,a,a.4,a.4.1,a.4.1.9,79
d2np5a1,SCOPe-ALL,family,a.4.1.9,a,a.4,a.4.1,a.4.1.9,69
d2id6a1,SCOPe-ALL,family,a.4.1.9,a,a.4,a.4.1,a.4.1.9,75
d2jk3a1,SCOPe-ALL,family,a.4.1.9,a,a.4,a.4.1,a.4.1.9,73
d1ntca1,SCOPe-ALL,family,a.4.1.12,a,a.4,a.4.1,a.4.1.12,90
d1etoa_,SCOPe-ALL,family,a.4.1.12,a,a.4,a.4.1,a.4.1.12,90
d1umqa_,SCOPe-ALL,family,a.4.1.12,a,a.4,a.4.1,a.4.1.12,60
d1g2ha_,SCOPe-ALL,family,a.4.1.12,a,a.4,a.4.1,a.4.1.12,61
d1ofcx2,SCOPe-ALL,family,a.4.1.13,a,a.4,a.4.1,a.4.1.13,128
d1rr7a_,SCOPe-ALL,family,a.4.1.14,a,a.4,a.4.1,a.4.1.14,94
d2coba1,SCOPe-ALL,family,a.4.1.15,a,a.4,a.4.1,a.4.1.15,63
d2ga1a1,SCOPe-ALL,family,a.4.1.16,a,a.4,a.4.1,a.4.1.16,102
d2ao9a1,SCOPe-ALL,family,a.4.1.17,a,a.4,a.4.1,a.4.1.17,120
d2dw4a1,SCOPe-ALL,family,a.4.1.18,a,a.4,a.4.1,a.4.1.18,102
d2fq3a1,SCOPe-ALL,family,a.4.1.18,a,a.4,a.4.1,a.4.1.18,85
d2aqfa2,SCOPe-ALL,family,a.4.1.18,a,a.4,a.4.1,a.4.1.18,89
d2jn6a1,SCOPe-ALL,family,a.4.1.19,a,a.4,a.4.1,a.4.1.19,89
d2o3fa1,SCOPe-ALL,family,a.4.1.20,a,a.4,a.4.1,a.4.1.20,83
d3gnaa_,SCOPe-ALL,family,a.4.1.21,a,a.4,a.4.1,a.4.1.21,68
d2ltpa_,SCOPe-ALL,family,a.4.1.0,a,a.4,a.4.1,a.4.1.0,71
d2dmqa1,SCOPe-ALL,family,a.4.1.0,a,a.4,a.4.1,a.4.1.0,67
d2yuma1,SCOPe-ALL,family,a.4.1.0,a,a.4,a.4.1,a.4.1.0,62
d2da3a1,SCOPe-ALL,family,a.4.1.0,a,a.4,a.4.1,a.4.1.0,67
d2da1a1,SCOPe-ALL,family,a.4.1.0,a,a.4,a.4.1,a.4.1.0,57
d2da5a1,SCOPe-ALL,family,a.4.1.0,a,a.4,a.4.1,a.4.1.0,62
d2dn0a1,SCOPe-ALL,family,a.4.1.0,a,a.4,a.4.1,a.4.1.0,63
d2xsdc2,SCOPe-ALL,family,a.4.1.0,a,a.4,a.4.1,a.4.1.0,55
d3q0wa1,SCOPe-ALL,family,a.4.1.0,a,a.4,a.4.1,a.4.1.0,73
d2d5va2,SCOPe-ALL,family,a.4.1.0,a,a.4,a.4.1,a.4.1.0,56
d6j4ka_,SCOPe-ALL,family,a.4.1.0,a,a.4,a.4.1,a.4.1.0,60
d3osga2,SCOPe-ALL,family,a.4.1.0,a,a.4,a.4.1,a.4.1.0,54
d3l00a2,SCOPe-ALL,family,a.4.2.0,a,a.4,a.4.2,a.4.2.0,88
d1c20a_,SCOPe-ALL,family,a.4.3.1,a,a.4,a.4.3,a.4.3.1,128
d1ig6a_,SCOPe-ALL,family,a.4.3.1,a,a.4,a.4.3,a.4.3.1,107
d2li6a_,SCOPe-ALL,family,a.4.3.1,a,a.4,a.4.3,a.4.3.1,116
d2cxya_,SCOPe-ALL,family,a.4.3.1,a,a.4,a.4.3,a.4.3.1,114
d2lm1a_,SCOPe-ALL,family,a.4.3.0,a,a.4,a.4.3,a.4.3.0,107
d1biaa1,SCOPe-ALL,family,a.4.5.1,a,a.4,a.4.5,a.4.5.1,63
d1j5ya1,SCOPe-ALL,family,a.4.5.1,a,a.4,a.4.5,a.4.5.1,65
d2p5ka_,SCOPe-ALL,family,a.4.5.3,a,a.4,a.4.5,a.4.5.3,63
d1aoya_,SCOPe-ALL,family,a.4.5.3,a,a.4,a.4.5,a.4.5.3,78
d3e5ua1,SCOPe-ALL,family,a.4.5.4,a,a.4,a.4.5,a.4.5.4,80
d1ft9a1,SCOPe-ALL,family,a.4.5.4,a,a.4,a.4.5,a.4.5.4,80
d1zyba1,SCOPe-ALL,family,a.4.5.4,a,a.4,a.4.5,a.4.5.4,73
d2gaua1,SCOPe-ALL,family,a.4.5.4,a,a.4,a.4.5,a.4.5.4,81
d2coha4,SCOPe-ALL,family,a.4.5.4,a,a.4,a.4.5,a.4.5.4,82
d2bgca1,SCOPe-ALL,family,a.4.5.4,a,a.4,a.4.5,a.4.5.4,100
d1u2wa1,SCOPe-ALL,family,a.4.5.5,a,a.4,a.4.5,a.4.5.5,108
d1r1ua_,SCOPe-ALL,family,a.4.5.5,a,a.4,a.4.5,a.4.5.5,94
d1y0ua1,SCOPe-ALL,family,a.4.5.5,a,a.4,a.4.5,a.4.5.5,87
d1r1ta_,SCOPe-ALL,family,a.4.5.5,a,a.4,a.4.5,a.4.5.5,98
d1hw1a1,SCOPe-ALL,family,a.4.5.6,a,a.4,a.4.5,a.4.5.6,74
d2hs5a1,SCOPe-ALL,family,a.4.5.6,a,a.4,a.4.5,a.4.5.6,69
d3bwga1,SCOPe-ALL,family,a.4.5.6,a,a.4,a.4.5,a.4.5.6,78
d1v4ra1,SCOPe-ALL,family,a.4.5.6,a,a.4,a.4.5,a.4.5.6,100
d1bm9a_,SCOPe-ALL,family,a.4.5.7,a,a.4,a.4.5,a.4.5.7,120
d1b9ma1,SCOPe-ALL,family,a.4.5.8,a,a.4,a.4.5,a.4.5.8,127
d1bjaa_,SCOPe-ALL,family,a.4.5.9,a,a.4,a.4.5,a.4.5.9,95
d1repc1,SCOPe-ALL,family,a.4.5.10,a,a.4,a.4.5,a.4.5.10,129
d1repc2,SCOPe-ALL,family,a.4.5.10,a,a.4,a.4.5,a.4.5.10,103
d2nrac1,SCOPe-ALL,family,a.4.5.10,a,a.4,a.4.5,a.4.5.10,143
d2nrac2,SCOPe-ALL,family,a.4.5.10,a,a.4,a.4.5,a.4.5.10,117
d1hkqa_,SCOPe-ALL,family,a.4.5.10,a,a.4,a.4.5,a.4.5.10,125
d1fnna1,SCOPe-ALL,family,a.4.5.11,a,a.4,a.4.5,a.4.5.11,112
d1w5sa1,SCOPe-ALL,family,a.4.5.11,a,a.4,a.4.5,a.4.5.11,110
d1in4a1,SCOPe-ALL,family,a.4.5.11,a,a.4,a.4.5,a.4.5.11,75
d2fnaa1,SCOPe-ALL,family,a.4.5.11,a,a.4,a.4.5,a.4.5.11,73
d2foka1,SCOPe-ALL,family,a.4.5.12,a,a.4,a.4.5,a.4.5.12,139
d2foka2,SCOPe-ALL,family,a.4.5.12,a,a.4,a.4.5,a.4.5.12,143
d2foka3,SCOPe-ALL,family,a.4.5.12,a,a.4,a.4.5,a.4.5.12,100
d1ussa_,SCOPe-ALL,family,a.4.5.13,a,a.4,a.4.5,a.4.5.13,88
d3l2ca_,SCOPe-ALL,family,a.4.5.14,a,a.4,a.4.5,a.4.5.14,85
d2a07f1,SCOPe-ALL,family,a.4.5.14,a,a.4,a.4.5,a.4.5.14,82
d1vtnc1,SCOPe-ALL,family,a.4.5.14,a,a.4,a.4.5,a.4.5.14,101
d2bbya_,SCOPe-ALL,family,a.4.5.15,a,a.4,a.4.5,a.4.5.15,69
d4ou0a_,SCOPe-ALL,family,a.4.5.16,a,a.4,a.4.5,a.4.5.16,66
d1cf7b_,SCOPe-ALL,family,a.4.5.17,a,a.4,a.4.5,a.4.5.17,82
d1cf7a_,SCOPe-ALL,family,a.4.5.17,a,a.4,a.4.5,a.4.5.17,67
d1d8ka_,SCOPe-ALL,family,a.4.5.18,a,a.4,a.4.5,a.4.5.18,81
d1sfua_,SCOPe-ALL,family,a.4.5.19,a,a.4,a.4.5,a.4.5.19,70
d1oyia_,SCOPe-ALL,family,a.4.5.19,a,a.4,a.4.5,a.4.5.19,62
d1xmka1,SCOPe-ALL,family,a.4.5.19,a,a.4,a.4.5,a.4.5.19,73
d1qbja_,SCOPe-ALL,family,a.4.5.19,a,a.4,a.4.5,a.4.5.19,65
d2heoa_,SCOPe-ALL,family,a.4.5.19,a,a.4,a.4.5,a.4.5.19,59
d1dp7p_,SCOPe-ALL,family,a.4.5.20,a,a.4,a.4.5,a.4.5.20,76
d1ka8a_,SCOPe-ALL,family,a.4.5.20,a,a.4,a.4.5,a.4.5.20,100
d1puee_,SCOPe-ALL,family,a.4.5.21,a,a.4,a.4.5,a.4.5.21,88
d3jtga_,SCOPe-ALL,family,a.4.5.21,a,a.4,a.4.5,a.4.5.21,95
d6j6va_,SCOPe-ALL,family,a.4.5.22,a,a.4,a.4.5,a.4.5.22,103
d2dtra1,SCOPe-ALL,family,a.4.5.24,a,a.4,a.4.5,a.4.5.24,61
d1on2a1,SCOPe-ALL,family,a.4.5.24,a,a.4,a.4.5,a.4.5.24,61
d1qzya1,SCOPe-ALL,family,a.4.5.25,a,a.4,a.4.5,a.4.5.25,74
d1xgsa1,SCOPe-ALL,family,a.4.5.25,a,a.4,a.4.5,a.4.5.25,77
d1t0fa1,SCOPe-ALL,family,a.4.5.27,a,a.4,a.4.5,a.4.5.27,100
d1ub9a_,SCOPe-ALL,family,a.4.5.28,a,a.4,a.4.5,a.4.5.28,100
d3mexa_,SCOPe-ALL,family,a.4.5.28,a,a.4,a.4.5,a.4.5.28,142
d1jgsa_,SCOPe-ALL,family,a.4.5.28,a,a.4,a.4.5,a.4.5.28,138
d1z91a1,SCOPe-ALL,family,a.4.5.28,a,a.4,a.4.5,a.4.5.28,137
d2frha2,SCOPe-ALL,family,a.4.5.28,a,a.4,a.4.5,a.4.5.28,123
d2hr3a1,SCOPe-ALL,family,a.4.5.28,a,a.4,a.4.5,a.4.5.28,145
d2fbia1,SCOPe-ALL,family,a.4.5.28,a,a.4,a.4.5,a.4.5.28,136
d2fxaa1,SCOPe-ALL,family,a.4.5.28,a,a.4,a.4.5,a.4.5.28,162
d2etha1,SCOPe-ALL,family,a.4.5.28,a,a.4,a.4.5,a.4.5.28,140
d1s3ja_,SCOPe-ALL,family,a.4.5.28,a,a.4,a.4.5,a.4.5.28,143
d1hsja1,SCOPe-ALL,family,a.4.5.28,a,a.4,a.4.5,a.4.5.28,115
d1p4xa1,SCOPe-ALL,family,a.4.5.28,a,a.4,a.4.5,a.4.5.28,125
d1p4xa2,SCOPe-ALL,family,a.4.5.28,a,a.4,a.4.5,a.4.5.28,125
d3ctaa1,SCOPe-ALL,family,a.4.5.28,a,a.4,a.4.5,a.4.5.28,85
d2bv6a1,SCOPe-ALL,family,a.4.5.28,a,a.4,a.4.5,a.4.5.28,135
d3broa1,SCOPe-ALL,family,a.4.5.28,a,a.4,a.4.5,a.4.5.28,135
d2fbha1,SCOPe-ALL,family,a.4.5.28,a,a.4,a.4.5,a.4.5.28,137
d1lj9a_,SCOPe-ALL,family,a.4.5.28,a,a.4,a.4.5,a.4.5.28,144
d2a61a1,SCOPe-ALL,family,a.4.5.28,a,a.4,a.4.5,a.4.5.28,139
d5dd8a_,SCOPe-ALL,family,a.4.5.28,a,a.4,a.4.5,a.4.5.28,172
d4aiha_,SCOPe-ALL,family,a.4.5.28,a,a.4,a.4.5,a.4.5.28,142
d5eeha1,SCOPe-ALL,family,a.4.5.29,a,a.4,a.4.5,a.4.5.29,89
d1fp2a1,SCOPe-ALL,family,a.4.5.29,a,a.4,a.4.5,a.4.5.29,101
d1i27a1,SCOPe-ALL,family,a.4.5.30,a,a.4,a.4.5,a.4.5.30,69
d2csoa1,SCOPe-ALL,family,a.4.5.31,a,a.4,a.4.5,a.4.5.31,114
d1v3fa1,SCOPe-ALL,family,a.4.5.31,a,a.4,a.4.5,a.4.5.31,107
d1o7fa1,SCOPe-ALL,family,a.4.5.31,a,a.4,a.4.5,a.4.5.31,142
d5suza1,SCOPe-ALL,family,a.4.5.31,a,a.4,a.4.5,a.4.5.31,94
d2cg4a1,SCOPe-ALL,family,a.4.5.32,a,a.4,a.4.5,a.4.5.32,63
d2cfxa1,SCOPe-ALL,family,a.4.5.32,a,a.4,a.4.5,a.4.5.32,63
d1jmrb3,SCOPe-ALL,family,a.4.5.33,a,a.4,a.4.5,a.4.5.33,75
d1ldda_,SCOPe-ALL,family,a.4.5.34,a,a.4,a.4.5,a.4.5.34,74
d1ldja1,SCOPe-ALL,family,a.4.5.34,a,a.4,a.4.5,a.4.5.34,90
d1lvaa3,SCOPe-ALL,family,a.4.5.35,a,a.4,a.4.5,a.4.5.35,64
d1lvaa4,SCOPe-ALL,family,a.4.5.35,a,a.4,a.4.5,a.4.5.35,60
d2v9va1,SCOPe-ALL,family,a.4.5.35,a,a.4,a.4.5,a.4.5.35,61
d2v9va2,SCOPe-ALL,family,a.4.5.35,a,a.4,a.4.5,a.4.5.35,74
d1ku9a_,SCOPe-ALL,family,a.4.5.36,a,a.4,a.4.5,a.4.5.36,151
d1ixca1,SCOPe-ALL,family,a.4.5.37,a,a.4,a.4.5,a.4.5.37,89
d2esna1,SCOPe-ALL,family,a.4.5.37,a,a.4,a.4.5,a.4.5.37,89
d2dt5a1,SCOPe-ALL,family,a.4.5.38,a,a.4,a.4.5,a.4.5.38,76
d2g9wa1,SCOPe-ALL,family,a.4.5.39,a,a.4,a.4.5,a.4.5.39,122
d1p6ra_,SCOPe-ALL,family,a.4.5.39,a,a.4,a.4.5,a.4.5.39,82
d1sd4a_,SCOPe-ALL,family,a.4.5.39,a,a.4,a.4.5,a.4.5.39,122
d1p41a1,SCOPe-ALL,family,a.4.5.40,a,a.4,a.4.5,a.4.5.40,73
d1q1ha_,SCOPe-ALL,family,a.4.5.41,a,a.4,a.4.5,a.4.5.41,88
d1oywa1,SCOPe-ALL,family,a.4.5.43,a,a.4,a.4.5,a.4.5.43,110
d2p6ra1,SCOPe-ALL,family,a.4.5.43,a,a.4,a.4.5,a.4.5.43,85
d2axla1,SCOPe-ALL,family,a.4.5.43,a,a.4,a.4.5,a.4.5.43,144
d1pp7u_,SCOPe-ALL,family,a.4.5.44,a,a.4,a.4.5,a.4.5.44,114
d1ucra_,SCOPe-ALL,family,a.4.5.45,a,a.4,a.4.5,a.4.5.45,74
d2cqka1,SCOPe-ALL,family,a.4.5.46,a,a.4,a.4.5,a.4.5.46,88
d1zh5a1,SCOPe-ALL,family,a.4.5.46,a,a.4,a.4.5,a.4.5.46,99
d1s29a1,SCOPe-ALL,family,a.4.5.46,a,a.4,a.4.5,a.4.5.46,89
d4lcta2,SCOPe-ALL,family,a.4.5.47,a,a.4,a.4.5,a.4.5.47,25
d1ufma1,SCOPe-ALL,family,a.4.5.47,a,a.4,a.4.5,a.4.5.47,71
d3chma2,SCOPe-ALL,family,a.4.5.47,a,a.4,a.4.5,a.4.5.47,77
d1rz4a1,SCOPe-ALL,family,a.4.5.47,a,a.4,a.4.5,a.4.5.47,85
d1wi9a1,SCOPe-ALL,family,a.4.5.47,a,a.4,a.4.5,a.4.5.47,59
d4cr2t2,SCOPe-ALL,family,a.4.5.47,a,a.4,a.4.5,a.4.5.47,94
d4cr2s2,SCOPe-ALL,family,a.4.5.47,a,a.4,a.4.5,a.4.5.47,96
d4cr2p2,SCOPe-ALL,family,a.4.5.47,a,a.4,a.4.5,a.4.5.47,117
d3txna2,SCOPe-ALL,family,a.4.5.47,a,a.4,a.4.5,a.4.5.47,68
d4cr2r2,SCOPe-ALL,family,a.4.5.47,a,a.4,a.4.5,a.4.5.47,98
d4cr2o2,SCOPe-ALL,family,a.4.5.47,a,a.4,a.4.5,a.4.5.47,110
d1tbxa1,SCOPe-ALL,family,a.4.5.48,a,a.4,a.4.5,a.4.5.48,91
d2co5a1,SCOPe-ALL,family,a.4.5.48,a,a.4,a.4.5,a.4.5.48,89
d2pg4a1,SCOPe-ALL,family,a.4.5.48,a,a.4,a.4.5,a.4.5.48,92
d1r7ja_,SCOPe-ALL,family,a.4.5.49,a,a.4,a.4.5,a.4.5.49,90
d1sfxa1,SCOPe-ALL,family,a.4.5.50,a,a.4,a.4.5,a.4.5.50,106
d2d1ha1,SCOPe-ALL,family,a.4.5.50,a,a.4,a.4.5,a.4.5.50,109
d1stza1,SCOPe-ALL,family,a.4.5.51,a,a.4,a.4.5,a.4.5.51,87
d1wlqc_,SCOPe-ALL,family,a.4.5.52,a,a.4,a.4.5,a.4.5.52,187
d1xb4a1,SCOPe-ALL,family,a.4.5.54,a,a.4,a.4.5,a.4.5.54,125
d1xb4a2,SCOPe-ALL,family,a.4.5.54,a,a.4,a.4.5,a.4.5.54,76
d1u5tb1,SCOPe-ALL,family,a.4.5.54,a,a.4,a.4.5,a.4.5.54,94
d1u5tb2,SCOPe-ALL,family,a.4.5.54,a,a.4,a.4.5,a.4.5.54,75
d1u5ta1,SCOPe-ALL,family,a.4.5.54,a,a.4,a.4.5,a.4.5.54,145
d1u5ta2,SCOPe-ALL,family,a.4.5.54,a,a.4,a.4.5,a.4.5.54,68
d1xd7a_,SCOPe-ALL,family,a.4.5.55,a,a.4,a.4.5,a.4.5.55,127
d1tqia1,SCOPe-ALL,family,a.4.5.56,a,a.4,a.4.5,a.4.5.56,90
d1ulya_,SCOPe-ALL,family,a.4.5.58,a,a.4,a.4.5,a.4.5.58,190
d1wj5a1,SCOPe-ALL,family,a.4.5.59,a,a.4,a.4.5,a.4.5.59,107
d1t6sa1,SCOPe-ALL,family,a.4.5.60,a,a.4,a.4.5,a.4.5.60,85
d1t6sa2,SCOPe-ALL,family,a.4.5.60,a,a.4,a.4.5,a.4.5.60,77
d1yg2a_,SCOPe-ALL,family,a.4.5.61,a,a.4,a.4.5,a.4.5.61,178
d2esha1,SCOPe-ALL,family,a.4.5.61,a,a.4,a.4.5,a.4.5.61,114
d4awxb1,SCOPe-ALL,family,a.4.5.62,a,a.4,a.4.5,a.4.5.62,79
d2hoea1,SCOPe-ALL,family,a.4.5.63,a,a.4,a.4.5,a.4.5.63,62
d1z05a1,SCOPe-ALL,family,a.4.5.63,a,a.4,a.4.5,a.4.5.63,71
d1xnpa_,SCOPe-ALL,family,a.4.5.64,a,a.4,a.4.5,a.4.5.64,194
d1t98a1,SCOPe-ALL,family,a.4.5.65,a,a.4,a.4.5,a.4.5.65,111
d2b0la1,SCOPe-ALL,family,a.4.5.66,a,a.4,a.4.5,a.4.5.66,91
d2ve8a_,SCOPe-ALL,family,a.4.5.67,a,a.4,a.4.5,a.4.5.67,67
d5deqa2,SCOPe-ALL,family,a.4.5.68,a,a.4,a.4.5,a.4.5.68,69
d2fmla1,SCOPe-ALL,family,a.4.5.68,a,a.4,a.4.5,a.4.5.68,64
d1z7ua1,SCOPe-ALL,family,a.4.5.69,a,a.4,a.4.5,a.4.5.69,108
d2f2ea1,SCOPe-ALL,family,a.4.5.69,a,a.4,a.4.5,a.4.5.69,142
d2fswa1,SCOPe-ALL,family,a.4.5.69,a,a.4,a.4.5,a.4.5.69,102
d1yyva1,SCOPe-ALL,family,a.4.5.69,a,a.4,a.4.5,a.4.5.69,114
d2od5a1,SCOPe-ALL,family,a.4.5.70,a,a.4,a.4.5,a.4.5.70,91
d2obpa1,SCOPe-ALL,family,a.4.5.71,a,a.4,a.4.5,a.4.5.71,81
d2p8ta1,SCOPe-ALL,family,a.4.5.72,a,a.4,a.4.5,a.4.5.72,69
d2htja1,SCOPe-ALL,family,a.4.5.73,a,a.4,a.4.5,a.4.5.73,73
d2ipqx1,SCOPe-ALL,family,a.4.5.74,a,a.4,a.4.5,a.4.5.74,133
d3bz6a1,SCOPe-ALL,family,a.4.5.75,a,a.4,a.4.5,a.4.5.75,84
d3bz6a2,SCOPe-ALL,family,a.4.5.75,a,a.4,a.4.5,a.4.5.75,84
d2ns0a1,SCOPe-ALL,family,a.4.5.76,a,a.4,a.4.5,a.4.5.76,85
d2hgca1,SCOPe-ALL,family,a.4.5.77,a,a.4,a.4.5,a.4.5.77,78
d2cmxa_,SCOPe-ALL,family,a.4.5.78,a,a.4,a.4.5,a.4.5.78,70
d3f0pa1,SCOPe-ALL,family,a.4.5.79,a,a.4,a.4.5,a.4.5.79,80
d2a5yb1,SCOPe-ALL,family,a.4.5.80,a,a.4,a.4.5,a.4.5.80,158
d2doaa1,SCOPe-ALL,family,a.4.5.81,a,a.4,a.4.5,a.4.5.81,93
d2gmga1,SCOPe-ALL,family,a.4.5.82,a,a.4,a.4.5,a.4.5.82,96
d1zela1,SCOPe-ALL,family,a.4.5.83,a,a.4,a.4.5,a.4.5.83,82
d2v7fa1,SCOPe-ALL,family,a.4.5.84,a,a.4,a.4.5,a.4.5.84,149
d2dk5a1,SCOPe-ALL,family,a.4.5.85,a,a.4,a.4.5,a.4.5.85,78
d2dk8a1,SCOPe-ALL,family,a.4.5.85,a,a.4,a.4.5,a.4.5.85,68
d3nfia2,SCOPe-ALL,family,a.4.5.86,a,a.4,a.4.5,a.4.5.86,83
d3nfia1,SCOPe-ALL,family,a.4.5.86,a,a.4,a.4.5,a.4.5.86,136
d2zkza_,SCOPe-ALL,family,a.4.5.0,a,a.4,a.4.5,a.4.5.0,86
d4esfa1,SCOPe-ALL,family,a.4.5.0,a,a.4,a.4.5,a.4.5.0,103
d3bjaa1,SCOPe-ALL,family,a.4.5.0,a,a.4,a.4.5,a.4.5.0,138
d7cv2a1,SCOPe-ALL,family,a.4.5.0,a,a.4,a.4.5,a.4.5.0,64
d2fe3a_,SCOPe-ALL,family,a.4.5.0,a,a.4,a.4.5,a.4.5.0,141
d4a5na_,SCOPe-ALL,family,a.4.5.0,a,a.4,a.4.5,a.4.5.0,104
d5hs7a1,SCOPe-ALL,family,a.4.5.0,a,a.4,a.4.5,a.4.5.0,101
d5x14a1,SCOPe-ALL,family,a.4.5.0,a,a.4,a.4.5,a.4.5.0,182
d5h20a_,SCOPe-ALL,family,a.4.5.0,a,a.4,a.4.5,a.4.5.0,103
d2xaua3,SCOPe-ALL,family,a.4.5.0,a,a.4,a.4.5,a.4.5.0,66
d6qpqb_,SCOPe-ALL,family,a.4.5.0,a,a.4,a.4.5,a.4.5.0,81
d6pcoa_,SCOPe-ALL,family,a.4.5.0,a,a.4,a.4.5,a.4.5.0,139
d3pfia2,SCOPe-ALL,family,a.4.5.0,a,a.4,a.4.5,a.4.5.0,74
d6dk4a_,SCOPe-ALL,family,a.4.5.0,a,a.4,a.4.5,a.4.5.0,135
d6d57a_,SCOPe-ALL,family,a.4.5.0,a,a.4,a.4.5,a.4.5.0,147
d2fmya2,SCOPe-ALL,family,a.4.5.0,a,a.4,a.4.5,a.4.5.0,81
d3jw4a_,SCOPe-ALL,family,a.4.5.0,a,a.4,a.4.5,a.4.5.0,137
d3r6sa2,SCOPe-ALL,family,a.4.5.0,a,a.4,a.4.5,a.4.5.0,80
d4q48a3,SCOPe-ALL,family,a.4.5.0,a,a.4,a.4.5,a.4.5.0,105
d4ejoa1,SCOPe-ALL,family,a.4.5.0,a,a.4,a.4.5,a.4.5.0,111
d5u8ja2,SCOPe-ALL,family,a.4.5.0,a,a.4,a.4.5,a.4.5.0,87
d3kcca2,SCOPe-ALL,family,a.4.5.0,a,a.4,a.4.5,a.4.5.0,69
d4mtdb_,SCOPe-ALL,family,a.4.5.0,a,a.4,a.4.5,a.4.5.0,150
d6i73a1,SCOPe-ALL,family,a.4.5.0,a,a.4,a.4.5,a.4.5.0,106
d5nbca_,SCOPe-ALL,family,a.4.5.0,a,a.4,a.4.5,a.4.5.0,131
d2xiga_,SCOPe-ALL,family,a.4.5.0,a,a.4,a.4.5,a.4.5.0,148
d4co8a1,SCOPe-ALL,family,a.4.5.0,a,a.4,a.4.5,a.4.5.0,97
d6td4a1,SCOPe-ALL,family,a.4.5.0,a,a.4,a.4.5,a.4.5.0,112
d7k5yu_,SCOPe-ALL,family,a.4.5.0,a,a.4,a.4.5,a.4.5.0,75
d3cuqa1,SCOPe-ALL,family,a.4.5.0,a,a.4,a.4.5,a.4.5.0,142
d3cuqa2,SCOPe-ALL,family,a.4.5.0,a,a.4,a.4.5,a.4.5.0,77
d7k63u_,SCOPe-ALL,family,a.4.5.0,a,a.4,a.4.5,a.4.5.0,76
d5ocna_,SCOPe-ALL,family,a.4.5.0,a,a.4,a.4.5,a.4.5.0,95
d2rqpa1,SCOPe-ALL,family,a.4.5.0,a,a.4,a.4.5,a.4.5.0,85
d3k69a_,SCOPe-ALL,family,a.4.5.0,a,a.4,a.4.5,a.4.5.0,155
d6fuua_,SCOPe-ALL,family,a.4.5.0,a,a.4,a.4.5,a.4.5.0,104
d5nl9a1,SCOPe-ALL,family,a.4.5.0,a,a.4,a.4.5,a.4.5.0,145
d4e70a1,SCOPe-ALL,family,a.4.5.0,a,a.4,a.4.5,a.4.5.0,112
d4raya1,SCOPe-ALL,family,a.4.5.0,a,a.4,a.4.5,a.4.5.0,134
d3bpva_,SCOPe-ALL,family,a.4.5.0,a,a.4,a.4.5,a.4.5.0,137
d3qu3a_,SCOPe-ALL,family,a.4.5.0,a,a.4,a.4.5,a.4.5.0,122
d2md5a1,SCOPe-ALL,family,a.4.5.0,a,a.4,a.4.5,a.4.5.0,98
d3gw2a_,SCOPe-ALL,family,a.4.5.0,a,a.4,a.4.5,a.4.5.0,93
d2lkpa_,SCOPe-ALL,family,a.4.5.0,a,a.4,a.4.5,a.4.5.0,119
d6jmia_,SCOPe-ALL,family,a.4.5.0,a,a.4,a.4.5,a.4.5.0,100
d2jsca_,SCOPe-ALL,family,a.4.5.0,a,a.4,a.4.5,a.4.5.0,96
d2p5va1,SCOPe-ALL,family,a.4.5.0,a,a.4,a.4.5,a.4.5.0,63
d6i6mb1,SCOPe-ALL,family,a.4.5.0,a,a.4,a.4.5,a.4.5.0,112
d5eria1,SCOPe-ALL,family,a.4.5.0,a,a.4,a.4.5,a.4.5.0,147
d5dyma_,SCOPe-ALL,family,a.4.5.0,a,a.4,a.4.5,a.4.5.0,97
d4gcva_,SCOPe-ALL,family,a.4.5.0,a,a.4,a.4.5,a.4.5.0,146
d6o8la_,SCOPe-ALL,family,a.4.5.0,a,a.4,a.4.5,a.4.5.0,92
d3cjna_,SCOPe-ALL,family,a.4.5.0,a,a.4,a.4.5,a.4.5.0,148
d3e6ma_,SCOPe-ALL,family,a.4.5.0,a,a.4,a.4.5,a.4.5.0,149
d6h24a_,SCOPe-ALL,family,a.4.5.0,a,a.4,a.4.5,a.4.5.0,131
d5ffxa_,SCOPe-ALL,family,a.4.5.0,a,a.4,a.4.5,a.4.5.0,138
d4hqma_,SCOPe-ALL,family,a.4.5.0,a,a.4,a.4.5,a.4.5.0,99
d4gxoa1,SCOPe-ALL,family,a.4.5.0,a,a.4,a.4.5,a.4.5.0,135
d4hbla1,SCOPe-ALL,family,a.4.5.0,a,a.4,a.4.5,a.4.5.0,145
d3keoa1,SCOPe-ALL,family,a.4.5.0,a,a.4,a.4.5,a.4.5.0,76
d3l7wa_,SCOPe-ALL,family,a.4.5.0,a,a.4,a.4.5,a.4.5.0,106
d4lmya_,SCOPe-ALL,family,a.4.5.0,a,a.4,a.4.5,a.4.5.0,149
d4g9ya_,SCOPe-ALL,family,a.4.5.0,a,a.4,a.4.5,a.4.5.0,136
d3eyya_,SCOPe-ALL,family,a.4.5.0,a,a.4,a.4.5,a.4.5.0,133
d3mwma_,SCOPe-ALL,family,a.4.5.0,a,a.4,a.4.5,a.4.5.0,127
d4hw0a_,SCOPe-ALL,family,a.4.5.0,a,a.4,a.4.5,a.4.5.0,98
d2pn6a1,SCOPe-ALL,family,a.4.5.0,a,a.4,a.4.5,a.4.5.0,60
d5icea1,SCOPe-ALL,family,a.4.5.0,a,a.4,a.4.5,a.4.5.0,102
d3elka_,SCOPe-ALL,family,a.4.5.0,a,a.4,a.4.5,a.4.5.0,106
d3df8a1,SCOPe-ALL,family,a.4.5.0,a,a.4,a.4.5,a.4.5.0,106
d3k2za1,SCOPe-ALL,family,a.4.5.0,a,a.4,a.4.5,a.4.5.0,69
d4k2ea_,SCOPe-ALL,family,a.4.5.0,a,a.4,a.4.5,a.4.5.0,95
d2w57a_,SCOPe-ALL,family,a.4.5.0,a,a.4,a.4.5,a.4.5.0,131
d7dh8a_,SCOPe-ALL,family,a.4.5.0,a,a.4,a.4.5,a.4.5.0,146
d2fa5a_,SCOPe-ALL,family,a.4.5.0,a,a.4,a.4.5,a.4.5.0,148
d1opca_,SCOPe-ALL,family,a.4.6.1,a,a.4,a.4.6,a.4.6.1,99
d1gxqa_,SCOPe-ALL,family,a.4.6.1,a,a.4,a.4.6,a.4.6.1,105
d1kgsa1,SCOPe-ALL,family,a.4.6.1,a,a.4,a.4.6,a.4.6.1,102
d2ff4a1,SCOPe-ALL,family,a.4.6.1,a,a.4,a.4.6,a.4.6.1,95
d1p2fa1,SCOPe-ALL,family,a.4.6.1,a,a.4,a.4.6,a.4.6.1,97
d1ys6a1,SCOPe-ALL,family,a.4.6.1,a,a.4,a.4.6,a.4.6.1,106
d1fsea_,SCOPe-ALL,family,a.4.6.2,a,a.4,a.4.6,a.4.6.2,67
d1a04a1,SCOPe-ALL,family,a.4.6.2,a,a.4,a.4.6,a.4.6.2,67
d1l3la1,SCOPe-ALL,family,a.4.6.2,a,a.4,a.4.6,a.4.6.2,65
d1yioa1,SCOPe-ALL,family,a.4.6.2,a,a.4,a.4.6,a.4.6.2,70
d1p4wa_,SCOPe-ALL,family,a.4.6.2,a,a.4,a.4.6,a.4.6.2,87
d1fc3a_,SCOPe-ALL,family,a.4.6.3,a,a.4,a.4.6,a.4.6.3,119
d3ulqb_,SCOPe-ALL,family,a.4.6.0,a,a.4,a.4.6,a.4.6.0,58
d3q9va_,SCOPe-ALL,family,a.4.6.0,a,a.4,a.4.6,a.4.6.0,98
d2hwva1,SCOPe-ALL,family,a.4.6.0,a,a.4,a.4.6,a.4.6.0,99
d3zq7a_,SCOPe-ALL,family,a.4.6.0,a,a.4,a.4.6,a.4.6.0,101
d4uhta_,SCOPe-ALL,family,a.4.6.0,a,a.4,a.4.6,a.4.6.0,102
d5ju7a1,SCOPe-ALL,family,a.4.6.0,a,a.4,a.4.6,a.4.6.0,106
d2k4ja1,SCOPe-ALL,family,a.4.6.0,a,a.4,a.4.6,a.4.6.0,103
d2hqra2,SCOPe-ALL,family,a.4.6.0,a,a.4,a.4.6,a.4.6.0,106
d2m87a_,SCOPe-ALL,family,a.4.6.0,a,a.4,a.4.6,a.4.6.0,103
d4nhja_,SCOPe-ALL,family,a.4.6.0,a,a.4,a.4.6,a.4.6.0,102
d2jzya_,SCOPe-ALL,family,a.4.6.0,a,a.4,a.4.6,a.4.6.0,104
d3c57a_,SCOPe-ALL,family,a.4.6.0,a,a.4,a.4.6,a.4.6.0,51
d2pmub_,SCOPe-ALL,family,a.4.6.0,a,a.4,a.4.6,a.4.6.0,103
d2jpca_,SCOPe-ALL,family,a.4.6.0,a,a.4,a.4.6,a.4.6.0,61
d2rnja_,SCOPe-ALL,family,a.4.6.0,a,a.4,a.4.6,a.4.6.0,67
d4ixaa_,SCOPe-ALL,family,a.4.6.0,a,a.4,a.4.6,a.4.6.0,102
d5dcma1,SCOPe-ALL,family,a.4.6.0,a,a.4,a.4.6,a.4.6.0,94
d5vfaa2,SCOPe-ALL,family,a.4.6.0,a,a.4,a.4.6,a.4.6.0,96
d1vq8i1,SCOPe-ALL,family,a.4.7.1,a,a.4,a.4.7,a.4.7.1,70
d3cjrb1,SCOPe-ALL,family,a.4.7.1,a,a.4,a.4.7,a.4.7.1,67
d1fjgr_,SCOPe-ALL,family,a.4.8.1,a,a.4,a.4.8,a.4.8.1,73
d1whua1,SCOPe-ALL,family,a.4.9.1,a,a.4,a.4.9,a.4.9.1,91
d1e3pa1,SCOPe-ALL,family,a.4.9.1,a,a.4,a.4.9,a.4.9.1,83
d6vrga1,SCOPe-ALL,family,a.4.10.1,a,a.4,a.4.10,a.4.10.1,45
d3s3na1,SCOPe-ALL,family,a.4.10.0,a,a.4,a.4.10,a.4.10.0,99
d1twfj_,SCOPe-ALL,family,a.4.11.1,a,a.4,a.4.11,a.4.11.1,65
d6enia_,SCOPe-ALL,family,a.4.12.1,a,a.4,a.4.12,a.4.12.1,104
d1l8qa1,SCOPe-ALL,family,a.4.12.2,a,a.4,a.4.12,a.4.12.2,110
d1j1va_,SCOPe-ALL,family,a.4.12.2,a,a.4,a.4.12,a.4.12.2,94
d2jrta1,SCOPe-ALL,family,a.4.12.0,a,a.4,a.4.12,a.4.12.0,92
d1rp3a1,SCOPe-ALL,family,a.4.13.1,a,a.4,a.4.13,a.4.13.1,77
d1rp3a2,SCOPe-ALL,family,a.4.13.2,a,a.4,a.4.13,a.4.13.2,71
d2k6xa1,SCOPe-ALL,family,a.4.13.2,a,a.4,a.4.13,a.4.13.2,68
d1ku3a_,SCOPe-ALL,family,a.4.13.2,a,a.4,a.4.13,a.4.13.2,61
d1or7a1,SCOPe-ALL,family,a.4.13.2,a,a.4,a.4.13,a.4.13.2,68
d1l0oc_,SCOPe-ALL,family,a.4.13.2,a,a.4,a.4.13,a.4.13.2,57
d1xsva_,SCOPe-ALL,family,a.4.13.3,a,a.4,a.4.13,a.4.13.3,106
d4g7hf2,SCOPe-ALL,family,a.4.13.0,a,a.4,a.4.13,a.4.13.0,61
d1r71a_,SCOPe-ALL,family,a.4.14.1,a,a.4,a.4.14,a.4.14.1,114
d6sdka2,SCOPe-ALL,family,a.4.14.0,a,a.4,a.4.14,a.4.14.0,103
d7bm8a2,SCOPe-ALL,family,a.4.14.0,a,a.4,a.4.14,a.4.14.0,82
d1rq6a_,SCOPe-ALL,family,a.4.15.1,a,a.4,a.4.15,a.4.15.1,62
d1cuka1,SCOPe-ALL,family,a.5.1.1,a,a.5,a.5.1,a.5.1.1,48
d1bvsa1,SCOPe-ALL,family,a.5.1.1,a,a.5,a.5.1,a.5.1.1,56
d1ixsa_,SCOPe-ALL,family,a.5.1.1,a,a.5,a.5.1,a.5.1.1,50
d1pgya_,SCOPe-ALL,family,a.5.2.1,a,a.5,a.5.2,a.5.2.1,47
d2cpwa1,SCOPe-ALL,family,a.5.2.1,a,a.5,a.5.2,a.5.2.1,51
d6w2ga_,SCOPe-ALL,family,a.5.2.1,a,a.5,a.5.2,a.5.2.1,49
d1dv0a_,SCOPe-ALL,family,a.5.2.1,a,a.5,a.5.2,a.5.2.1,45
d2g3qa1,SCOPe-ALL,family,a.5.2.1,a,a.5,a.5.2,a.5.2.1,43
d1vega1,SCOPe-ALL,family,a.5.2.1,a,a.5,a.5.2,a.5.2.1,70
d1vg5a1,SCOPe-ALL,family,a.5.2.1,a,a.5,a.5.2,a.5.2.1,60
d2cosa1,SCOPe-ALL,family,a.5.2.1,a,a.5,a.5.2,a.5.2.1,41
d2crna1,SCOPe-ALL,family,a.5.2.1,a,a.5,a.5.2,a.5.2.1,51
d2dkla1,SCOPe-ALL,family,a.5.2.1,a,a.5,a.5.2,a.5.2.1,72
d1wjia1,SCOPe-ALL,family,a.5.2.1,a,a.5,a.5.2,a.5.2.1,50
d1z96a1,SCOPe-ALL,family,a.5.2.1,a,a.5,a.5.2,a.5.2.1,38
d2dnaa1,SCOPe-ALL,family,a.5.2.1,a,a.5,a.5.2,a.5.2.1,54
d1vdla1,SCOPe-ALL,family,a.5.2.1,a,a.5,a.5.2,a.5.2.1,67
d1veka1,SCOPe-ALL,family,a.5.2.1,a,a.5,a.5.2,a.5.2.1,71
d1wiva1,SCOPe-ALL,family,a.5.2.1,a,a.5,a.5.2,a.5.2.1,60
d1wgna1,SCOPe-ALL,family,a.5.2.1,a,a.5,a.5.2,a.5.2.1,50
d1wj7a1,SCOPe-ALL,family,a.5.2.1,a,a.5,a.5.2,a.5.2.1,91
d3k9oa2,SCOPe-ALL,family,a.5.2.1,a,a.5,a.5.2,a.5.2.1,44
d1ttea1,SCOPe-ALL,family,a.5.2.1,a,a.5,a.5.2,a.5.2.1,55
d4un2b1,SCOPe-ALL,family,a.5.2.1,a,a.5,a.5.2,a.5.2.1,42
d2mj5b1,SCOPe-ALL,family,a.5.2.1,a,a.5,a.5.2,a.5.2.1,47
d3b0fa_,SCOPe-ALL,family,a.5.2.1,a,a.5,a.5.2,a.5.2.1,43
d1xb2b1,SCOPe-ALL,family,a.5.2.2,a,a.5,a.5.2,a.5.2.2,56
d4pc3c1,SCOPe-ALL,family,a.5.2.2,a,a.5,a.5.2,a.5.2.2,53
d1oaia_,SCOPe-ALL,family,a.5.2.3,a,a.5,a.5.2,a.5.2.3,59
d1v92a_,SCOPe-ALL,family,a.5.2.3,a,a.5,a.5.2,a.5.2.3,46
d2di0a1,SCOPe-ALL,family,a.5.2.4,a,a.5,a.5.2,a.5.2.4,63
d1otra_,SCOPe-ALL,family,a.5.2.4,a,a.5,a.5.2,a.5.2.4,49
d1wgla1,SCOPe-ALL,family,a.5.2.4,a,a.5,a.5.2,a.5.2.4,46
d1mn3a_,SCOPe-ALL,family,a.5.2.4,a,a.5,a.5.2,a.5.2.4,54
d2daka1,SCOPe-ALL,family,a.5.2.0,a,a.5,a.5.2,a.5.2.0,50
d2daga1,SCOPe-ALL,family,a.5.2.0,a,a.5,a.5.2,a.5.2.0,61
d2cwba_,SCOPe-ALL,family,a.5.2.0,a,a.5,a.5.2,a.5.2.0,46
d1r5la1,SCOPe-ALL,family,a.5.3.1,a,a.5,a.5.3,a.5.3.1,66
d6slda1,SCOPe-ALL,family,a.5.3.0,a,a.5,a.5.3,a.5.3.0,91
d4uyba1,SCOPe-ALL,family,a.5.3.0,a,a.5,a.5.3,a.5.3.0,75
d1enwa_,SCOPe-ALL,family,a.5.4.1,a,a.5,a.5.4,a.5.4.1,114
d1eija_,SCOPe-ALL,family,a.5.6.1,a,a.5,a.5.6,a.5.6.1,72
d2crua1,SCOPe-ALL,family,a.5.6.1,a,a.5,a.5.6,a.5.6.1,105
d1sr9a1,SCOPe-ALL,family,a.5.7.1,a,a.5,a.5.7,a.5.7.1,55
d1rqba1,SCOPe-ALL,family,a.5.7.2,a,a.5,a.5.7,a.5.7.2,168
d4lrsa2,SCOPe-ALL,family,a.5.7.0,a,a.5,a.5.7,a.5.7.0,52
d1t95a1,SCOPe-ALL,family,a.5.8.1,a,a.5,a.5.8,a.5.8.1,75
d1ufza1,SCOPe-ALL,family,a.5.9.1,a,a.5,a.5.9,a.5.9.1,70
d1t3ta1,SCOPe-ALL,family,a.5.10.1,a,a.5,a.5.10,a.5.10.1,68
d1jjcb1,SCOPe-ALL,family,a.6.1.1,a,a.6,a.6.1,a.6.1.1,78
d1jjcb2,SCOPe-ALL,family,a.6.1.1,a,a.6,a.6.1,a.6.1.1,75
d1xpaa1,SCOPe-ALL,family,a.6.1.2,a,a.6,a.6.1,a.6.1.2,77
d1r8da_,SCOPe-ALL,family,a.6.1.3,a,a.6,a.6.1,a.6.1.3,109
d1r8ea1,SCOPe-ALL,family,a.6.1.3,a,a.6,a.6.1,a.6.1.3,118
d1q06a_,SCOPe-ALL,family,a.6.1.3,a,a.6,a.6.1,a.6.1.3,127
d1q08a_,SCOPe-ALL,family,a.6.1.3,a,a.6,a.6.1,a.6.1.3,94
d1l8ra1,SCOPe-ALL,family,a.6.1.4,a,a.6,a.6.1,a.6.1.4,99
d1sbxa1,SCOPe-ALL,family,a.6.1.4,a,a.6,a.6.1,a.6.1.4,103
d6hn7b1,SCOPe-ALL,family,a.6.1.5,a,a.6,a.6.1,a.6.1.5,69
d1nd9a_,SCOPe-ALL,family,a.6.1.6,a,a.6,a.6.1,a.6.1.6,49
d1rh6a_,SCOPe-ALL,family,a.6.1.7,a,a.6,a.6.1,a.6.1.7,55
d1qpma_,SCOPe-ALL,family,a.6.1.7,a,a.6,a.6.1,a.6.1.7,69
d1tnsa_,SCOPe-ALL,family,a.6.1.7,a,a.6,a.6.1,a.6.1.7,76
d4ua1a_,SCOPe-ALL,family,a.6.1.0,a,a.6,a.6.1,a.6.1.0,129
d5gpea_,SCOPe-ALL,family,a.6.1.0,a,a.6,a.6.1,a.6.1.0,129
d2zhga_,SCOPe-ALL,family,a.6.1.0,a,a.6,a.6.1,a.6.1.0,126
d5crla_,SCOPe-ALL,family,a.6.1.0,a,a.6,a.6.1,a.6.1.0,128
d7a8ta1,SCOPe-ALL,family,a.7.1.1,a,a.7,a.7.1,a.7.1.1,123
d7a8ta2,SCOPe-ALL,family,a.7.1.1,a,a.7,a.7.1,a.7.1.1,115
d7a8ta3,SCOPe-ALL,family,a.7.1.1,a,a.7,a.7.1,a.7.1.1,121
d7a8ta4,SCOPe-ALL,family,a.7.1.1,a,a.7,a.7.1,a.7.1.1,114
d1u5pa1,SCOPe-ALL,family,a.7.1.1,a,a.7,a.7.1,a.7.1.1,110
d1u5pa2,SCOPe-ALL,family,a.7.1.1,a,a.7,a.7.1,a.7.1.1,101
d1cuna2,SCOPe-ALL,family,a.7.1.1,a,a.7,a.7.1,a.7.1.1,104
d2spca_,SCOPe-ALL,family,a.7.1.1,a,a.7,a.7.1,a.7.1.1,107
d1s35a1,SCOPe-ALL,family,a.7.1.1,a,a.7,a.7.1,a.7.1.1,106
d1s35a2,SCOPe-ALL,family,a.7.1.1,a,a.7,a.7.1,a.7.1.1,105
d3f31a_,SCOPe-ALL,family,a.7.1.0,a,a.7,a.7.1,a.7.1.0,137
d1e2aa_,SCOPe-ALL,family,a.7.2.1,a,a.7,a.7.2,a.7.2.1,102
d3k1sa1,SCOPe-ALL,family,a.7.2.0,a,a.7,a.7.2,a.7.2.0,106
d1jnra1,SCOPe-ALL,family,a.7.3.1,a,a.7,a.7.3,a.7.3.1,141
d1kf6a1,SCOPe-ALL,family,a.7.3.1,a,a.7,a.7.3,a.7.3.1,134
d2bs2a1,SCOPe-ALL,family,a.7.3.1,a,a.7,a.7.3,a.7.3.1,198
d1chua1,SCOPe-ALL,family,a.7.3.1,a,a.7,a.7.3,a.7.3.1,111
d2wu2a3,SCOPe-ALL,family,a.7.3.1,a,a.7,a.7.3,a.7.3.1,138
d3sfda3,SCOPe-ALL,family,a.7.3.1,a,a.7,a.7.3,a.7.3.1,177
d1g73a_,SCOPe-ALL,family,a.7.4.1,a,a.7,a.7.4,a.7.4.1,157
d1qsda_,SCOPe-ALL,family,a.7.5.1,a,a.7,a.7.5,a.7.5.1,102
d1h7ca_,SCOPe-ALL,family,a.7.5.1,a,a.7,a.7.5,a.7.5.1,103
d2qalt1,SCOPe-ALL,family,a.7.6.1,a,a.7,a.7.6,a.7.6.1,85
d1fjgt_,SCOPe-ALL,family,a.7.6.1,a,a.7,a.7.6,a.7.6.1,99
d3ldqb1,SCOPe-ALL,family,a.7.7.1,a,a.7,a.7.7,a.7.7.1,110
d1t7sa_,SCOPe-ALL,family,a.7.7.1,a,a.7,a.7.7,a.7.7.1,129
d1ugoa1,SCOPe-ALL,family,a.7.7.1,a,a.7,a.7.7,a.7.7.1,86
d1m62a1,SCOPe-ALL,family,a.7.7.1,a,a.7,a.7.7,a.7.7.1,82
d1j2jb_,SCOPe-ALL,family,a.7.8.1,a,a.7,a.7.8,a.7.8.1,41
d1j2ha_,SCOPe-ALL,family,a.7.8.1,a,a.7,a.7.8,a.7.8.1,112
d1wrda1,SCOPe-ALL,family,a.7.8.1,a,a.7,a.7.8,a.7.8.1,93
d1hf8a1,SCOPe-ALL,family,a.7.8.2,a,a.7,a.7.8,a.7.8.2,132
d1rrza_,SCOPe-ALL,family,a.7.10.1,a,a.7,a.7.10,a.7.10.1,66
d1z8ua_,SCOPe-ALL,family,a.7.11.1,a,a.7,a.7.11,a.7.11.1,90
d1vcta1,SCOPe-ALL,family,a.7.12.1,a,a.7,a.7.12,a.7.12.1,99
d1xwma_,SCOPe-ALL,family,a.7.12.1,a,a.7,a.7.12,a.7.12.1,212
d1sumb_,SCOPe-ALL,family,a.7.12.1,a,a.7,a.7.12,a.7.12.1,225
d4q25a_,SCOPe-ALL,family,a.7.12.0,a,a.7,a.7.12,a.7.12.0,211
d2i0ma_,SCOPe-ALL,family,a.7.12.0,a,a.7,a.7.12,a.7.12.0,212
d1vp7a_,SCOPe-ALL,family,a.7.13.1,a,a.7,a.7.13,a.7.13.1,68
d2cpta1,SCOPe-ALL,family,a.7.14.1,a,a.7,a.7.14,a.7.14.1,104
d5fvka_,SCOPe-ALL,family,a.7.14.0,a,a.7,a.7.14,a.7.14.0,82
d4a5xa_,SCOPe-ALL,family,a.7.14.0,a,a.7,a.7.14,a.7.14.0,73
d1xdpa1,SCOPe-ALL,family,a.7.15.1,a,a.7,a.7.15,a.7.15.1,105
d2o8ra1,SCOPe-ALL,family,a.7.15.1,a,a.7,a.7.15,a.7.15.1,109
d4zeya1,SCOPe-ALL,family,a.7.16.1,a,a.7,a.7.16,a.7.16.1,83
d2goma1,SCOPe-ALL,family,a.7.17.1,a,a.7,a.7.17,a.7.17.1,61
d4npda_,SCOPe-ALL,family,a.8.1.1,a,a.8,a.8.1,a.8.1.1,58
d1xvha3,SCOPe-ALL,family,a.8.1.2,a,a.8,a.8.1,a.8.1.2,69
d1xvha4,SCOPe-ALL,family,a.8.1.2,a,a.8,a.8.1,a.8.1.2,56
d2j5ya2,SCOPe-ALL,family,a.8.1.2,a,a.8,a.8.1,a.8.1.2,53
d1gvna_,SCOPe-ALL,family,a.8.2.1,a,a.8,a.8.2,a.8.2.1,88
d3bvxa1,SCOPe-ALL,family,a.8.3.1,a,a.8,a.8.3,a.8.3.1,111
d1k1xa1,SCOPe-ALL,family,a.8.3.2,a,a.8,a.8.3,a.8.3.2,74
d2b5dx1,SCOPe-ALL,family,a.8.3.3,a,a.8,a.8.3,a.8.3.3,114
d3p0ba2,SCOPe-ALL,family,a.8.3.0,a,a.8,a.8.3,a.8.3.0,105
d1u00a1,SCOPe-ALL,family,a.8.4.1,a,a.8,a.8.4,a.8.4.1,112
d4f01a2,SCOPe-ALL,family,a.8.4.1,a,a.8,a.8.4,a.8.4.1,96
d3lofa1,SCOPe-ALL,family,a.8.4.0,a,a.8,a.8.4,a.8.4.0,80
d1oksa1,SCOPe-ALL,family,a.8.5.1,a,a.8,a.8.5,a.8.5.1,49
d1r4ga_,SCOPe-ALL,family,a.8.5.1,a,a.8,a.8.5,a.8.5.1,53
d1nu9c1,SCOPe-ALL,family,a.8.6.1,a,a.8,a.8.6,a.8.6.1,145
d1nu9c2,SCOPe-ALL,family,a.8.6.1,a,a.8,a.8.6,a.8.6.1,136
d1r8ia_,SCOPe-ALL,family,a.8.7.1,a,a.8,a.8.7,a.8.7.1,187
d2qkwa1,SCOPe-ALL,family,a.8.8.1,a,a.8,a.8.8,a.8.8.1,101
d2ahma1,SCOPe-ALL,family,a.8.9.1,a,a.8,a.8.9,a.8.9.1,73
d2gf4a1,SCOPe-ALL,family,a.8.10.1,a,a.8,a.8.10,a.8.10.1,89
d2oo2a1,SCOPe-ALL,family,a.8.11.1,a,a.8,a.8.11,a.8.11.1,74
d2pmra1,SCOPe-ALL,family,a.8.11.1,a,a.8,a.8.11,a.8.11.1,75
d1w4ha_,SCOPe-ALL,family,a.9.1.1,a,a.9,a.9.1,a.9.1.1,45
d2eq9c_,SCOPe-ALL,family,a.9.1.0,a,a.9,a.9.1,a.9.1.0,40
d6e6oa_,SCOPe-ALL,family,a.10.1.1,a,a.10,a.10.1,a.10.1.1,40
d1erpa_,SCOPe-ALL,family,a.10.1.1,a,a.10,a.10.1,a.10.1.1,38
d1erda_,SCOPe-ALL,family,a.10.1.1,a,a.10,a.10.1,a.10.1.1,40
d1hd6a_,SCOPe-ALL,family,a.10.1.1,a,a.10,a.10.1,a.10.1.1,37
d1x9ba_,SCOPe-ALL,family,a.10.2.1,a,a.10,a.10.2,a.10.2.1,53
d1hbka_,SCOPe-ALL,family,a.11.1.1,a,a.11,a.11.1,a.11.1.1,89
d2cb8a_,SCOPe-ALL,family,a.11.1.1,a,a.11,a.11.1,a.11.1.1,86
d5ijma1,SCOPe-ALL,family,a.11.1.0,a,a.11,a.11.1,a.11.1.0,96
d2al6a1,SCOPe-ALL,family,a.11.2.1,a,a.11,a.11.2,a.11.2.1,123
d4yl8a2,SCOPe-ALL,family,a.11.2.1,a,a.11,a.11.2,a.11.2.1,111
d1mixa1,SCOPe-ALL,family,a.11.2.1,a,a.11,a.11.2,a.11.2.1,114
d5ryoa2,SCOPe-ALL,family,a.11.2.0,a,a.11,a.11.2,a.11.2.0,106
d4i9oa_,SCOPe-ALL,family,a.12.1.1,a,a.12,a.12.1,a.12.1.1,78
d2fcwa1,SCOPe-ALL,family,a.13.1.1,a,a.13,a.13.1,a.13.1.1,105
d1nrea_,SCOPe-ALL,family,a.13.1.1,a,a.13,a.13.1,a.13.1.1,81
d1yu5x_,SCOPe-ALL,family,a.14.1.1,a,a.14,a.14.1,a.14.1.1,67
d1tbaa_,SCOPe-ALL,family,a.15.1.1,a,a.15,a.15.1,a.15.1.1,67
d1xeqa1,SCOPe-ALL,family,a.16.1.1,a,a.16,a.16.1,a.16.1.1,89
d2z0aa_,SCOPe-ALL,family,a.16.1.1,a,a.16,a.16.1,a.16.1.1,72
d1a32a_,SCOPe-ALL,family,a.16.1.2,a,a.16,a.16.1,a.16.1.2,85
d1r6ta1,SCOPe-ALL,family,a.16.1.3,a,a.16,a.16.1,a.16.1.3,54
d2hp8a_,SCOPe-ALL,family,a.17.1.1,a,a.17,a.17.1,a.17.1.1,68
d1u96a_,SCOPe-ALL,family,a.17.1.2,a,a.17,a.17.1,a.17.1.2,69
d2enda_,SCOPe-ALL,family,a.18.1.1,a,a.18,a.18.1,a.18.1.1,137
d1gaka_,SCOPe-ALL,family,a.19.1.1,a,a.19,a.19.1,a.19.1.1,137
d5ii8a_,SCOPe-ALL,family,a.19.1.1,a,a.19,a.19.1,a.19.1.1,131
d2wkxa1,SCOPe-ALL,family,a.20.1.1,a,a.20,a.20.1,a.20.1.1,82
d1lbua1,SCOPe-ALL,family,a.20.1.1,a,a.20,a.20.1,a.20.1.1,83
d1su3a1,SCOPe-ALL,family,a.20.1.2,a,a.20,a.20.1,a.20.1.2,67
d1l6ja1,SCOPe-ALL,family,a.20.1.2,a,a.20,a.20.1,a.20.1.2,77
d5ue2a1,SCOPe-ALL,family,a.20.1.0,a,a.20,a.20.1,a.20.1.0,72
d2gzka1,SCOPe-ALL,family,a.21.1.1,a,a.21,a.21.1,a.21.1.1,73
d1ckta_,SCOPe-ALL,family,a.21.1.1,a,a.21,a.21.1,a.21.1.1,71
d1k99a1,SCOPe-ALL,family,a.21.1.1,a,a.21,a.21.1,a.21.1.1,90
d1v64a1,SCOPe-ALL,family,a.21.1.1,a,a.21,a.21.1,a.21.1.1,95
d1wgfa1,SCOPe-ALL,family,a.21.1.1,a,a.21,a.21.1,a.21.1.1,77
d1v63a1,SCOPe-ALL,family,a.21.1.1,a,a.21,a.21.1,a.21.1.1,88
d2hdza_,SCOPe-ALL,family,a.21.1.1,a,a.21,a.21.1,a.21.1.1,66
d1lefa_,SCOPe-ALL,family,a.21.1.1,a,a.21,a.21.1,a.21.1.1,86
d7jjka_,SCOPe-ALL,family,a.21.1.0,a,a.21,a.21.1,a.21.1.0,71
d6l34a_,SCOPe-ALL,family,a.21.1.0,a,a.21,a.21.1,a.21.1.0,68
d2ctoa1,SCOPe-ALL,family,a.21.1.0,a,a.21,a.21.1,a.21.1.0,80
d2e6oa1,SCOPe-ALL,family,a.21.1.0,a,a.21,a.21.1,a.21.1.0,80
d2d7la1,SCOPe-ALL,family,a.21.1.0,a,a.21,a.21.1,a.21.1.0,68
d2crja1,SCOPe-ALL,family,a.21.1.0,a,a.21,a.21.1,a.21.1.0,79
d1wz6a1,SCOPe-ALL,family,a.21.1.0,a,a.21,a.21.1,a.21.1.0,69
d2mrca_,SCOPe-ALL,family,a.21.1.0,a,a.21,a.21.1,a.21.1.0,92
d1tzyc_,SCOPe-ALL,family,a.22.1.1,a,a.22,a.22.1,a.22.1.1,95
d1tzyd_,SCOPe-ALL,family,a.22.1.1,a,a.22,a.22.1,a.22.1.1,83
d1f1ea_,SCOPe-ALL,family,a.22.1.2,a,a.22,a.22.1,a.22.1.2,151
d1b67a_,SCOPe-ALL,family,a.22.1.2,a,a.22,a.22.1,a.22.1.2,68
d2bykb1,SCOPe-ALL,family,a.22.1.3,a,a.22,a.22.1,a.22.1.3,89
d2byka1,SCOPe-ALL,family,a.22.1.3,a,a.22,a.22.1,a.22.1.3,72
d1q9ca_,SCOPe-ALL,family,a.22.1.3,a,a.22,a.22.1,a.22.1.3,172
d1jfia_,SCOPe-ALL,family,a.22.1.3,a,a.22,a.22.1,a.22.1.3,66
d1jfib_,SCOPe-ALL,family,a.22.1.3,a,a.22,a.22.1,a.22.1.3,135
d1h3oa_,SCOPe-ALL,family,a.22.1.3,a,a.22,a.22.1,a.22.1.3,50
d1h3ob1,SCOPe-ALL,family,a.22.1.3,a,a.22,a.22.1,a.22.1.3,72
d1bh9a_,SCOPe-ALL,family,a.22.1.3,a,a.22,a.22.1,a.22.1.3,45
d1bh9b_,SCOPe-ALL,family,a.22.1.3,a,a.22,a.22.1,a.22.1.3,89
d1tafa_,SCOPe-ALL,family,a.22.1.3,a,a.22,a.22.1,a.22.1.3,68
d1tafb_,SCOPe-ALL,family,a.22.1.3,a,a.22,a.22.1,a.22.1.3,70
d4g92b_,SCOPe-ALL,family,a.22.1.3,a,a.22,a.22.1,a.22.1.3,92
d4csrb_,SCOPe-ALL,family,a.22.1.3,a,a.22,a.22.1,a.22.1.3,82
d1r4va_,SCOPe-ALL,family,a.22.1.4,a,a.22,a.22.1,a.22.1.4,151
d1wwia1,SCOPe-ALL,family,a.22.1.4,a,a.22,a.22.1,a.22.1.4,148
d6w4la1,SCOPe-ALL,family,a.22.1.0,a,a.22,a.22.1,a.22.1.0,93
d6w4la2,SCOPe-ALL,family,a.22.1.0,a,a.22,a.22.1,a.22.1.0,83
d5y27a_,SCOPe-ALL,family,a.22.1.0,a,a.22,a.22.1,a.22.1.0,98
d5y27b1,SCOPe-ALL,family,a.22.1.0,a,a.22,a.22.1,a.22.1.0,87
d1fpoa2,SCOPe-ALL,family,a.23.1.1,a,a.23,a.23.1,a.23.1.1,95
d1uc4g_,SCOPe-ALL,family,a.23.2.1,a,a.23,a.23.2,a.23.2.1,137
d6vk6c_,SCOPe-ALL,family,a.23.3.1,a,a.23,a.23.3,a.23.3.1,168
d1om2a_,SCOPe-ALL,family,a.23.4.1,a,a.23,a.23.4,a.23.4.1,95
d4icgc_,SCOPe-ALL,family,a.23.5.1,a,a.23,a.23.5,a.23.5.1,67
d2jqta_,SCOPe-ALL,family,a.23.5.0,a,a.23,a.23.5,a.23.5.0,57
d2gboa1,SCOPe-ALL,family,a.23.6.1,a,a.23,a.23.6,a.23.6.1,82
d2odma_,SCOPe-ALL,family,a.23.6.0,a,a.23,a.23.6,a.23.6.0,83
d2gsva1,SCOPe-ALL,family,a.23.7.1,a,a.23,a.23.7,a.23.7.1,67
d1gs9a_,SCOPe-ALL,family,a.24.1.1,a,a.24,a.24.1,a.24.1.1,144
d2d4ua1,SCOPe-ALL,family,a.24.2.0,a,a.24,a.24.2,a.24.2.0,163
d4z9ha_,SCOPe-ALL,family,a.24.2.0,a,a.24,a.24.2,a.24.2.0,165
d4jeaa_,SCOPe-ALL,family,a.24.3.1,a,a.24,a.24.3,a.24.3.1,106
d4l6ra2,SCOPe-ALL,family,a.24.3.1,a,a.24,a.24.3,a.24.3.1,307
d1cpqa_,SCOPe-ALL,family,a.24.3.2,a,a.24,a.24.3,a.24.3.2,129
d1mqva_,SCOPe-ALL,family,a.24.3.2,a,a.24,a.24.3,a.24.3.2,123
d2ccya_,SCOPe-ALL,family,a.24.3.2,a,a.24,a.24.3,a.24.3.2,127
d1s05a_,SCOPe-ALL,family,a.24.3.2,a,a.24,a.24.3,a.24.3.2,129
d2ykza_,SCOPe-ALL,family,a.24.3.2,a,a.24,a.24.3,a.24.3.2,127
d3vrca_,SCOPe-ALL,family,a.24.3.2,a,a.24,a.24.3,a.24.3.2,130
d6a3ka_,SCOPe-ALL,family,a.24.3.0,a,a.24,a.24.3,a.24.3.0,129
d2hmza_,SCOPe-ALL,family,a.24.4.1,a,a.24,a.24.4,a.24.4.1,113
d1cgme_,SCOPe-ALL,family,a.24.5.1,a,a.24,a.24.5,a.24.5.1,160
d6saea_,SCOPe-ALL,family,a.24.5.1,a,a.24,a.24.5,a.24.5.1,153
d4drib1,SCOPe-ALL,family,a.24.7.1,a,a.24,a.24.7,a.24.7.1,88
d1yaro_,SCOPe-ALL,family,a.24.8.1,a,a.24,a.24.8,a.24.8.1,228
d1l7ca1,SCOPe-ALL,family,a.24.9.1,a,a.24,a.24.9,a.24.9.1,120
d1l7ca2,SCOPe-ALL,family,a.24.9.1,a,a.24,a.24.9,a.24.9.1,124
d1dova_,SCOPe-ALL,family,a.24.9.1,a,a.24,a.24.9,a.24.9.1,181
d1qkra_,SCOPe-ALL,family,a.24.9.1,a,a.24,a.24.9,a.24.9.1,181
d1st6a3,SCOPe-ALL,family,a.24.9.1,a,a.24,a.24.9,a.24.9.1,119
d1st6a4,SCOPe-ALL,family,a.24.9.1,a,a.24,a.24.9,a.24.9.1,117
d1st6a5,SCOPe-ALL,family,a.24.9.1,a,a.24,a.24.9,a.24.9.1,158
d1st6a6,SCOPe-ALL,family,a.24.9.1,a,a.24,a.24.9,a.24.9.1,72
d1st6a7,SCOPe-ALL,family,a.24.9.1,a,a.24,a.24.9,a.24.9.1,137
d3rf3a1,SCOPe-ALL,family,a.24.9.1,a,a.24,a.24.9,a.24.9.1,127
d3rf3b2,SCOPe-ALL,family,a.24.9.1,a,a.24,a.24.9,a.24.9.1,130
d2b0ha1,SCOPe-ALL,family,a.24.9.2,a,a.24,a.24.9,a.24.9.2,131
d2a0ba_,SCOPe-ALL,family,a.24.10.1,a,a.24,a.24.10,a.24.10.1,118
d1wn0a1,SCOPe-ALL,family,a.24.10.2,a,a.24,a.24.10,a.24.10.2,131
d1c02a_,SCOPe-ALL,family,a.24.10.2,a,a.24,a.24.10,a.24.10.2,166
d1i5na_,SCOPe-ALL,family,a.24.10.3,a,a.24,a.24.10,a.24.10.3,128
d1tqga1,SCOPe-ALL,family,a.24.10.3,a,a.24,a.24.10,a.24.10.3,101
d1sr2a_,SCOPe-ALL,family,a.24.10.4,a,a.24,a.24.10,a.24.10.4,116
d1y6da_,SCOPe-ALL,family,a.24.10.5,a,a.24,a.24.10,a.24.10.5,114
d2ooca1,SCOPe-ALL,family,a.24.10.6,a,a.24,a.24.10,a.24.10.6,104
d4g78a1,SCOPe-ALL,family,a.24.10.0,a,a.24,a.24.10,a.24.10.0,144
d1he1a1,SCOPe-ALL,family,a.24.11.1,a,a.24,a.24.11,a.24.11.1,134
d1g4wr1,SCOPe-ALL,family,a.24.11.1,a,a.24,a.24.11,a.24.11.1,120
d1hy5a_,SCOPe-ALL,family,a.24.11.1,a,a.24,a.24.11,a.24.11.1,120
d7bmla_,SCOPe-ALL,family,a.24.12.0,a,a.24,a.24.12,a.24.12.0,161
d1wgwa1,SCOPe-ALL,family,a.24.13.1,a,a.24,a.24.13,a.24.13.1,86
d1okkd1,SCOPe-ALL,family,a.24.13.1,a,a.24,a.24.13,a.24.13.1,58
d1j8mf1,SCOPe-ALL,family,a.24.13.1,a,a.24,a.24.13,a.24.13.1,84
d1ls1a1,SCOPe-ALL,family,a.24.13.1,a,a.24,a.24.13,a.24.13.1,88
d6n9ba1,SCOPe-ALL,family,a.24.13.0,a,a.24,a.24.13,a.24.13.0,89
d1k04a_,SCOPe-ALL,family,a.24.14.1,a,a.24,a.24.14,a.24.14.1,142
d3tk0a1,SCOPe-ALL,family,a.24.15.1,a,a.24,a.24.15,a.24.15.1,125
d1jr8a_,SCOPe-ALL,family,a.24.15.1,a,a.24,a.24.15,a.24.15.1,105
d3gwla1,SCOPe-ALL,family,a.24.15.0,a,a.24,a.24.15,a.24.15.0,103
d6un8a2,SCOPe-ALL,family,a.24.16.1,a,a.24,a.24.16,a.24.16.1,128
d1joga_,SCOPe-ALL,family,a.24.16.2,a,a.24,a.24.16,a.24.16.2,135
d1wtya_,SCOPe-ALL,family,a.24.16.2,a,a.24,a.24.16,a.24.16.2,116
d1ufba_,SCOPe-ALL,family,a.24.16.3,a,a.24,a.24.16,a.24.16.3,127
d1v4aa1,SCOPe-ALL,family,a.24.16.4,a,a.24,a.24.16,a.24.16.4,151
d1wola_,SCOPe-ALL,family,a.24.16.0,a,a.24,a.24.16,a.24.16.0,122
d1l3pa_,SCOPe-ALL,family,a.24.17.1,a,a.24,a.24.17,a.24.17.1,102
d6trka_,SCOPe-ALL,family,a.24.17.1,a,a.24,a.24.17,a.24.17.1,108
d1nzea_,SCOPe-ALL,family,a.24.18.1,a,a.24,a.24.18,a.24.18.1,112
d1orja1,SCOPe-ALL,family,a.24.19.1,a,a.24,a.24.19,a.24.19.1,123
d5mawe_,SCOPe-ALL,family,a.24.19.0,a,a.24,a.24.19,a.24.19.0,112
d3iqca_,SCOPe-ALL,family,a.24.19.0,a,a.24,a.24.19,a.24.19.0,124
d1v74b_,SCOPe-ALL,family,a.24.20.1,a,a.24,a.24.20,a.24.20.1,87
d1gm5a1,SCOPe-ALL,family,a.24.21.1,a,a.24,a.24.21,a.24.21.1,99
d1t6ua_,SCOPe-ALL,family,a.24.22.1,a,a.24,a.24.22,a.24.22.1,117
d1szia_,SCOPe-ALL,family,a.24.23.1,a,a.24,a.24.23,a.24.23.1,226
d1ug7a1,SCOPe-ALL,family,a.24.24.1,a,a.24,a.24.24,a.24.24.1,115
d1xzpa1,SCOPe-ALL,family,a.24.25.1,a,a.24,a.24.25,a.24.25.1,174
d2huja1,SCOPe-ALL,family,a.24.26.1,a,a.24,a.24.26,a.24.26.1,120
d2etsa1,SCOPe-ALL,family,a.24.26.1,a,a.24,a.24.26,a.24.26.1,110
d2im8a_,SCOPe-ALL,family,a.24.26.1,a,a.24,a.24.26,a.24.26.1,123
d2ap3a1,SCOPe-ALL,family,a.24.27.1,a,a.24,a.24.27,a.24.27.1,185
d2j9ua_,SCOPe-ALL,family,a.24.28.1,a,a.24,a.24.28,a.24.28.1,94
d2j9wa1,SCOPe-ALL,family,a.24.28.0,a,a.24,a.24.28,a.24.28.0,98
d2p61a1,SCOPe-ALL,family,a.24.29.1,a,a.24,a.24.29,a.24.29.1,119
d2qupa_,SCOPe-ALL,family,a.24.29.0,a,a.24,a.24.29,a.24.29.0,122
d6ifka4,SCOPe-ALL,family,a.24.30.1,a,a.24,a.24.30,a.24.30.1,103
d4uw2a4,SCOPe-ALL,family,a.24.30.1,a,a.24,a.24.30,a.24.30.1,108
d3w2wa2,SCOPe-ALL,family,a.24.30.1,a,a.24,a.24.30,a.24.30.1,89
d3w2wa4,SCOPe-ALL,family,a.24.30.1,a,a.24,a.24.30,a.24.30.1,107
d1z6om1,SCOPe-ALL,family,a.25.1.1,a,a.25,a.25.1,a.25.1.1,191
d1z6oa1,SCOPe-ALL,family,a.25.1.1,a,a.25,a.25.1,a.25.1.1,200
d1nfva_,SCOPe-ALL,family,a.25.1.1,a,a.25,a.25.1,a.25.1.1,169
d1jiga_,SCOPe-ALL,family,a.25.1.1,a,a.25,a.25.1,a.25.1.1,146
d1moja_,SCOPe-ALL,family,a.25.1.1,a,a.25,a.25.1,a.25.1.1,180
d3t9ja_,SCOPe-ALL,family,a.25.1.1,a,a.25,a.25.1,a.25.1.1,144
d1zuja1,SCOPe-ALL,family,a.25.1.1,a,a.25,a.25.1,a.25.1.1,168
d2pyba_,SCOPe-ALL,family,a.25.1.1,a,a.25,a.25.1,a.25.1.1,151
d2fjca1,SCOPe-ALL,family,a.25.1.1,a,a.25,a.25.1,a.25.1.1,151
d2fzfa1,SCOPe-ALL,family,a.25.1.1,a,a.25,a.25.1,a.25.1.1,158
d1vjxa1,SCOPe-ALL,family,a.25.1.1,a,a.25,a.25.1,a.25.1.1,145
d1j30a_,SCOPe-ALL,family,a.25.1.1,a,a.25,a.25.1,a.25.1.1,141
d1yuza1,SCOPe-ALL,family,a.25.1.1,a,a.25,a.25.1,a.25.1.1,135
d4iwka_,SCOPe-ALL,family,a.25.1.1,a,a.25,a.25.1,a.25.1.1,159
d1lkoa1,SCOPe-ALL,family,a.25.1.1,a,a.25,a.25.1,a.25.1.1,146
d3ka8a_,SCOPe-ALL,family,a.25.1.1,a,a.25,a.25.1,a.25.1.1,172
d4cvra_,SCOPe-ALL,family,a.25.1.1,a,a.25,a.25.1,a.25.1.1,156
d3bvfa1,SCOPe-ALL,family,a.25.1.1,a,a.25,a.25.1,a.25.1.1,166
d3pwfa1,SCOPe-ALL,family,a.25.1.1,a,a.25,a.25.1,a.25.1.1,133
d3ak8a_,SCOPe-ALL,family,a.25.1.1,a,a.25,a.25.1,a.25.1.1,154
d2cf7a_,SCOPe-ALL,family,a.25.1.1,a,a.25,a.25.1,a.25.1.1,159
d4cy9a1,SCOPe-ALL,family,a.25.1.1,a,a.25,a.25.1,a.25.1.1,167
d6txia_,SCOPe-ALL,family,a.25.1.1,a,a.25,a.25.1,a.25.1.1,164
d1za0a1,SCOPe-ALL,family,a.25.1.2,a,a.25,a.25.1,a.25.1.2,267
d1mxra_,SCOPe-ALL,family,a.25.1.2,a,a.25,a.25.1,a.25.1.2,339
d3n20b_,SCOPe-ALL,family,a.25.1.2,a,a.25,a.25.1,a.25.1.2,322
d4m1ha1,SCOPe-ALL,family,a.25.1.2,a,a.25,a.25.1,a.25.1.2,322
d3n37a_,SCOPe-ALL,family,a.25.1.2,a,a.25,a.25.1,a.25.1.2,284
d3pvtb1,SCOPe-ALL,family,a.25.1.2,a,a.25,a.25.1,a.25.1.2,236
d2uw1a_,SCOPe-ALL,family,a.25.1.2,a,a.25,a.25.1,a.25.1.2,327
d3olja1,SCOPe-ALL,family,a.25.1.2,a,a.25,a.25.1,a.25.1.2,285
d6vk6a_,SCOPe-ALL,family,a.25.1.2,a,a.25,a.25.1,a.25.1.2,515
d6vk6b_,SCOPe-ALL,family,a.25.1.2,a,a.25,a.25.1,a.25.1.2,387
d3ge3a_,SCOPe-ALL,family,a.25.1.2,a,a.25,a.25.1,a.25.1.2,491
d1o9ia_,SCOPe-ALL,family,a.25.1.3,a,a.25,a.25.1,a.25.1.3,266
d2v8ta_,SCOPe-ALL,family,a.25.1.3,a,a.25,a.25.1,a.25.1.3,302
d2gyqa1,SCOPe-ALL,family,a.25.1.4,a,a.25,a.25.1,a.25.1.4,160
d6zmbb_,SCOPe-ALL,family,a.25.1.7,a,a.25,a.25.1,a.25.1.7,199
d2oh3a1,SCOPe-ALL,family,a.25.1.8,a,a.25,a.25.1,a.25.1.8,152
d2ib0a1,SCOPe-ALL,family,a.25.1.9,a,a.25,a.25.1,a.25.1.9,142
d3kwoa1,SCOPe-ALL,family,a.25.1.0,a,a.25,a.25.1,a.25.1.0,147
d6zjka1,SCOPe-ALL,family,a.25.1.0,a,a.25,a.25.1,a.25.1.0,315
d2c2ua_,SCOPe-ALL,family,a.25.1.0,a,a.25,a.25.1,a.25.1.0,178
d5uwza_,SCOPe-ALL,family,a.25.1.0,a,a.25,a.25.1,a.25.1.0,219
d4a25a_,SCOPe-ALL,family,a.25.1.0,a,a.25,a.25.1,a.25.1.0,167
d2yjka_,SCOPe-ALL,family,a.25.1.0,a,a.25,a.25.1,a.25.1.0,149
d3b3ha_,SCOPe-ALL,family,a.25.1.0,a,a.25,a.25.1,a.25.1.0,161
d7o6ea_,SCOPe-ALL,family,a.25.1.0,a,a.25,a.25.1,a.25.1.0,177
d7diea_,SCOPe-ALL,family,a.25.1.0,a,a.25,a.25.1,a.25.1.0,164
d5hjfa_,SCOPe-ALL,family,a.25.1.0,a,a.25,a.25.1,a.25.1.0,179
d6sv1a1,SCOPe-ALL,family,a.25.1.0,a,a.25,a.25.1,a.25.1.0,89
d4cyba_,SCOPe-ALL,family,a.25.1.0,a,a.25,a.25.1,a.25.1.0,172
d6sooa_,SCOPe-ALL,family,a.25.1.0,a,a.25,a.25.1,a.25.1.0,178
d2c41a_,SCOPe-ALL,family,a.25.1.0,a,a.25,a.25.1,a.25.1.0,155
d3iq1a_,SCOPe-ALL,family,a.25.1.0,a,a.25,a.25.1,a.25.1.0,156
d1niga_,SCOPe-ALL,family,a.25.2.1,a,a.25,a.25.2,a.25.2.1,148
d1noga_,SCOPe-ALL,family,a.25.2.2,a,a.25,a.25.2,a.25.2.2,149
d6d5xa_,SCOPe-ALL,family,a.25.2.0,a,a.25,a.25.2,a.25.2.0,161
d3ci3a1,SCOPe-ALL,family,a.25.2.0,a,a.25,a.25.2,a.25.2.0,187
d6wgsa_,SCOPe-ALL,family,a.25.2.0,a,a.25,a.25.2,a.25.2.0,178
d1wvta_,SCOPe-ALL,family,a.25.2.0,a,a.25,a.25.2,a.25.2.0,148
d3favb_,SCOPe-ALL,family,a.25.3.1,a,a.25,a.25.3,a.25.3.1,72
d3fava_,SCOPe-ALL,family,a.25.3.1,a,a.25,a.25.3,a.25.3.1,74
d4j42a_,SCOPe-ALL,family,a.25.3.0,a,a.25,a.25.3,a.25.3.0,80
d2vs0a_,SCOPe-ALL,family,a.25.3.0,a,a.25,a.25.3,a.25.3.0,83
d4w4ka_,SCOPe-ALL,family,a.25.4.1,a,a.25,a.25.4,a.25.4.1,82
d4w4kb_,SCOPe-ALL,family,a.25.4.2,a,a.25,a.25.4,a.25.4.2,173
d3fx7a1,SCOPe-ALL,family,a.25.5.1,a,a.25,a.25.5,a.25.5.1,82
d2nr5a1,SCOPe-ALL,family,a.25.6.1,a,a.25,a.25.6,a.25.6.1,64
d1cnt1_,SCOPe-ALL,family,a.26.1.1,a,a.26,a.26.1,a.26.1.1,177
d1bgca_,SCOPe-ALL,family,a.26.1.1,a,a.26,a.26.1,a.26.1.1,165
d1huwa_,SCOPe-ALL,family,a.26.1.1,a,a.26,a.26.1,a.26.1.1,191
d1f45b_,SCOPe-ALL,family,a.26.1.1,a,a.26,a.26.1,a.26.1.1,178
d1alua_,SCOPe-ALL,family,a.26.1.1,a,a.26,a.26.1,a.26.1.1,166
d1i1rb_,SCOPe-ALL,family,a.26.1.1,a,a.26,a.26.1,a.26.1.1,167
d1ax8a_,SCOPe-ALL,family,a.26.1.1,a,a.26,a.26.1,a.26.1.1,144
d1lkia_,SCOPe-ALL,family,a.26.1.1,a,a.26,a.26.1,a.26.1.1,172
d1evsa_,SCOPe-ALL,family,a.26.1.1,a,a.26,a.26.1,a.26.1.1,184
d3n0pa_,SCOPe-ALL,family,a.26.1.1,a,a.26,a.26.1,a.26.1.1,186
d1eera_,SCOPe-ALL,family,a.26.1.2,a,a.26,a.26.1,a.26.1.2,166
d4i77z_,SCOPe-ALL,family,a.26.1.2,a,a.26,a.26.1,a.26.1.2,101
d2z3qa1,SCOPe-ALL,family,a.26.1.2,a,a.26,a.26.1,a.26.1.2,114
d3tgxb_,SCOPe-ALL,family,a.26.1.2,a,a.26,a.26.1,a.26.1.2,122
d1hula_,SCOPe-ALL,family,a.26.1.2,a,a.26,a.26.1,a.26.1.2,108
d1scfa_,SCOPe-ALL,family,a.26.1.2,a,a.26,a.26.1,a.26.1.2,131
d1v7mv_,SCOPe-ALL,family,a.26.1.2,a,a.26,a.26.1,a.26.1.2,145
d2d48a_,SCOPe-ALL,family,a.26.1.2,a,a.26,a.26.1,a.26.1.2,129
d7nbia_,SCOPe-ALL,family,a.26.1.2,a,a.26,a.26.1,a.26.1.2,131
d4neja_,SCOPe-ALL,family,a.26.1.2,a,a.26,a.26.1,a.26.1.2,130
d3uf2a_,SCOPe-ALL,family,a.26.1.2,a,a.26,a.26.1,a.26.1.2,145
d5uwci_,SCOPe-ALL,family,a.26.1.2,a,a.26,a.26.1,a.26.1.2,112
d5d22a_,SCOPe-ALL,family,a.26.1.2,a,a.26,a.26.1,a.26.1.2,120
d3s9da_,SCOPe-ALL,family,a.26.1.3,a,a.26,a.26.1,a.26.1.3,149
d1au1a_,SCOPe-ALL,family,a.26.1.3,a,a.26,a.26.1,a.26.1.3,166
d3besl_,SCOPe-ALL,family,a.26.1.3,a,a.26,a.26.1,a.26.1.3,133
d2ilka_,SCOPe-ALL,family,a.26.1.3,a,a.26,a.26.1,a.26.1.3,155
d1lqsl_,SCOPe-ALL,family,a.26.1.3,a,a.26,a.26.1,a.26.1.3,142
d1n1fa_,SCOPe-ALL,family,a.26.1.3,a,a.26,a.26.1,a.26.1.3,156
d3q1si_,SCOPe-ALL,family,a.26.1.3,a,a.26,a.26.1,a.26.1.3,140
d2l3ya_,SCOPe-ALL,family,a.26.1.0,a,a.26,a.26.1,a.26.1.0,184
d2l3oa_,SCOPe-ALL,family,a.26.1.0,a,a.26,a.26.1,a.26.1.0,124
d3piwa_,SCOPe-ALL,family,a.26.1.0,a,a.26,a.26.1,a.26.1.0,154
d1f7ua1,SCOPe-ALL,family,a.27.1.1,a,a.27,a.27.1,a.27.1.1,124
d1iq0a1,SCOPe-ALL,family,a.27.1.1,a,a.27,a.27.1,a.27.1.1,126
d1u0bb1,SCOPe-ALL,family,a.27.1.1,a,a.27,a.27.1,a.27.1.1,146
d1ffya1,SCOPe-ALL,family,a.27.1.1,a,a.27,a.27.1,a.27.1.1,273
d1ilea1,SCOPe-ALL,family,a.27.1.1,a,a.27,a.27.1,a.27.1.1,180
d1h3na1,SCOPe-ALL,family,a.27.1.1,a,a.27,a.27.1,a.27.1.1,128
d1pfva1,SCOPe-ALL,family,a.27.1.1,a,a.27,a.27.1,a.27.1.1,162
d1rqga1,SCOPe-ALL,family,a.27.1.1,a,a.27,a.27.1,a.27.1.1,210
d1ivsa2,SCOPe-ALL,family,a.27.1.1,a,a.27,a.27.1,a.27.1.1,218
d2ct8a2,SCOPe-ALL,family,a.27.1.0,a,a.27,a.27.1,a.27.1.0,151
d3tqoa2,SCOPe-ALL,family,a.27.1.0,a,a.27,a.27.1,a.27.1.0,87
d3kfla2,SCOPe-ALL,family,a.27.1.0,a,a.27,a.27.1,a.27.1.0,162
d5xgqa2,SCOPe-ALL,family,a.27.1.0,a,a.27,a.27.1,a.27.1.0,162
d4qrea2,SCOPe-ALL,family,a.27.1.0,a,a.27,a.27.1,a.27.1.0,161
d2d5ba1,SCOPe-ALL,family,a.27.1.0,a,a.27,a.27.1,a.27.1.0,152
d1t8ka_,SCOPe-ALL,family,a.28.1.1,a,a.28,a.28.1,a.28.1.1,77
d1vkua1,SCOPe-ALL,family,a.28.1.1,a,a.28,a.28.1,a.28.1.1,82
d1nq4a_,SCOPe-ALL,family,a.28.1.1,a,a.28,a.28.1,a.28.1.1,95
d4h2wc1,SCOPe-ALL,family,a.28.1.1,a,a.28,a.28.1,a.28.1.1,77
d2cg5b_,SCOPe-ALL,family,a.28.1.1,a,a.28,a.28.1,a.28.1.1,71
d4mrtc1,SCOPe-ALL,family,a.28.1.2,a,a.28,a.28.1,a.28.1.2,76
d2mr7a1,SCOPe-ALL,family,a.28.1.0,a,a.28,a.28.1,a.28.1.0,78
d2l4ba1,SCOPe-ALL,family,a.28.1.0,a,a.28,a.28.1,a.28.1.0,83
d4bpfa1,SCOPe-ALL,family,a.28.1.0,a,a.28,a.28.1,a.28.1.0,78
d7of0w_,SCOPe-ALL,family,a.28.1.0,a,a.28,a.28.1,a.28.1.0,79
d2cgqa1,SCOPe-ALL,family,a.28.1.0,a,a.28,a.28.1,a.28.1.0,73
d7bvgp_,SCOPe-ALL,family,a.28.1.0,a,a.28,a.28.1,a.28.1.0,93
d2xz0d_,SCOPe-ALL,family,a.28.1.0,a,a.28,a.28.1,a.28.1.0,82
d4pxhb1,SCOPe-ALL,family,a.28.1.0,a,a.28,a.28.1,a.28.1.0,73
d6kxfc_,SCOPe-ALL,family,a.28.1.0,a,a.28,a.28.1,a.28.1.0,79
d6yj4t_,SCOPe-ALL,family,a.28.1.0,a,a.28,a.28.1,a.28.1.0,81
d6w0vb_,SCOPe-ALL,family,a.28.2.0,a,a.28,a.28.2,a.28.2.0,82
d2eiaa1,SCOPe-ALL,family,a.28.3.1,a,a.28,a.28.3,a.28.3.1,75
d3ds2a_,SCOPe-ALL,family,a.28.3.1,a,a.28,a.28.3,a.28.3.1,84
d3g21a_,SCOPe-ALL,family,a.28.3.1,a,a.28,a.28.3,a.28.3.1,77
d4ph0a2,SCOPe-ALL,family,a.28.3.0,a,a.28,a.28.3,a.28.3.0,75
d4bhxa1,SCOPe-ALL,family,a.28.3.0,a,a.28,a.28.3,a.28.3.0,88
d6saia1,SCOPe-ALL,family,a.28.3.0,a,a.28,a.28.3,a.28.3.0,91
d4e6sa_,SCOPe-ALL,family,a.28.3.0,a,a.28,a.28.3,a.28.3.0,85
d1e6ia_,SCOPe-ALL,family,a.29.2.1,a,a.29,a.29.2,a.29.2.1,111
d3jb9a4,SCOPe-ALL,family,a.29.2.1,a,a.29,a.29.2,a.29.2.1,125
d1eqfa1,SCOPe-ALL,family,a.29.2.1,a,a.29,a.29.2,a.29.2.1,139
d5bt3a_,SCOPe-ALL,family,a.29.2.1,a,a.29,a.29.2,a.29.2.1,114
d6uy1a1,SCOPe-ALL,family,a.29.2.0,a,a.29,a.29.2,a.29.2.0,109
d6mf9a_,SCOPe-ALL,family,a.29.2.0,a,a.29,a.29.2,a.29.2.0,126
d6cw0a_,SCOPe-ALL,family,a.29.2.0,a,a.29,a.29.2,a.29.2.0,104
d5ig6a1,SCOPe-ALL,family,a.29.2.0,a,a.29,a.29.2,a.29.2.0,107
d5s9ga_,SCOPe-ALL,family,a.29.2.0,a,a.29,a.29.2,a.29.2.0,119
d6znva1,SCOPe-ALL,family,a.29.2.0,a,a.29,a.29.2,a.29.2.0,114
d6bqaa_,SCOPe-ALL,family,a.29.2.0,a,a.29,a.29.2,a.29.2.0,102
d5r4oa_,SCOPe-ALL,family,a.29.2.0,a,a.29,a.29.2,a.29.2.0,119
d6fgga_,SCOPe-ALL,family,a.29.2.0,a,a.29,a.29.2,a.29.2.0,101
d5wmga1,SCOPe-ALL,family,a.29.2.0,a,a.29,a.29.2,a.29.2.0,125
d5mwza_,SCOPe-ALL,family,a.29.2.0,a,a.29,a.29.2,a.29.2.0,114
d3iu5a1,SCOPe-ALL,family,a.29.2.0,a,a.29,a.29.2,a.29.2.0,112
d6haza_,SCOPe-ALL,family,a.29.2.0,a,a.29,a.29.2,a.29.2.0,113
d4qspa1,SCOPe-ALL,family,a.29.2.0,a,a.29,a.29.2,a.29.2.0,128
d3g0ja_,SCOPe-ALL,family,a.29.2.0,a,a.29,a.29.2,a.29.2.0,117
d5uiya_,SCOPe-ALL,family,a.29.2.0,a,a.29,a.29.2,a.29.2.0,107
d3nxba_,SCOPe-ALL,family,a.29.2.0,a,a.29,a.29.2,a.29.2.0,101
d3k2ja1,SCOPe-ALL,family,a.29.2.0,a,a.29,a.29.2,a.29.2.0,107
d3mqma1,SCOPe-ALL,family,a.29.2.0,a,a.29,a.29.2,a.29.2.0,124
d2yyna_,SCOPe-ALL,family,a.29.2.0,a,a.29,a.29.2,a.29.2.0,113
d4qnsa1,SCOPe-ALL,family,a.29.2.0,a,a.29,a.29.2,a.29.2.0,105
d3fkmx1,SCOPe-ALL,family,a.29.2.0,a,a.29,a.29.2,a.29.2.0,123
d4nxja1,SCOPe-ALL,family,a.29.2.0,a,a.29,a.29.2,a.29.2.0,117
d6df4a_,SCOPe-ALL,family,a.29.2.0,a,a.29,a.29.2,a.29.2.0,134
d5c8ga_,SCOPe-ALL,family,a.29.2.0,a,a.29,a.29.2,a.29.2.0,122
d4pkla1,SCOPe-ALL,family,a.29.2.0,a,a.29,a.29.2,a.29.2.0,106
d5n17a1,SCOPe-ALL,family,a.29.2.0,a,a.29,a.29.2,a.29.2.0,126
d1u8va1,SCOPe-ALL,family,a.29.3.1,a,a.29,a.29.3,a.29.3.1,215
d2d29a1,SCOPe-ALL,family,a.29.3.1,a,a.29,a.29.3,a.29.3.1,153
d1rx0a1,SCOPe-ALL,family,a.29.3.1,a,a.29,a.29.3,a.29.3.1,153
d2c0ua1,SCOPe-ALL,family,a.29.3.1,a,a.29,a.29.3,a.29.3.1,170
d1r2ja1,SCOPe-ALL,family,a.29.3.1,a,a.29,a.29.3,a.29.3.1,153
d2ddha1,SCOPe-ALL,family,a.29.3.2,a,a.29,a.29.3,a.29.3.2,183
d2ddha2,SCOPe-ALL,family,a.29.3.2,a,a.29,a.29.3,a.29.3.2,181
d5af7a2,SCOPe-ALL,family,a.29.3.0,a,a.29,a.29.3,a.29.3.0,160
d4o5ma2,SCOPe-ALL,family,a.29.3.0,a,a.29,a.29.3,a.29.3.0,143
d3ii9a2,SCOPe-ALL,family,a.29.3.0,a,a.29,a.29.3,a.29.3.0,153
d5jsca2,SCOPe-ALL,family,a.29.3.0,a,a.29,a.29.3,a.29.3.0,158
d2pg0a2,SCOPe-ALL,family,a.29.3.0,a,a.29,a.29.3,a.29.3.0,150
d4hr3a2,SCOPe-ALL,family,a.29.3.0,a,a.29,a.29.3,a.29.3.0,156
d3r7ka2,SCOPe-ALL,family,a.29.3.0,a,a.29,a.29.3,a.29.3.0,150
d5k3ha3,SCOPe-ALL,family,a.29.3.0,a,a.29,a.29.3,a.29.3.0,186
d5zw7a2,SCOPe-ALL,family,a.29.3.0,a,a.29,a.29.3,a.29.3.0,153
d4rm7a2,SCOPe-ALL,family,a.29.3.0,a,a.29,a.29.3,a.29.3.0,155
d2fona3,SCOPe-ALL,family,a.29.3.0,a,a.29,a.29.3,a.29.3.0,195
d6u1va2,SCOPe-ALL,family,a.29.3.0,a,a.29,a.29.3,a.29.3.0,169
d2e0aa1,SCOPe-ALL,family,a.29.5.0,a,a.29,a.29.5,a.29.5.0,168
d4e01a1,SCOPe-ALL,family,a.29.5.0,a,a.29,a.29.5,a.29.5.0,146
d1x91a_,SCOPe-ALL,family,a.29.6.1,a,a.29,a.29.6,a.29.6.1,149
d2cj4a_,SCOPe-ALL,family,a.29.6.1,a,a.29,a.29.6,a.29.6.1,147
d1xg2b1,SCOPe-ALL,family,a.29.6.0,a,a.29,a.29.6,a.29.6.0,150
d1pi1a1,SCOPe-ALL,family,a.29.7.1,a,a.29,a.29.7,a.29.7.1,184
d1tdpa_,SCOPe-ALL,family,a.29.8.1,a,a.29,a.29.8,a.29.8.1,111
d2bl8a1,SCOPe-ALL,family,a.29.8.2,a,a.29,a.29.8,a.29.8.2,100
d2etda1,SCOPe-ALL,family,a.29.9.1,a,a.29,a.29.9,a.29.9.1,149
d2m9xa1,SCOPe-ALL,family,a.29.10.1,a,a.29,a.29.10,a.29.10.1,101
d2fefa1,SCOPe-ALL,family,a.29.11.1,a,a.29,a.29.11,a.29.11.1,124
d6zk913,SCOPe-ALL,family,a.29.12.0,a,a.29,a.29.12,a.29.12.0,99
d3iam13,SCOPe-ALL,family,a.29.12.0,a,a.29,a.29.12,a.29.12.0,105
d3dbya1,SCOPe-ALL,family,a.29.13.1,a,a.29,a.29.13,a.29.13.1,121
d3dbya2,SCOPe-ALL,family,a.29.13.1,a,a.29,a.29.13,a.29.13.1,135
d3d19a1,SCOPe-ALL,family,a.29.13.1,a,a.29,a.29.13,a.29.13.1,134
d3d19a2,SCOPe-ALL,family,a.29.13.1,a,a.29,a.29.13,a.29.13.1,130
d2qzga1,SCOPe-ALL,family,a.29.14.1,a,a.29,a.29.14,a.29.14.1,88
d2qsba1,SCOPe-ALL,family,a.29.14.1,a,a.29,a.29.14,a.29.14.1,85
d2hi7b1,SCOPe-ALL,family,a.29.15.1,a,a.29,a.29.15,a.29.15.1,149
d2rlda1,SCOPe-ALL,family,a.29.16.1,a,a.29,a.29.16,a.29.16.1,115
d2gsca1,SCOPe-ALL,family,a.29.16.1,a,a.29,a.29.16,a.29.16.1,117
d2hgka1,SCOPe-ALL,family,a.29.17.1,a,a.29,a.29.17,a.29.17.1,109
d1nkda_,SCOPe-ALL,family,a.30.1.1,a,a.30,a.30.1,a.30.1.1,59
d1b3qa1,SCOPe-ALL,family,a.30.2.1,a,a.30,a.30.2,a.30.2.1,62
d2c2aa1,SCOPe-ALL,family,a.30.2.1,a,a.30,a.30.2,a.30.2.1,89
d5b1na_,SCOPe-ALL,family,a.30.2.1,a,a.30,a.30.2,a.30.2.1,59
d1pd3a_,SCOPe-ALL,family,a.30.3.1,a,a.30,a.30.3,a.30.3.1,54
d1ufia1,SCOPe-ALL,family,a.30.4.1,a,a.30,a.30.4,a.30.4.1,46
d1skva1,SCOPe-ALL,family,a.30.5.1,a,a.30,a.30.5,a.30.5.1,62
d1zkea1,SCOPe-ALL,family,a.30.6.1,a,a.30,a.30.6,a.30.6.1,79
d2c0sa1,SCOPe-ALL,family,a.30.7.1,a,a.30,a.30.7,a.30.7.1,57
d2az0a1,SCOPe-ALL,family,a.30.8.1,a,a.30,a.30.8,a.30.8.1,70
d3im3a_,SCOPe-ALL,family,a.31.1.1,a,a.31,a.31.1,a.31.1.1,50
d2izxa_,SCOPe-ALL,family,a.31.1.1,a,a.31,a.31.1,a.31.1.1,39
d1nh2b_,SCOPe-ALL,family,a.32.1.1,a,a.32,a.32.1,a.32.1.1,46
d1nvpb_,SCOPe-ALL,family,a.32.1.1,a,a.32,a.32.1,a.32.1.1,43
d1nh2d1,SCOPe-ALL,family,a.32.1.1,a,a.32,a.32.1,a.32.1.1,50
d1ecia_,SCOPe-ALL,family,a.33.1.1,a,a.33,a.33.1,a.33.1.1,37
d1b0nb_,SCOPe-ALL,family,a.34.1.1,a,a.34,a.34.1,a.34.1.1,31
d1b0na1,SCOPe-ALL,family,a.34.1.1,a,a.34,a.34.1,a.34.1.1,35
d1g2ya_,SCOPe-ALL,family,a.34.2.1,a,a.34,a.34.2,a.34.2.1,31
d1pzqa1,SCOPe-ALL,family,a.34.3.1,a,a.34,a.34.3,a.34.3.1,58
d1q2ha_,SCOPe-ALL,family,a.34.4.1,a,a.34,a.34.4,a.34.4.1,63
d1ic8a2,SCOPe-ALL,family,a.35.1.1,a,a.35,a.35.1,a.35.1.1,94
d1r69a_,SCOPe-ALL,family,a.35.1.2,a,a.35,a.35.1,a.35.1.2,63
d2ecsa_,SCOPe-ALL,family,a.35.1.2,a,a.35,a.35.1,a.35.1.2,60
d1rzsa_,SCOPe-ALL,family,a.35.1.2,a,a.35,a.35.1,a.35.1.2,61
d3kz3a_,SCOPe-ALL,family,a.35.1.2,a,a.35,a.35.1,a.35.1.2,80
d1neqa_,SCOPe-ALL,family,a.35.1.2,a,a.35,a.35.1,a.35.1.2,74
d3jxbc_,SCOPe-ALL,family,a.35.1.2,a,a.35,a.35.1,a.35.1.2,67
d2icta_,SCOPe-ALL,family,a.35.1.3,a,a.35,a.35.1,a.35.1.3,94
d4mcxa_,SCOPe-ALL,family,a.35.1.3,a,a.35,a.35.1,a.35.1.3,93
d2bnma1,SCOPe-ALL,family,a.35.1.3,a,a.35,a.35.1,a.35.1.3,72
d2xi8a_,SCOPe-ALL,family,a.35.1.3,a,a.35,a.35.1,a.35.1.3,66
d2ofya1,SCOPe-ALL,family,a.35.1.3,a,a.35,a.35.1,a.35.1.3,82
d1y7ya1,SCOPe-ALL,family,a.35.1.3,a,a.35,a.35.1,a.35.1.3,69
d1b0na2,SCOPe-ALL,family,a.35.1.3,a,a.35,a.35.1,a.35.1.3,68
d2ppxa1,SCOPe-ALL,family,a.35.1.3,a,a.35,a.35.1,a.35.1.3,62
d2ox6a1,SCOPe-ALL,family,a.35.1.6,a,a.35,a.35.1,a.35.1.6,162
d1s4ka1,SCOPe-ALL,family,a.35.1.6,a,a.35,a.35.1,a.35.1.6,119
d1wh8a1,SCOPe-ALL,family,a.35.1.7,a,a.35,a.35.1,a.35.1.7,98
d2o4aa2,SCOPe-ALL,family,a.35.1.7,a,a.35,a.35.1,a.35.1.7,83
d2d5va1,SCOPe-ALL,family,a.35.1.7,a,a.35,a.35.1,a.35.1.7,79
d1y9qa1,SCOPe-ALL,family,a.35.1.8,a,a.35,a.35.1,a.35.1.8,79
d1zs4a1,SCOPe-ALL,family,a.35.1.9,a,a.35,a.35.1,a.35.1.9,78
d2auwa1,SCOPe-ALL,family,a.35.1.10,a,a.35,a.35.1,a.35.1.10,67
d2awia1,SCOPe-ALL,family,a.35.1.11,a,a.35,a.35.1,a.35.1.11,65
d1x57a1,SCOPe-ALL,family,a.35.1.12,a,a.35,a.35.1,a.35.1.12,78
d2a6ca1,SCOPe-ALL,family,a.35.1.13,a,a.35,a.35.1,a.35.1.13,69
d2o38a1,SCOPe-ALL,family,a.35.1.13,a,a.35,a.35.1,a.35.1.13,89
d3f52a_,SCOPe-ALL,family,a.35.1.0,a,a.35,a.35.1,a.35.1.0,77
d4i6ra_,SCOPe-ALL,family,a.35.1.0,a,a.35,a.35.1,a.35.1.0,77
d2ebya_,SCOPe-ALL,family,a.35.1.0,a,a.35,a.35.1,a.35.1.0,102
d2xsdc1,SCOPe-ALL,family,a.35.1.0,a,a.35,a.35.1,a.35.1.0,73
d3vk0a_,SCOPe-ALL,family,a.35.1.0,a,a.35,a.35.1,a.35.1.0,89
d3ceca_,SCOPe-ALL,family,a.35.1.0,a,a.35,a.35.1,a.35.1.0,91
d7csva_,SCOPe-ALL,family,a.35.1.0,a,a.35,a.35.1,a.35.1.0,98
d5w8za1,SCOPe-ALL,family,a.35.1.0,a,a.35,a.35.1,a.35.1.0,61
d7o74a1,SCOPe-ALL,family,a.35.1.0,a,a.35,a.35.1,a.35.1.0,86
d5ysza1,SCOPe-ALL,family,a.35.1.0,a,a.35,a.35.1,a.35.1.0,58
d1hq1a_,SCOPe-ALL,family,a.36.1.1,a,a.36,a.36.1,a.36.1.1,104
d1qb2a_,SCOPe-ALL,family,a.36.1.1,a,a.36,a.36.1,a.36.1.1,107
d7epka3,SCOPe-ALL,family,a.36.1.0,a,a.36,a.36.1,a.36.1.0,134
d4xcod_,SCOPe-ALL,family,a.36.1.0,a,a.36,a.36.1,a.36.1.0,112
d1k1va_,SCOPe-ALL,family,a.37.1.1,a,a.37,a.37.1,a.37.1.1,41
d1sknp_,SCOPe-ALL,family,a.37.1.1,a,a.37,a.37.1,a.37.1.1,74
d1nlwa_,SCOPe-ALL,family,a.38.1.1,a,a.38,a.38.1,a.38.1.1,79
d1mdya_,SCOPe-ALL,family,a.38.1.1,a,a.38,a.38.1,a.38.1.1,68
d1a0aa_,SCOPe-ALL,family,a.38.1.1,a,a.38,a.38.1,a.38.1.1,63
d1am9a_,SCOPe-ALL,family,a.38.1.1,a,a.38,a.38.1,a.38.1.1,80
d1an4a1,SCOPe-ALL,family,a.38.1.1,a,a.38,a.38.1,a.38.1.1,64
d6g6kb_,SCOPe-ALL,family,a.38.1.1,a,a.38,a.38.1,a.38.1.1,76
d6g6ka1,SCOPe-ALL,family,a.38.1.0,a,a.38,a.38.1,a.38.1.0,87
d1pzra_,SCOPe-ALL,family,a.38.2.1,a,a.38,a.38.2,a.38.2.1,60
d1qx2a_,SCOPe-ALL,family,a.39.1.1,a,a.39,a.39.1,a.39.1.1,76
d4pe0a_,SCOPe-ALL,family,a.39.1.2,a,a.39,a.39.1,a.39.1.2,92
d4ggfa_,SCOPe-ALL,family,a.39.1.2,a,a.39,a.39.1,a.39.1.2,89
d1a4pa_,SCOPe-ALL,family,a.39.1.2,a,a.39,a.39.1,a.39.1.2,92
d1psra_,SCOPe-ALL,family,a.39.1.2,a,a.39,a.39.1,a.39.1.2,100
d2egda_,SCOPe-ALL,family,a.39.1.2,a,a.39,a.39.1,a.39.1.2,86
d1k8ua_,SCOPe-ALL,family,a.39.1.2,a,a.39,a.39.1,a.39.1.2,89
d1qlsa_,SCOPe-ALL,family,a.39.1.2,a,a.39,a.39.1,a.39.1.2,95
d4ggfc_,SCOPe-ALL,family,a.39.1.2,a,a.39,a.39.1,a.39.1.2,108
d1sraa_,SCOPe-ALL,family,a.39.1.3,a,a.39,a.39.1,a.39.1.3,151
d2pvba_,SCOPe-ALL,family,a.39.1.4,a,a.39,a.39.1,a.39.1.4,107
d2zfda_,SCOPe-ALL,family,a.39.1.5,a,a.39,a.39.1,a.39.1.5,183
d4f0zb_,SCOPe-ALL,family,a.39.1.5,a,a.39,a.39.1,a.39.1.5,155
d1j7qa_,SCOPe-ALL,family,a.39.1.5,a,a.39,a.39.1,a.39.1.5,86
d1s6ia_,SCOPe-ALL,family,a.39.1.5,a,a.39,a.39.1,a.39.1.5,182
d1qv0a_,SCOPe-ALL,family,a.39.1.5,a,a.39,a.39.1,a.39.1.5,189
d1nyaa_,SCOPe-ALL,family,a.39.1.5,a,a.39,a.39.1,a.39.1.5,176
d1exra_,SCOPe-ALL,family,a.39.1.5,a,a.39,a.39.1,a.39.1.5,146
d1tiza1,SCOPe-ALL,family,a.39.1.5,a,a.39,a.39.1,a.39.1.5,66
d1oqpa1,SCOPe-ALL,family,a.39.1.5,a,a.39,a.39.1,a.39.1.5,75
d1s6ca_,SCOPe-ALL,family,a.39.1.5,a,a.39,a.39.1,a.39.1.5,178
d1wdcb_,SCOPe-ALL,family,a.39.1.5,a,a.39,a.39.1,a.39.1.5,142
d2mysb_,SCOPe-ALL,family,a.39.1.5,a,a.39,a.39.1,a.39.1.5,145
d1m45a_,SCOPe-ALL,family,a.39.1.5,a,a.39,a.39.1,a.39.1.5,146
d2sasa_,SCOPe-ALL,family,a.39.1.5,a,a.39,a.39.1,a.39.1.5,185
d2scpa_,SCOPe-ALL,family,a.39.1.5,a,a.39,a.39.1,a.39.1.5,174
d2hf5a1,SCOPe-ALL,family,a.39.1.5,a,a.39,a.39.1,a.39.1.5,33
d3fwba_,SCOPe-ALL,family,a.39.1.5,a,a.39,a.39.1,a.39.1.5,153
d4yi8a_,SCOPe-ALL,family,a.39.1.5,a,a.39,a.39.1,a.39.1.5,191
d5xopa1,SCOPe-ALL,family,a.39.1.5,a,a.39,a.39.1,a.39.1.5,65
d2m97a_,SCOPe-ALL,family,a.39.1.5,a,a.39,a.39.1,a.39.1.5,69
d3i5gc_,SCOPe-ALL,family,a.39.1.5,a,a.39,a.39.1,a.39.1.5,156
d1qjta_,SCOPe-ALL,family,a.39.1.6,a,a.39,a.39.1,a.39.1.6,99
d1fi6a_,SCOPe-ALL,family,a.39.1.6,a,a.39,a.39.1,a.39.1.6,92
d1tuza_,SCOPe-ALL,family,a.39.1.7,a,a.39,a.39.1,a.39.1.7,118
d1wlza1,SCOPe-ALL,family,a.39.1.7,a,a.39,a.39.1,a.39.1.7,83
d1eg3a1,SCOPe-ALL,family,a.39.1.7,a,a.39,a.39.1,a.39.1.7,125
d1eg3a2,SCOPe-ALL,family,a.39.1.7,a,a.39,a.39.1,a.39.1.7,97
d1snla_,SCOPe-ALL,family,a.39.1.7,a,a.39,a.39.1,a.39.1.7,99
d1qasa1,SCOPe-ALL,family,a.39.1.7,a,a.39,a.39.1,a.39.1.7,94
d2zkmx1,SCOPe-ALL,family,a.39.1.7,a,a.39,a.39.1,a.39.1.7,170
d4phja_,SCOPe-ALL,family,a.39.1.8,a,a.39,a.39.1,a.39.1.8,173
d1k94a_,SCOPe-ALL,family,a.39.1.8,a,a.39,a.39.1,a.39.1.8,165
d1y1xa_,SCOPe-ALL,family,a.39.1.8,a,a.39,a.39.1,a.39.1.8,182
d1ij5a_,SCOPe-ALL,family,a.39.1.9,a,a.39,a.39.1,a.39.1.9,321
d1k9ua_,SCOPe-ALL,family,a.39.1.10,a,a.39,a.39.1,a.39.1.10,76
d1pula1,SCOPe-ALL,family,a.39.1.11,a,a.39,a.39.1,a.39.1.11,103
d1wlma1,SCOPe-ALL,family,a.39.1.11,a,a.39,a.39.1,a.39.1.11,138
d2m1ua1,SCOPe-ALL,family,a.39.1.0,a,a.39,a.39.1,a.39.1.0,72
d2r2ia_,SCOPe-ALL,family,a.39.1.0,a,a.39,a.39.1,a.39.1.0,184
d5b7xa1,SCOPe-ALL,family,a.39.1.0,a,a.39,a.39.1,a.39.1.0,150
d4ocia1,SCOPe-ALL,family,a.39.1.0,a,a.39,a.39.1,a.39.1.0,131
d6vana_,SCOPe-ALL,family,a.39.1.0,a,a.39,a.39.1,a.39.1.0,144
d2amia_,SCOPe-ALL,family,a.39.1.0,a,a.39,a.39.1,a.39.1.0,76
d1yx7a_,SCOPe-ALL,family,a.39.1.0,a,a.39,a.39.1,a.39.1.0,83
d3vrna2,SCOPe-ALL,family,a.39.1.0,a,a.39,a.39.1,a.39.1.0,86
d2znda_,SCOPe-ALL,family,a.39.1.0,a,a.39,a.39.1,a.39.1.0,167
d3fiaa_,SCOPe-ALL,family,a.39.1.0,a,a.39,a.39.1,a.39.1.0,98
d6wu7a_,SCOPe-ALL,family,a.39.1.0,a,a.39,a.39.1,a.39.1.0,181
d3nxaa_,SCOPe-ALL,family,a.39.1.0,a,a.39,a.39.1,a.39.1.0,100
d2beca_,SCOPe-ALL,family,a.39.1.0,a,a.39,a.39.1,a.39.1.0,186
d2kspa1,SCOPe-ALL,family,a.39.1.0,a,a.39,a.39.1,a.39.1.0,100
d2n8za1,SCOPe-ALL,family,a.39.1.0,a,a.39,a.39.1,a.39.1.0,150
d2m0ra_,SCOPe-ALL,family,a.39.1.0,a,a.39,a.39.1,a.39.1.0,104
d5joja_,SCOPe-ALL,family,a.39.1.0,a,a.39,a.39.1,a.39.1.0,97
d2b1ua_,SCOPe-ALL,family,a.39.1.0,a,a.39,a.39.1,a.39.1.0,71
d2jnfa_,SCOPe-ALL,family,a.39.1.0,a,a.39,a.39.1,a.39.1.0,158
d4gfta_,SCOPe-ALL,family,a.39.1.0,a,a.39,a.39.1,a.39.1.0,65
d2hpsa_,SCOPe-ALL,family,a.39.1.0,a,a.39,a.39.1,a.39.1.0,184
d6ktha1,SCOPe-ALL,family,a.39.1.0,a,a.39,a.39.1,a.39.1.0,179
d2m8ua1,SCOPe-ALL,family,a.39.1.0,a,a.39,a.39.1,a.39.1.0,74
d6yeta_,SCOPe-ALL,family,a.39.1.0,a,a.39,a.39.1,a.39.1.0,104
d6tj6b1,SCOPe-ALL,family,a.39.1.0,a,a.39,a.39.1,a.39.1.0,132
d1ooha1,SCOPe-ALL,family,a.39.2.1,a,a.39,a.39.2,a.39.2.1,124
d1p28a1,SCOPe-ALL,family,a.39.2.1,a,a.39,a.39.2,a.39.2.1,117
d3cz1a_,SCOPe-ALL,family,a.39.2.1,a,a.39,a.39.2,a.39.2.1,117
d1c3za_,SCOPe-ALL,family,a.39.2.1,a,a.39,a.39.2,a.39.2.1,108
d4inwa_,SCOPe-ALL,family,a.39.2.1,a,a.39,a.39.2,a.39.2.1,140
d3v2la1,SCOPe-ALL,family,a.39.2.0,a,a.39,a.39.2,a.39.2.0,119
d3r1pa_,SCOPe-ALL,family,a.39.2.0,a,a.39,a.39.2,a.39.2.0,119
d6hhea_,SCOPe-ALL,family,a.39.2.0,a,a.39,a.39.2,a.39.2.0,116
d6jpma_,SCOPe-ALL,family,a.39.2.0,a,a.39,a.39.2,a.39.2.0,119
d3ogna_,SCOPe-ALL,family,a.39.2.0,a,a.39,a.39.2,a.39.2.0,124
d3r72a_,SCOPe-ALL,family,a.39.2.0,a,a.39,a.39.2,a.39.2.0,122
d4pt1a_,SCOPe-ALL,family,a.39.2.0,a,a.39,a.39.2,a.39.2.0,129
d2wcja_,SCOPe-ALL,family,a.39.2.0,a,a.39,a.39.2,a.39.2.0,141
d2ciwa1,SCOPe-ALL,family,a.39.3.1,a,a.39,a.39.3,a.39.3.1,120
d2ciwa2,SCOPe-ALL,family,a.39.3.1,a,a.39,a.39.3,a.39.3.1,179
d1iioa1,SCOPe-ALL,family,a.39.4.1,a,a.39,a.39.4,a.39.4.1,81
d1bkra_,SCOPe-ALL,family,a.40.1.1,a,a.40,a.40.1,a.40.1.1,108
d1h67a1,SCOPe-ALL,family,a.40.1.1,a,a.40,a.40.1,a.40.1.1,107
d1rt8a_,SCOPe-ALL,family,a.40.1.1,a,a.40,a.40.1,a.40.1.1,505
d1aoaa1,SCOPe-ALL,family,a.40.1.1,a,a.40,a.40.1,a.40.1.1,131
d1aoaa2,SCOPe-ALL,family,a.40.1.1,a,a.40,a.40.1,a.40.1.1,116
d1wjoa1,SCOPe-ALL,family,a.40.1.1,a,a.40,a.40.1,a.40.1.1,111
d1pa7a_,SCOPe-ALL,family,a.40.1.1,a,a.40,a.40.1,a.40.1.1,130
d1p5sa_,SCOPe-ALL,family,a.40.1.1,a,a.40,a.40.1,a.40.1.1,159
d1ujoa1,SCOPe-ALL,family,a.40.1.1,a,a.40,a.40.1,a.40.1.1,131
d6oa6a1,SCOPe-ALL,family,a.40.1.0,a,a.40,a.40.1,a.40.1.0,114
d2wa5a2,SCOPe-ALL,family,a.40.1.0,a,a.40,a.40.1,a.40.1.0,105
d6zshb_,SCOPe-ALL,family,a.40.1.0,a,a.40,a.40.1,a.40.1.0,108
d2l3ga1,SCOPe-ALL,family,a.40.1.0,a,a.40,a.40.1,a.40.1.0,116
d2e9ka1,SCOPe-ALL,family,a.40.1.0,a,a.40,a.40.1,a.40.1.0,114
d2d86a1,SCOPe-ALL,family,a.40.1.0,a,a.40,a.40.1,a.40.1.0,130
d2dk9a1,SCOPe-ALL,family,a.40.1.0,a,a.40,a.40.1,a.40.1.0,109
d2jv9a1,SCOPe-ALL,family,a.40.1.0,a,a.40,a.40.1,a.40.1.0,114
d1lnsa1,SCOPe-ALL,family,a.40.2.1,a,a.40,a.40.2,a.40.2.1,145
d1wixa1,SCOPe-ALL,family,a.40.3.1,a,a.40,a.40.3,a.40.3.1,151
d4gv2a1,SCOPe-ALL,family,a.41.1.0,a,a.41,a.41.1,a.41.1.0,144
d7aaca1,SCOPe-ALL,family,a.41.1.0,a,a.41,a.41.1,a.41.1.0,135
d3kjda1,SCOPe-ALL,family,a.41.1.0,a,a.41,a.41.1,a.41.1.0,130
d1v32a1,SCOPe-ALL,family,a.42.1.1,a,a.42,a.42.1,a.42.1.1,88
d4lwua_,SCOPe-ALL,family,a.42.1.1,a,a.42,a.42.1,a.42.1.1,85
d1uhra1,SCOPe-ALL,family,a.42.1.1,a,a.42,a.42.1,a.42.1.1,80
d1baza_,SCOPe-ALL,family,a.43.1.1,a,a.43,a.43.1,a.43.1.1,49
d1mnta_,SCOPe-ALL,family,a.43.1.1,a,a.43,a.43.1,a.43.1.1,66
d2hzaa1,SCOPe-ALL,family,a.43.1.3,a,a.43,a.43.1,a.43.1.3,48
d2bj7a1,SCOPe-ALL,family,a.43.1.3,a,a.43,a.43.1,a.43.1.3,50
d1p94a_,SCOPe-ALL,family,a.43.1.3,a,a.43,a.43.1,a.43.1.3,76
d2cpga_,SCOPe-ALL,family,a.43.1.3,a,a.43,a.43.1,a.43.1.3,43
d1x93a1,SCOPe-ALL,family,a.43.1.3,a,a.43,a.43.1,a.43.1.3,43
d1irqa_,SCOPe-ALL,family,a.43.1.4,a,a.43,a.43.1,a.43.1.4,48
d1mjka_,SCOPe-ALL,family,a.43.1.5,a,a.43,a.43.1,a.43.1.5,104
d1zx3a1,SCOPe-ALL,family,a.43.1.6,a,a.43,a.43.1,a.43.1.6,86
d1xrxa1,SCOPe-ALL,family,a.43.1.7,a,a.43,a.43.1,a.43.1.7,35
d2bsqe1,SCOPe-ALL,family,a.43.1.8,a,a.43,a.43.1,a.43.1.8,69
d1y9ba1,SCOPe-ALL,family,a.43.1.9,a,a.43,a.43.1,a.43.1.9,81
d2rh3a1,SCOPe-ALL,family,a.43.1.10,a,a.43,a.43.1,a.43.1.10,121
d2gpea_,SCOPe-ALL,family,a.43.1.11,a,a.43,a.43.1,a.43.1.11,47
d2efva1,SCOPe-ALL,family,a.43.1.12,a,a.43,a.43.1,a.43.1.12,82
d2wvfa1,SCOPe-ALL,family,a.43.1.0,a,a.43,a.43.1,a.43.1.0,52
d1k0ma1,SCOPe-ALL,family,a.45.1.1,a,a.45,a.45.1,a.45.1.1,149
d1k3la1,SCOPe-ALL,family,a.45.1.1,a,a.45,a.45.1,a.45.1.1,142
d6rwda2,SCOPe-ALL,family,a.45.1.1,a,a.45,a.45.1,a.45.1.1,137
d2pvqa2,SCOPe-ALL,family,a.45.1.1,a,a.45,a.45.1,a.45.1.1,121
d1v2aa1,SCOPe-ALL,family,a.45.1.1,a,a.45,a.45.1,a.45.1.1,125
d2a2ra1,SCOPe-ALL,family,a.45.1.1,a,a.45,a.45.1,a.45.1.1,133
d1tw9a1,SCOPe-ALL,family,a.45.1.1,a,a.45,a.45.1,a.45.1.1,129
d7jr8a2,SCOPe-ALL,family,a.45.1.1,a,a.45,a.45.1,a.45.1.1,124
d2gsqa1,SCOPe-ALL,family,a.45.1.1,a,a.45,a.45.1,a.45.1.1,127
d1nhya1,SCOPe-ALL,family,a.45.1.1,a,a.45,a.45.1,a.45.1.1,144
d1zgma2,SCOPe-ALL,family,a.45.1.1,a,a.45,a.45.1,a.45.1.1,149
d2pbja1,SCOPe-ALL,family,a.45.1.1,a,a.45,a.45.1,a.45.1.1,161
d1k0da1,SCOPe-ALL,family,a.45.1.1,a,a.45,a.45.1,a.45.1.1,151
d2c8ua1,SCOPe-ALL,family,a.45.1.1,a,a.45,a.45.1,a.45.1.1,121
d3fr3a2,SCOPe-ALL,family,a.45.1.1,a,a.45,a.45.1,a.45.1.1,119
d2cz2a2,SCOPe-ALL,family,a.45.1.1,a,a.45,a.45.1,a.45.1.1,128
d3ir4a2,SCOPe-ALL,family,a.45.1.1,a,a.45,a.45.1,a.45.1.1,140
d5a4ua2,SCOPe-ALL,family,a.45.1.1,a,a.45,a.45.1,a.45.1.1,126
d2hrkb_,SCOPe-ALL,family,a.45.1.2,a,a.45,a.45.1,a.45.1.2,121
d6riva2,SCOPe-ALL,family,a.45.1.0,a,a.45,a.45.1,a.45.1.0,133
d3zmka2,SCOPe-ALL,family,a.45.1.0,a,a.45,a.45.1,a.45.1.0,135
d4zbda2,SCOPe-ALL,family,a.45.1.0,a,a.45,a.45.1,a.45.1.0,130
d4q5na2,SCOPe-ALL,family,a.45.1.0,a,a.45,a.45.1,a.45.1.0,147
d4iela2,SCOPe-ALL,family,a.45.1.0,a,a.45,a.45.1,a.45.1.0,130
d4mf5a2,SCOPe-ALL,family,a.45.1.0,a,a.45,a.45.1,a.45.1.0,131
d4j2fa2,SCOPe-ALL,family,a.45.1.0,a,a.45,a.45.1,a.45.1.0,138
d4hi7a2,SCOPe-ALL,family,a.45.1.0,a,a.45,a.45.1,a.45.1.0,134
d2wb9a2,SCOPe-ALL,family,a.45.1.0,a,a.45,a.45.1,a.45.1.0,127
d6wegc2,SCOPe-ALL,family,a.45.1.0,a,a.45,a.45.1,a.45.1.0,115
d3eina2,SCOPe-ALL,family,a.45.1.0,a,a.45,a.45.1,a.45.1.0,123
d7db2a2,SCOPe-ALL,family,a.45.1.0,a,a.45,a.45.1,a.45.1.0,138
d5xfta2,SCOPe-ALL,family,a.45.1.0,a,a.45,a.45.1,a.45.1.0,128
d4q5qa2,SCOPe-ALL,family,a.45.1.0,a,a.45,a.45.1,a.45.1.0,132
d3q18a2,SCOPe-ALL,family,a.45.1.0,a,a.45,a.45.1,a.45.1.0,137
d2c3na2,SCOPe-ALL,family,a.45.1.0,a,a.45,a.45.1,a.45.1.0,161
d3niva2,SCOPe-ALL,family,a.45.1.0,a,a.45,a.45.1,a.45.1.0,130
d4ivfb2,SCOPe-ALL,family,a.45.1.0,a,a.45,a.45.1,a.45.1.0,128
d5g5ea2,SCOPe-ALL,family,a.45.1.0,a,a.45,a.45.1,a.45.1.0,137
d4iw9a2,SCOPe-ALL,family,a.45.1.0,a,a.45,a.45.1,a.45.1.0,129
d2dc5a2,SCOPe-ALL,family,a.45.1.0,a,a.45,a.45.1,a.45.1.0,133
d4hoja2,SCOPe-ALL,family,a.45.1.0,a,a.45,a.45.1,a.45.1.0,123
d1yq1a2,SCOPe-ALL,family,a.45.1.0,a,a.45,a.45.1,a.45.1.0,127
d5h5la2,SCOPe-ALL,family,a.45.1.0,a,a.45,a.45.1,a.45.1.0,122
d5b7ca2,SCOPe-ALL,family,a.45.1.0,a,a.45,a.45.1,a.45.1.0,139
d2hnla2,SCOPe-ALL,family,a.45.1.0,a,a.45,a.45.1,a.45.1.0,124
d5d9wa2,SCOPe-ALL,family,a.45.1.0,a,a.45,a.45.1,a.45.1.0,126
d4q5fa2,SCOPe-ALL,family,a.45.1.0,a,a.45,a.45.1,a.45.1.0,129
d3lypa2,SCOPe-ALL,family,a.45.1.0,a,a.45,a.45.1,a.45.1.0,122
d2v6ka2,SCOPe-ALL,family,a.45.1.0,a,a.45,a.45.1,a.45.1.0,133
d3m8na2,SCOPe-ALL,family,a.45.1.0,a,a.45,a.45.1,a.45.1.0,123
d4kh7a2,SCOPe-ALL,family,a.45.1.0,a,a.45,a.45.1,a.45.1.0,129
d3vura2,SCOPe-ALL,family,a.45.1.0,a,a.45,a.45.1,a.45.1.0,128
d3ay8a2,SCOPe-ALL,family,a.45.1.0,a,a.45,a.45.1,a.45.1.0,129
d4e8ha2,SCOPe-ALL,family,a.45.1.0,a,a.45,a.45.1,a.45.1.0,126
d5zfga2,SCOPe-ALL,family,a.45.1.0,a,a.45,a.45.1,a.45.1.0,124
d3wd6a2,SCOPe-ALL,family,a.45.1.0,a,a.45,a.45.1,a.45.1.0,142
d6m1ta2,SCOPe-ALL,family,a.45.1.0,a,a.45,a.45.1,a.45.1.0,121
d5j4ua2,SCOPe-ALL,family,a.45.1.0,a,a.45,a.45.1,a.45.1.0,136
d5f07a2,SCOPe-ALL,family,a.45.1.0,a,a.45,a.45.1,a.45.1.0,132
d4hz2a2,SCOPe-ALL,family,a.45.1.0,a,a.45,a.45.1,a.45.1.0,125
d4l8ea2,SCOPe-ALL,family,a.45.1.0,a,a.45,a.45.1,a.45.1.0,118
d2x64a2,SCOPe-ALL,family,a.45.1.0,a,a.45,a.45.1,a.45.1.0,128
d4gcia2,SCOPe-ALL,family,a.45.1.0,a,a.45,a.45.1,a.45.1.0,120
d3bula1,SCOPe-ALL,family,a.46.1.1,a,a.46,a.46.1,a.46.1.1,90
d1khda1,SCOPe-ALL,family,a.46.2.1,a,a.46,a.46.2,a.46.2.1,69
d2elca1,SCOPe-ALL,family,a.46.2.1,a,a.46,a.46.2,a.46.2.1,65
d4eada1,SCOPe-ALL,family,a.46.2.1,a,a.46,a.46.2,a.46.2.1,69
d1uoua1,SCOPe-ALL,family,a.46.2.1,a,a.46,a.46.2,a.46.2.1,68
d2fzta1,SCOPe-ALL,family,a.46.3.1,a,a.46,a.46.3,a.46.3.1,78
d1uura1,SCOPe-ALL,family,a.47.1.1,a,a.47,a.47.1,a.47.1.1,118
d1bg1a1,SCOPe-ALL,family,a.47.1.1,a,a.47,a.47.1,a.47.1.1,186
d1fioa_,SCOPe-ALL,family,a.47.2.1,a,a.47,a.47.2,a.47.2.1,196
d1ez3a_,SCOPe-ALL,family,a.47.2.1,a,a.47,a.47.2,a.47.2.1,124
d1hs7a_,SCOPe-ALL,family,a.47.2.1,a,a.47,a.47.2,a.47.2.1,97
d1vcsa1,SCOPe-ALL,family,a.47.2.1,a,a.47,a.47.2,a.47.2.1,89
d4dnda_,SCOPe-ALL,family,a.47.2.1,a,a.47,a.47.2,a.47.2.1,104
d1s2xa1,SCOPe-ALL,family,a.47.3.1,a,a.47,a.47.3,a.47.3.1,179
d3umha_,SCOPe-ALL,family,a.47.4.1,a,a.47,a.47.4,a.47.4.1,180
d2fupa1,SCOPe-ALL,family,a.47.5.1,a,a.47,a.47.5,a.47.5.1,130
d1t98a2,SCOPe-ALL,family,a.47.6.1,a,a.47,a.47.6,a.47.6.1,163
d3buxb2,SCOPe-ALL,family,a.48.1.1,a,a.48,a.48.1,a.48.1.1,130
d3vrna1,SCOPe-ALL,family,a.48.1.0,a,a.48,a.48.1,a.48.1.0,136
d5o5ta3,SCOPe-ALL,family,a.48.2.1,a,a.48,a.48.2,a.48.2.1,157
d3kasa3,SCOPe-ALL,family,a.48.2.1,a,a.48,a.48.2,a.48.2.1,148
d1wjta1,SCOPe-ALL,family,a.48.3.1,a,a.48,a.48.3,a.48.3.1,90
d1eo0a_,SCOPe-ALL,family,a.48.3.1,a,a.48,a.48.3,a.48.3.1,77
d6trja_,SCOPe-ALL,family,a.48.4.1,a,a.48,a.48.4,a.48.4.1,85
d2okua1,SCOPe-ALL,family,a.48.5.1,a,a.48,a.48.5,a.48.5.1,122
d1f6va1,SCOPe-ALL,family,a.49.1.1,a,a.49,a.49.1,a.49.1.1,90
d2a73b3,SCOPe-ALL,family,a.50.1.1,a,a.50,a.50.1,a.50.1.1,69
d4p3aa1,SCOPe-ALL,family,a.50.1.1,a,a.50,a.50.1,a.50.1.1,68
d7cohh_,SCOPe-ALL,family,a.51.1.1,a,a.51,a.51.1,a.51.1.1,75
d1tuka_,SCOPe-ALL,family,a.52.1.1,a,a.52,a.52.1,a.52.1.1,67
d1fk5a_,SCOPe-ALL,family,a.52.1.1,a,a.52,a.52.1,a.52.1.1,93
d1hypa_,SCOPe-ALL,family,a.52.1.1,a,a.52,a.52.1,a.52.1.1,75
d1hssa_,SCOPe-ALL,family,a.52.1.2,a,a.52,a.52.1,a.52.1.2,120
d1beaa_,SCOPe-ALL,family,a.52.1.2,a,a.52,a.52.1,a.52.1.2,116
d1psya_,SCOPe-ALL,family,a.52.1.3,a,a.52,a.52.1,a.52.1.3,125
d1s6da_,SCOPe-ALL,family,a.52.1.3,a,a.52,a.52.1,a.52.1.3,103
d5hobg_,SCOPe-ALL,family,a.53.1.0,a,a.53,a.53.1,a.53.1.0,47
d4cz5a_,SCOPe-ALL,family,a.53.1.0,a,a.53,a.53.1,a.53.1.0,29
d2wb0x1,SCOPe-ALL,family,a.54.1.1,a,a.54,a.54.1,a.54.1.1,89
d4p3va_,SCOPe-ALL,family,a.55.1.1,a,a.55,a.55.1,a.55.1.1,90
d1owfa_,SCOPe-ALL,family,a.55.1.1,a,a.55,a.55.1,a.55.1.1,96
d1owfb_,SCOPe-ALL,family,a.55.1.1,a,a.55,a.55.1,a.55.1.1,94
d1exea_,SCOPe-ALL,family,a.55.1.1,a,a.55,a.55.1,a.55.1.1,99
d6lmha_,SCOPe-ALL,family,a.55.1.0,a,a.55,a.55.1,a.55.1.0,99
d3omya_,SCOPe-ALL,family,a.55.1.0,a,a.55,a.55.1,a.55.1.0,51
d2np2a_,SCOPe-ALL,family,a.55.1.0,a,a.55,a.55.1,a.55.1.0,102
d3c4ia_,SCOPe-ALL,family,a.55.1.0,a,a.55,a.55.1,a.55.1.0,99
d2ndpa_,SCOPe-ALL,family,a.55.1.0,a,a.55,a.55.1,a.55.1.0,99
d1n62a1,SCOPe-ALL,family,a.56.1.1,a,a.56,a.56.1,a.56.1.1,82
d3eubs2,SCOPe-ALL,family,a.56.1.1,a,a.56,a.56.1,a.56.1.1,71
d1hlra6,SCOPe-ALL,family,a.56.1.0,a,a.56,a.56.1,a.56.1.0,113
d5y6qa2,SCOPe-ALL,family,a.56.1.0,a,a.56,a.56.1,a.56.1.0,77
d1bg8a_,SCOPe-ALL,family,a.57.1.1,a,a.57,a.57.1,a.57.1.1,76
d1af7a1,SCOPe-ALL,family,a.58.1.1,a,a.58,a.58.1,a.58.1.1,81
d2rmra_,SCOPe-ALL,family,a.59.1.1,a,a.59,a.59.1,a.59.1.1,71
d6xawa_,SCOPe-ALL,family,a.59.1.1,a,a.59,a.59.1,a.59.1.1,69
d1ji7a_,SCOPe-ALL,family,a.60.1.1,a,a.60,a.60.1,a.60.1.1,77
d1sxda1,SCOPe-ALL,family,a.60.1.1,a,a.60,a.60.1,a.60.1.1,87
d1sv0c1,SCOPe-ALL,family,a.60.1.1,a,a.60,a.60.1,a.60.1.1,80
d1sxea1,SCOPe-ALL,family,a.60.1.1,a,a.60,a.60.1,a.60.1.1,94
d1x40a1,SCOPe-ALL,family,a.60.1.2,a,a.60,a.60.1,a.60.1.2,78
d1b0xa_,SCOPe-ALL,family,a.60.1.2,a,a.60,a.60.1,a.60.1.2,72
d1pk3a1,SCOPe-ALL,family,a.60.1.2,a,a.60,a.60.1,a.60.1.2,74
d1kw4a_,SCOPe-ALL,family,a.60.1.2,a,a.60,a.60.1,a.60.1.2,70
d1oxja1,SCOPe-ALL,family,a.60.1.2,a,a.60,a.60.1,a.60.1.2,62
d1v38a1,SCOPe-ALL,family,a.60.1.2,a,a.60,a.60.1,a.60.1.2,65
d1ow5a_,SCOPe-ALL,family,a.60.1.2,a,a.60,a.60.1,a.60.1.2,60
d2f3na1,SCOPe-ALL,family,a.60.1.2,a,a.60,a.60.1,a.60.1.2,64
d2d8ca1,SCOPe-ALL,family,a.60.1.2,a,a.60,a.60.1,a.60.1.2,84
d1z1va_,SCOPe-ALL,family,a.60.1.2,a,a.60,a.60.1,a.60.1.2,70
d2y9ua_,SCOPe-ALL,family,a.60.1.2,a,a.60,a.60.1,a.60.1.2,67
d2h80a1,SCOPe-ALL,family,a.60.1.3,a,a.60,a.60.1,a.60.1.3,65
d5j8yc1,SCOPe-ALL,family,a.60.1.0,a,a.60,a.60.1,a.60.1.0,68
d6luja1,SCOPe-ALL,family,a.60.1.0,a,a.60,a.60.1,a.60.1.0,65
d3bs5b_,SCOPe-ALL,family,a.60.1.0,a,a.60,a.60.1,a.60.1.0,75
d3seia1,SCOPe-ALL,family,a.60.1.0,a,a.60,a.60.1,a.60.1.0,69
d3seia2,SCOPe-ALL,family,a.60.1.0,a,a.60,a.60.1,a.60.1.0,67
d4mhva_,SCOPe-ALL,family,a.60.1.0,a,a.60,a.60.1,a.60.1.0,94
d3bq7a1,SCOPe-ALL,family,a.60.1.0,a,a.60,a.60.1,a.60.1.0,67
d2kiva1,SCOPe-ALL,family,a.60.1.0,a,a.60,a.60.1,a.60.1.0,69
d2kiva2,SCOPe-ALL,family,a.60.1.0,a,a.60,a.60.1,a.60.1.0,66
d2dkxa1,SCOPe-ALL,family,a.60.1.0,a,a.60,a.60.1,a.60.1.0,83
d5zrxa1,SCOPe-ALL,family,a.60.1.0,a,a.60,a.60.1,a.60.1.0,57
d5zrxa2,SCOPe-ALL,family,a.60.1.0,a,a.60,a.60.1,a.60.1.0,65
d5zrzb1,SCOPe-ALL,family,a.60.1.0,a,a.60,a.60.1,a.60.1.0,63
d1cuka2,SCOPe-ALL,family,a.60.2.1,a,a.60,a.60.2,a.60.2.1,78
d1bvsa2,SCOPe-ALL,family,a.60.2.1,a,a.60,a.60.2,a.60.2.1,71
d1dgsa1,SCOPe-ALL,family,a.60.2.2,a,a.60,a.60.2,a.60.2.2,181
d1kfta_,SCOPe-ALL,family,a.60.2.3,a,a.60,a.60.2,a.60.2.3,56
d2csba1,SCOPe-ALL,family,a.60.2.4,a,a.60,a.60.2,a.60.2.4,59
d2csba2,SCOPe-ALL,family,a.60.2.4,a,a.60,a.60.2,a.60.2.4,57
d2csba3,SCOPe-ALL,family,a.60.2.4,a,a.60,a.60.2,a.60.2.4,55
d2csba4,SCOPe-ALL,family,a.60.2.4,a,a.60,a.60.2,a.60.2.4,55
d1x2ia1,SCOPe-ALL,family,a.60.2.5,a,a.60,a.60.2,a.60.2.5,68
d2a1jb1,SCOPe-ALL,family,a.60.2.5,a,a.60,a.60.2,a.60.2.5,77
d2a1ja1,SCOPe-ALL,family,a.60.2.5,a,a.60,a.60.2,a.60.2.5,62
d3bzca1,SCOPe-ALL,family,a.60.2.6,a,a.60,a.60.2,a.60.2.6,90
d3bzca2,SCOPe-ALL,family,a.60.2.6,a,a.60,a.60.2,a.60.2.6,73
d2edua1,SCOPe-ALL,family,a.60.2.7,a,a.60,a.60.2,a.60.2.7,91
d2duya1,SCOPe-ALL,family,a.60.2.7,a,a.60,a.60.2,a.60.2.7,65
d1z3eb1,SCOPe-ALL,family,a.60.3.1,a,a.60,a.60.3,a.60.3.1,67
d1doqa_,SCOPe-ALL,family,a.60.3.1,a,a.60,a.60.3,a.60.3.1,69
d3k4ga_,SCOPe-ALL,family,a.60.3.1,a,a.60,a.60.3,a.60.3.1,84
d3ldaa1,SCOPe-ALL,family,a.60.4.1,a,a.60,a.60.4,a.60.4.1,67
d1z4da1,SCOPe-ALL,family,a.60.4.1,a,a.60,a.60.4,a.60.4.1,60
d2z43b1,SCOPe-ALL,family,a.60.4.1,a,a.60,a.60.4,a.60.4.1,61
d1u9la_,SCOPe-ALL,family,a.60.4.2,a,a.60,a.60.4,a.60.4.2,68
d1y88a1,SCOPe-ALL,family,a.60.4.3,a,a.60,a.60.4,a.60.4.3,57
d7ndya_,SCOPe-ALL,family,a.60.5.1,a,a.60,a.60.5,a.60.5.1,88
d2fmpa1,SCOPe-ALL,family,a.60.6.1,a,a.60,a.60.6,a.60.6.1,82
d2bcqa1,SCOPe-ALL,family,a.60.6.1,a,a.60,a.60.6,a.60.6.1,77
d6ipna1,SCOPe-ALL,family,a.60.6.0,a,a.60,a.60.6,a.60.6.0,94
d4i2aa1,SCOPe-ALL,family,a.60.6.0,a,a.60,a.60.6,a.60.6.0,94
d1cmwa6,SCOPe-ALL,family,a.60.7.1,a,a.60,a.60.7,a.60.7.1,116
d1ul1x1,SCOPe-ALL,family,a.60.7.1,a,a.60,a.60.7,a.60.7.1,140
d3h7ia2,SCOPe-ALL,family,a.60.7.1,a,a.60,a.60.7,a.60.7.1,125
d5hmla2,SCOPe-ALL,family,a.60.7.1,a,a.60,a.60.7,a.60.7.1,105
d3orya2,SCOPe-ALL,family,a.60.7.0,a,a.60,a.60.7,a.60.7.0,115
d1d8ba_,SCOPe-ALL,family,a.60.8.1,a,a.60,a.60.8,a.60.8.1,81
d1wuda1,SCOPe-ALL,family,a.60.8.1,a,a.60,a.60.8,a.60.8.1,77
d2e1fa_,SCOPe-ALL,family,a.60.8.1,a,a.60,a.60.8,a.60.8.1,94
d1y14a_,SCOPe-ALL,family,a.60.8.2,a,a.60,a.60.8,a.60.8.2,176
d1go3f_,SCOPe-ALL,family,a.60.8.2,a,a.60,a.60.8,a.60.8.2,107
d7f4gd_,SCOPe-ALL,family,a.60.8.2,a,a.60,a.60.8,a.60.8.2,128
d1yt3a1,SCOPe-ALL,family,a.60.8.3,a,a.60,a.60.8,a.60.8.3,101
d1yt3a2,SCOPe-ALL,family,a.60.8.3,a,a.60,a.60.8,a.60.8.3,81
d2hbja1,SCOPe-ALL,family,a.60.8.4,a,a.60,a.60.8,a.60.8.4,96
d2cpra1,SCOPe-ALL,family,a.60.8.4,a,a.60,a.60.8,a.60.8.4,111
d2ma1a_,SCOPe-ALL,family,a.60.8.0,a,a.60,a.60.8,a.60.8.0,75
d1f44a1,SCOPe-ALL,family,a.60.9.1,a,a.60,a.60.9,a.60.9.1,110
d1p4ea1,SCOPe-ALL,family,a.60.9.1,a,a.60,a.60.9,a.60.9.1,128
d1a0pa1,SCOPe-ALL,family,a.60.9.1,a,a.60,a.60.9,a.60.9.1,98
d1zyma1,SCOPe-ALL,family,a.60.10.1,a,a.60,a.60.10,a.60.10.1,123
d1ywwa_,SCOPe-ALL,family,a.60.11.0,a,a.60,a.60.11,a.60.11.0,65
d2fmpa2,SCOPe-ALL,family,a.60.12.1,a,a.60,a.60.12,a.60.12.1,57
d2bcqa2,SCOPe-ALL,family,a.60.12.1,a,a.60,a.60.12,a.60.12.1,57
d5b5eu_,SCOPe-ALL,family,a.60.12.2,a,a.60,a.60.12,a.60.12.2,97
d4i2aa2,SCOPe-ALL,family,a.60.12.0,a,a.60,a.60.12,a.60.12.0,60
d1n2xa1,SCOPe-ALL,family,a.60.13.1,a,a.60,a.60.13,a.60.13.1,101
d1kl9a1,SCOPe-ALL,family,a.60.14.1,a,a.60,a.60.14,a.60.14.1,94
d3cw2c2,SCOPe-ALL,family,a.60.14.1,a,a.60,a.60.14,a.60.14.1,91
d2a19a2,SCOPe-ALL,family,a.60.14.0,a,a.60,a.60.14,a.60.14.0,86
d2fj6a1,SCOPe-ALL,family,a.60.15.1,a,a.60,a.60.15,a.60.15.1,74
d2o6ka1,SCOPe-ALL,family,a.60.15.1,a,a.60,a.60.15,a.60.15.1,70
d3ci0k1,SCOPe-ALL,family,a.60.16.1,a,a.60,a.60.16,a.60.16.1,71
d3ci0k2,SCOPe-ALL,family,a.60.16.1,a,a.60,a.60.16,a.60.16.1,110
d3uqza1,SCOPe-ALL,family,a.60.17.1,a,a.60,a.60.17,a.60.17.1,71
d1ecwa_,SCOPe-ALL,family,a.61.1.1,a,a.61,a.61.1,a.61.1.1,114
d1jvra_,SCOPe-ALL,family,a.61.1.2,a,a.61,a.61.1,a.61.1.2,137
d2f77x_,SCOPe-ALL,family,a.61.1.3,a,a.61,a.61.1,a.61.1.3,100
d5kzaa1,SCOPe-ALL,family,a.61.1.4,a,a.61,a.61.1,a.61.1.4,91
d1heka1,SCOPe-ALL,family,a.61.1.5,a,a.61,a.61.1,a.61.1.5,109
d1uhua1,SCOPe-ALL,family,a.61.1.6,a,a.61,a.61.1,a.61.1.6,92
d5gmza_,SCOPe-ALL,family,a.62.1.1,a,a.62,a.62.1,a.62.1.1,143
d6ygia_,SCOPe-ALL,family,a.62.1.0,a,a.62,a.62.1,a.62.1.0,148
d1aepa_,SCOPe-ALL,family,a.63.1.1,a,a.63,a.63.1,a.63.1.1,153
d1eq1a_,SCOPe-ALL,family,a.63.1.1,a,a.63,a.63.1,a.63.1.1,166
d1l9la_,SCOPe-ALL,family,a.64.1.1,a,a.64,a.64.1,a.64.1.1,74
d1nkla_,SCOPe-ALL,family,a.64.1.1,a,a.64,a.64.1,a.64.1.1,78
d2doba1,SCOPe-ALL,family,a.64.1.1,a,a.64,a.64.1,a.64.1.1,81
d1m12a1,SCOPe-ALL,family,a.64.1.1,a,a.64,a.64.1,a.64.1.1,80
d1qdma1,SCOPe-ALL,family,a.64.1.2,a,a.64,a.64.1,a.64.1.2,104
d1n69a_,SCOPe-ALL,family,a.64.1.3,a,a.64,a.64.1,a.64.1.3,78
d1of9a_,SCOPe-ALL,family,a.64.1.4,a,a.64,a.64.1,a.64.1.4,77
d3bqpa_,SCOPe-ALL,family,a.64.1.0,a,a.64,a.64.1,a.64.1.0,80
d6vzda_,SCOPe-ALL,family,a.64.1.0,a,a.64,a.64.1,a.64.1.0,79
d4rgda_,SCOPe-ALL,family,a.64.2.1,a,a.64,a.64.2,a.64.2.1,70
d1n00a1,SCOPe-ALL,family,a.65.1.1,a,a.65,a.65.1,a.65.1.1,315
d1bo9a_,SCOPe-ALL,family,a.65.1.1,a,a.65,a.65.1,a.65.1.1,73
d2zhja_,SCOPe-ALL,family,a.65.1.1,a,a.65,a.65.1,a.65.1.1,315
d1azta1,SCOPe-ALL,family,a.66.1.1,a,a.66,a.66.1,a.66.1.1,114
d1zcba1,SCOPe-ALL,family,a.66.1.1,a,a.66,a.66.1,a.66.1.1,126
d1cipa1,SCOPe-ALL,family,a.66.1.1,a,a.66,a.66.1,a.66.1.1,121
d1ej5a_,SCOPe-ALL,family,a.68.1.1,a,a.68,a.68.1,a.68.1.1,107
d2jdia1,SCOPe-ALL,family,a.69.1.1,a,a.69,a.69.1,a.69.1.1,131
d2jdid1,SCOPe-ALL,family,a.69.1.1,a,a.69,a.69.1,a.69.1.1,118
d1vdza3,SCOPe-ALL,family,a.69.1.2,a,a.69,a.69.1,a.69.1.2,149
d3j9ta4,SCOPe-ALL,family,a.69.1.2,a,a.69,a.69.1,a.69.1.2,153
d3gqba4,SCOPe-ALL,family,a.69.1.2,a,a.69,a.69.1,a.69.1.2,147
d2dpya3,SCOPe-ALL,family,a.69.1.3,a,a.69,a.69.1,a.69.1.3,76
d2c61a2,SCOPe-ALL,family,a.69.1.0,a,a.69,a.69.1,a.69.1.0,107
d2g77a2,SCOPe-ALL,family,a.69.2.1,a,a.69,a.69.2,a.69.2.1,191
d2g77a1,SCOPe-ALL,family,a.69.2.1,a,a.69,a.69.2,a.69.2.1,197
d2egha1,SCOPe-ALL,family,a.69.3.1,a,a.69,a.69.3,a.69.3.1,97
d1r0ka1,SCOPe-ALL,family,a.69.3.1,a,a.69,a.69.3,a.69.3.1,95
d2o4ta1,SCOPe-ALL,family,a.69.4.1,a,a.69,a.69.4,a.69.4.1,90
d2hh6a1,SCOPe-ALL,family,a.69.4.1,a,a.69,a.69.4,a.69.4.1,112
d1abva_,SCOPe-ALL,family,a.70.1.1,a,a.70,a.70.1,a.70.1.1,105
d2oeba1,SCOPe-ALL,family,a.70.2.1,a,a.70,a.70.2,a.70.2.1,152
d4gkfa_,SCOPe-ALL,family,a.70.2.0,a,a.70,a.70.2,a.70.2.0,146
d5v8za1,SCOPe-ALL,family,a.71.1.1,a,a.71,a.71.1,a.71.1.1,96
d2c0ga1,SCOPe-ALL,family,a.71.1.0,a,a.71,a.71.1,a.71.1.0,106
d1m2oa1,SCOPe-ALL,family,a.71.2.1,a,a.71,a.71.2,a.71.2.1,103
d1pd0a1,SCOPe-ALL,family,a.71.2.1,a,a.71,a.71.2,a.71.2.1,107
d1dvka_,SCOPe-ALL,family,a.72.1.1,a,a.72,a.72.1,a.72.1.1,169
d1u7ka_,SCOPe-ALL,family,a.73.1.1,a,a.73,a.73.1,a.73.1.1,131
d2eiaa2,SCOPe-ALL,family,a.73.1.1,a,a.73,a.73.1,a.73.1.1,131
d1g03a_,SCOPe-ALL,family,a.73.1.1,a,a.73,a.73.1,a.73.1.1,134
d1em9a_,SCOPe-ALL,family,a.73.1.1,a,a.73,a.73.1,a.73.1.1,147
d2wlva_,SCOPe-ALL,family,a.73.1.1,a,a.73,a.73.1,a.73.1.1,144
d4ph2a_,SCOPe-ALL,family,a.73.1.0,a,a.73,a.73.1,a.73.1.0,127
d2xgva_,SCOPe-ALL,family,a.73.1.0,a,a.73,a.73.1,a.73.1.0,133
d2xgya_,SCOPe-ALL,family,a.73.1.0,a,a.73,a.73.1,a.73.1.0,137
d1unld_,SCOPe-ALL,family,a.74.1.1,a,a.74,a.74.1,a.74.1.1,150
d4eojb1,SCOPe-ALL,family,a.74.1.1,a,a.74,a.74.1,a.74.1.1,134
d4eojb2,SCOPe-ALL,family,a.74.1.1,a,a.74,a.74.1,a.74.1.1,123
d2i53a1,SCOPe-ALL,family,a.74.1.1,a,a.74,a.74.1,a.74.1.1,144
d2i53a2,SCOPe-ALL,family,a.74.1.1,a,a.74,a.74.1,a.74.1.1,110
d1w98b1,SCOPe-ALL,family,a.74.1.1,a,a.74,a.74.1,a.74.1.1,130
d1w98b2,SCOPe-ALL,family,a.74.1.1,a,a.74,a.74.1,a.74.1.1,140
d2eufa1,SCOPe-ALL,family,a.74.1.1,a,a.74,a.74.1,a.74.1.1,141
d2eufa2,SCOPe-ALL,family,a.74.1.1,a,a.74,a.74.1,a.74.1.1,106
d1g3nc1,SCOPe-ALL,family,a.74.1.1,a,a.74,a.74.1,a.74.1.1,132
d1g3nc2,SCOPe-ALL,family,a.74.1.1,a,a.74,a.74.1,a.74.1.1,106
d1f5qb1,SCOPe-ALL,family,a.74.1.1,a,a.74,a.74.1,a.74.1.1,141
d1f5qb2,SCOPe-ALL,family,a.74.1.1,a,a.74,a.74.1,a.74.1.1,106
d7b5oi1,SCOPe-ALL,family,a.74.1.1,a,a.74,a.74.1,a.74.1.1,161
d7b5oi2,SCOPe-ALL,family,a.74.1.1,a,a.74,a.74.1,a.74.1.1,123
d1c9ba1,SCOPe-ALL,family,a.74.1.2,a,a.74,a.74.1,a.74.1.2,98
d1c9ba2,SCOPe-ALL,family,a.74.1.2,a,a.74,a.74.1,a.74.1.2,109
d1aisb1,SCOPe-ALL,family,a.74.1.2,a,a.74,a.74.1,a.74.1.2,98
d1aisb2,SCOPe-ALL,family,a.74.1.2,a,a.74,a.74.1,a.74.1.2,95
d1guxa_,SCOPe-ALL,family,a.74.1.3,a,a.74,a.74.1,a.74.1.3,198
d1guxb_,SCOPe-ALL,family,a.74.1.3,a,a.74,a.74.1,a.74.1.3,141
d3mi9b1,SCOPe-ALL,family,a.74.1.0,a,a.74,a.74.1,a.74.1.0,144
d3mi9b2,SCOPe-ALL,family,a.74.1.0,a,a.74,a.74.1,a.74.1.0,111
d4yoza1,SCOPe-ALL,family,a.74.1.0,a,a.74,a.74.1,a.74.1.0,204
d4yoza2,SCOPe-ALL,family,a.74.1.0,a,a.74,a.74.1,a.74.1.0,152
d1iqva_,SCOPe-ALL,family,a.75.1.1,a,a.75,a.75.1,a.75.1.1,201
d1rssa_,SCOPe-ALL,family,a.75.1.1,a,a.75,a.75.1,a.75.1.1,145
d2dtra2,SCOPe-ALL,family,a.76.1.1,a,a.76,a.76.1,a.76.1.1,76
d1on2a2,SCOPe-ALL,family,a.76.1.1,a,a.76,a.76.1,a.76.1.1,74
d1wmga_,SCOPe-ALL,family,a.77.1.2,a,a.77,a.77.1,a.77.1.2,90
d1d2za_,SCOPe-ALL,family,a.77.1.2,a,a.77,a.77.1,a.77.1.2,102
d1d2zb_,SCOPe-ALL,family,a.77.1.2,a,a.77,a.77.1,a.77.1.2,150
d1icha_,SCOPe-ALL,family,a.77.1.2,a,a.77,a.77.1,a.77.1.2,87
d6acih_,SCOPe-ALL,family,a.77.1.2,a,a.77,a.77.1,a.77.1.2,87
d3ezqa1,SCOPe-ALL,family,a.77.1.2,a,a.77,a.77.1,a.77.1.2,113
d2a9ia_,SCOPe-ALL,family,a.77.1.2,a,a.77,a.77.1,a.77.1.2,105
d4f42a_,SCOPe-ALL,family,a.77.1.2,a,a.77,a.77.1,a.77.1.2,84
d2ygsa_,SCOPe-ALL,family,a.77.1.3,a,a.77,a.77.1,a.77.1.3,92
d2a5yb2,SCOPe-ALL,family,a.77.1.3,a,a.77,a.77.1,a.77.1.3,108
d1dgna_,SCOPe-ALL,family,a.77.1.3,a,a.77,a.77.1,a.77.1.3,89
d3ygsp1,SCOPe-ALL,family,a.77.1.3,a,a.77,a.77.1,a.77.1.3,96
d3crda_,SCOPe-ALL,family,a.77.1.3,a,a.77,a.77.1,a.77.1.3,100
d4a2wa3,SCOPe-ALL,family,a.77.1.3,a,a.77,a.77.1,a.77.1.3,91
d4a2wa4,SCOPe-ALL,family,a.77.1.3,a,a.77,a.77.1,a.77.1.3,94
d2gf5a2,SCOPe-ALL,family,a.77.1.4,a,a.77,a.77.1,a.77.1.4,82
d1n3ka_,SCOPe-ALL,family,a.77.1.4,a,a.77,a.77.1,a.77.1.4,130
d1ucpa_,SCOPe-ALL,family,a.77.1.5,a,a.77,a.77.1,a.77.1.5,91
d1pn5a1,SCOPe-ALL,family,a.77.1.5,a,a.77,a.77.1,a.77.1.5,93
d6j52a_,SCOPe-ALL,family,a.77.1.0,a,a.77,a.77.1,a.77.1.0,94
d6ac5a_,SCOPe-ALL,family,a.77.1.0,a,a.77,a.77.1,a.77.1.0,97
d3qf2a_,SCOPe-ALL,family,a.77.1.0,a,a.77,a.77.1,a.77.1.0,90
d2mpca1,SCOPe-ALL,family,a.77.1.0,a,a.77,a.77.1,a.77.1.0,89
d2l6aa1,SCOPe-ALL,family,a.77.1.0,a,a.77,a.77.1,a.77.1.0,98
d6hj7a_,SCOPe-ALL,family,a.77.1.0,a,a.77,a.77.1,a.77.1.0,102
d1hw1a2,SCOPe-ALL,family,a.78.1.1,a,a.78,a.78.1,a.78.1.1,152
d2hs5a2,SCOPe-ALL,family,a.78.1.1,a,a.78,a.78.1,a.78.1.1,138
d1eyva_,SCOPe-ALL,family,a.79.1.1,a,a.79,a.79.1,a.79.1.1,131
d1tzva_,SCOPe-ALL,family,a.79.1.1,a,a.79,a.79.1,a.79.1.1,141
d3d3ba_,SCOPe-ALL,family,a.79.1.1,a,a.79,a.79.1,a.79.1.1,139
d1q8ca_,SCOPe-ALL,family,a.79.1.2,a,a.79,a.79.1,a.79.1.2,140
d1sqga1,SCOPe-ALL,family,a.79.1.3,a,a.79,a.79.1,a.79.1.3,140
d1a5ta1,SCOPe-ALL,family,a.80.1.1,a,a.80,a.80.1,a.80.1.1,123
d1jr3d1,SCOPe-ALL,family,a.80.1.1,a,a.80,a.80.1,a.80.1.1,127
d1jr3a1,SCOPe-ALL,family,a.80.1.1,a,a.80,a.80.1,a.80.1.1,126
d2gnoa1,SCOPe-ALL,family,a.80.1.1,a,a.80,a.80.1,a.80.1.1,98
d1iqpa1,SCOPe-ALL,family,a.80.1.1,a,a.80,a.80.1,a.80.1.1,95
d1sxja1,SCOPe-ALL,family,a.80.1.1,a,a.80,a.80.1,a.80.1.1,146
d1sxjd1,SCOPe-ALL,family,a.80.1.1,a,a.80,a.80.1,a.80.1.1,91
d1sxjc1,SCOPe-ALL,family,a.80.1.1,a,a.80,a.80.1,a.80.1.1,95
d1sxjb1,SCOPe-ALL,family,a.80.1.1,a,a.80,a.80.1,a.80.1.1,92
d1sxje1,SCOPe-ALL,family,a.80.1.1,a,a.80,a.80.1,a.80.1.1,99
d2qw6a1,SCOPe-ALL,family,a.80.1.2,a,a.80,a.80.1,a.80.1.2,88
d3bgea1,SCOPe-ALL,family,a.80.1.2,a,a.80,a.80.1,a.80.1.2,184
d3ctda1,SCOPe-ALL,family,a.80.1.2,a,a.80,a.80.1,a.80.1.2,163
d1b79a_,SCOPe-ALL,family,a.81.1.1,a,a.81,a.81.1,a.81.1.1,102
d1qh4a1,SCOPe-ALL,family,a.83.1.1,a,a.83,a.83.1,a.83.1.1,101
d4am1a1,SCOPe-ALL,family,a.83.1.0,a,a.83,a.83.1,a.83.1.0,94
d1tx9a1,SCOPe-ALL,family,a.84.1.1,a,a.84,a.84.1,a.84.1.1,138
d1llaa1,SCOPe-ALL,family,a.85.1.1,a,a.85,a.85.1,a.85.1.1,108
d1hc1a1,SCOPe-ALL,family,a.85.1.1,a,a.85,a.85.1,a.85.1.1,131
d1llaa2,SCOPe-ALL,family,a.86.1.1,a,a.86,a.86.1,a.86.1.1,270
d1hc1a2,SCOPe-ALL,family,a.86.1.1,a,a.86,a.86.1,a.86.1.1,263
d1js8a1,SCOPe-ALL,family,a.86.1.1,a,a.86,a.86.1,a.86.1.1,289
d3awua1,SCOPe-ALL,family,a.86.1.3,a,a.86,a.86.1,a.86.1.3,272
d4z0ya_,SCOPe-ALL,family,a.86.1.0,a,a.86,a.86.1,a.86.1.0,347
d1by1a1,SCOPe-ALL,family,a.87.1.1,a,a.87,a.87.1,a.87.1.1,208
d1ki1b1,SCOPe-ALL,family,a.87.1.1,a,a.87,a.87.1,a.87.1.1,210
d1foea1,SCOPe-ALL,family,a.87.1.1,a,a.87,a.87.1,a.87.1.1,206
d1txda1,SCOPe-ALL,family,a.87.1.1,a,a.87,a.87.1,a.87.1.1,234
d2dfka1,SCOPe-ALL,family,a.87.1.1,a,a.87,a.87.1,a.87.1.1,203
d1f5xa_,SCOPe-ALL,family,a.87.1.1,a,a.87,a.87.1,a.87.1.1,208
d1dbha1,SCOPe-ALL,family,a.87.1.1,a,a.87,a.87.1,a.87.1.1,207
d1ntya1,SCOPe-ALL,family,a.87.1.1,a,a.87,a.87.1,a.87.1.1,184
d6d8za1,SCOPe-ALL,family,a.87.1.1,a,a.87,a.87.1,a.87.1.1,185
d4gyva1,SCOPe-ALL,family,a.87.1.0,a,a.87,a.87.1,a.87.1.0,212
d1boua_,SCOPe-ALL,family,a.88.1.1,a,a.88,a.88.1,a.88.1.1,132
d5a0ya2,SCOPe-ALL,family,a.89.1.1,a,a.89,a.89.1,a.89.1.1,281
d7b1sb2,SCOPe-ALL,family,a.89.1.0,a,a.89,a.89.1,a.89.1.0,255
d1bgfa_,SCOPe-ALL,family,a.90.1.1,a,a.90,a.90.1,a.90.1.1,124
d1dk8a_,SCOPe-ALL,family,a.91.1.1,a,a.91,a.91.1,a.91.1.1,147
d1iapa_,SCOPe-ALL,family,a.91.1.1,a,a.91,a.91.1,a.91.1.1,190
d1htjf_,SCOPe-ALL,family,a.91.1.1,a,a.91,a.91.1,a.91.1.1,182
d1fqia_,SCOPe-ALL,family,a.91.1.1,a,a.91,a.91.1,a.91.1.1,138
d2ihda_,SCOPe-ALL,family,a.91.1.0,a,a.91,a.91.1,a.91.1.0,127
d6am3a_,SCOPe-ALL,family,a.91.1.0,a,a.91,a.91.1,a.91.1.0,132
d3v5wa1,SCOPe-ALL,family,a.91.1.0,a,a.91,a.91.1,a.91.1.0,156
d2jnua1,SCOPe-ALL,family,a.91.1.0,a,a.91,a.91.1,a.91.1.0,134
d1t36a1,SCOPe-ALL,family,a.92.1.1,a,a.92,a.92.1,a.92.1.1,153
d2euta_,SCOPe-ALL,family,a.93.1.1,a,a.93,a.93.1,a.93.1.1,291
d5aoga_,SCOPe-ALL,family,a.93.1.1,a,a.93,a.93.1,a.93.1.1,307
d2vcna_,SCOPe-ALL,family,a.93.1.1,a,a.93,a.93.1,a.93.1.1,249
d1q4ga1,SCOPe-ALL,family,a.93.1.2,a,a.93,a.93.1,a.93.1.2,511
d5jhxa1,SCOPe-ALL,family,a.93.1.0,a,a.93,a.93.1,a.93.1.0,426
d5jhxa2,SCOPe-ALL,family,a.93.1.0,a,a.93,a.93.1,a.93.1.0,309
d3fmua_,SCOPe-ALL,family,a.93.1.0,a,a.93,a.93.1,a.93.1.0,319
d1vq8p1,SCOPe-ALL,family,a.94.1.1,a,a.94,a.94.1,a.94.1.1,143
d2z16a1,SCOPe-ALL,family,a.95.1.1,a,a.95,a.95.1,a.95.1.1,157
d1orna1,SCOPe-ALL,family,a.96.1.1,a,a.96,a.96.1,a.96.1.1,212
d1muna_,SCOPe-ALL,family,a.96.1.2,a,a.96,a.96.1,a.96.1.2,225
d1keaa_,SCOPe-ALL,family,a.96.1.2,a,a.96,a.96.1,a.96.1.2,217
d4e9ea_,SCOPe-ALL,family,a.96.1.2,a,a.96,a.96.1,a.96.1.2,140
d1mpga1,SCOPe-ALL,family,a.96.1.3,a,a.96,a.96.1,a.96.1.3,183
d2xhia2,SCOPe-ALL,family,a.96.1.3,a,a.96,a.96.1,a.96.1.3,190
d2ofka_,SCOPe-ALL,family,a.96.1.4,a,a.96,a.96.1,a.96.1.4,182
d1pu6a_,SCOPe-ALL,family,a.96.1.5,a,a.96,a.96.1,a.96.1.5,217
d1xqoa_,SCOPe-ALL,family,a.96.1.6,a,a.96,a.96.1,a.96.1.6,253
d1xg7a1,SCOPe-ALL,family,a.96.1.6,a,a.96,a.96.1,a.96.1.6,241
d4aiaa1,SCOPe-ALL,family,a.96.1.0,a,a.96,a.96.1,a.96.1.0,186
d1j09a1,SCOPe-ALL,family,a.97.1.1,a,a.97,a.97.1,a.97.1.1,163
d1irxa1,SCOPe-ALL,family,a.97.1.2,a,a.97,a.97.1,a.97.1.2,204
d4gria2,SCOPe-ALL,family,a.97.1.0,a,a.97,a.97.1,a.97.1.0,176
d4g6za2,SCOPe-ALL,family,a.97.1.0,a,a.97,a.97.1,a.97.1.0,162
d6b1pa2,SCOPe-ALL,family,a.97.1.0,a,a.97,a.97.1,a.97.1.0,163
d7k86a2,SCOPe-ALL,family,a.97.1.0,a,a.97,a.97.1,a.97.1.0,167
d2cfoa2,SCOPe-ALL,family,a.97.1.0,a,a.97,a.97.1,a.97.1.0,174
d3afha2,SCOPe-ALL,family,a.97.1.0,a,a.97,a.97.1,a.97.1.0,171
d2o5ra2,SCOPe-ALL,family,a.97.1.0,a,a.97,a.97.1,a.97.1.0,156
d2x1ya1,SCOPe-ALL,family,a.98.1.1,a,a.98,a.98.1,a.98.1.1,218
d1peqa1,SCOPe-ALL,family,a.98.1.1,a,a.98,a.98.1,a.98.1.1,162
d1owla1,SCOPe-ALL,family,a.99.1.1,a,a.99,a.99.1,a.99.1.1,271
d1iqra1,SCOPe-ALL,family,a.99.1.1,a,a.99,a.99.1,a.99.1.1,245
d1np7a1,SCOPe-ALL,family,a.99.1.1,a,a.99,a.99.1,a.99.1.1,279
d1u3da1,SCOPe-ALL,family,a.99.1.1,a,a.99,a.99.1,a.99.1.1,300
d2wq7a2,SCOPe-ALL,family,a.99.1.0,a,a.99,a.99.1,a.99.1.0,294
d1pgja1,SCOPe-ALL,family,a.100.1.1,a,a.100,a.100.1,a.100.1.1,300
d3cuma4,SCOPe-ALL,family,a.100.1.1,a,a.100,a.100.1,a.100.1.1,134
d1teaa4,SCOPe-ALL,family,a.100.1.1,a,a.100,a.100.1,a.100.1.1,133
d2cvza1,SCOPe-ALL,family,a.100.1.1,a,a.100,a.100.1,a.100.1.1,132
d4gwka2,SCOPe-ALL,family,a.100.1.1,a,a.100,a.100.1,a.100.1.1,293
d3fr7a2,SCOPe-ALL,family,a.100.1.2,a,a.100,a.100.1,a.100.1.2,273
d1wdka1,SCOPe-ALL,family,a.100.1.3,a,a.100,a.100.1,a.100.1.3,124
d1wdka2,SCOPe-ALL,family,a.100.1.3,a,a.100,a.100.1,a.100.1.3,95
d1mv8a1,SCOPe-ALL,family,a.100.1.4,a,a.100,a.100.1,a.100.1.4,98
d1dlja1,SCOPe-ALL,family,a.100.1.4,a,a.100,a.100.1,a.100.1.4,98
d1bg6a1,SCOPe-ALL,family,a.100.1.5,a,a.100,a.100.1,a.100.1.5,172
d1txga1,SCOPe-ALL,family,a.100.1.6,a,a.100,a.100.1,a.100.1.6,155
d1evya1,SCOPe-ALL,family,a.100.1.6,a,a.100,a.100.1,a.100.1.6,160
d1yjqa1,SCOPe-ALL,family,a.100.1.7,a,a.100,a.100.1,a.100.1.7,126
d1i36a1,SCOPe-ALL,family,a.100.1.8,a,a.100,a.100.1,a.100.1.8,112
d1lj8a3,SCOPe-ALL,family,a.100.1.9,a,a.100,a.100.1,a.100.1.9,206
d2i76a1,SCOPe-ALL,family,a.100.1.10,a,a.100,a.100.1,a.100.1.10,103
d1xc2a4,SCOPe-ALL,family,a.100.1.10,a,a.100,a.100.1,a.100.1.10,111
d2ahra1,SCOPe-ALL,family,a.100.1.10,a,a.100,a.100.1,a.100.1.10,104
d2g5ca1,SCOPe-ALL,family,a.100.1.12,a,a.100,a.100.1,a.100.1.12,110
d2pv7a1,SCOPe-ALL,family,a.100.1.12,a,a.100,a.100.1,a.100.1.12,128
d2f1ka1,SCOPe-ALL,family,a.100.1.12,a,a.100,a.100.1,a.100.1.12,114
d7mqva2,SCOPe-ALL,family,a.100.1.0,a,a.100,a.100.1,a.100.1.0,112
d5je8a2,SCOPe-ALL,family,a.100.1.0,a,a.100,a.100.1,a.100.1.0,128
d4im7a2,SCOPe-ALL,family,a.100.1.0,a,a.100,a.100.1,a.100.1.0,207
d6smza2,SCOPe-ALL,family,a.100.1.0,a,a.100,a.100.1,a.100.1.0,132
d3ckya2,SCOPe-ALL,family,a.100.1.0,a,a.100,a.100.1,a.100.1.0,134
d3pdua2,SCOPe-ALL,family,a.100.1.0,a,a.100,a.100.1,a.100.1.0,123
d3rqsa2,SCOPe-ALL,family,a.100.1.0,a,a.100,a.100.1,a.100.1.0,99
d6xp1a2,SCOPe-ALL,family,a.100.1.0,a,a.100,a.100.1,a.100.1.0,109
d6pypa2,SCOPe-ALL,family,a.100.1.0,a,a.100,a.100.1,a.100.1.0,156
d6hava2,SCOPe-ALL,family,a.100.1.0,a,a.100,a.100.1,a.100.1.0,100
d4ypoa2,SCOPe-ALL,family,a.100.1.0,a,a.100,a.100.1,a.100.1.0,145
d5y8ja2,SCOPe-ALL,family,a.100.1.0,a,a.100,a.100.1,a.100.1.0,132
d1yj8a2,SCOPe-ALL,family,a.100.1.0,a,a.100,a.100.1,a.100.1.0,157
d4dlla2,SCOPe-ALL,family,a.100.1.0,a,a.100,a.100.1,a.100.1.0,126
d3ws7a2,SCOPe-ALL,family,a.100.1.0,a,a.100,a.100.1,a.100.1.0,122
d4pzda2,SCOPe-ALL,family,a.100.1.0,a,a.100,a.100.1,a.100.1.0,99
d3g0oa2,SCOPe-ALL,family,a.100.1.0,a,a.100,a.100.1,a.100.1.0,123
d1z82a2,SCOPe-ALL,family,a.100.1.0,a,a.100,a.100.1,a.100.1.0,147
d1zkra1,SCOPe-ALL,family,a.101.1.1,a,a.101,a.101.1,a.101.1.1,73
d1zkra2,SCOPe-ALL,family,a.101.1.1,a,a.101,a.101.1,a.101.1.1,73
d1utga_,SCOPe-ALL,family,a.101.1.1,a,a.101,a.101.1,a.101.1.1,70
d1gaia_,SCOPe-ALL,family,a.102.1.1,a,a.102,a.102.1,a.102.1.1,472
d2fbaa_,SCOPe-ALL,family,a.102.1.1,a,a.102,a.102.1,a.102.1.1,492
d1is9a_,SCOPe-ALL,family,a.102.1.2,a,a.102,a.102.1,a.102.1.2,363
d1clca1,SCOPe-ALL,family,a.102.1.2,a,a.102,a.102.1,a.102.1.2,441
d1rq5a1,SCOPe-ALL,family,a.102.1.2,a,a.102,a.102.1,a.102.1.2,510
d1v5da_,SCOPe-ALL,family,a.102.1.2,a,a.102,a.102.1,a.102.1.2,386
d1xwta1,SCOPe-ALL,family,a.102.1.2,a,a.102,a.102.1,a.102.1.2,404
d1ks8a1,SCOPe-ALL,family,a.102.1.2,a,a.102,a.102.1,a.102.1.2,432
d1ia6a_,SCOPe-ALL,family,a.102.1.2,a,a.102,a.102.1,a.102.1.2,431
d1wzza1,SCOPe-ALL,family,a.102.1.2,a,a.102,a.102.1,a.102.1.2,319
d1wu4a1,SCOPe-ALL,family,a.102.1.2,a,a.102,a.102.1,a.102.1.2,376
d4jjja_,SCOPe-ALL,family,a.102.1.2,a,a.102,a.102.1,a.102.1.2,638
d1fp3a_,SCOPe-ALL,family,a.102.1.3,a,a.102,a.102.1,a.102.1.3,402
d2zbla1,SCOPe-ALL,family,a.102.1.3,a,a.102,a.102.1,a.102.1.3,412
d1v7va1,SCOPe-ALL,family,a.102.1.4,a,a.102,a.102.1,a.102.1.4,531
d1h54a1,SCOPe-ALL,family,a.102.1.4,a,a.102,a.102.1,a.102.1.4,481
d1lf9a1,SCOPe-ALL,family,a.102.1.5,a,a.102,a.102.1,a.102.1.5,397
d2d8la_,SCOPe-ALL,family,a.102.1.6,a,a.102,a.102.1,a.102.1.6,363
d2ahfa_,SCOPe-ALL,family,a.102.1.7,a,a.102,a.102.1,a.102.1.7,377
d2jg0a_,SCOPe-ALL,family,a.102.1.9,a,a.102,a.102.1,a.102.1.9,511
d2gz6a_,SCOPe-ALL,family,a.102.1.0,a,a.102,a.102.1,a.102.1.0,386
d4z4ja1,SCOPe-ALL,family,a.102.1.0,a,a.102,a.102.1,a.102.1.0,390
d4wu0a_,SCOPe-ALL,family,a.102.1.0,a,a.102,a.102.1,a.102.1.0,360
d5gxxa1,SCOPe-ALL,family,a.102.1.0,a,a.102,a.102.1,a.102.1.0,442
d5gy3a_,SCOPe-ALL,family,a.102.1.0,a,a.102,a.102.1,a.102.1.0,310
d3qrya_,SCOPe-ALL,family,a.102.1.0,a,a.102,a.102.1,a.102.1.0,426
d3wkga_,SCOPe-ALL,family,a.102.1.0,a,a.102,a.102.1,a.102.1.0,410
d3gt5a1,SCOPe-ALL,family,a.102.1.0,a,a.102,a.102.1,a.102.1.0,389
d1dl2a_,SCOPe-ALL,family,a.102.2.1,a,a.102,a.102.2,a.102.2.1,511
d2ri9a_,SCOPe-ALL,family,a.102.2.1,a,a.102,a.102.2,a.102.2.1,475
d1x9da_,SCOPe-ALL,family,a.102.2.1,a,a.102,a.102.2,a.102.2.1,453
d1nxca_,SCOPe-ALL,family,a.102.2.1,a,a.102,a.102.2,a.102.2.1,467
d3evha1,SCOPe-ALL,family,a.102.3.1,a,a.102,a.102.3,a.102.3.1,351
d1hn0a1,SCOPe-ALL,family,a.102.3.2,a,a.102,a.102.3,a.102.3.2,384
d1rwaa1,SCOPe-ALL,family,a.102.3.2,a,a.102,a.102.3,a.102.3.2,369
d1cb8a1,SCOPe-ALL,family,a.102.3.2,a,a.102,a.102.3,a.102.3.2,310
d1egua1,SCOPe-ALL,family,a.102.3.2,a,a.102,a.102.3,a.102.3.2,370
d1x1ia1,SCOPe-ALL,family,a.102.3.2,a,a.102,a.102.3,a.102.3.2,361
d1w6ka2,SCOPe-ALL,family,a.102.4.2,a,a.102,a.102.4,a.102.4.2,279
d1w6ka1,SCOPe-ALL,family,a.102.4.2,a,a.102,a.102.4,a.102.4.2,449
d2sqca1,SCOPe-ALL,family,a.102.4.2,a,a.102,a.102.4,a.102.4.2,353
d2sqca2,SCOPe-ALL,family,a.102.4.2,a,a.102,a.102.4,a.102.4.2,271
d2h6fb1,SCOPe-ALL,family,a.102.4.3,a,a.102,a.102.4,a.102.4.3,401
d1s64b_,SCOPe-ALL,family,a.102.4.3,a,a.102,a.102.4,a.102.4.3,346
d1dceb_,SCOPe-ALL,family,a.102.4.3,a,a.102,a.102.4,a.102.4.3,329
d1hzfa_,SCOPe-ALL,family,a.102.4.4,a,a.102,a.102.4,a.102.4.4,326
d2wy8a_,SCOPe-ALL,family,a.102.4.4,a,a.102,a.102.4,a.102.4.4,292
d3cu7ae,SCOPe-ALL,family,a.102.4.4,a,a.102,a.102.4,a.102.4.4,325
d2j5ca1,SCOPe-ALL,family,a.102.4.0,a,a.102,a.102.4,a.102.4.0,181
d6a1ia1,SCOPe-ALL,family,a.102.4.0,a,a.102,a.102.4,a.102.4.0,203
d7bzba1,SCOPe-ALL,family,a.102.4.0,a,a.102,a.102.4,a.102.4.0,205
d3m00a1,SCOPe-ALL,family,a.102.4.0,a,a.102,a.102.4,a.102.4.0,207
d1r76a_,SCOPe-ALL,family,a.102.5.1,a,a.102,a.102.5,a.102.5.1,408
d1gxma1,SCOPe-ALL,family,a.102.5.1,a,a.102,a.102.5,a.102.5.1,323
d2g0da_,SCOPe-ALL,family,a.102.6.1,a,a.102,a.102.6,a.102.6.1,409
d5uqsa_,SCOPe-ALL,family,a.103.1.1,a,a.103,a.103.1,a.103.1.1,434
d2r9ea_,SCOPe-ALL,family,a.103.1.1,a,a.103,a.103.1,a.103.1.1,381
d3msua1,SCOPe-ALL,family,a.103.1.0,a,a.103,a.103.1,a.103.1.0,424
d6wgya1,SCOPe-ALL,family,a.103.1.0,a,a.103,a.103.1,a.103.1.0,373
d6s6fa_,SCOPe-ALL,family,a.103.1.0,a,a.103,a.103.1,a.103.1.0,360
d2p2wa_,SCOPe-ALL,family,a.103.1.0,a,a.103,a.103.1,a.103.1.0,365
d1io7a_,SCOPe-ALL,family,a.104.1.1,a,a.104,a.104.1,a.104.1.1,366
d1n40a_,SCOPe-ALL,family,a.104.1.1,a,a.104,a.104.1,a.104.1.1,395
d1wiya_,SCOPe-ALL,family,a.104.1.1,a,a.104,a.104.1,a.104.1.1,385
d2ij2a_,SCOPe-ALL,family,a.104.1.1,a,a.104,a.104.1,a.104.1.1,453
d1re9a_,SCOPe-ALL,family,a.104.1.1,a,a.104,a.104.1,a.104.1.1,404
d1jfba_,SCOPe-ALL,family,a.104.1.1,a,a.104,a.104.1,a.104.1.1,399
d1q5da_,SCOPe-ALL,family,a.104.1.1,a,a.104,a.104.1,a.104.1.1,401
d1ueda_,SCOPe-ALL,family,a.104.1.1,a,a.104,a.104.1,a.104.1.1,403
d3czha1,SCOPe-ALL,family,a.104.1.1,a,a.104,a.104.1,a.104.1.1,462
d5vcca_,SCOPe-ALL,family,a.104.1.1,a,a.104,a.104.1,a.104.1.1,468
d2ci0a_,SCOPe-ALL,family,a.104.1.1,a,a.104,a.104.1,a.104.1.1,447
d6l69a_,SCOPe-ALL,family,a.104.1.1,a,a.104,a.104.1,a.104.1.1,398
d6q2ca1,SCOPe-ALL,family,a.104.1.0,a,a.104,a.104.1,a.104.1.0,444
d3oo3a_,SCOPe-ALL,family,a.104.1.0,a,a.104,a.104.1,a.104.1.0,382
d3mgxa_,SCOPe-ALL,family,a.104.1.0,a,a.104,a.104.1,a.104.1.0,391
d6ycma_,SCOPe-ALL,family,a.104.1.0,a,a.104,a.104.1,a.104.1.0,402
d6cr2a1,SCOPe-ALL,family,a.104.1.0,a,a.104,a.104.1,a.104.1.0,468
d4yt3a_,SCOPe-ALL,family,a.104.1.0,a,a.104,a.104.1,a.104.1.0,407
d4rm4a_,SCOPe-ALL,family,a.104.1.0,a,a.104,a.104.1,a.104.1.0,375
d3nc3a_,SCOPe-ALL,family,a.104.1.0,a,a.104,a.104.1,a.104.1.0,399
d4yzra_,SCOPe-ALL,family,a.104.1.0,a,a.104,a.104.1,a.104.1.0,401
d6gmfa_,SCOPe-ALL,family,a.104.1.0,a,a.104,a.104.1,a.104.1.0,397
d5xjna_,SCOPe-ALL,family,a.104.1.0,a,a.104,a.104.1,a.104.1.0,403
d2fdva_,SCOPe-ALL,family,a.104.1.0,a,a.104,a.104.1,a.104.1.0,465
d3b6ha1,SCOPe-ALL,family,a.104.1.0,a,a.104,a.104.1,a.104.1.0,478
d6ueza1,SCOPe-ALL,family,a.104.1.0,a,a.104,a.104.1,a.104.1.0,442
d3daxa1,SCOPe-ALL,family,a.104.1.0,a,a.104,a.104.1,a.104.1.0,479
d2hi4a_,SCOPe-ALL,family,a.104.1.0,a,a.104,a.104.1,a.104.1.0,480
d4dvqa_,SCOPe-ALL,family,a.104.1.0,a,a.104,a.104.1,a.104.1.0,469
d3n9ya_,SCOPe-ALL,family,a.104.1.0,a,a.104,a.104.1,a.104.1.0,471
d3pm0a_,SCOPe-ALL,family,a.104.1.0,a,a.104,a.104.1,a.104.1.0,463
d4y8wa1,SCOPe-ALL,family,a.104.1.0,a,a.104,a.104.1,a.104.1.0,456
d5m0na1,SCOPe-ALL,family,a.104.1.0,a,a.104,a.104.1,a.104.1.0,422
d6kfwa1,SCOPe-ALL,family,a.104.1.0,a,a.104,a.104.1,a.104.1.0,403
d3buja1,SCOPe-ALL,family,a.104.1.0,a,a.104,a.104.1,a.104.1.0,396
d2ycaa_,SCOPe-ALL,family,a.104.1.0,a,a.104,a.104.1,a.104.1.0,393
d6dcda_,SCOPe-ALL,family,a.104.1.0,a,a.104,a.104.1,a.104.1.0,422
d6n6qa_,SCOPe-ALL,family,a.104.1.0,a,a.104,a.104.1,a.104.1.0,446
d3r9ba_,SCOPe-ALL,family,a.104.1.0,a,a.104,a.104.1,a.104.1.0,400
d5hdia_,SCOPe-ALL,family,a.104.1.0,a,a.104,a.104.1,a.104.1.0,399
d5li7a_,SCOPe-ALL,family,a.104.1.0,a,a.104,a.104.1,a.104.1.0,406
d6t0ja1,SCOPe-ALL,family,a.104.1.0,a,a.104,a.104.1,a.104.1.0,428
d3iw0a_,SCOPe-ALL,family,a.104.1.0,a,a.104,a.104.1,a.104.1.0,407
d2uuqa_,SCOPe-ALL,family,a.104.1.0,a,a.104,a.104.1,a.104.1.0,399
d2xkra_,SCOPe-ALL,family,a.104.1.0,a,a.104,a.104.1,a.104.1.0,395
d6m4sa_,SCOPe-ALL,family,a.104.1.0,a,a.104,a.104.1,a.104.1.0,407
d3k9va_,SCOPe-ALL,family,a.104.1.0,a,a.104,a.104.1,a.104.1.0,464
d3tkta_,SCOPe-ALL,family,a.104.1.0,a,a.104,a.104.1,a.104.1.0,427
d2rfba_,SCOPe-ALL,family,a.104.1.0,a,a.104,a.104.1,a.104.1.0,341
d7anta_,SCOPe-ALL,family,a.104.1.0,a,a.104,a.104.1,a.104.1.0,402
d3a4ga_,SCOPe-ALL,family,a.104.1.0,a,a.104,a.104.1,a.104.1.0,395
d3weca_,SCOPe-ALL,family,a.104.1.0,a,a.104,a.104.1,a.104.1.0,401
d4ep6a_,SCOPe-ALL,family,a.104.1.0,a,a.104,a.104.1,a.104.1.0,392
d4dnja_,SCOPe-ALL,family,a.104.1.0,a,a.104,a.104.1,a.104.1.0,399
d2jjna_,SCOPe-ALL,family,a.104.1.0,a,a.104,a.104.1,a.104.1.0,395
d7cb9a_,SCOPe-ALL,family,a.104.1.0,a,a.104,a.104.1,a.104.1.0,466
d5hiwa1,SCOPe-ALL,family,a.104.1.0,a,a.104,a.104.1,a.104.1.0,392
d3awma_,SCOPe-ALL,family,a.104.1.0,a,a.104,a.104.1,a.104.1.0,407
d6f0ca_,SCOPe-ALL,family,a.104.1.0,a,a.104,a.104.1,a.104.1.0,383
d2zbxa1,SCOPe-ALL,family,a.104.1.0,a,a.104,a.104.1,a.104.1.0,399
d5xw2a_,SCOPe-ALL,family,a.104.1.0,a,a.104,a.104.1,a.104.1.0,399
d2xbka_,SCOPe-ALL,family,a.104.1.0,a,a.104,a.104.1,a.104.1.0,391
d4pxha_,SCOPe-ALL,family,a.104.1.0,a,a.104,a.104.1,a.104.1.0,417
d6xala_,SCOPe-ALL,family,a.104.1.0,a,a.104,a.104.1,a.104.1.0,398
d2z3ta_,SCOPe-ALL,family,a.104.1.0,a,a.104,a.104.1,a.104.1.0,410
d6m4qa_,SCOPe-ALL,family,a.104.1.0,a,a.104,a.104.1,a.104.1.0,394
d3p3oa1,SCOPe-ALL,family,a.104.1.0,a,a.104,a.104.1,a.104.1.0,406
d2ve3a_,SCOPe-ALL,family,a.104.1.0,a,a.104,a.104.1,a.104.1.0,435
d6ldla_,SCOPe-ALL,family,a.104.1.0,a,a.104,a.104.1,a.104.1.0,418
d6l8ia_,SCOPe-ALL,family,a.104.1.0,a,a.104,a.104.1,a.104.1.0,455
d6a15a1,SCOPe-ALL,family,a.104.1.0,a,a.104,a.104.1,a.104.1.0,444
d3gw9a_,SCOPe-ALL,family,a.104.1.0,a,a.104,a.104.1,a.104.1.0,450
d4r21a_,SCOPe-ALL,family,a.104.1.0,a,a.104,a.104.1,a.104.1.0,442
d1rqta_,SCOPe-ALL,family,a.108.1.1,a,a.108,a.108.1,a.108.1.1,37
d1zavu1,SCOPe-ALL,family,a.108.1.1,a,a.108,a.108.1,a.108.1.1,30
d1iiea_,SCOPe-ALL,family,a.109.1.1,a,a.109,a.109.1,a.109.1.1,75
d1aora1,SCOPe-ALL,family,a.110.1.1,a,a.110,a.110.1,a.110.1.1,395
d1b25a1,SCOPe-ALL,family,a.110.1.1,a,a.110,a.110.1,a.110.1.1,409
d1d2ta_,SCOPe-ALL,family,a.111.1.1,a,a.111,a.111.1,a.111.1.1,224
d1qi9a_,SCOPe-ALL,family,a.111.1.2,a,a.111,a.111.1,a.111.1.2,555
d1qhba_,SCOPe-ALL,family,a.111.1.2,a,a.111,a.111.1,a.111.1.2,595
d1vnsa_,SCOPe-ALL,family,a.111.1.3,a,a.111,a.111.1,a.111.1.3,574
d1wb9a1,SCOPe-ALL,family,a.113.1.1,a,a.113,a.113.1,a.113.1.1,297
d1ewqa1,SCOPe-ALL,family,a.113.1.1,a,a.113,a.113.1,a.113.1.1,275
d1f5na1,SCOPe-ALL,family,a.114.1.1,a,a.114,a.114.1,a.114.1.1,300
d6vkja2,SCOPe-ALL,family,a.114.1.0,a,a.114,a.114.1,a.114.1.0,28
d1bvp11,SCOPe-ALL,family,a.115.1.1,a,a.115,a.115.1,a.115.1.1,216
d1qhda1,SCOPe-ALL,family,a.115.1.2,a,a.115,a.115.1,a.115.1.2,214
d1uf2c1,SCOPe-ALL,family,a.115.1.3,a,a.115,a.115.1,a.115.1.3,269
d1f7ca_,SCOPe-ALL,family,a.116.1.1,a,a.116,a.116.1,a.116.1.1,191
d1tx4a_,SCOPe-ALL,family,a.116.1.1,a,a.116,a.116.1,a.116.1.1,196
d1pbwa_,SCOPe-ALL,family,a.116.1.1,a,a.116,a.116.1,a.116.1.1,184
d1wera_,SCOPe-ALL,family,a.116.1.2,a,a.116,a.116.1,a.116.1.2,324
d6v6fb_,SCOPe-ALL,family,a.116.1.2,a,a.116,a.116.1,a.116.1.2,324
d5my3a1,SCOPe-ALL,family,a.116.1.0,a,a.116,a.116.1,a.116.1.0,200
d2ovja1,SCOPe-ALL,family,a.116.1.0,a,a.116,a.116.1,a.116.1.0,199
d3msxb_,SCOPe-ALL,family,a.116.1.0,a,a.116,a.116.1,a.116.1.0,192
d3iuga1,SCOPe-ALL,family,a.116.1.0,a,a.116,a.116.1,a.116.1.0,202
d3byia1,SCOPe-ALL,family,a.116.1.0,a,a.116,a.116.1,a.116.1.0,210
d2osaa_,SCOPe-ALL,family,a.116.1.0,a,a.116,a.116.1,a.116.1.0,196
d5c5sa1,SCOPe-ALL,family,a.116.1.0,a,a.116,a.116.1,a.116.1.0,209
d5irca1,SCOPe-ALL,family,a.116.1.0,a,a.116,a.116.1,a.116.1.0,198
d6v9mb1,SCOPe-ALL,family,a.117.1.1,a,a.117,a.117.1,a.117.1.1,481
d4ev8a_,SCOPe-ALL,family,a.118.1.1,a,a.118,a.118.1,a.118.1.1,504
d1wa5c_,SCOPe-ALL,family,a.118.1.1,a,a.118,a.118.1,a.118.1.1,959
d1qgra_,SCOPe-ALL,family,a.118.1.1,a,a.118,a.118.1,a.118.1.1,876
d3ea5b_,SCOPe-ALL,family,a.118.1.1,a,a.118,a.118.1,a.118.1.1,861
d7cyla_,SCOPe-ALL,family,a.118.1.1,a,a.118,a.118.1,a.118.1.1,862
d1b3ua_,SCOPe-ALL,family,a.118.1.2,a,a.118,a.118.1,a.118.1.2,588
d1u6gc_,SCOPe-ALL,family,a.118.1.2,a,a.118,a.118.1,a.118.1.2,1207
d5o9zv_,SCOPe-ALL,family,a.118.1.2,a,a.118,a.118.1,a.118.1.2,814
d1b89a_,SCOPe-ALL,family,a.118.1.3,a,a.118,a.118.1,a.118.1.3,336
d1bpoa1,SCOPe-ALL,family,a.118.1.4,a,a.118,a.118.1,a.118.1.4,157
d1lrva_,SCOPe-ALL,family,a.118.1.5,a,a.118,a.118.1,a.118.1.5,233
d1e7ua1,SCOPe-ALL,family,a.118.1.6,a,a.118,a.118.1,a.118.1.6,201
d3u9wa3,SCOPe-ALL,family,a.118.1.7,a,a.118,a.118.1,a.118.1.7,150
d1ib2a_,SCOPe-ALL,family,a.118.1.8,a,a.118,a.118.1,a.118.1.8,322
d1ho8a_,SCOPe-ALL,family,a.118.1.9,a,a.118,a.118.1,a.118.1.9,477
d6qh5a_,SCOPe-ALL,family,a.118.1.10,a,a.118,a.118.1,a.118.1.10,600
d6qh5b_,SCOPe-ALL,family,a.118.1.10,a,a.118,a.118.1,a.118.1.10,579
d1oxja2,SCOPe-ALL,family,a.118.1.13,a,a.118,a.118.1,a.118.1.13,108
d1n52a1,SCOPe-ALL,family,a.118.1.14,a,a.118,a.118.1,a.118.1.14,265
d1n52a2,SCOPe-ALL,family,a.118.1.14,a,a.118,a.118.1,a.118.1.14,190
d1n52a3,SCOPe-ALL,family,a.118.1.14,a,a.118,a.118.1,a.118.1.14,310
d1ug3a1,SCOPe-ALL,family,a.118.1.14,a,a.118,a.118.1,a.118.1.14,193
d1ug3a2,SCOPe-ALL,family,a.118.1.14,a,a.118,a.118.1,a.118.1.14,127
d1hu3a1,SCOPe-ALL,family,a.118.1.14,a,a.118,a.118.1,a.118.1.14,242
d2nsza1,SCOPe-ALL,family,a.118.1.14,a,a.118,a.118.1,a.118.1.14,129
d1uw4b_,SCOPe-ALL,family,a.118.1.14,a,a.118,a.118.1,a.118.1.14,248
d1paqa_,SCOPe-ALL,family,a.118.1.14,a,a.118,a.118.1,a.118.1.14,161
d1upka_,SCOPe-ALL,family,a.118.1.15,a,a.118,a.118.1,a.118.1.15,330
d1oyza_,SCOPe-ALL,family,a.118.1.16,a,a.118,a.118.1,a.118.1.16,276
d1te4a_,SCOPe-ALL,family,a.118.1.16,a,a.118,a.118.1,a.118.1.16,111
d1t06a_,SCOPe-ALL,family,a.118.1.17,a,a.118,a.118.1,a.118.1.17,235
d2b6ca1,SCOPe-ALL,family,a.118.1.17,a,a.118,a.118.1,a.118.1.17,213
d1w9ca_,SCOPe-ALL,family,a.118.1.19,a,a.118,a.118.1,a.118.1.19,321
d3ibva_,SCOPe-ALL,family,a.118.1.19,a,a.118,a.118.1,a.118.1.19,975
d2jaka1,SCOPe-ALL,family,a.118.1.20,a,a.118,a.118.1,a.118.1.20,343
d1xqra1,SCOPe-ALL,family,a.118.1.21,a,a.118,a.118.1,a.118.1.21,267
d1z3xa1,SCOPe-ALL,family,a.118.1.22,a,a.118,a.118.1,a.118.1.22,87
d4xkba1,SCOPe-ALL,family,a.118.1.22,a,a.118,a.118.1,a.118.1.22,80
d3eg5b_,SCOPe-ALL,family,a.118.1.23,a,a.118,a.118.1,a.118.1.23,353
d1xm9a1,SCOPe-ALL,family,a.118.1.24,a,a.118,a.118.1,a.118.1.24,457
d2i9ca1,SCOPe-ALL,family,a.118.1.25,a,a.118,a.118.1,a.118.1.25,121
d1z1wa4,SCOPe-ALL,family,a.118.1.26,a,a.118,a.118.1,a.118.1.26,291
d4qmea4,SCOPe-ALL,family,a.118.1.27,a,a.118,a.118.1,a.118.1.27,328
d4cr2z1,SCOPe-ALL,family,a.118.1.28,a,a.118,a.118.1,a.118.1.28,542
d4adya1,SCOPe-ALL,family,a.118.1.28,a,a.118,a.118.1,a.118.1.28,445
d4pj3a2,SCOPe-ALL,family,a.118.1.29,a,a.118,a.118.1,a.118.1.29,397
d3jb9x2,SCOPe-ALL,family,a.118.1.29,a,a.118,a.118.1,a.118.1.29,377
d4jspa3,SCOPe-ALL,family,a.118.1.30,a,a.118,a.118.1,a.118.1.30,617
d3jxya1,SCOPe-ALL,family,a.118.1.0,a,a.118,a.118.1,a.118.1.0,230
d3bwta_,SCOPe-ALL,family,a.118.1.0,a,a.118,a.118.1,a.118.1.0,333
d3vyca_,SCOPe-ALL,family,a.118.1.0,a,a.118,a.118.1,a.118.1.0,987
d4xria_,SCOPe-ALL,family,a.118.1.0,a,a.118,a.118.1,a.118.1.0,865
d2xzga2,SCOPe-ALL,family,a.118.1.0,a,a.118,a.118.1,a.118.1.0,27
d6q4ra4,SCOPe-ALL,family,a.118.1.0,a,a.118,a.118.1,a.118.1.0,323
d3juia1,SCOPe-ALL,family,a.118.1.0,a,a.118,a.118.1,a.118.1.0,168
d3l6xa_,SCOPe-ALL,family,a.118.1.0,a,a.118,a.118.1,a.118.1.0,458
d4r10a_,SCOPe-ALL,family,a.118.1.0,a,a.118,a.118.1,a.118.1.0,537
d4b8ja_,SCOPe-ALL,family,a.118.1.0,a,a.118,a.118.1,a.118.1.0,470
d4fkea4,SCOPe-ALL,family,a.118.1.0,a,a.118,a.118.1,a.118.1.0,330
d1re0b1,SCOPe-ALL,family,a.118.3.1,a,a.118,a.118.3,a.118.3.1,215
d1xsza1,SCOPe-ALL,family,a.118.3.1,a,a.118,a.118.3,a.118.3.1,196
d4jxha1,SCOPe-ALL,family,a.118.3.0,a,a.118,a.118.3,a.118.3.0,194
d1lsha1,SCOPe-ALL,family,a.118.4.1,a,a.118,a.118.4,a.118.4.1,336
d1qsaa1,SCOPe-ALL,family,a.118.5.1,a,a.118,a.118.5,a.118.5.1,450
d2h6fa1,SCOPe-ALL,family,a.118.6.1,a,a.118,a.118.6,a.118.6.1,315
d1dcea1,SCOPe-ALL,family,a.118.6.1,a,a.118,a.118.6,a.118.6.1,335
d4l9pa_,SCOPe-ALL,family,a.118.6.0,a,a.118,a.118.6,a.118.6.0,347
d4ydea_,SCOPe-ALL,family,a.118.6.0,a,a.118,a.118.6,a.118.6.0,303
d3sfxa_,SCOPe-ALL,family,a.118.6.0,a,a.118,a.118.6,a.118.6.0,330
d2o8pa1,SCOPe-ALL,family,a.118.7.1,a,a.118,a.118.7,a.118.7.1,220
d3efza1,SCOPe-ALL,family,a.118.7.1,a,a.118,a.118.7,a.118.7.1,223
d3mhra1,SCOPe-ALL,family,a.118.7.1,a,a.118,a.118.7,a.118.7.1,231
d1zb1a_,SCOPe-ALL,family,a.118.8.1,a,a.118,a.118.8,a.118.8.1,367
d1ihga1,SCOPe-ALL,family,a.118.8.1,a,a.118,a.118.8,a.118.8.1,169
d1elwa_,SCOPe-ALL,family,a.118.8.1,a,a.118,a.118.8,a.118.8.1,117
d3eska1,SCOPe-ALL,family,a.118.8.1,a,a.118,a.118.8,a.118.8.1,127
d1xnfa_,SCOPe-ALL,family,a.118.8.1,a,a.118,a.118.8,a.118.8.1,259
d4gq4a2,SCOPe-ALL,family,a.118.8.1,a,a.118,a.118.8,a.118.8.1,269
d1nzna1,SCOPe-ALL,family,a.118.8.1,a,a.118,a.118.8,a.118.8.1,121
d1zu2a1,SCOPe-ALL,family,a.118.8.1,a,a.118,a.118.8,a.118.8.1,145
d1w3ba_,SCOPe-ALL,family,a.118.8.1,a,a.118,a.118.8,a.118.8.1,388
d2vsna1,SCOPe-ALL,family,a.118.8.1,a,a.118,a.118.8,a.118.8.1,168
d1fcha_,SCOPe-ALL,family,a.118.8.1,a,a.118,a.118.8,a.118.8.1,323
d1hxia_,SCOPe-ALL,family,a.118.8.1,a,a.118,a.118.8,a.118.8.1,112
d5ganj_,SCOPe-ALL,family,a.118.8.1,a,a.118,a.118.8,a.118.8.1,744
d5o9zg_,SCOPe-ALL,family,a.118.8.1,a,a.118,a.118.8,a.118.8.1,936
d1a17a_,SCOPe-ALL,family,a.118.8.1,a,a.118,a.118.8,a.118.8.1,159
d2fbna1,SCOPe-ALL,family,a.118.8.1,a,a.118,a.118.8,a.118.8.1,153
d1ya0a1,SCOPe-ALL,family,a.118.8.1,a,a.118,a.118.8,a.118.8.1,497
d1qqea_,SCOPe-ALL,family,a.118.8.1,a,a.118,a.118.8,a.118.8.1,290
d2q7fa1,SCOPe-ALL,family,a.118.8.1,a,a.118,a.118.8,a.118.8.1,65
d3o48a1,SCOPe-ALL,family,a.118.8.1,a,a.118,a.118.8,a.118.8.1,123
d1wm5a2,SCOPe-ALL,family,a.118.8.1,a,a.118,a.118.8,a.118.8.1,203
d2vyia_,SCOPe-ALL,family,a.118.8.1,a,a.118,a.118.8,a.118.8.1,131
d6evla_,SCOPe-ALL,family,a.118.8.1,a,a.118,a.118.8,a.118.8.1,94
d2vgxa1,SCOPe-ALL,family,a.118.8.1,a,a.118,a.118.8,a.118.8.1,64
d1hz4a_,SCOPe-ALL,family,a.118.8.2,a,a.118,a.118.8,a.118.8.2,366
d2ff4a2,SCOPe-ALL,family,a.118.8.3,a,a.118,a.118.8,a.118.8.3,179
d2awia2,SCOPe-ALL,family,a.118.8.4,a,a.118,a.118.8,a.118.8.4,231
d2i6ha1,SCOPe-ALL,family,a.118.8.5,a,a.118,a.118.8,a.118.8.5,179
d3ckca_,SCOPe-ALL,family,a.118.8.6,a,a.118,a.118.8,a.118.8.6,511
d3cgha1,SCOPe-ALL,family,a.118.8.6,a,a.118,a.118.8,a.118.8.6,507
d2onda1,SCOPe-ALL,family,a.118.8.7,a,a.118,a.118.8,a.118.8.7,308
d2hr2a1,SCOPe-ALL,family,a.118.8.8,a,a.118,a.118.8,a.118.8.8,156
d4lcta1,SCOPe-ALL,family,a.118.8.9,a,a.118,a.118.8,a.118.8.9,293
d3chma1,SCOPe-ALL,family,a.118.8.9,a,a.118,a.118.8,a.118.8.9,84
d1rz4a2,SCOPe-ALL,family,a.118.8.9,a,a.118,a.118.8,a.118.8.9,130
d4cr2t1,SCOPe-ALL,family,a.118.8.9,a,a.118,a.118.8,a.118.8.9,178
d4cr2s1,SCOPe-ALL,family,a.118.8.9,a,a.118,a.118.8,a.118.8.9,257
d4cr2p1,SCOPe-ALL,family,a.118.8.9,a,a.118,a.118.8,a.118.8.9,298
d3txna1,SCOPe-ALL,family,a.118.8.9,a,a.118,a.118.8,a.118.8.9,285
d4cr2r1,SCOPe-ALL,family,a.118.8.9,a,a.118,a.118.8,a.118.8.9,302
d2mr3a1,SCOPe-ALL,family,a.118.8.9,a,a.118,a.118.8,a.118.8.9,277
d4g26a1,SCOPe-ALL,family,a.118.8.10,a,a.118,a.118.8,a.118.8.10,205
d3mx3a_,SCOPe-ALL,family,a.118.8.0,a,a.118,a.118.8,a.118.8.0,472
d4f53a_,SCOPe-ALL,family,a.118.8.0,a,a.118,a.118.8,a.118.8.0,498
d3fdha_,SCOPe-ALL,family,a.118.8.0,a,a.118,a.118.8,a.118.8.0,482
d3ehma_,SCOPe-ALL,family,a.118.8.0,a,a.118,a.118.8,a.118.8.0,510
d3sgha_,SCOPe-ALL,family,a.118.8.0,a,a.118,a.118.8,a.118.8.0,484
d4lera_,SCOPe-ALL,family,a.118.8.0,a,a.118,a.118.8,a.118.8.0,457
d5lypa1,SCOPe-ALL,family,a.118.8.0,a,a.118,a.118.8,a.118.8.0,136
d5j90a_,SCOPe-ALL,family,a.118.8.0,a,a.118,a.118.8,a.118.8.0,482
d6zbka_,SCOPe-ALL,family,a.118.8.0,a,a.118,a.118.8,a.118.8.0,117
d6px0a_,SCOPe-ALL,family,a.118.8.0,a,a.118,a.118.8,a.118.8.0,135
d5mjza_,SCOPe-ALL,family,a.118.8.0,a,a.118,a.118.8,a.118.8.0,361
d6kp3a_,SCOPe-ALL,family,a.118.8.0,a,a.118,a.118.8,a.118.8.0,357
d5ompa3,SCOPe-ALL,family,a.118.8.0,a,a.118,a.118.8,a.118.8.0,171
d4kbqa_,SCOPe-ALL,family,a.118.8.0,a,a.118,a.118.8,a.118.8.0,130
d6i57a1,SCOPe-ALL,family,a.118.8.0,a,a.118,a.118.8,a.118.8.0,121
d7beva1,SCOPe-ALL,family,a.118.8.0,a,a.118,a.118.8,a.118.8.0,122
d4gcoa_,SCOPe-ALL,family,a.118.8.0,a,a.118,a.118.8,a.118.8.0,120
d3rkva_,SCOPe-ALL,family,a.118.8.0,a,a.118,a.118.8,a.118.8.0,147
d4j8ea_,SCOPe-ALL,family,a.118.8.0,a,a.118,a.118.8,a.118.8.0,119
d2if4a2,SCOPe-ALL,family,a.118.8.0,a,a.118,a.118.8,a.118.8.0,132
d2f42a1,SCOPe-ALL,family,a.118.8.0,a,a.118,a.118.8,a.118.8.0,78
d1h0aa_,SCOPe-ALL,family,a.118.9.1,a,a.118,a.118.9,a.118.9.1,158
d1ujka_,SCOPe-ALL,family,a.118.9.2,a,a.118,a.118.9,a.118.9.2,145
d1elka_,SCOPe-ALL,family,a.118.9.2,a,a.118,a.118.9,a.118.9.2,153
d1hf8a2,SCOPe-ALL,family,a.118.9.3,a,a.118,a.118.9,a.118.9.3,131
d1sz9a1,SCOPe-ALL,family,a.118.9.4,a,a.118,a.118.9,a.118.9.4,139
d4flda_,SCOPe-ALL,family,a.118.9.4,a,a.118,a.118.9,a.118.9.4,129
d3d9ja1,SCOPe-ALL,family,a.118.9.4,a,a.118,a.118.9,a.118.9.4,135
d5woza1,SCOPe-ALL,family,a.118.9.0,a,a.118,a.118.9,a.118.9.0,127
d3zyqa1,SCOPe-ALL,family,a.118.9.0,a,a.118,a.118.9,a.118.9.0,142
d4flba_,SCOPe-ALL,family,a.118.9.0,a,a.118,a.118.9,a.118.9.0,131
d3ldza_,SCOPe-ALL,family,a.118.9.0,a,a.118,a.118.9,a.118.9.0,140
d7cohe_,SCOPe-ALL,family,a.118.11.1,a,a.118,a.118.11,a.118.11.1,102
d6t0bf_,SCOPe-ALL,family,a.118.11.0,a,a.118,a.118.11,a.118.11.0,102
d2grrb_,SCOPe-ALL,family,a.118.12.1,a,a.118,a.118.12,a.118.12.1,157
d1k8kg_,SCOPe-ALL,family,a.118.13.1,a,a.118,a.118.13,a.118.13.1,143
d4fhrb1,SCOPe-ALL,family,a.118.14.1,a,a.118,a.118.14,a.118.14.1,213
d3uswa_,SCOPe-ALL,family,a.118.14.0,a,a.118,a.118.14,a.118.14.0,219
d1l5ja1,SCOPe-ALL,family,a.118.15.1,a,a.118,a.118.15,a.118.15.1,160
d3axja1,SCOPe-ALL,family,a.118.16.0,a,a.118,a.118.16,a.118.16.0,221
d1ldja2,SCOPe-ALL,family,a.118.17.1,a,a.118,a.118.17,a.118.17.1,394
d2d2sa1,SCOPe-ALL,family,a.118.17.2,a,a.118,a.118.17,a.118.17.2,229
d2b1ea_,SCOPe-ALL,family,a.118.17.2,a,a.118,a.118.17,a.118.17.2,557
d6i2mb_,SCOPe-ALL,family,a.118.17.0,a,a.118,a.118.17,a.118.17.0,358
d4a64a1,SCOPe-ALL,family,a.118.17.0,a,a.118,a.118.17,a.118.17.0,346
d2wzka1,SCOPe-ALL,family,a.118.17.0,a,a.118,a.118.17,a.118.17.0,375
d1klxa_,SCOPe-ALL,family,a.118.18.1,a,a.118,a.118.18,a.118.18.1,133
d1ouva1,SCOPe-ALL,family,a.118.18.1,a,a.118,a.118.18,a.118.18.1,263
d1q2za_,SCOPe-ALL,family,a.118.19.1,a,a.118,a.118.19,a.118.19.1,120
d1wy6a_,SCOPe-ALL,family,a.118.20.1,a,a.118,a.118.20,a.118.20.1,161
d1kx9a_,SCOPe-ALL,family,a.118.21.1,a,a.118,a.118.21,a.118.21.1,108
d1n4ka1,SCOPe-ALL,family,a.118.22.1,a,a.118,a.118.22,a.118.22.1,167
d2a9ua1,SCOPe-ALL,family,a.118.23.1,a,a.118,a.118.23,a.118.23.1,134
d2ajaa1,SCOPe-ALL,family,a.118.24.1,a,a.118,a.118.24,a.118.24.1,346
d1yvra1,SCOPe-ALL,family,a.118.25.1,a,a.118,a.118.25,a.118.25.1,359
d2ouxa1,SCOPe-ALL,family,a.118.26.1,a,a.118,a.118.26,a.118.26.1,130
d2yvya1,SCOPe-ALL,family,a.118.26.0,a,a.118,a.118.26,a.118.26.0,127
d2f6hx_,SCOPe-ALL,family,a.118.27.1,a,a.118,a.118.27,a.118.27.1,419
d3mmia_,SCOPe-ALL,family,a.118.27.1,a,a.118,a.118.27,a.118.27.1,342
d6ku0a_,SCOPe-ALL,family,a.118.27.1,a,a.118,a.118.27,a.118.27.1,383
d4cr2z2,SCOPe-ALL,family,a.118.28.1,a,a.118,a.118.28,a.118.28.1,319
d4adya2,SCOPe-ALL,family,a.118.28.1,a,a.118,a.118.28,a.118.28.1,305
d5r0db2,SCOPe-ALL,family,a.118.29.1,a,a.118,a.118.29,a.118.29.1,148
d5f5ta_,SCOPe-ALL,family,a.118.30.1,a,a.118,a.118.30,a.118.30.1,215
d4rz9a_,SCOPe-ALL,family,a.118.30.1,a,a.118,a.118.30,a.118.30.1,179
d3pzwa2,SCOPe-ALL,family,a.119.1.1,a,a.119,a.119.1,a.119.1.1,690
d3v98a2,SCOPe-ALL,family,a.119.1.0,a,a.119,a.119.1,a.119.1.0,559
d1c1ka_,SCOPe-ALL,family,a.120.1.1,a,a.120,a.120.1,a.120.1.1,217
d1ui5a2,SCOPe-ALL,family,a.121.1.1,a,a.121,a.121.1,a.121.1.1,133
d3q0wa2,SCOPe-ALL,family,a.121.1.1,a,a.121,a.121.1,a.121.1.1,120
d4jyka2,SCOPe-ALL,family,a.121.1.1,a,a.121,a.121.1,a.121.1.1,126
d1rkta2,SCOPe-ALL,family,a.121.1.1,a,a.121,a.121.1,a.121.1.1,123
d1vi0a2,SCOPe-ALL,family,a.121.1.1,a,a.121,a.121.1,a.121.1.1,117
d3br0a2,SCOPe-ALL,family,a.121.1.1,a,a.121,a.121.1,a.121.1.1,115
d2gena2,SCOPe-ALL,family,a.121.1.1,a,a.121,a.121.1,a.121.1.1,118
d2fd5a2,SCOPe-ALL,family,a.121.1.1,a,a.121,a.121.1,a.121.1.1,104
d2gfna2,SCOPe-ALL,family,a.121.1.1,a,a.121,a.121.1,a.121.1.1,119
d2d6ya2,SCOPe-ALL,family,a.121.1.1,a,a.121,a.121.1,a.121.1.1,118
d2oi8a2,SCOPe-ALL,family,a.121.1.1,a,a.121,a.121.1,a.121.1.1,130
d2g3ba2,SCOPe-ALL,family,a.121.1.1,a,a.121,a.121.1,a.121.1.1,116
d2g7sa2,SCOPe-ALL,family,a.121.1.1,a,a.121,a.121.1,a.121.1.1,116
d2g7ga2,SCOPe-ALL,family,a.121.1.1,a,a.121,a.121.1,a.121.1.1,132
d2hkua2,SCOPe-ALL,family,a.121.1.1,a,a.121,a.121.1,a.121.1.1,121
d2i10a2,SCOPe-ALL,family,a.121.1.1,a,a.121,a.121.1,a.121.1.1,116
d2np3a2,SCOPe-ALL,family,a.121.1.1,a,a.121,a.121.1,a.121.1.1,112
d3c07a2,SCOPe-ALL,family,a.121.1.1,a,a.121,a.121.1,a.121.1.1,146
d2hyja2,SCOPe-ALL,family,a.121.1.1,a,a.121,a.121.1,a.121.1.1,118
d2id3a2,SCOPe-ALL,family,a.121.1.1,a,a.121,a.121.1,a.121.1.1,123
d2g7la2,SCOPe-ALL,family,a.121.1.1,a,a.121,a.121.1,a.121.1.1,144
d1sgma2,SCOPe-ALL,family,a.121.1.1,a,a.121,a.121.1,a.121.1.1,111
d1t33a2,SCOPe-ALL,family,a.121.1.1,a,a.121,a.121.1,a.121.1.1,132
d2xpwa2,SCOPe-ALL,family,a.121.1.1,a,a.121,a.121.1,a.121.1.1,141
d2iu5a2,SCOPe-ALL,family,a.121.1.1,a,a.121,a.121.1,a.121.1.1,109
d2fq4a2,SCOPe-ALL,family,a.121.1.1,a,a.121,a.121.1,a.121.1.1,115
d1zk8a2,SCOPe-ALL,family,a.121.1.1,a,a.121,a.121.1,a.121.1.1,105
d2o7ta2,SCOPe-ALL,family,a.121.1.1,a,a.121,a.121.1,a.121.1.1,110
d2yvea2,SCOPe-ALL,family,a.121.1.1,a,a.121,a.121.1,a.121.1.1,101
d1z0xa2,SCOPe-ALL,family,a.121.1.1,a,a.121,a.121.1,a.121.1.1,149
d2fbqa2,SCOPe-ALL,family,a.121.1.1,a,a.121,a.121.1,a.121.1.1,134
d2np5a2,SCOPe-ALL,family,a.121.1.1,a,a.121,a.121.1,a.121.1.1,118
d2id6a2,SCOPe-ALL,family,a.121.1.1,a,a.121,a.121.1,a.121.1.1,125
d2jk3a2,SCOPe-ALL,family,a.121.1.1,a,a.121,a.121.1,a.121.1.1,114
d1osha1,SCOPe-ALL,family,a.123.1.1,a,a.123,a.123.1,a.123.1.1,228
d3olla_,SCOPe-ALL,family,a.123.1.1,a,a.123,a.123.1,a.123.1.1,237
d1pzla_,SCOPe-ALL,family,a.123.1.1,a,a.123,a.123.1,a.123.1.1,233
d1xvpb_,SCOPe-ALL,family,a.123.1.1,a,a.123,a.123.1,a.123.1.1,246
d3v3ea_,SCOPe-ALL,family,a.123.1.1,a,a.123,a.123.1,a.123.1.1,238
d1nq7a_,SCOPe-ALL,family,a.123.1.1,a,a.123,a.123.1,a.123.1.1,244
d6kaxa_,SCOPe-ALL,family,a.123.1.1,a,a.123,a.123.1,a.123.1.1,269
d7axea_,SCOPe-ALL,family,a.123.1.1,a,a.123,a.123.1,a.123.1.1,295
d1fcya_,SCOPe-ALL,family,a.123.1.1,a,a.123,a.123.1,a.123.1.1,236
d3ilza1,SCOPe-ALL,family,a.123.1.1,a,a.123,a.123.1,a.123.1.1,263
d1g2na_,SCOPe-ALL,family,a.123.1.1,a,a.123,a.123.1,a.123.1.1,256
d3vhva1,SCOPe-ALL,family,a.123.1.1,a,a.123,a.123.1,a.123.1.1,258
d2e2ra_,SCOPe-ALL,family,a.123.1.1,a,a.123,a.123.1,a.123.1.1,228
d3a40x_,SCOPe-ALL,family,a.123.1.1,a,a.123,a.123.1,a.123.1.1,255
d3plza_,SCOPe-ALL,family,a.123.1.1,a,a.123,a.123.1,a.123.1.1,239
d3fc6b_,SCOPe-ALL,family,a.123.1.1,a,a.123,a.123.1,a.123.1.1,241
d7bjud_,SCOPe-ALL,family,a.123.1.1,a,a.123,a.123.1,a.123.1.1,243
d3ltxa_,SCOPe-ALL,family,a.123.1.0,a,a.123,a.123.1,a.123.1.0,226
d2iz2a1,SCOPe-ALL,family,a.123.1.0,a,a.123,a.123.1,a.123.1.0,236
d3cjwa1,SCOPe-ALL,family,a.123.1.0,a,a.123,a.123.1,a.123.1.0,233
d1ca1a1,SCOPe-ALL,family,a.124.1.1,a,a.124,a.124.1,a.124.1.1,249
d1p5xa_,SCOPe-ALL,family,a.124.1.1,a,a.124,a.124.1,a.124.1.1,245
d5fbfa_,SCOPe-ALL,family,a.124.1.0,a,a.124,a.124.1,a.124.1.0,267
d4cxpa1,SCOPe-ALL,family,a.124.1.0,a,a.124,a.124.1,a.124.1.0,263
d1kxpd1,SCOPe-ALL,family,a.126.1.1,a,a.126,a.126.1,a.126.1.1,198
d1kxpd2,SCOPe-ALL,family,a.126.1.1,a,a.126,a.126.1,a.126.1.1,190
d1kxpd3,SCOPe-ALL,family,a.126.1.1,a,a.126,a.126.1,a.126.1.1,69
d6hn1a1,SCOPe-ALL,family,a.126.1.0,a,a.126,a.126.1,a.126.1.0,195
d6hn1a2,SCOPe-ALL,family,a.126.1.0,a,a.126,a.126.1,a.126.1.0,192
d6hn1a3,SCOPe-ALL,family,a.126.1.0,a,a.126,a.126.1,a.126.1.0,196
d1dofa_,SCOPe-ALL,family,a.127.1.1,a,a.127,a.127.1,a.127.1.1,402
d1c3ca_,SCOPe-ALL,family,a.127.1.1,a,a.127,a.127.1,a.127.1.1,429
d1tjva_,SCOPe-ALL,family,a.127.1.1,a,a.127,a.127.1,a.127.1.1,449
d1jswa_,SCOPe-ALL,family,a.127.1.1,a,a.127,a.127.1,a.127.1.1,459
d7miwa1,SCOPe-ALL,family,a.127.1.1,a,a.127,a.127.1,a.127.1.1,462
d1gkma_,SCOPe-ALL,family,a.127.1.2,a,a.127,a.127.1,a.127.1.2,509
d1y2ma_,SCOPe-ALL,family,a.127.1.2,a,a.127,a.127.1,a.127.1.2,690
d1w27a_,SCOPe-ALL,family,a.127.1.2,a,a.127,a.127.1,a.127.1.2,692
d2j84a_,SCOPe-ALL,family,a.127.1.0,a,a.127,a.127.1,a.127.1.0,470
d3bhga_,SCOPe-ALL,family,a.127.1.0,a,a.127,a.127.1,a.127.1.0,454
d3c8ta_,SCOPe-ALL,family,a.127.1.0,a,a.127,a.127.1,a.127.1.0,438
d6iemb_,SCOPe-ALL,family,a.127.1.0,a,a.127,a.127.1,a.127.1.0,464
d6s7ja_,SCOPe-ALL,family,a.127.1.0,a,a.127,a.127.1,a.127.1.0,497
d1rtra_,SCOPe-ALL,family,a.128.1.1,a,a.128,a.128.1,a.128.1.1,290
d2fvia_,SCOPe-ALL,family,a.128.1.1,a,a.128,a.128.1,a.128.1.1,291
d1v4ea_,SCOPe-ALL,family,a.128.1.1,a,a.128,a.128.1,a.128.1.1,280
d4demf_,SCOPe-ALL,family,a.128.1.1,a,a.128,a.128.1,a.128.1.1,346
d3vj8a_,SCOPe-ALL,family,a.128.1.2,a,a.128,a.128.1,a.128.1.2,335
d3m00a2,SCOPe-ALL,family,a.128.1.3,a,a.128,a.128.1,a.128.1.3,328
d6wkca_,SCOPe-ALL,family,a.128.1.4,a,a.128,a.128.1,a.128.1.4,303
d4kwda_,SCOPe-ALL,family,a.128.1.4,a,a.128,a.128.1,a.128.1.4,304
d2ps5a_,SCOPe-ALL,family,a.128.1.5,a,a.128,a.128.1,a.128.1.5,353
d4fjqa2,SCOPe-ALL,family,a.128.1.0,a,a.128,a.128.1,a.128.1.0,328
d3npka1,SCOPe-ALL,family,a.128.1.0,a,a.128,a.128.1,a.128.1.0,280
d3ucaa_,SCOPe-ALL,family,a.128.1.0,a,a.128,a.128.1,a.128.1.0,291
d2q58a_,SCOPe-ALL,family,a.128.1.0,a,a.128,a.128.1,a.128.1.0,335
d3loma1,SCOPe-ALL,family,a.128.1.0,a,a.128,a.128.1,a.128.1.0,302
d3ipia_,SCOPe-ALL,family,a.128.1.0,a,a.128,a.128.1,a.128.1.0,282
d3n0fa2,SCOPe-ALL,family,a.128.1.0,a,a.128,a.128.1,a.128.1.0,330
d3lsna1,SCOPe-ALL,family,a.128.1.0,a,a.128,a.128.1,a.128.1.0,290
d6a1ia2,SCOPe-ALL,family,a.128.1.0,a,a.128,a.128.1,a.128.1.0,328
d4lfea1,SCOPe-ALL,family,a.128.1.0,a,a.128,a.128.1,a.128.1.0,289
d6q4sa_,SCOPe-ALL,family,a.128.1.0,a,a.128,a.128.1,a.128.1.0,313
d5i1ua_,SCOPe-ALL,family,a.128.1.0,a,a.128,a.128.1,a.128.1.0,310
d5nx5a_,SCOPe-ALL,family,a.128.1.0,a,a.128,a.128.1,a.128.1.0,292
d5nx7a1,SCOPe-ALL,family,a.128.1.0,a,a.128,a.128.1,a.128.1.0,312
d6egka_,SCOPe-ALL,family,a.128.1.0,a,a.128,a.128.1,a.128.1.0,312
d7kjga_,SCOPe-ALL,family,a.128.1.0,a,a.128,a.128.1,a.128.1.0,340
d5dz2a_,SCOPe-ALL,family,a.128.1.0,a,a.128,a.128.1,a.128.1.0,326
d7bzba2,SCOPe-ALL,family,a.128.1.0,a,a.128,a.128.1,a.128.1.0,329
d4wk5a1,SCOPe-ALL,family,a.128.1.0,a,a.128,a.128.1,a.128.1.0,268
d5c05a2,SCOPe-ALL,family,a.128.1.0,a,a.128,a.128.1,a.128.1.0,328
d6sdpa_,SCOPe-ALL,family,a.128.1.0,a,a.128,a.128.1,a.128.1.0,362
d1kp8a1,SCOPe-ALL,family,a.129.1.1,a,a.129,a.129.1,a.129.1.1,253
d1q3qa1,SCOPe-ALL,family,a.129.1.2,a,a.129,a.129.1,a.129.1.2,259
d1ecma_,SCOPe-ALL,family,a.130.1.1,a,a.130,a.130.1,a.130.1.1,91
d2d8da1,SCOPe-ALL,family,a.130.1.1,a,a.130,a.130.1,a.130.1.1,80
d1ybza1,SCOPe-ALL,family,a.130.1.1,a,a.130,a.130.1,a.130.1.1,74
d3reta_,SCOPe-ALL,family,a.130.1.1,a,a.130,a.130.1,a.130.1.1,97
d5csma_,SCOPe-ALL,family,a.130.1.2,a,a.130,a.130.1,a.130.1.2,256
d2gtvx1,SCOPe-ALL,family,a.130.1.3,a,a.130,a.130.1,a.130.1.3,101
d2fp1a_,SCOPe-ALL,family,a.130.1.4,a,a.130,a.130.1,a.130.1.4,165
d6cnza_,SCOPe-ALL,family,a.130.1.0,a,a.130,a.130.1,a.130.1.0,161
d5ts9a_,SCOPe-ALL,family,a.130.1.0,a,a.130,a.130.1,a.130.1.0,164
d4ppua_,SCOPe-ALL,family,a.130.1.0,a,a.130,a.130.1,a.130.1.0,262
d1pprm1,SCOPe-ALL,family,a.131.1.1,a,a.131,a.131.1,a.131.1.1,156
d1wzda_,SCOPe-ALL,family,a.132.1.1,a,a.132,a.132.1,a.132.1.1,209
d3czya_,SCOPe-ALL,family,a.132.1.1,a,a.132,a.132.1,a.132.1.1,214
d1j77a_,SCOPe-ALL,family,a.132.1.2,a,a.132,a.132.1,a.132.1.2,200
d1sk7a_,SCOPe-ALL,family,a.132.1.2,a,a.132,a.132.1,a.132.1.2,187
d2a2ma1,SCOPe-ALL,family,a.132.1.3,a,a.132,a.132.1,a.132.1.3,231
d1wwma1,SCOPe-ALL,family,a.132.1.3,a,a.132,a.132.1,a.132.1.3,180
d1udda_,SCOPe-ALL,family,a.132.1.3,a,a.132,a.132.1,a.132.1.3,215
d1rtwa_,SCOPe-ALL,family,a.132.1.3,a,a.132,a.132.1,a.132.1.3,206
d1yaka_,SCOPe-ALL,family,a.132.1.3,a,a.132,a.132.1,a.132.1.3,219
d2q4xa_,SCOPe-ALL,family,a.132.1.3,a,a.132,a.132.1,a.132.1.3,215
d3hlxa1,SCOPe-ALL,family,a.132.1.4,a,a.132,a.132.1,a.132.1.4,250
d1rcwa_,SCOPe-ALL,family,a.132.1.4,a,a.132,a.132.1,a.132.1.4,213
d3ibxa1,SCOPe-ALL,family,a.132.1.0,a,a.132,a.132.1,a.132.1.0,217
d3mvua_,SCOPe-ALL,family,a.132.1.0,a,a.132,a.132.1,a.132.1.0,225
d3no6a1,SCOPe-ALL,family,a.132.1.0,a,a.132,a.132.1,a.132.1.0,227
d1z72a_,SCOPe-ALL,family,a.132.1.0,a,a.132,a.132.1,a.132.1.0,217
d2qzca_,SCOPe-ALL,family,a.132.1.0,a,a.132,a.132.1,a.132.1.0,211
d1poca_,SCOPe-ALL,family,a.133.1.1,a,a.133,a.133.1,a.133.1.1,134
d1g4ia_,SCOPe-ALL,family,a.133.1.2,a,a.133,a.133.1,a.133.1.2,123
d5owca_,SCOPe-ALL,family,a.133.1.2,a,a.133,a.133.1,a.133.1.2,122
d2g58a_,SCOPe-ALL,family,a.133.1.2,a,a.133,a.133.1,a.133.1.2,121
d1lwba_,SCOPe-ALL,family,a.133.1.3,a,a.133,a.133.1,a.133.1.3,122
d2aiba_,SCOPe-ALL,family,a.134.1.1,a,a.134,a.134.1,a.134.1.1,98
d4bkha1,SCOPe-ALL,family,a.135.1.1,a,a.135,a.135.1,a.135.1.1,90
d3mw6a_,SCOPe-ALL,family,a.136.1.1,a,a.136,a.136.1,a.136.1.1,122
d1dvoa_,SCOPe-ALL,family,a.136.1.1,a,a.136,a.136.1,a.136.1.1,152
d1vq821,SCOPe-ALL,family,a.137.1.1,a,a.137,a.137.1,a.137.1.1,49
d2ad6b_,SCOPe-ALL,family,a.137.2.1,a,a.137,a.137.2,a.137.2.1,69
d3v5wg_,SCOPe-ALL,family,a.137.3.1,a,a.137,a.137.3,a.137.3.1,57
d1tbge_,SCOPe-ALL,family,a.137.3.1,a,a.137,a.137.3,a.137.3.1,68
d1hfes_,SCOPe-ALL,family,a.137.4.1,a,a.137,a.137.4,a.137.4.1,88
d1ef1c_,SCOPe-ALL,family,a.137.5.1,a,a.137,a.137.5,a.137.5.1,90
d1dpjb_,SCOPe-ALL,family,a.137.7.1,a,a.137,a.137.7,a.137.7.1,29
d2hld1_,SCOPe-ALL,family,a.137.8.1,a,a.137,a.137.8,a.137.8.1,37
d2jdii_,SCOPe-ALL,family,a.137.8.1,a,a.137,a.137.8,a.137.8.1,25
d1pbyc_,SCOPe-ALL,family,a.137.9.1,a,a.137,a.137.9,a.137.9.1,79
d3ryce1,SCOPe-ALL,family,a.137.10.1,a,a.137,a.137.10,a.137.10.1,141
d1rp3b_,SCOPe-ALL,family,a.137.11.1,a,a.137,a.137.11,a.137.11.1,87
d3ip4c_,SCOPe-ALL,family,a.137.12.1,a,a.137,a.137.12,a.137.12.1,92
d1wmib1,SCOPe-ALL,family,a.137.13.1,a,a.137,a.137.13,a.137.13.1,61
d2fo1d1,SCOPe-ALL,family,a.137.14.1,a,a.137,a.137.14,a.137.14.1,63
d2es4d1,SCOPe-ALL,family,a.137.15.1,a,a.137,a.137.15,a.137.15.1,280
d3caoa_,SCOPe-ALL,family,a.138.1.1,a,a.138,a.138.1,a.138.1.1,103
d1w7oa_,SCOPe-ALL,family,a.138.1.1,a,a.138,a.138.1,a.138.1.1,118
d1aqea_,SCOPe-ALL,family,a.138.1.1,a,a.138,a.138.1,a.138.1.1,110
d1gyoa_,SCOPe-ALL,family,a.138.1.1,a,a.138,a.138.1,a.138.1.1,106
d2ewka_,SCOPe-ALL,family,a.138.1.1,a,a.138,a.138.1,a.138.1.1,107
d1rwja_,SCOPe-ALL,family,a.138.1.1,a,a.138,a.138.1,a.138.1.1,81
d1ofwa_,SCOPe-ALL,family,a.138.1.1,a,a.138,a.138.1,a.138.1.1,293
d3bxua_,SCOPe-ALL,family,a.138.1.1,a,a.138,a.138.1,a.138.1.1,71
d3t6ec_,SCOPe-ALL,family,a.138.1.2,a,a.138,a.138.1,a.138.1.2,334
d1oaha_,SCOPe-ALL,family,a.138.1.3,a,a.138,a.138.1,a.138.1.3,482
d1ft5a_,SCOPe-ALL,family,a.138.1.3,a,a.138,a.138.1,a.138.1.3,211
d1h21a_,SCOPe-ALL,family,a.138.1.3,a,a.138,a.138.1,a.138.1.3,240
d1y0pa1,SCOPe-ALL,family,a.138.1.3,a,a.138,a.138.1,a.138.1.3,102
d1qo8a1,SCOPe-ALL,family,a.138.1.3,a,a.138,a.138.1,a.138.1.3,101
d1m1qa_,SCOPe-ALL,family,a.138.1.3,a,a.138,a.138.1,a.138.1.3,90
d1jnia_,SCOPe-ALL,family,a.138.1.3,a,a.138,a.138.1,a.138.1.3,68
d1ogyb_,SCOPe-ALL,family,a.138.1.3,a,a.138,a.138.1,a.138.1.3,127
d1sp3a_,SCOPe-ALL,family,a.138.1.3,a,a.138,a.138.1,a.138.1.3,442
d6m0qa_,SCOPe-ALL,family,a.138.1.3,a,a.138,a.138.1,a.138.1.3,504
d3bnja_,SCOPe-ALL,family,a.138.1.3,a,a.138,a.138.1,a.138.1.3,471
d2bq4a_,SCOPe-ALL,family,a.138.1.0,a,a.138,a.138.1,a.138.1.0,114
d1z1nx_,SCOPe-ALL,family,a.138.1.0,a,a.138,a.138.1,a.138.1.0,520
d2cclb1,SCOPe-ALL,family,a.139.1.1,a,a.139,a.139.1,a.139.1.1,59
d4uypb_,SCOPe-ALL,family,a.139.1.0,a,a.139,a.139.1,a.139.1.0,73
d2y3nb1,SCOPe-ALL,family,a.139.1.0,a,a.139,a.139.1,a.139.1.0,65
d2vn6b_,SCOPe-ALL,family,a.139.1.0,a,a.139,a.139.1,a.139.1.0,64
d4dh2b_,SCOPe-ALL,family,a.139.1.0,a,a.139,a.139.1,a.139.1.0,72
d5m0yb2,SCOPe-ALL,family,a.139.1.0,a,a.139,a.139.1,a.139.1.0,62
d7ndyg_,SCOPe-ALL,family,a.140.1.1,a,a.140,a.140.1,a.140.1.1,42
d1h9fa_,SCOPe-ALL,family,a.140.1.1,a,a.140,a.140.1,a.140.1.1,57
d1h9ea_,SCOPe-ALL,family,a.140.1.1,a,a.140,a.140.1,a.140.1.1,56
d1jeqa1,SCOPe-ALL,family,a.140.2.1,a,a.140,a.140.2,a.140.2.1,51
d1zrja1,SCOPe-ALL,family,a.140.2.1,a,a.140,a.140.2,a.140.2.1,37
d1kcfa1,SCOPe-ALL,family,a.140.2.1,a,a.140,a.140.2,a.140.2.1,36
d1v66a_,SCOPe-ALL,family,a.140.2.1,a,a.140,a.140.2,a.140.2.1,65
d1y02a1,SCOPe-ALL,family,a.140.2.1,a,a.140,a.140.2,a.140.2.1,44
d4uzwa1,SCOPe-ALL,family,a.140.2.1,a,a.140,a.140.2,a.140.2.1,49
d1a62a1,SCOPe-ALL,family,a.140.3.1,a,a.140,a.140.3,a.140.3.1,47
d2hjqa1,SCOPe-ALL,family,a.140.3.2,a,a.140,a.140.3,a.140.3.2,54
d2outa1,SCOPe-ALL,family,a.140.3.2,a,a.140,a.140.3,a.140.3.2,38
d1e7la1,SCOPe-ALL,family,a.140.4.1,a,a.140,a.140.4,a.140.4.1,54
d4zdsa1,SCOPe-ALL,family,a.140.5.1,a,a.140,a.140.5,a.140.5.1,131
d2dk4a1,SCOPe-ALL,family,a.140.6.1,a,a.140,a.140.6,a.140.6.1,63
d1ijya_,SCOPe-ALL,family,a.141.1.1,a,a.141,a.141.1,a.141.1.1,122
d5bpba_,SCOPe-ALL,family,a.141.1.0,a,a.141,a.141.1,a.141.1.0,119
d1h99a1,SCOPe-ALL,family,a.142.1.1,a,a.142,a.142.1,a.142.1.1,115
d1h99a2,SCOPe-ALL,family,a.142.1.1,a,a.142,a.142.1,a.142.1.1,107
d4g7he_,SCOPe-ALL,family,a.143.1.1,a,a.143,a.143.1,a.143.1.1,94
d1twff_,SCOPe-ALL,family,a.143.1.2,a,a.143,a.143.1,a.143.1.2,84
d1i2ta_,SCOPe-ALL,family,a.144.1.1,a,a.144,a.144.1,a.144.1.1,61
d1ifwa1,SCOPe-ALL,family,a.144.1.1,a,a.144,a.144.1,a.144.1.1,87
d1g9la1,SCOPe-ALL,family,a.144.1.1,a,a.144,a.144.1,a.144.1.1,139
d1nmra1,SCOPe-ALL,family,a.144.1.1,a,a.144,a.144.1,a.144.1.1,83
d6h7aa1,SCOPe-ALL,family,a.144.1.0,a,a.144,a.144.1,a.144.1.0,79
d2j01u1,SCOPe-ALL,family,a.144.2.1,a,a.144,a.144.2,a.144.2.1,117
d1g8ea_,SCOPe-ALL,family,a.145.1.1,a,a.145,a.145.1,a.145.1.1,98
d3bqoa_,SCOPe-ALL,family,a.146.1.1,a,a.146,a.146.1,a.146.1.1,207
d3bu8a_,SCOPe-ALL,family,a.146.1.1,a,a.146,a.146.1,a.146.1.1,204
d1k1fa_,SCOPe-ALL,family,a.147.1.1,a,a.147,a.147.1,a.147.1.1,67
d1k8ke_,SCOPe-ALL,family,a.148.1.1,a,a.148,a.148.1,a.148.1.1,174
d1u61a_,SCOPe-ALL,family,a.149.1.1,a,a.149,a.149.1,a.149.1.1,127
d2ez6a1,SCOPe-ALL,family,a.149.1.1,a,a.149,a.149.1,a.149.1.1,148
d1o0wa1,SCOPe-ALL,family,a.149.1.1,a,a.149,a.149.1,a.149.1.1,167
d1ztda1,SCOPe-ALL,family,a.149.1.2,a,a.149,a.149.1,a.149.1.2,124
d1tlha_,SCOPe-ALL,family,a.150.1.1,a,a.150,a.150.1,a.150.1.1,89
d1gpja1,SCOPe-ALL,family,a.151.1.1,a,a.151,a.151.1,a.151.1.1,102
d1knca_,SCOPe-ALL,family,a.152.1.1,a,a.152,a.152.1,a.152.1.1,174
d2q0ta1,SCOPe-ALL,family,a.152.1.1,a,a.152,a.152.1,a.152.1.1,257
d2af7a1,SCOPe-ALL,family,a.152.1.2,a,a.152,a.152.1,a.152.1.2,119
d1vkea_,SCOPe-ALL,family,a.152.1.2,a,a.152,a.152.1,a.152.1.2,118
d2gmya1,SCOPe-ALL,family,a.152.1.3,a,a.152,a.152.1,a.152.1.3,147
d2oyoa1,SCOPe-ALL,family,a.152.1.3,a,a.152,a.152.1,a.152.1.3,186
d3c1la_,SCOPe-ALL,family,a.152.1.3,a,a.152,a.152.1,a.152.1.3,184
d2ouwa1,SCOPe-ALL,family,a.152.1.4,a,a.152,a.152.1,a.152.1.4,134
d2cwqa1,SCOPe-ALL,family,a.152.1.4,a,a.152,a.152.1,a.152.1.4,117
d1kbha_,SCOPe-ALL,family,a.153.1.1,a,a.153,a.153.1,a.153.1.1,47
d7jflc_,SCOPe-ALL,family,a.153.1.1,a,a.153,a.153.1,a.153.1.1,36
d1l8wa_,SCOPe-ALL,family,a.154.1.1,a,a.154,a.154.1,a.154.1.1,291
d1ov9a_,SCOPe-ALL,family,a.155.1.1,a,a.155,a.155.1,a.155.1.1,45
d2l93a1,SCOPe-ALL,family,a.155.1.1,a,a.155,a.155.1,a.155.1.1,47
d1fjgm_,SCOPe-ALL,family,a.156.1.1,a,a.156,a.156.1,a.156.1.1,125
d1r2za1,SCOPe-ALL,family,a.156.1.2,a,a.156,a.156.1,a.156.1.2,94
d1tdza1,SCOPe-ALL,family,a.156.1.2,a,a.156,a.156.1,a.156.1.2,88
d1k3xa1,SCOPe-ALL,family,a.156.1.2,a,a.156,a.156.1,a.156.1.2,89
d2hkja1,SCOPe-ALL,family,a.156.1.3,a,a.156,a.156.1,a.156.1.3,78
d5itqa2,SCOPe-ALL,family,a.156.1.0,a,a.156,a.156.1,a.156.1.0,115
d1fs1b1,SCOPe-ALL,family,a.157.1.1,a,a.157,a.157.1,a.157.1.1,55
d1nexb1,SCOPe-ALL,family,a.158.1.1,a,a.158,a.158.1,a.158.1.1,100
d2ovrb1,SCOPe-ALL,family,a.158.1.1,a,a.158,a.158.1,a.158.1.1,102
d1p22a1,SCOPe-ALL,family,a.158.1.1,a,a.158,a.158.1,a.158.1.1,114
d1fs1a1,SCOPe-ALL,family,a.158.1.1,a,a.158,a.158.1,a.158.1.1,41
d3fxka2,SCOPe-ALL,family,a.159.1.0,a,a.159,a.159.1,a.159.1.0,72
d2cqna1,SCOPe-ALL,family,a.159.2.1,a,a.159,a.159.2,a.159.2.1,64
d2b7ea1,SCOPe-ALL,family,a.159.2.1,a,a.159,a.159.2,a.159.2.1,56
d2dofa1,SCOPe-ALL,family,a.159.2.1,a,a.159,a.159.2,a.159.2.1,72
d2doea1,SCOPe-ALL,family,a.159.2.1,a,a.159,a.159.2,a.159.2.1,70
d2l9va_,SCOPe-ALL,family,a.159.2.1,a,a.159,a.159.2,a.159.2.1,49
d2kisa1,SCOPe-ALL,family,a.159.2.1,a,a.159,a.159.2,a.159.2.1,66
d1s7za_,SCOPe-ALL,family,a.159.3.1,a,a.159,a.159.3,a.159.3.1,106
d1q1va1,SCOPe-ALL,family,a.159.4.1,a,a.159,a.159.4,a.159.4.1,67
d1uj8a1,SCOPe-ALL,family,a.159.5.1,a,a.159,a.159.5,a.159.5.1,64
d2hhpa1,SCOPe-ALL,family,a.160.1.1,a,a.160,a.160.1,a.160.1.1,150
d1px5a1,SCOPe-ALL,family,a.160.1.2,a,a.160,a.160.1,a.160.1.2,146
d1r89a1,SCOPe-ALL,family,a.160.1.3,a,a.160,a.160.1,a.160.1.3,115
d2b4va1,SCOPe-ALL,family,a.160.1.4,a,a.160,a.160.1,a.160.1.4,183
d2pbea1,SCOPe-ALL,family,a.160.1.5,a,a.160,a.160.1,a.160.1.5,145
d4k8va2,SCOPe-ALL,family,a.160.1.6,a,a.160,a.160.1,a.160.1.6,114
d1m1eb_,SCOPe-ALL,family,a.161.1.1,a,a.161,a.161.1,a.161.1.1,70
d1tf5a1,SCOPe-ALL,family,a.162.1.1,a,a.162,a.162.1,a.162.1.1,122
d1j0ta_,SCOPe-ALL,family,a.163.1.1,a,a.163,a.163.1,a.163.1.1,78
d1iyra_,SCOPe-ALL,family,a.164.1.1,a,a.164,a.164.1,a.164.1.1,83
d1j2ma_,SCOPe-ALL,family,a.165.1.1,a,a.165,a.165.1,a.165.1.1,99
d1p0ya1,SCOPe-ALL,family,a.166.1.1,a,a.166,a.166.1,a.166.1.1,172
d2joka_,SCOPe-ALL,family,a.168.1.1,a,a.168,a.168.1,a.168.1.1,184
d1gzsb_,SCOPe-ALL,family,a.168.1.1,a,a.168,a.168.1,a.168.1.1,165
d1t77a1,SCOPe-ALL,family,a.169.1.1,a,a.169,a.169.1,a.169.1.1,304
d1iyjb1,SCOPe-ALL,family,a.170.1.1,a,a.170,a.170.1,a.170.1.1,196
d1iyjb2,SCOPe-ALL,family,a.171.1.1,a,a.171,a.171.1,a.171.1.1,137
d1tf5a2,SCOPe-ALL,family,a.172.1.1,a,a.172,a.172.1,a.172.1.1,210
d1nkta2,SCOPe-ALL,family,a.172.1.1,a,a.172,a.172.1,a.172.1.1,220
d3dina2,SCOPe-ALL,family,a.172.1.1,a,a.172,a.172.1,a.172.1.1,198
d1vfga1,SCOPe-ALL,family,a.173.1.1,a,a.173,a.173.1,a.173.1.1,215
d1miwa1,SCOPe-ALL,family,a.173.1.1,a,a.173,a.173.1,a.173.1.1,265
d1ou5a1,SCOPe-ALL,family,a.173.1.1,a,a.173,a.173.1,a.173.1.1,204
d1khya_,SCOPe-ALL,family,a.174.1.1,a,a.174,a.174.1,a.174.1.1,139
d1qvra1,SCOPe-ALL,family,a.174.1.1,a,a.174,a.174.1,a.174.1.1,145
d1k6ka_,SCOPe-ALL,family,a.174.1.1,a,a.174,a.174.1,a.174.1.1,142
d6azya1,SCOPe-ALL,family,a.174.1.0,a,a.174,a.174.1,a.174.1.0,143
d6t6ka1,SCOPe-ALL,family,a.175.1.1,a,a.175,a.175.1,a.175.1.1,171
d1tj2a1,SCOPe-ALL,family,a.176.1.1,a,a.176,a.176.1,a.176.1.1,173
d1rp3a3,SCOPe-ALL,family,a.177.1.1,a,a.177,a.177.1,a.177.1.1,86
d1h3la_,SCOPe-ALL,family,a.177.1.1,a,a.177,a.177.1,a.177.1.1,75
d1siga1,SCOPe-ALL,family,a.177.1.1,a,a.177,a.177.1,a.177.1.1,333
d1or7a2,SCOPe-ALL,family,a.177.1.1,a,a.177,a.177.1,a.177.1.1,111
d4g7hf1,SCOPe-ALL,family,a.177.1.0,a,a.177,a.177.1,a.177.1.0,180
d1ng7a1,SCOPe-ALL,family,a.178.1.1,a,a.178,a.178.1,a.178.1.1,59
d1no1a1,SCOPe-ALL,family,a.179.1.1,a,a.179,a.179.1,a.179.1.1,66
d1or7c_,SCOPe-ALL,family,a.180.1.1,a,a.180,a.180.1,a.180.1.1,66
d1ny9a_,SCOPe-ALL,family,a.181.1.1,a,a.181,a.181.1,a.181.1.1,94
d1ng6a_,SCOPe-ALL,family,a.182.1.1,a,a.182,a.182.1,a.182.1.1,148
d2f2ab1,SCOPe-ALL,family,a.182.1.2,a,a.182,a.182.1,a.182.1.2,118
d2d6fc1,SCOPe-ALL,family,a.182.1.2,a,a.182,a.182.1,a.182.1.2,59
d1zq1c1,SCOPe-ALL,family,a.182.1.2,a,a.182,a.182.1,a.182.1.2,56
d1nt2b_,SCOPe-ALL,family,a.183.1.1,a,a.183,a.183.1,a.183.1.1,256
d5ganf2,SCOPe-ALL,family,a.183.1.1,a,a.183,a.183.1,a.183.1.1,304
d2ozbb1,SCOPe-ALL,family,a.183.1.1,a,a.183,a.183.1,a.183.1.1,249
d3nvia_,SCOPe-ALL,family,a.183.1.0,a,a.183,a.183.1,a.183.1.0,247
d1s9ua1,SCOPe-ALL,family,a.184.1.1,a,a.184,a.184.1,a.184.1.1,204
d2o9xa1,SCOPe-ALL,family,a.184.1.1,a,a.184,a.184.1,a.184.1.1,153
d1n1ca1,SCOPe-ALL,family,a.184.1.1,a,a.184,a.184.1,a.184.1.1,206
d2xola1,SCOPe-ALL,family,a.184.1.1,a,a.184,a.184.1,a.184.1.1,166
d1n81a_,SCOPe-ALL,family,a.185.1.1,a,a.185,a.185.1,a.185.1.1,186
d1v2za1,SCOPe-ALL,family,a.186.1.1,a,a.186,a.186.1,a.186.1.1,105
d1w53a_,SCOPe-ALL,family,a.186.1.2,a,a.186,a.186.1,a.186.1.2,84
d1ofcx3,SCOPe-ALL,family,a.187.1.1,a,a.187,a.187.1,a.187.1.1,102
d1mp1a1,SCOPe-ALL,family,a.188.1.1,a,a.188,a.188.1,a.188.1.1,108
d2f4mb2,SCOPe-ALL,family,a.189.1.1,a,a.189,a.189.1,a.189.1.1,60
d2qshx_,SCOPe-ALL,family,a.189.1.0,a,a.189,a.189.1,a.189.1.0,54
d6vg5a_,SCOPe-ALL,family,a.190.1.1,a,a.190,a.190.1,a.190.1.1,81
d5ygha_,SCOPe-ALL,family,a.190.1.0,a,a.190,a.190.1,a.190.1.0,73
d1o5ha_,SCOPe-ALL,family,a.191.1.1,a,a.191,a.191.1,a.191.1.1,200
d1pn1a_,SCOPe-ALL,family,a.192.1.1,a,a.192,a.192.1,a.192.1.1,176
d1uptb_,SCOPe-ALL,family,a.193.1.1,a,a.193,a.193.1,a.193.1.1,58
d1vf6a_,SCOPe-ALL,family,a.194.1.1,a,a.194,a.194.1,a.194.1.1,58
d1y74a1,SCOPe-ALL,family,a.194.1.1,a,a.194,a.194.1,a.194.1.1,57
d1vf6c1,SCOPe-ALL,family,a.194.1.1,a,a.194,a.194.1,a.194.1.1,48
d1rsob_,SCOPe-ALL,family,a.194.1.1,a,a.194,a.194.1,a.194.1.1,56
d1rsoa_,SCOPe-ALL,family,a.194.1.1,a,a.194,a.194.1,a.194.1.1,60
d1y74b_,SCOPe-ALL,family,a.194.1.1,a,a.194,a.194.1,a.194.1.1,50
d1y9ia_,SCOPe-ALL,family,a.195.1.1,a,a.195,a.195.1,a.195.1.1,159
d1q5za_,SCOPe-ALL,family,a.196.1.1,a,a.196,a.196.1,a.196.1.1,145
d1sdia1,SCOPe-ALL,family,a.198.1.1,a,a.198,a.198.1,a.198.1.1,212
d1izma_,SCOPe-ALL,family,a.199.1.1,a,a.199,a.199.1,a.199.1.1,170
d1nxha_,SCOPe-ALL,family,a.200.1.1,a,a.200,a.200.1,a.200.1.1,124
d2icwg_,SCOPe-ALL,family,a.202.1.1,a,a.202,a.202.1,a.202.1.1,213
d1yfsa1,SCOPe-ALL,family,a.203.1.1,a,a.203,a.203.1,a.203.1.1,217
d1w2ya_,SCOPe-ALL,family,a.204.1.1,a,a.204,a.204.1,a.204.1.1,229
d1vmga_,SCOPe-ALL,family,a.204.1.2,a,a.204,a.204.1,a.204.1.2,83
d5ie9a_,SCOPe-ALL,family,a.204.1.2,a,a.204,a.204.1,a.204.1.2,103
d6sqwa_,SCOPe-ALL,family,a.204.1.2,a,a.204,a.204.1,a.204.1.2,114
d2p06a1,SCOPe-ALL,family,a.204.1.3,a,a.204,a.204.1,a.204.1.3,84
d1yvwa1,SCOPe-ALL,family,a.204.1.4,a,a.204,a.204.1,a.204.1.4,92
d2a7wa1,SCOPe-ALL,family,a.204.1.4,a,a.204,a.204.1,a.204.1.4,91
d1y6xa1,SCOPe-ALL,family,a.204.1.4,a,a.204,a.204.1,a.204.1.4,87
d3obca1,SCOPe-ALL,family,a.204.1.0,a,a.204,a.204.1,a.204.1.0,100
d4dk2a_,SCOPe-ALL,family,a.204.1.0,a,a.204,a.204.1,a.204.1.0,279
d2q73a_,SCOPe-ALL,family,a.204.1.0,a,a.204,a.204.1,a.204.1.0,90
d1us7b_,SCOPe-ALL,family,a.205.1.1,a,a.205,a.205.1,a.205.1.1,201
d1n93x_,SCOPe-ALL,family,a.206.1.1,a,a.206,a.206.1,a.206.1.1,343
d1ux5a_,SCOPe-ALL,family,a.207.1.1,a,a.207,a.207.1,a.207.1.1,411
d1v9da_,SCOPe-ALL,family,a.207.1.1,a,a.207,a.207.1,a.207.1.1,332
d1un8a1,SCOPe-ALL,family,a.208.1.1,a,a.208,a.208.1,a.208.1.1,215
d3cr3a1,SCOPe-ALL,family,a.208.1.1,a,a.208,a.208.1,a.208.1.1,192
d3pnlb1,SCOPe-ALL,family,a.208.1.0,a,a.208,a.208.1,a.208.1.0,209
d1t5ja1,SCOPe-ALL,family,a.209.1.1,a,a.209,a.209.1,a.209.1.1,300
d2woea_,SCOPe-ALL,family,a.209.1.0,a,a.209,a.209.1,a.209.1.0,291
d1rf8b1,SCOPe-ALL,family,a.210.1.1,a,a.210,a.210.1,a.210.1.1,98
d2para_,SCOPe-ALL,family,a.211.1.1,a,a.211,a.211.1,a.211.1.1,186
d6ifka1,SCOPe-ALL,family,a.211.1.1,a,a.211,a.211.1,a.211.1.1,229
d4uw2a1,SCOPe-ALL,family,a.211.1.1,a,a.211,a.211.1,a.211.1.1,220
d1ynba1,SCOPe-ALL,family,a.211.1.1,a,a.211,a.211.1,a.211.1.1,167
d2heka1,SCOPe-ALL,family,a.211.1.1,a,a.211,a.211.1,a.211.1.1,369
d2gz4a1,SCOPe-ALL,family,a.211.1.1,a,a.211,a.211.1,a.211.1.1,200
d2hona_,SCOPe-ALL,family,a.211.1.1,a,a.211,a.211.1,a.211.1.1,454
d2pq7a1,SCOPe-ALL,family,a.211.1.1,a,a.211,a.211.1,a.211.1.1,217
d1vj7a1,SCOPe-ALL,family,a.211.1.1,a,a.211,a.211.1,a.211.1.1,192
d3b57a1,SCOPe-ALL,family,a.211.1.1,a,a.211,a.211.1,a.211.1.1,201
d2pjqa1,SCOPe-ALL,family,a.211.1.1,a,a.211,a.211.1,a.211.1.1,215
d2qgsa1,SCOPe-ALL,family,a.211.1.1,a,a.211,a.211.1,a.211.1.1,216
d2cqza_,SCOPe-ALL,family,a.211.1.1,a,a.211,a.211.1,a.211.1.1,173
d1taza_,SCOPe-ALL,family,a.211.1.2,a,a.211,a.211.1,a.211.1.2,357
d1y2ka_,SCOPe-ALL,family,a.211.1.2,a,a.211,a.211.1,a.211.1.2,326
d1so2a_,SCOPe-ALL,family,a.211.1.2,a,a.211,a.211.1,a.211.1.2,415
d1tbfa_,SCOPe-ALL,family,a.211.1.2,a,a.211,a.211.1,a.211.1.2,326
d3dy8a2,SCOPe-ALL,family,a.211.1.2,a,a.211,a.211.1,a.211.1.2,324
d1vqra1,SCOPe-ALL,family,a.211.1.3,a,a.211,a.211.1,a.211.1.3,285
d2ibna1,SCOPe-ALL,family,a.211.1.4,a,a.211,a.211.1,a.211.1.4,248
d1u6za1,SCOPe-ALL,family,a.211.1.5,a,a.211,a.211.1,a.211.1.5,197
d5bq9a1,SCOPe-ALL,family,a.211.1.6,a,a.211,a.211.1,a.211.1.6,293
d4qqwa1,SCOPe-ALL,family,a.211.1.7,a,a.211,a.211.1,a.211.1.7,246
d4w8ya1,SCOPe-ALL,family,a.211.1.8,a,a.211,a.211.1,a.211.1.8,216
d5tk8a_,SCOPe-ALL,family,a.211.1.0,a,a.211,a.211.1,a.211.1.0,191
d5dqva_,SCOPe-ALL,family,a.211.1.0,a,a.211,a.211.1,a.211.1.0,204
d6pbza3,SCOPe-ALL,family,a.211.1.0,a,a.211,a.211.1,a.211.1.0,189
d2ousa1,SCOPe-ALL,family,a.211.1.0,a,a.211,a.211.1,a.211.1.0,323
d1zkla_,SCOPe-ALL,family,a.211.1.0,a,a.211,a.211.1,a.211.1.0,317
d1z1la1,SCOPe-ALL,family,a.211.1.0,a,a.211,a.211.1,a.211.1.0,338
d3ecma_,SCOPe-ALL,family,a.211.1.0,a,a.211,a.211.1,a.211.1.0,338
d2r8qa_,SCOPe-ALL,family,a.211.1.0,a,a.211,a.211.1,a.211.1.0,335
d3m1ta1,SCOPe-ALL,family,a.211.1.0,a,a.211,a.211.1,a.211.1.0,274
d3v93a_,SCOPe-ALL,family,a.211.1.0,a,a.211,a.211.1,a.211.1.0,332
d1v65a1,SCOPe-ALL,family,a.212.1.1,a,a.212,a.212.1,a.212.1.1,51
d1rxqa_,SCOPe-ALL,family,a.213.1.1,a,a.213,a.213.1,a.213.1.1,174
d2p1aa1,SCOPe-ALL,family,a.213.1.2,a,a.213,a.213.1,a.213.1.2,142
d2f22a1,SCOPe-ALL,family,a.213.1.2,a,a.213,a.213.1,a.213.1.2,141
d2ou6a1,SCOPe-ALL,family,a.213.1.2,a,a.213,a.213.1,a.213.1.2,183
d2hkva1,SCOPe-ALL,family,a.213.1.2,a,a.213,a.213.1,a.213.1.2,147
d2oqma1,SCOPe-ALL,family,a.213.1.3,a,a.213,a.213.1,a.213.1.3,171
d2nsfa1,SCOPe-ALL,family,a.213.1.4,a,a.213,a.213.1,a.213.1.4,160
d1ojha_,SCOPe-ALL,family,a.214.1.1,a,a.214,a.214.1,a.214.1.1,52
d1sj7a1,SCOPe-ALL,family,a.215.1.1,a,a.215,a.215.1,a.215.1.1,167
d1r0da_,SCOPe-ALL,family,a.216.1.1,a,a.216,a.216.1,a.216.1.1,194
d1sj8a2,SCOPe-ALL,family,a.216.1.1,a,a.216,a.216.1,a.216.1.1,125
d1u89a1,SCOPe-ALL,family,a.216.1.1,a,a.216,a.216.1,a.216.1.1,135
d1x4pa1,SCOPe-ALL,family,a.217.1.1,a,a.217,a.217.1,a.217.1.1,53
d2dt6a1,SCOPe-ALL,family,a.217.1.1,a,a.217,a.217.1,a.217.1.1,63
d2dt7b1,SCOPe-ALL,family,a.217.1.1,a,a.217,a.217.1,a.217.1.1,84
d1x4oa1,SCOPe-ALL,family,a.217.1.1,a,a.217,a.217.1,a.217.1.1,65
d1puza_,SCOPe-ALL,family,a.218.1.1,a,a.218,a.218.1,a.218.1.1,82
d1x6ia1,SCOPe-ALL,family,a.218.1.0,a,a.218,a.218.1,a.218.1.0,88
d1seda_,SCOPe-ALL,family,a.219.1.1,a,a.219,a.219.1,a.219.1.1,112
d2q3ta_,SCOPe-ALL,family,a.220.1.1,a,a.220,a.220.1,a.220.1.1,121
d1uuja_,SCOPe-ALL,family,a.221.1.1,a,a.221,a.221.1,a.221.1.1,76
d2ot3a_,SCOPe-ALL,family,a.222.1.1,a,a.222,a.222.1,a.222.1.1,253
d1w26a1,SCOPe-ALL,family,a.223.1.1,a,a.223,a.223.1,a.223.1.1,185
d1m5ya1,SCOPe-ALL,family,a.223.1.2,a,a.223,a.223.1,a.223.1.2,174
d4gh0a_,SCOPe-ALL,family,a.224.1.1,a,a.224,a.224.1,a.224.1.1,200
d1tm9a_,SCOPe-ALL,family,a.225.1.1,a,a.225,a.225.1,a.225.1.1,137
d1szha1,SCOPe-ALL,family,a.226.1.1,a,a.226,a.226.1,a.226.1.1,146
d3m31a1,SCOPe-ALL,family,a.227.1.1,a,a.227,a.227.1,a.227.1.1,369
d1q8da_,SCOPe-ALL,family,a.228.1.1,a,a.228,a.228.1,a.228.1.1,108
d1xn8a_,SCOPe-ALL,family,a.229.1.1,a,a.229,a.229.1,a.229.1.1,131
d1u84a_,SCOPe-ALL,family,a.230.1.1,a,a.230,a.230.1,a.230.1.1,81
d1xoua_,SCOPe-ALL,family,a.231.1.1,a,a.231,a.231.1,a.231.1.1,160
d1xoub_,SCOPe-ALL,family,a.231.1.2,a,a.231,a.231.1,a.231.1.2,84
d1xlya_,SCOPe-ALL,family,a.232.1.1,a,a.232,a.232.1,a.232.1.1,232
d1wpba_,SCOPe-ALL,family,a.233.1.1,a,a.233,a.233.1,a.233.1.1,168
d1td6a_,SCOPe-ALL,family,a.234.1.1,a,a.234,a.234.1,a.234.1.1,286
d1x9na1,SCOPe-ALL,family,a.235.1.1,a,a.235,a.235.1,a.235.1.1,272
d6cbra1,SCOPe-ALL,family,a.236.1.1,a,a.236,a.236.1,a.236.1.1,139
d4im9a_,SCOPe-ALL,family,a.236.1.0,a,a.236,a.236.1,a.236.1.0,132
d2idob_,SCOPe-ALL,family,a.237.1.1,a,a.237,a.237.1,a.237.1.1,75
d1urua_,SCOPe-ALL,family,a.238.1.1,a,a.238,a.238.1,a.238.1.1,217
d2d4ca1,SCOPe-ALL,family,a.238.1.1,a,a.238,a.238.1,a.238.1.1,237
d2q13a1,SCOPe-ALL,family,a.238.1.1,a,a.238,a.238.1,a.238.1.1,269
d1i4ta_,SCOPe-ALL,family,a.238.1.2,a,a.238,a.238.1,a.238.1.2,195
d1y2oa1,SCOPe-ALL,family,a.238.1.3,a,a.238,a.238.1,a.238.1.3,248
d2efka1,SCOPe-ALL,family,a.238.1.4,a,a.238,a.238.1,a.238.1.4,279
d4atma_,SCOPe-ALL,family,a.238.1.0,a,a.238,a.238.1,a.238.1.0,221
d3ok8a_,SCOPe-ALL,family,a.238.1.0,a,a.238,a.238.1,a.238.1.0,219
d1sg7a1,SCOPe-ALL,family,a.239.1.1,a,a.239,a.239.1,a.239.1.1,75
d1x3aa1,SCOPe-ALL,family,a.240.1.1,a,a.240,a.240.1,a.240.1.1,87
d2diia1,SCOPe-ALL,family,a.240.1.1,a,a.240,a.240.1,a.240.1.1,48
d2g7oa1,SCOPe-ALL,family,a.241.1.1,a,a.241,a.241.1,a.241.1.1,68
d2qklb_,SCOPe-ALL,family,a.242.1.1,a,a.242,a.242.1,a.242.1.1,90
d1xl3c1,SCOPe-ALL,family,a.243.1.1,a,a.243,a.243.1,a.243.1.1,91
d1z21a1,SCOPe-ALL,family,a.243.1.2,a,a.243,a.243.1,a.243.1.2,104
d1xkpa1,SCOPe-ALL,family,a.243.1.3,a,a.243,a.243.1,a.243.1.3,197
d2au5a1,SCOPe-ALL,family,a.244.1.1,a,a.244,a.244.1,a.244.1.1,132
d1yiba1,SCOPe-ALL,family,a.245.1.1,a,a.245,a.245.1,a.245.1.1,61
d2choa1,SCOPe-ALL,family,a.246.1.1,a,a.246,a.246.1,a.246.1.1,154
d2v5ca3,SCOPe-ALL,family,a.246.1.1,a,a.246,a.246.1,a.246.1.1,129
d2ijqa1,SCOPe-ALL,family,a.246.2.1,a,a.246,a.246.2,a.246.2.1,145
d2cwya1,SCOPe-ALL,family,a.246.2.1,a,a.246,a.246.2,a.246.2.1,94
d2gnxa1,SCOPe-ALL,family,a.246.3.1,a,a.246,a.246.3,a.246.3.1,172
d2es9a1,SCOPe-ALL,family,a.247.1.1,a,a.247,a.247.1,a.247.1.1,97
d2fi0a1,SCOPe-ALL,family,a.248.1.1,a,a.248,a.248.1,a.248.1.1,79
d2euca1,SCOPe-ALL,family,a.249.1.1,a,a.249,a.249.1,a.249.1.1,113
d3nfta_,SCOPe-ALL,family,a.250.1.1,a,a.250,a.250.1,a.250.1.1,271
d3r9va_,SCOPe-ALL,family,a.250.1.1,a,a.250,a.250.1,a.250.1.1,198
d2bnka_,SCOPe-ALL,family,a.251.1.1,a,a.251,a.251.1,a.251.1.1,64
d1ykhb1,SCOPe-ALL,family,a.252.1.1,a,a.252,a.252.1,a.252.1.1,129
d1ykha_,SCOPe-ALL,family,a.252.1.2,a,a.252,a.252.1,a.252.1.2,95
d1yoza1,SCOPe-ALL,family,a.253.1.1,a,a.253,a.253.1,a.253.1.1,114
d2fefa2,SCOPe-ALL,family,a.254.1.1,a,a.254,a.254.1,a.254.1.1,159
d2d2ya_,SCOPe-ALL,family,a.255.1.1,a,a.255,a.255.1,a.255.1.1,140
d2dwka_,SCOPe-ALL,family,a.256.1.1,a,a.256,a.256.1,a.256.1.1,169
d2fm9a1,SCOPe-ALL,family,a.257.1.1,a,a.257,a.257.1,a.257.1.1,215
d2apla1,SCOPe-ALL,family,a.258.1.1,a,a.258,a.258.1,a.258.1.1,149
d1z67a1,SCOPe-ALL,family,a.259.1.1,a,a.259,a.259.1,a.259.1.1,129
d2gtta1,SCOPe-ALL,family,a.260.1.1,a,a.260,a.260.1,a.260.1.1,443
d2qvja_,SCOPe-ALL,family,a.260.1.1,a,a.260,a.260.1,a.260.1.1,421
d1z3xa2,SCOPe-ALL,family,a.261.1.1,a,a.261,a.261.1,a.261.1.1,148
d1zt2b1,SCOPe-ALL,family,a.262.1.1,a,a.262,a.262.1,a.262.1.1,207
d2ex3b1,SCOPe-ALL,family,a.263.1.1,a,a.263,a.263.1,a.263.1.1,189
d1zroa1,SCOPe-ALL,family,a.264.1.1,a,a.264,a.264.1,a.264.1.1,275
d1zroa2,SCOPe-ALL,family,a.264.1.1,a,a.264,a.264.1,a.264.1.1,319
d3rrca1,SCOPe-ALL,family,a.264.1.1,a,a.264,a.264.1,a.264.1.1,298
d5ckla1,SCOPe-ALL,family,a.265.1.1,a,a.265,a.265.1,a.265.1.1,180
d6wjya_,SCOPe-ALL,family,a.266.1.2,a,a.266,a.266.1,a.266.1.2,392
d2nwba1,SCOPe-ALL,family,a.266.1.2,a,a.266,a.266.1,a.266.1.2,388
d2nw8a_,SCOPe-ALL,family,a.266.1.0,a,a.266,a.266.1,a.266.1.0,266
d2csba5,SCOPe-ALL,family,a.267.1.1,a,a.267,a.267.1,a.267.1.1,291
d2ixoa1,SCOPe-ALL,family,a.268.1.1,a,a.268,a.268.1,a.268.1.1,316
d2ixna1,SCOPe-ALL,family,a.268.1.1,a,a.268,a.268.1,a.268.1.1,297
d2ixma1,SCOPe-ALL,family,a.268.1.1,a,a.268,a.268.1,a.268.1.1,300
d3kdse2,SCOPe-ALL,family,a.269.1.1,a,a.269,a.269.1,a.269.1.1,201
d2bw3a1,SCOPe-ALL,family,a.270.1.1,a,a.270,a.270.1,a.270.1.1,84
d2c9wa1,SCOPe-ALL,family,a.271.1.1,a,a.271,a.271.1,a.271.1.1,50
d2izva1,SCOPe-ALL,family,a.271.1.1,a,a.271,a.271.1,a.271.1.1,44
d2nn4a1,SCOPe-ALL,family,a.272.1.1,a,a.272,a.272.1,a.272.1.1,61
d2db7a1,SCOPe-ALL,family,a.273.1.1,a,a.273,a.273.1,a.273.1.1,55
d2y0ta_,SCOPe-ALL,family,a.274.1.1,a,a.274,a.274.1,a.274.1.1,52
d2i5ua1,SCOPe-ALL,family,a.275.1.1,a,a.275,a.275.1,a.275.1.1,74
d2oy9a1,SCOPe-ALL,family,a.276.1.1,a,a.276,a.276.1,a.276.1.1,85
d2pp4a1,SCOPe-ALL,family,a.277.1.1,a,a.277,a.277.1,a.277.1.1,107
d2p6va1,SCOPe-ALL,family,a.277.1.1,a,a.277,a.277.1,a.277.1.1,97
d2q9qc_,SCOPe-ALL,family,a.278.1.1,a,a.278,a.278.1,a.278.1.1,145
d2q9qa1,SCOPe-ALL,family,a.278.1.2,a,a.278,a.278.1,a.278.1.2,114
d2q9qd1,SCOPe-ALL,family,a.278.1.3,a,a.278,a.278.1,a.278.1.3,106
d2q9qb1,SCOPe-ALL,family,a.278.1.4,a,a.278,a.278.1,a.278.1.4,145
d2pyqa1,SCOPe-ALL,family,a.279.1.1,a,a.279,a.279.1,a.279.1.1,113
d3ka1a_,SCOPe-ALL,family,a.280.1.1,a,a.280,a.280.1,a.280.1.1,114
d4gr6a_,SCOPe-ALL,family,a.280.1.0,a,a.280,a.280.1,a.280.1.0,104
d4gr2a_,SCOPe-ALL,family,a.280.1.0,a,a.280,a.280.1,a.280.1.0,110
d2piha1,SCOPe-ALL,family,a.281.1.1,a,a.281,a.281.1,a.281.1.1,123
d2iaza1,SCOPe-ALL,family,a.281.1.2,a,a.281,a.281.1,a.281.1.2,111
d2oeea1,SCOPe-ALL,family,a.281.1.2,a,a.281,a.281.1,a.281.1.2,110
d2gqba1,SCOPe-ALL,family,a.282.1.1,a,a.282,a.282.1,a.282.1.1,130
d1uz3a_,SCOPe-ALL,family,a.283.1.1,a,a.283,a.283.1,a.283.1.1,102
d2otaa1,SCOPe-ALL,family,a.284.1.1,a,a.284,a.284.1,a.284.1.1,62
d2jrxa1,SCOPe-ALL,family,a.284.1.1,a,a.284,a.284.1,a.284.1.1,75
d3brja1,SCOPe-ALL,family,a.285.1.1,a,a.285,a.285.1,a.285.1.1,167
d2hkta_,SCOPe-ALL,family,a.285.1.1,a,a.285,a.285.1,a.285.1.1,168
d2pv4a1,SCOPe-ALL,family,a.286.1.1,a,a.286,a.286.1,a.286.1.1,144
d2ou3a1,SCOPe-ALL,family,a.287.1.1,a,a.287,a.287.1,a.287.1.1,160
d2h5na1,SCOPe-ALL,family,a.287.1.2,a,a.287,a.287.1,a.287.1.2,132
d2o8ia1,SCOPe-ALL,family,a.288.1.1,a,a.288,a.288.1,a.288.1.1,165
d2q37a1,SCOPe-ALL,family,a.288.1.1,a,a.288,a.288.1,a.288.1.1,155
d2o70a1,SCOPe-ALL,family,a.288.1.1,a,a.288,a.288.1,a.288.1.1,165
d2q0zx1,SCOPe-ALL,family,a.289.1.1,a,a.289,a.289.1,a.289.1.1,176
d2p6ra2,SCOPe-ALL,family,a.289.1.2,a,a.289,a.289.1,a.289.1.2,198
d2xaua4,SCOPe-ALL,family,a.289.1.0,a,a.289,a.289.1,a.289.1.0,114
d2p0ta1,SCOPe-ALL,family,a.290.1.1,a,a.290,a.290.1,a.290.1.1,148
d2i15a1,SCOPe-ALL,family,a.291.1.1,a,a.291,a.291.1,a.291.1.1,129
d2oufa_,SCOPe-ALL,family,a.292.1.1,a,a.292,a.292.1,a.292.1.1,80
d3fyba1,SCOPe-ALL,family,a.293.1.0,a,a.293,a.293.1,a.293.1.0,97
d3bzca3,SCOPe-ALL,family,a.294.1.1,a,a.294,a.294.1,a.294.1.1,324
d2o8sa1,SCOPe-ALL,family,a.295.1.1,a,a.295,a.295.1,a.295.1.1,225
d2ebfx1,SCOPe-ALL,family,a.296.1.1,a,a.296,a.296.1,a.296.1.1,300
d2b5la3,SCOPe-ALL,family,a.297.1.1,a,a.297,a.297.1,a.297.1.1,97
d4cj9a_,SCOPe-ALL,family,a.298.1.1,a,a.298,a.298.1,a.298.1.1,752
d3v6ta_,SCOPe-ALL,family,a.298.1.1,a,a.298,a.298.1,a.298.1.1,491
d2kq5a_,SCOPe-ALL,family,a.298.1.1,a,a.298,a.298.1,a.298.1.1,51
d3ov9a_,SCOPe-ALL,family,a.299.1.1,a,a.299,a.299.1,a.299.1.1,245
d3mwpa2,SCOPe-ALL,family,a.300.1.1,a,a.300,a.300.1,a.300.1.1,332
d4dhxb_,SCOPe-ALL,family,a.301.1.1,a,a.301,a.301.1,a.301.1.1,91
d3mhsb_,SCOPe-ALL,family,a.301.1.1,a,a.301,a.301.1,a.301.1.1,91
d5id6a4,SCOPe-ALL,family,a.302.1.1,a,a.302,a.302.1,a.302.1.1,94
d2giya1,SCOPe-ALL,family,b.1.1.1,b,b.1,b.1.1,b.1.1.1,173
d1hnfa1,SCOPe-ALL,family,b.1.1.1,b,b.1,b.1.1,b.1.1.1,101
d1ccza1,SCOPe-ALL,family,b.1.1.1,b,b.1,b.1.1,b.1.1.1,93
d1yjdc1,SCOPe-ALL,family,b.1.1.1,b,b.1,b.1.1,b.1.1.1,118
d4h8wc1,SCOPe-ALL,family,b.1.1.1,b,b.1,b.1.1,b.1.1.1,97
d1cida1,SCOPe-ALL,family,b.1.1.1,b,b.1,b.1.1,b.1.1.1,105
d2atpb1,SCOPe-ALL,family,b.1.1.1,b,b.1,b.1.1,b.1.1.1,115
d1dr9a1,SCOPe-ALL,family,b.1.1.1,b,b.1,b.1.1,b.1.1.1,105
d5yxka1,SCOPe-ALL,family,b.1.1.1,b,b.1,b.1.1,b.1.1.1,109
d1f5wa_,SCOPe-ALL,family,b.1.1.1,b,b.1,b.1.1,b.1.1.1,124
d1tjgh1,SCOPe-ALL,family,b.1.1.1,b,b.1,b.1.1,b.1.1.1,132
d1mexh1,SCOPe-ALL,family,b.1.1.1,b,b.1,b.1.1,b.1.1.1,109
d1ncwl1,SCOPe-ALL,family,b.1.1.1,b,b.1,b.1.1,b.1.1.1,112
d2ap2a1,SCOPe-ALL,family,b.1.1.1,b,b.1,b.1.1,b.1.1.1,251
d1mfal1,SCOPe-ALL,family,b.1.1.1,b,b.1,b.1.1,b.1.1.1,111
d5e56a_,SCOPe-ALL,family,b.1.1.1,b,b.1,b.1.1,b.1.1.1,116
d1f97a1,SCOPe-ALL,family,b.1.1.1,b,b.1,b.1.1,b.1.1.1,102
d2crya1,SCOPe-ALL,family,b.1.1.1,b,b.1,b.1.1,b.1.1.1,109
d1neua_,SCOPe-ALL,family,b.1.1.1,b,b.1,b.1.1,b.1.1.1,119
d1pkoa1,SCOPe-ALL,family,b.1.1.1,b,b.1,b.1.1,b.1.1.1,125
d1nkoa_,SCOPe-ALL,family,b.1.1.1,b,b.1,b.1.1,b.1.1.1,127
d1qfoa_,SCOPe-ALL,family,b.1.1.1,b,b.1,b.1.1,b.1.1.1,118
d1hkfa_,SCOPe-ALL,family,b.1.1.1,b,b.1,b.1.1,b.1.1.1,108
d6umua_,SCOPe-ALL,family,b.1.1.1,b,b.1,b.1.1,b.1.1.1,116
d1ogad1,SCOPe-ALL,family,b.1.1.1,b,b.1,b.1.1,b.1.1.1,115
d1kgcd1,SCOPe-ALL,family,b.1.1.1,b,b.1,b.1.1,b.1.1.1,112
d2ak4d1,SCOPe-ALL,family,b.1.1.1,b,b.1,b.1.1,b.1.1.1,114
d1kgce1,SCOPe-ALL,family,b.1.1.1,b,b.1,b.1.1,b.1.1.1,112
d1tvda_,SCOPe-ALL,family,b.1.1.1,b,b.1,b.1.1,b.1.1.1,116
d1hxmb1,SCOPe-ALL,family,b.1.1.1,b,b.1,b.1.1,b.1.1.1,123
d1hxma1,SCOPe-ALL,family,b.1.1.1,b,b.1,b.1.1,b.1.1.1,120
d1ypzf1,SCOPe-ALL,family,b.1.1.1,b,b.1,b.1.1,b.1.1.1,120
d2gj6d1,SCOPe-ALL,family,b.1.1.1,b,b.1,b.1.1,b.1.1.1,94
d1kj2b_,SCOPe-ALL,family,b.1.1.1,b,b.1,b.1.1,b.1.1.1,117
d1smoa_,SCOPe-ALL,family,b.1.1.1,b,b.1,b.1.1,b.1.1.1,113
d1rhfa1,SCOPe-ALL,family,b.1.1.1,b,b.1,b.1.1,b.1.1.1,91
d2p45b_,SCOPe-ALL,family,b.1.1.1,b,b.1,b.1.1,b.1.1.1,121
d6lsaa_,SCOPe-ALL,family,b.1.1.1,b,b.1,b.1.1,b.1.1.1,109
d4hgma_,SCOPe-ALL,family,b.1.1.1,b,b.1,b.1.1,b.1.1.1,103
d4nzuh_,SCOPe-ALL,family,b.1.1.1,b,b.1,b.1.1,b.1.1.1,225
d2hp4a_,SCOPe-ALL,family,b.1.1.1,b,b.1,b.1.1,b.1.1.1,114
d3w9ec_,SCOPe-ALL,family,b.1.1.1,b,b.1,b.1.1,b.1.1.1,229
d4gqph_,SCOPe-ALL,family,b.1.1.1,b,b.1,b.1.1,b.1.1.1,240
d3r4da1,SCOPe-ALL,family,b.1.1.1,b,b.1,b.1.1,b.1.1.1,107
d2i24n1,SCOPe-ALL,family,b.1.1.1,b,b.1,b.1.1,b.1.1.1,111
d1k5nb1,SCOPe-ALL,family,b.1.1.2,b,b.1,b.1.1,b.1.1.2,99
d1k5na1,SCOPe-ALL,family,b.1.1.2,b,b.1,b.1.1,b.1.1.2,95
d1uvqb1,SCOPe-ALL,family,b.1.1.2,b,b.1,b.1.1,b.1.1.2,97
d1mexh2,SCOPe-ALL,family,b.1.1.2,b,b.1,b.1.1,b.1.1.2,101
d1mexl2,SCOPe-ALL,family,b.1.1.2,b,b.1,b.1.1,b.1.1.2,106
d1u58a1,SCOPe-ALL,family,b.1.1.2,b,b.1,b.1.1,b.1.1.2,98
d2nw2a2,SCOPe-ALL,family,b.1.1.2,b,b.1,b.1.1,b.1.1.2,89
d2bc4a2,SCOPe-ALL,family,b.1.1.2,b,b.1,b.1.1,b.1.1.2,104
d2bc4b2,SCOPe-ALL,family,b.1.1.2,b,b.1,b.1.1,b.1.1.2,100
d4lfhg2,SCOPe-ALL,family,b.1.1.2,b,b.1,b.1.1,b.1.1.2,113
d1ccza2,SCOPe-ALL,family,b.1.1.3,b,b.1,b.1.1,b.1.1.3,78
d4h8wc2,SCOPe-ALL,family,b.1.1.3,b,b.1,b.1.1,b.1.1.3,79
d1cida2,SCOPe-ALL,family,b.1.1.3,b,b.1,b.1.1,b.1.1.3,72
d1dr9a2,SCOPe-ALL,family,b.1.1.3,b,b.1,b.1.1,b.1.1.3,95
d2d9qb1,SCOPe-ALL,family,b.1.1.3,b,b.1,b.1.1,b.1.1.3,94
d1vcaa1,SCOPe-ALL,family,b.1.1.3,b,b.1,b.1.1,b.1.1.3,109
d1cs6a1,SCOPe-ALL,family,b.1.1.4,b,b.1,b.1.1,b.1.1.4,97
d1cs6a2,SCOPe-ALL,family,b.1.1.4,b,b.1,b.1.1,b.1.1.4,105
d1cs6a3,SCOPe-ALL,family,b.1.1.4,b,b.1,b.1.1,b.1.1.4,91
d1cs6a4,SCOPe-ALL,family,b.1.1.4,b,b.1,b.1.1,b.1.1.4,89
d1xaua_,SCOPe-ALL,family,b.1.1.4,b,b.1,b.1.1,b.1.1.4,104
d3cx2a_,SCOPe-ALL,family,b.1.1.4,b,b.1,b.1.1,b.1.1.4,108
d2k1ma_,SCOPe-ALL,family,b.1.1.4,b,b.1,b.1.1,b.1.1.4,95
d1gxea_,SCOPe-ALL,family,b.1.1.4,b,b.1,b.1.1,b.1.1.4,130
d1xiwb_,SCOPe-ALL,family,b.1.1.4,b,b.1,b.1.1,b.1.1.4,74
d1xiwa_,SCOPe-ALL,family,b.1.1.4,b,b.1,b.1.1,b.1.1.4,91
d1jbja1,SCOPe-ALL,family,b.1.1.4,b,b.1,b.1.1,b.1.1.4,86
d3cafa_,SCOPe-ALL,family,b.1.1.4,b,b.1,b.1.1,b.1.1.4,100
d1biha1,SCOPe-ALL,family,b.1.1.4,b,b.1,b.1.1,b.1.1.4,94
d1biha2,SCOPe-ALL,family,b.1.1.4,b,b.1,b.1.1,b.1.1.4,111
d1biha3,SCOPe-ALL,family,b.1.1.4,b,b.1,b.1.1,b.1.1.4,97
d1biha4,SCOPe-ALL,family,b.1.1.4,b,b.1,b.1.1,b.1.1.4,89
d1wwwx_,SCOPe-ALL,family,b.1.1.4,b,b.1,b.1.1,b.1.1.4,101
d2ifga1,SCOPe-ALL,family,b.1.1.4,b,b.1,b.1.1,b.1.1.4,92
d1ucta1,SCOPe-ALL,family,b.1.1.4,b,b.1,b.1.1,b.1.1.4,99
d1ucta2,SCOPe-ALL,family,b.1.1.4,b,b.1,b.1.1,b.1.1.4,96
d1f2qa1,SCOPe-ALL,family,b.1.1.4,b,b.1,b.1.1,b.1.1.4,82
d1f2qa2,SCOPe-ALL,family,b.1.1.4,b,b.1,b.1.1,b.1.1.4,89
d1iama2,SCOPe-ALL,family,b.1.1.4,b,b.1,b.1.1,b.1.1.4,82
d1zxqa2,SCOPe-ALL,family,b.1.1.4,b,b.1,b.1.1,b.1.1.4,86
d1n26a1,SCOPe-ALL,family,b.1.1.4,b,b.1,b.1.1,b.1.1.4,93
d1f97a2,SCOPe-ALL,family,b.1.1.4,b,b.1,b.1.1,b.1.1.4,110
d1m4ka1,SCOPe-ALL,family,b.1.1.4,b,b.1,b.1.1,b.1.1.4,96
d1ie5a1,SCOPe-ALL,family,b.1.1.4,b,b.1,b.1.1,b.1.1.4,106
d1wwca_,SCOPe-ALL,family,b.1.1.4,b,b.1,b.1.1,b.1.1.4,105
d1gl4b_,SCOPe-ALL,family,b.1.1.4,b,b.1,b.1.1,b.1.1.4,89
d2c9aa1,SCOPe-ALL,family,b.1.1.4,b,b.1,b.1.1,b.1.1.4,96
d1fltx_,SCOPe-ALL,family,b.1.1.4,b,b.1,b.1.1,b.1.1.4,95
d1olza1,SCOPe-ALL,family,b.1.1.4,b,b.1,b.1.1,b.1.1.4,92
d2cqva1,SCOPe-ALL,family,b.1.1.4,b,b.1,b.1.1,b.1.1.4,101
d1fhga_,SCOPe-ALL,family,b.1.1.4,b,b.1,b.1.1,b.1.1.4,102
d3d85d1,SCOPe-ALL,family,b.1.1.4,b,b.1,b.1.1,b.1.1.4,87
d3qp3a1,SCOPe-ALL,family,b.1.1.4,b,b.1,b.1.1,b.1.1.4,100
d1g1ca_,SCOPe-ALL,family,b.1.1.4,b,b.1,b.1.1,b.1.1.4,98
d1ncua1,SCOPe-ALL,family,b.1.1.4,b,b.1,b.1.1,b.1.1.4,97
d1koaa1,SCOPe-ALL,family,b.1.1.4,b,b.1,b.1.1,b.1.1.4,97
d1wita_,SCOPe-ALL,family,b.1.1.4,b,b.1,b.1.1,b.1.1.4,93
d4gafb1,SCOPe-ALL,family,b.1.1.4,b,b.1,b.1.1,b.1.1.4,101
d4gafb2,SCOPe-ALL,family,b.1.1.4,b,b.1,b.1.1,b.1.1.4,103
d4gafb3,SCOPe-ALL,family,b.1.1.4,b,b.1,b.1.1,b.1.1.4,106
d1rhfa2,SCOPe-ALL,family,b.1.1.4,b,b.1,b.1.1,b.1.1.4,85
d1vcaa2,SCOPe-ALL,family,b.1.1.4,b,b.1,b.1.1,b.1.1.4,90
d3ry4a1,SCOPe-ALL,family,b.1.1.4,b,b.1,b.1.1,b.1.1.4,85
d3ry4a2,SCOPe-ALL,family,b.1.1.4,b,b.1,b.1.1,b.1.1.4,85
d4hbqa2,SCOPe-ALL,family,b.1.1.4,b,b.1,b.1.1,b.1.1.4,108
d1waaa_,SCOPe-ALL,family,b.1.1.4,b,b.1,b.1.1,b.1.1.4,92
d3r4da2,SCOPe-ALL,family,b.1.1.4,b,b.1,b.1.1,b.1.1.4,92
d6a2ba2,SCOPe-ALL,family,b.1.1.0,b,b.1,b.1.1,b.1.1.0,93
d6a2bb_,SCOPe-ALL,family,b.1.1.0,b,b.1,b.1.1,b.1.1.0,94
d3p73a2,SCOPe-ALL,family,b.1.1.0,b,b.1,b.1.1,b.1.1.0,96
d2w59a1,SCOPe-ALL,family,b.1.1.0,b,b.1,b.1.1,b.1.1.0,103
d2w59a2,SCOPe-ALL,family,b.1.1.0,b,b.1,b.1.1,b.1.1.0,115
d3dbxa2,SCOPe-ALL,family,b.1.1.0,b,b.1,b.1.1,b.1.1.0,96
d5eb9a_,SCOPe-ALL,family,b.1.1.0,b,b.1,b.1.1,b.1.1.0,112
d1u2ha_,SCOPe-ALL,family,b.1.1.0,b,b.1,b.1.1,b.1.1.0,96
d4unua_,SCOPe-ALL,family,b.1.1.0,b,b.1,b.1.1,b.1.1.0,109
d3puca1,SCOPe-ALL,family,b.1.1.0,b,b.1,b.1.1,b.1.1.0,97
d4lldb_,SCOPe-ALL,family,b.1.1.0,b,b.1,b.1.1,b.1.1.0,101
d3r0na1,SCOPe-ALL,family,b.1.1.0,b,b.1,b.1.1,b.1.1.0,127
d2yd6a1,SCOPe-ALL,family,b.1.1.0,b,b.1,b.1.1,b.1.1.0,94
d2yd6a2,SCOPe-ALL,family,b.1.1.0,b,b.1,b.1.1,b.1.1.0,106
d3irga1,SCOPe-ALL,family,b.1.1.0,b,b.1,b.1.1,b.1.1.0,97
d5tzma_,SCOPe-ALL,family,b.1.1.0,b,b.1,b.1.1,b.1.1.0,90
d2nw2a1,SCOPe-ALL,family,b.1.1.0,b,b.1,b.1.1,b.1.1.0,111
d2nw2b1,SCOPe-ALL,family,b.1.1.0,b,b.1,b.1.1,b.1.1.0,114
d2nw2b2,SCOPe-ALL,family,b.1.1.0,b,b.1,b.1.1,b.1.1.0,129
d5wl1a2,SCOPe-ALL,family,b.1.1.0,b,b.1,b.1.1,b.1.1.0,95
d2yxma1,SCOPe-ALL,family,b.1.1.0,b,b.1,b.1.1,b.1.1.0,87
d6eh4d1,SCOPe-ALL,family,b.1.1.0,b,b.1,b.1.1,b.1.1.0,111
d6np9a1,SCOPe-ALL,family,b.1.1.0,b,b.1,b.1.1,b.1.1.0,117
d6vrra1,SCOPe-ALL,family,b.1.1.0,b,b.1,b.1.1,b.1.1.0,124
d6ddmc_,SCOPe-ALL,family,b.1.1.0,b,b.1,b.1.1,b.1.1.0,94
d3m8oh2,SCOPe-ALL,family,b.1.1.0,b,b.1,b.1.1,b.1.1.0,103
d2v9ta_,SCOPe-ALL,family,b.1.1.0,b,b.1,b.1.1,b.1.1.0,107
d3p2ta1,SCOPe-ALL,family,b.1.1.0,b,b.1,b.1.1,b.1.1.0,95
d3p2ta2,SCOPe-ALL,family,b.1.1.0,b,b.1,b.1.1,b.1.1.0,99
d4dzbb1,SCOPe-ALL,family,b.1.1.0,b,b.1,b.1.1,b.1.1.0,116
d4gosa1,SCOPe-ALL,family,b.1.1.0,b,b.1,b.1.1,b.1.1.0,114
d6funa1,SCOPe-ALL,family,b.1.1.0,b,b.1,b.1.1,b.1.1.0,112
d4hbqa1,SCOPe-ALL,family,b.1.1.0,b,b.1,b.1.1,b.1.1.0,90
d2v44a1,SCOPe-ALL,family,b.1.1.0,b,b.1,b.1.1,b.1.1.0,95
d2v44a2,SCOPe-ALL,family,b.1.1.0,b,b.1,b.1.1,b.1.1.0,94
d4p5ma2,SCOPe-ALL,family,b.1.1.0,b,b.1,b.1.1,b.1.1.0,97
d6cr1h2,SCOPe-ALL,family,b.1.1.0,b,b.1,b.1.1,b.1.1.0,104
d5jdda1,SCOPe-ALL,family,b.1.1.0,b,b.1,b.1.1,b.1.1.0,85
d5jdda2,SCOPe-ALL,family,b.1.1.0,b,b.1,b.1.1,b.1.1.0,88
d5jdda3,SCOPe-ALL,family,b.1.1.0,b,b.1,b.1.1,b.1.1.0,86
d5mola2,SCOPe-ALL,family,b.1.1.0,b,b.1,b.1.1,b.1.1.0,108
d5mola3,SCOPe-ALL,family,b.1.1.0,b,b.1,b.1.1,b.1.1.0,106
d2a38a1,SCOPe-ALL,family,b.1.1.0,b,b.1,b.1.1,b.1.1.0,100
d2va4a1,SCOPe-ALL,family,b.1.1.0,b,b.1,b.1.1,b.1.1.0,92
d2va4a2,SCOPe-ALL,family,b.1.1.0,b,b.1,b.1.1,b.1.1.0,98
d2yz8a_,SCOPe-ALL,family,b.1.1.0,b,b.1,b.1.1,b.1.1.0,90
d6dhba1,SCOPe-ALL,family,b.1.1.0,b,b.1,b.1.1,b.1.1.0,107
d6c99a2,SCOPe-ALL,family,b.1.1.0,b,b.1,b.1.1,b.1.1.0,92
d3q0ha1,SCOPe-ALL,family,b.1.1.0,b,b.1,b.1.1,b.1.1.0,108
d3ojmb2,SCOPe-ALL,family,b.1.1.0,b,b.1,b.1.1,b.1.1.0,111
d3bn3b1,SCOPe-ALL,family,b.1.1.0,b,b.1,b.1.1,b.1.1.0,87
d3bn3b2,SCOPe-ALL,family,b.1.1.0,b,b.1,b.1.1,b.1.1.0,109
d6ovnb1,SCOPe-ALL,family,b.1.1.0,b,b.1,b.1.1,b.1.1.0,118
d2illa1,SCOPe-ALL,family,b.1.1.0,b,b.1,b.1.1,b.1.1.0,99
d2illa2,SCOPe-ALL,family,b.1.1.0,b,b.1,b.1.1,b.1.1.0,95
d7ahsa1,SCOPe-ALL,family,b.1.1.0,b,b.1,b.1.1,b.1.1.0,89
d7ahsa2,SCOPe-ALL,family,b.1.1.0,b,b.1,b.1.1,b.1.1.0,88
d7ahsa3,SCOPe-ALL,family,b.1.1.0,b,b.1,b.1.1,b.1.1.0,93
d4jfhe1,SCOPe-ALL,family,b.1.1.0,b,b.1,b.1.1,b.1.1.0,116
d2h3na_,SCOPe-ALL,family,b.1.1.0,b,b.1,b.1.1,b.1.1.0,99
d4c4ko1,SCOPe-ALL,family,b.1.1.0,b,b.1,b.1.1,b.1.1.0,92
d4lfhd2,SCOPe-ALL,family,b.1.1.0,b,b.1,b.1.1,b.1.1.0,86
d4lfhg1,SCOPe-ALL,family,b.1.1.0,b,b.1,b.1.1,b.1.1.0,116
d5eiqa2,SCOPe-ALL,family,b.1.1.0,b,b.1,b.1.1,b.1.1.0,91
d6a77a1,SCOPe-ALL,family,b.1.1.0,b,b.1,b.1.1,b.1.1.0,89
d6hcia_,SCOPe-ALL,family,b.1.1.0,b,b.1,b.1.1,b.1.1.0,97
d2v9qa2,SCOPe-ALL,family,b.1.1.0,b,b.1,b.1.1,b.1.1.0,101
d2oz4a1,SCOPe-ALL,family,b.1.1.0,b,b.1,b.1.1,b.1.1.0,84
d2oz4a2,SCOPe-ALL,family,b.1.1.0,b,b.1,b.1.1,b.1.1.0,97
d2oz4a3,SCOPe-ALL,family,b.1.1.0,b,b.1,b.1.1,b.1.1.0,84
d5ifhh2,SCOPe-ALL,family,b.1.1.0,b,b.1,b.1.1,b.1.1.0,102
d4jjha_,SCOPe-ALL,family,b.1.1.0,b,b.1,b.1.1,b.1.1.0,118
d3kvqa_,SCOPe-ALL,family,b.1.1.0,b,b.1,b.1.1,b.1.1.0,90
d3wyra1,SCOPe-ALL,family,b.1.1.0,b,b.1,b.1.1,b.1.1.0,91
d5noia1,SCOPe-ALL,family,b.1.1.0,b,b.1,b.1.1,b.1.1.0,106
d6isbc_,SCOPe-ALL,family,b.1.1.0,b,b.1,b.1.1,b.1.1.0,108
d6arqa_,SCOPe-ALL,family,b.1.1.0,b,b.1,b.1.1,b.1.1.0,111
d6nnfu_,SCOPe-ALL,family,b.1.1.0,b,b.1,b.1.1,b.1.1.0,126
d6udjb1,SCOPe-ALL,family,b.1.1.0,b,b.1,b.1.1,b.1.1.0,89
d6ue7a1,SCOPe-ALL,family,b.1.1.0,b,b.1,b.1.1,b.1.1.0,101
d6i9sa2,SCOPe-ALL,family,b.1.1.0,b,b.1,b.1.1,b.1.1.0,89
d6c6ma_,SCOPe-ALL,family,b.1.1.0,b,b.1,b.1.1,b.1.1.0,95
d4ra0c1,SCOPe-ALL,family,b.1.1.0,b,b.1,b.1.1,b.1.1.0,104
d4u0qb1,SCOPe-ALL,family,b.1.1.0,b,b.1,b.1.1,b.1.1.0,80
d4u0qb2,SCOPe-ALL,family,b.1.1.0,b,b.1,b.1.1,b.1.1.0,101
d5fm5o1,SCOPe-ALL,family,b.1.1.0,b,b.1,b.1.1,b.1.1.0,89
d2kdga1,SCOPe-ALL,family,b.1.1.0,b,b.1,b.1.1,b.1.1.0,96
d2kkqa1,SCOPe-ALL,family,b.1.1.0,b,b.1,b.1.1,b.1.1.0,106
d2mq0a1,SCOPe-ALL,family,b.1.1.0,b,b.1,b.1.1,b.1.1.0,91
d2lvca1,SCOPe-ALL,family,b.1.1.0,b,b.1,b.1.1,b.1.1.0,88
d2eo1a1,SCOPe-ALL,family,b.1.1.0,b,b.1,b.1.1,b.1.1.0,95
d2dl9a1,SCOPe-ALL,family,b.1.1.0,b,b.1,b.1.1,b.1.1.0,90
d2edna1,SCOPe-ALL,family,b.1.1.0,b,b.1,b.1.1,b.1.1.0,111
d2yr3a1,SCOPe-ALL,family,b.1.1.0,b,b.1,b.1.1,b.1.1.0,92
d2e6qa1,SCOPe-ALL,family,b.1.1.0,b,b.1,b.1.1,b.1.1.0,99
d2edfa1,SCOPe-ALL,family,b.1.1.0,b,b.1,b.1.1,b.1.1.0,90
d2enya1,SCOPe-ALL,family,b.1.1.0,b,b.1,b.1.1,b.1.1.0,91
d2dkua1,SCOPe-ALL,family,b.1.1.0,b,b.1,b.1.1,b.1.1.0,90
d2cr6a1,SCOPe-ALL,family,b.1.1.0,b,b.1,b.1.1,b.1.1.0,102
d2qhla_,SCOPe-ALL,family,b.1.1.0,b,b.1,b.1.1,b.1.1.0,110
d4jvua1,SCOPe-ALL,family,b.1.1.0,b,b.1,b.1.1,b.1.1.0,113
d2yz1a_,SCOPe-ALL,family,b.1.1.0,b,b.1,b.1.1,b.1.1.0,114
d6xukl_,SCOPe-ALL,family,b.1.1.0,b,b.1,b.1.1,b.1.1.0,214
d2or7a1,SCOPe-ALL,family,b.1.1.0,b,b.1,b.1.1,b.1.1.0,106
d4noba1,SCOPe-ALL,family,b.1.1.0,b,b.1,b.1.1,b.1.1.0,114
d5vaaa1,SCOPe-ALL,family,b.1.1.0,b,b.1,b.1.1,b.1.1.0,105
d5vaaa2,SCOPe-ALL,family,b.1.1.0,b,b.1,b.1.1,b.1.1.0,102
d6c74a_,SCOPe-ALL,family,b.1.1.0,b,b.1,b.1.1,b.1.1.0,111
d4jvwa_,SCOPe-ALL,family,b.1.1.0,b,b.1,b.1.1,b.1.1.0,108
d3khqa_,SCOPe-ALL,family,b.1.1.0,b,b.1,b.1.1,b.1.1.0,100
d6mraa1,SCOPe-ALL,family,b.1.1.0,b,b.1,b.1.1,b.1.1.0,108
d3bova_,SCOPe-ALL,family,b.1.1.0,b,b.1,b.1.1,b.1.1.0,104
d5e5ub1,SCOPe-ALL,family,b.1.1.0,b,b.1,b.1.1,b.1.1.0,104
d2lqra1,SCOPe-ALL,family,b.1.1.0,b,b.1,b.1.1,b.1.1.0,105
d6l7za_,SCOPe-ALL,family,b.1.1.0,b,b.1,b.1.1,b.1.1.0,117
d4ba8a1,SCOPe-ALL,family,b.1.1.0,b,b.1,b.1.1,b.1.1.0,100
d2dlta1,SCOPe-ALL,family,b.1.1.0,b,b.1,b.1.1,b.1.1.0,93
d2iepa1,SCOPe-ALL,family,b.1.1.0,b,b.1,b.1.1,b.1.1.0,95
d2iepa2,SCOPe-ALL,family,b.1.1.0,b,b.1,b.1.1,b.1.1.0,92
d4q9ba_,SCOPe-ALL,family,b.1.1.0,b,b.1,b.1.1,b.1.1.0,101
d6luoa1,SCOPe-ALL,family,b.1.1.0,b,b.1,b.1.1,b.1.1.0,91
d4q97a1,SCOPe-ALL,family,b.1.1.0,b,b.1,b.1.1,b.1.1.0,105
d4q9ca_,SCOPe-ALL,family,b.1.1.0,b,b.1,b.1.1,b.1.1.0,105
d2mklc1,SCOPe-ALL,family,b.1.1.0,b,b.1,b.1.1,b.1.1.0,103
d2rika1,SCOPe-ALL,family,b.1.1.0,b,b.1,b.1.1,b.1.1.0,95
d2rika2,SCOPe-ALL,family,b.1.1.0,b,b.1,b.1.1,b.1.1.0,94
d2rika3,SCOPe-ALL,family,b.1.1.0,b,b.1,b.1.1,b.1.1.0,94
d1x4za1,SCOPe-ALL,family,b.1.2.1,b,b.1,b.1.2,b.1.2.1,108
d1uc6a1,SCOPe-ALL,family,b.1.2.1,b,b.1,b.1.2,b.1.2.1,104
d2gysa1,SCOPe-ALL,family,b.1.2.1,b,b.1,b.1.2,b.1.2.1,103
d2gysa2,SCOPe-ALL,family,b.1.2.1,b,b.1,b.1.2,b.1.2.1,114
d2gysa3,SCOPe-ALL,family,b.1.2.1,b,b.1,b.1.2,b.1.2.1,99
d2gysa4,SCOPe-ALL,family,b.1.2.1,b,b.1,b.1.2,b.1.2.1,102
d1wj3a1,SCOPe-ALL,family,b.1.2.1,b,b.1,b.1.2,b.1.2.1,104
d4gs7c1,SCOPe-ALL,family,b.1.2.1,b,b.1,b.1.2,b.1.2.1,97
d4gs7c2,SCOPe-ALL,family,b.1.2.1,b,b.1,b.1.2,b.1.2.1,98
d1bqua1,SCOPe-ALL,family,b.1.2.1,b,b.1,b.1.2,b.1.2.1,95
d1bqua2,SCOPe-ALL,family,b.1.2.1,b,b.1,b.1.2,b.1.2.1,115
d1i1ra1,SCOPe-ALL,family,b.1.2.1,b,b.1,b.1.2,b.1.2.1,100
d1va9a1,SCOPe-ALL,family,b.1.2.1,b,b.1,b.1.2,b.1.2.1,109
d1x5aa1,SCOPe-ALL,family,b.1.2.1,b,b.1,b.1.2,b.1.2.1,94
d2djsa1,SCOPe-ALL,family,b.1.2.1,b,b.1,b.1.2,b.1.2.1,95
d1eerb1,SCOPe-ALL,family,b.1.2.1,b,b.1,b.1.2,b.1.2.1,109
d1eerb2,SCOPe-ALL,family,b.1.2.1,b,b.1,b.1.2,b.1.2.1,104
d6r2wt1,SCOPe-ALL,family,b.1.2.1,b,b.1,b.1.2,b.1.2.1,106
d6r2wt2,SCOPe-ALL,family,b.1.2.1,b,b.1,b.1.2,b.1.2.1,104
d1wfua1,SCOPe-ALL,family,b.1.2.1,b,b.1,b.1.2,b.1.2.1,107
d1k85a1,SCOPe-ALL,family,b.1.2.1,b,b.1,b.1.2,b.1.2.1,86
d1x3da1,SCOPe-ALL,family,b.1.2.1,b,b.1,b.1.2,b.1.2.1,105
d2crza1,SCOPe-ALL,family,b.1.2.1,b,b.1,b.1.2,b.1.2.1,97
d1x4xa1,SCOPe-ALL,family,b.1.2.1,b,b.1,b.1.2,b.1.2.1,93
d1wk0a1,SCOPe-ALL,family,b.1.2.1,b,b.1,b.1.2,b.1.2.1,124
d2crma1,SCOPe-ALL,family,b.1.2.1,b,b.1,b.1.2,b.1.2.1,107
d1x5xa1,SCOPe-ALL,family,b.1.2.1,b,b.1,b.1.2,b.1.2.1,96
d1fnfa1,SCOPe-ALL,family,b.1.2.1,b,b.1,b.1.2,b.1.2.1,94
d1fnfa2,SCOPe-ALL,family,b.1.2.1,b,b.1,b.1.2,b.1.2.1,91
d1owwa_,SCOPe-ALL,family,b.1.2.1,b,b.1,b.1.2,b.1.2.1,93
d1j8ka_,SCOPe-ALL,family,b.1.2.1,b,b.1,b.1.2,b.1.2.1,94
d1cd9b1,SCOPe-ALL,family,b.1.2.1,b,b.1,b.1.2,b.1.2.1,107
d1cd9b2,SCOPe-ALL,family,b.1.2.1,b,b.1,b.1.2,b.1.2.1,106
d1axib1,SCOPe-ALL,family,b.1.2.1,b,b.1,b.1.2,b.1.2.1,99
d1axib2,SCOPe-ALL,family,b.1.2.1,b,b.1,b.1.2,b.1.2.1,106
d2ic2a1,SCOPe-ALL,family,b.1.2.1,b,b.1,b.1.2,b.1.2.1,107
d2ibga1,SCOPe-ALL,family,b.1.2.1,b,b.1,b.1.2,b.1.2.1,95
d1wfta1,SCOPe-ALL,family,b.1.2.1,b,b.1,b.1.2,b.1.2.1,110
d2dtge2,SCOPe-ALL,family,b.1.2.1,b,b.1,b.1.2,b.1.2.1,196
d3f7pc1,SCOPe-ALL,family,b.1.2.1,b,b.1,b.1.2,b.1.2.1,91
d3f7pc2,SCOPe-ALL,family,b.1.2.1,b,b.1,b.1.2,b.1.2.1,113
d2yrza1,SCOPe-ALL,family,b.1.2.1,b,b.1,b.1.2,b.1.2.1,105
d1fyhb1,SCOPe-ALL,family,b.1.2.1,b,b.1,b.1.2,b.1.2.1,98
d1fyhb2,SCOPe-ALL,family,b.1.2.1,b,b.1,b.1.2,b.1.2.1,114
d1y6kr1,SCOPe-ALL,family,b.1.2.1,b,b.1,b.1.2,b.1.2.1,99
d1y6kr2,SCOPe-ALL,family,b.1.2.1,b,b.1,b.1.2,b.1.2.1,106
d4gs7b1,SCOPe-ALL,family,b.1.2.1,b,b.1,b.1.2,b.1.2.1,98
d4gs7b2,SCOPe-ALL,family,b.1.2.1,b,b.1,b.1.2,b.1.2.1,104
d1iarb1,SCOPe-ALL,family,b.1.2.1,b,b.1,b.1.2,b.1.2.1,96
d1iarb2,SCOPe-ALL,family,b.1.2.1,b,b.1,b.1.2,b.1.2.1,101
d1n26a2,SCOPe-ALL,family,b.1.2.1,b,b.1,b.1.2,b.1.2.1,102
d1n26a3,SCOPe-ALL,family,b.1.2.1,b,b.1,b.1.2,b.1.2.1,104
d1uena1,SCOPe-ALL,family,b.1.2.1,b,b.1,b.1.2,b.1.2.1,112
d1ueya1,SCOPe-ALL,family,b.1.2.1,b,b.1,b.1.2,b.1.2.1,114
d1v5ja1,SCOPe-ALL,family,b.1.2.1,b,b.1,b.1.2,b.1.2.1,95
d1ujta1,SCOPe-ALL,family,b.1.2.1,b,b.1,b.1.2,b.1.2.1,107
d1x5ya1,SCOPe-ALL,family,b.1.2.1,b,b.1,b.1.2,b.1.2.1,98
d1x5ha1,SCOPe-ALL,family,b.1.2.1,b,b.1,b.1.2,b.1.2.1,119
d1x5fa1,SCOPe-ALL,family,b.1.2.1,b,b.1,b.1.2,b.1.2.1,107
d1x5ka1,SCOPe-ALL,family,b.1.2.1,b,b.1,b.1.2,b.1.2.1,111
d1x5ga1,SCOPe-ALL,family,b.1.2.1,b,b.1,b.1.2,b.1.2.1,103
d1x5ia1,SCOPe-ALL,family,b.1.2.1,b,b.1,b.1.2,b.1.2.1,113
d1x5ja1,SCOPe-ALL,family,b.1.2.1,b,b.1,b.1.2,b.1.2.1,100
d2haza1,SCOPe-ALL,family,b.1.2.1,b,b.1,b.1.2,b.1.2.1,101
d2vkxa2,SCOPe-ALL,family,b.1.2.1,b,b.1,b.1.2,b.1.2.1,91
d1cfba1,SCOPe-ALL,family,b.1.2.1,b,b.1,b.1.2,b.1.2.1,100
d1cfba2,SCOPe-ALL,family,b.1.2.1,b,b.1,b.1.2,b.1.2.1,105
d2dlha1,SCOPe-ALL,family,b.1.2.1,b,b.1,b.1.2,b.1.2.1,108
d2dn7a1,SCOPe-ALL,family,b.1.2.1,b,b.1,b.1.2,b.1.2.1,94
d2cspa1,SCOPe-ALL,family,b.1.2.1,b,b.1,b.1.2,b.1.2.1,117
d1wisa1,SCOPe-ALL,family,b.1.2.1,b,b.1,b.1.2,b.1.2.1,111
d1wf5a1,SCOPe-ALL,family,b.1.2.1,b,b.1,b.1.2,b.1.2.1,108
d1wfoa1,SCOPe-ALL,family,b.1.2.1,b,b.1,b.1.2,b.1.2.1,117
d1wfna1,SCOPe-ALL,family,b.1.2.1,b,b.1,b.1.2,b.1.2.1,106
d1qr4a1,SCOPe-ALL,family,b.1.2.1,b,b.1,b.1.2,b.1.2.1,87
d1tdqa2,SCOPe-ALL,family,b.1.2.1,b,b.1,b.1.2,b.1.2.1,92
d1tdqa3,SCOPe-ALL,family,b.1.2.1,b,b.1,b.1.2,b.1.2.1,86
d2cuma1,SCOPe-ALL,family,b.1.2.1,b,b.1,b.1.2,b.1.2.1,92
d2cuia1,SCOPe-ALL,family,b.1.2.1,b,b.1,b.1.2,b.1.2.1,99
d2cuha1,SCOPe-ALL,family,b.1.2.1,b,b.1,b.1.2,b.1.2.1,102
d3d85d2,SCOPe-ALL,family,b.1.2.1,b,b.1,b.1.2,b.1.2.1,124
d3d85d3,SCOPe-ALL,family,b.1.2.1,b,b.1,b.1.2,b.1.2.1,94
d1bpva1,SCOPe-ALL,family,b.1.2.1,b,b.1,b.1.2,b.1.2.1,103
d2rb8a_,SCOPe-ALL,family,b.1.2.1,b,b.1,b.1.2,b.1.2.1,93
d3n1fc_,SCOPe-ALL,family,b.1.2.1,b,b.1,b.1.2,b.1.2.1,99
d4lxoa1,SCOPe-ALL,family,b.1.2.1,b,b.1,b.1.2,b.1.2.1,92
d4lxoa2,SCOPe-ALL,family,b.1.2.1,b,b.1,b.1.2,b.1.2.1,92
d3s9db1,SCOPe-ALL,family,b.1.2.1,b,b.1,b.1.2,b.1.2.1,98
d3s9db2,SCOPe-ALL,family,b.1.2.1,b,b.1,b.1.2,b.1.2.1,95
d5n48b_,SCOPe-ALL,family,b.1.2.1,b,b.1,b.1.2,b.1.2.1,92
d3n0pb1,SCOPe-ALL,family,b.1.2.1,b,b.1,b.1.2,b.1.2.1,100
d3n0pb2,SCOPe-ALL,family,b.1.2.1,b,b.1,b.1.2,b.1.2.1,106
d4lpva1,SCOPe-ALL,family,b.1.2.0,b,b.1,b.1.2,b.1.2.0,91
d4eq3a1,SCOPe-ALL,family,b.1.2.0,b,b.1,b.1.2,b.1.2.0,99
d4eq3a2,SCOPe-ALL,family,b.1.2.0,b,b.1,b.1.2,b.1.2.0,107
d4n5ua1,SCOPe-ALL,family,b.1.2.0,b,b.1,b.1.2,b.1.2.0,104
d3lpwa1,SCOPe-ALL,family,b.1.2.0,b,b.1,b.1.2,b.1.2.0,99
d3lpwa2,SCOPe-ALL,family,b.1.2.0,b,b.1,b.1.2,b.1.2.0,95
d6tpua1,SCOPe-ALL,family,b.1.2.0,b,b.1,b.1.2,b.1.2.0,93
d4n68a1,SCOPe-ALL,family,b.1.2.0,b,b.1,b.1.2,b.1.2.0,98
d3wiha_,SCOPe-ALL,family,b.1.2.0,b,b.1,b.1.2,b.1.2.0,96
d3r8qa1,SCOPe-ALL,family,b.1.2.0,b,b.1,b.1.2,b.1.2.0,92
d3r8qa2,SCOPe-ALL,family,b.1.2.0,b,b.1,b.1.2,b.1.2.0,90
d6xaxa1,SCOPe-ALL,family,b.1.2.0,b,b.1,b.1.2,b.1.2.0,89
d5u8ra4,SCOPe-ALL,family,b.1.2.0,b,b.1,b.1.2,b.1.2.0,121
d5u8ra5,SCOPe-ALL,family,b.1.2.0,b,b.1,b.1.2,b.1.2.0,100
d2kbga_,SCOPe-ALL,family,b.1.2.0,b,b.1,b.1.2,b.1.2.0,102
d2ee2a1,SCOPe-ALL,family,b.1.2.0,b,b.1,b.1.2,b.1.2.0,106
d2doca1,SCOPe-ALL,family,b.1.2.0,b,b.1,b.1.2,b.1.2.0,106
d2dm4a1,SCOPe-ALL,family,b.1.2.0,b,b.1,b.1.2,b.1.2.0,95
d2ee3a1,SCOPe-ALL,family,b.1.2.0,b,b.1,b.1.2,b.1.2.0,95
d2dmka1,SCOPe-ALL,family,b.1.2.0,b,b.1,b.1.2,b.1.2.0,114
d2dbja1,SCOPe-ALL,family,b.1.2.0,b,b.1,b.1.2,b.1.2.0,111
d2e7ha1,SCOPe-ALL,family,b.1.2.0,b,b.1,b.1.2,b.1.2.0,96
d2db8a1,SCOPe-ALL,family,b.1.2.0,b,b.1,b.1.2,b.1.2.0,97
d2edya1,SCOPe-ALL,family,b.1.2.0,b,b.1,b.1.2,b.1.2.0,96
d2yuxa1,SCOPe-ALL,family,b.1.2.0,b,b.1,b.1.2,b.1.2.0,113
d6x39a1,SCOPe-ALL,family,b.1.2.0,b,b.1,b.1.2,b.1.2.0,101
d1b4ra_,SCOPe-ALL,family,b.1.3.1,b,b.1,b.1.3,b.1.3.1,80
d1l0qa1,SCOPe-ALL,family,b.1.3.1,b,b.1,b.1.3,b.1.3.1,90
d1wgoa1,SCOPe-ALL,family,b.1.3.1,b,b.1,b.1.3,b.1.3.1,110
d1yq2a1,SCOPe-ALL,family,b.1.4.1,b,b.1,b.1.4,b.1.4.1,112
d1yq2a2,SCOPe-ALL,family,b.1.4.1,b,b.1,b.1.4,b.1.4.1,93
d1jz8a1,SCOPe-ALL,family,b.1.4.1,b,b.1,b.1.4,b.1.4.1,114
d1jz8a2,SCOPe-ALL,family,b.1.4.1,b,b.1,b.1.4,b.1.4.1,105
d4cu7a2,SCOPe-ALL,family,b.1.4.1,b,b.1,b.1.4,b.1.4.1,120
d4cu7a5,SCOPe-ALL,family,b.1.4.1,b,b.1,b.1.4,b.1.4.1,119
d3hn3a2,SCOPe-ALL,family,b.1.4.1,b,b.1,b.1.4,b.1.4.1,103
d2je8a1,SCOPe-ALL,family,b.1.4.1,b,b.1,b.1.4,b.1.4.1,111
d2je8a2,SCOPe-ALL,family,b.1.4.1,b,b.1,b.1.4,b.1.4.1,81
d2je8a3,SCOPe-ALL,family,b.1.4.1,b,b.1,b.1.4,b.1.4.1,105
d2vzsa1,SCOPe-ALL,family,b.1.4.1,b,b.1,b.1.4,b.1.4.1,110
d2vzsa2,SCOPe-ALL,family,b.1.4.1,b,b.1,b.1.4,b.1.4.1,122
d2vzsa3,SCOPe-ALL,family,b.1.4.1,b,b.1,b.1.4,b.1.4.1,103
d6bjqa2,SCOPe-ALL,family,b.1.4.0,b,b.1,b.1.4,b.1.4.0,96
d5c71a2,SCOPe-ALL,family,b.1.4.0,b,b.1,b.1.4,b.1.4.0,95
d6jz2a2,SCOPe-ALL,family,b.1.4.0,b,b.1,b.1.4,b.1.4.0,93
d4jkla2,SCOPe-ALL,family,b.1.4.0,b,b.1,b.1.4,b.1.4.0,94
d6u7ja2,SCOPe-ALL,family,b.1.4.0,b,b.1,b.1.4,b.1.4.0,89
d1f13a2,SCOPe-ALL,family,b.1.5.1,b,b.1,b.1.5,b.1.5.1,112
d1f13a3,SCOPe-ALL,family,b.1.5.1,b,b.1,b.1.5,b.1.5.1,101
d1rlla3,SCOPe-ALL,family,b.1.5.1,b,b.1,b.1.5,b.1.5.1,115
d1rlla4,SCOPe-ALL,family,b.1.5.1,b,b.1,b.1.5,b.1.5.1,99
d2q3za2,SCOPe-ALL,family,b.1.5.1,b,b.1,b.1.5,b.1.5.1,114
d2q3za3,SCOPe-ALL,family,b.1.5.1,b,b.1,b.1.5,b.1.5.1,98
d1g0da2,SCOPe-ALL,family,b.1.5.1,b,b.1,b.1.5,b.1.5.1,112
d1g0da3,SCOPe-ALL,family,b.1.5.1,b,b.1,b.1.5,b.1.5.1,101
d1l3wa3,SCOPe-ALL,family,b.1.6.1,b,b.1,b.1.6,b.1.6.1,113
d1l3wa4,SCOPe-ALL,family,b.1.6.1,b,b.1,b.1.6,b.1.6.1,107
d1l3wa5,SCOPe-ALL,family,b.1.6.1,b,b.1,b.1.6,b.1.6.1,107
d1op4a_,SCOPe-ALL,family,b.1.6.1,b,b.1,b.1.6,b.1.6.1,136
d4wiqa1,SCOPe-ALL,family,b.1.6.2,b,b.1,b.1.6,b.1.6.2,106
d1wuza_,SCOPe-ALL,family,b.1.6.3,b,b.1,b.1.6,b.1.6.3,103
d1wyja1,SCOPe-ALL,family,b.1.6.3,b,b.1,b.1.6,b.1.6.3,112
d3k6ia1,SCOPe-ALL,family,b.1.6.0,b,b.1,b.1.6,b.1.6.0,98
d1zvna1,SCOPe-ALL,family,b.1.6.0,b,b.1,b.1.6,b.1.6.0,97
d3ppea2,SCOPe-ALL,family,b.1.6.0,b,b.1,b.1.6,b.1.6.0,106
d6ztbi1,SCOPe-ALL,family,b.1.6.0,b,b.1,b.1.6,b.1.6.0,101
d6ztbi2,SCOPe-ALL,family,b.1.6.0,b,b.1,b.1.6,b.1.6.0,114
d5tfma1,SCOPe-ALL,family,b.1.6.0,b,b.1,b.1.6,b.1.6.0,107
d5tfma2,SCOPe-ALL,family,b.1.6.0,b,b.1,b.1.6,b.1.6.0,106
d5tfma3,SCOPe-ALL,family,b.1.6.0,b,b.1,b.1.6,b.1.6.0,112
d2yqga1,SCOPe-ALL,family,b.1.6.0,b,b.1,b.1.6,b.1.6.0,116
d5szra1,SCOPe-ALL,family,b.1.6.0,b,b.1,b.1.6,b.1.6.0,101
d5szra2,SCOPe-ALL,family,b.1.6.0,b,b.1,b.1.6,b.1.6.0,105
d5szra3,SCOPe-ALL,family,b.1.6.0,b,b.1,b.1.6,b.1.6.0,110
d5szra4,SCOPe-ALL,family,b.1.6.0,b,b.1,b.1.6,b.1.6.0,113
d5i8da1,SCOPe-ALL,family,b.1.6.0,b,b.1,b.1.6,b.1.6.0,110
d5i8da2,SCOPe-ALL,family,b.1.6.0,b,b.1,b.1.6,b.1.6.0,105
d5i8da3,SCOPe-ALL,family,b.1.6.0,b,b.1,b.1.6,b.1.6.0,120
d5vt8a1,SCOPe-ALL,family,b.1.6.0,b,b.1,b.1.6,b.1.6.0,100
d5vt8a2,SCOPe-ALL,family,b.1.6.0,b,b.1,b.1.6,b.1.6.0,112
d1akpa_,SCOPe-ALL,family,b.1.7.1,b,b.1,b.1.7,b.1.7.1,114
d2cboa_,SCOPe-ALL,family,b.1.7.1,b,b.1,b.1.7,b.1.7.1,115
d1ej8a_,SCOPe-ALL,family,b.1.8.1,b,b.1,b.1.8,b.1.8.1,140
d2aqma_,SCOPe-ALL,family,b.1.8.1,b,b.1,b.1.8,b.1.8.1,154
d1pzsa_,SCOPe-ALL,family,b.1.8.1,b,b.1,b.1.8,b.1.8.1,171
d3f7la_,SCOPe-ALL,family,b.1.8.1,b,b.1,b.1.8,b.1.8.1,151
d1xtma_,SCOPe-ALL,family,b.1.8.0,b,b.1,b.1.8,b.1.8.0,152
d2jlpa_,SCOPe-ALL,family,b.1.8.0,b,b.1,b.1.8,b.1.8.0,168
d1pl3a_,SCOPe-ALL,family,b.1.9.1,b,b.1,b.1.9,b.1.9.1,186
d1i8ua_,SCOPe-ALL,family,b.1.9.2,b,b.1,b.1.9,b.1.9.2,189
d1ug9a3,SCOPe-ALL,family,b.1.9.3,b,b.1,b.1.9,b.1.9.3,245
d6jt6a_,SCOPe-ALL,family,b.1.9.0,b,b.1,b.1.9,b.1.9.0,195
d4qi3a1,SCOPe-ALL,family,b.1.9.0,b,b.1,b.1.9,b.1.9.0,207
d1qtsa1,SCOPe-ALL,family,b.1.10.1,b,b.1,b.1.10,b.1.10.1,133
d2g30a1,SCOPe-ALL,family,b.1.10.1,b,b.1,b.1.10,b.1.10.1,120
d1p4ua_,SCOPe-ALL,family,b.1.10.2,b,b.1,b.1.10,b.1.10.2,145
d2a7ba_,SCOPe-ALL,family,b.1.10.2,b,b.1,b.1.10,b.1.10.2,120
d1r4xa1,SCOPe-ALL,family,b.1.10.3,b,b.1,b.1.10,b.1.10.3,155
d2xg5a1,SCOPe-ALL,family,b.1.11.1,b,b.1,b.1.11,b.1.11.1,124
d1mspa_,SCOPe-ALL,family,b.1.11.2,b,b.1,b.1.11,b.1.11.2,124
d1wica1,SCOPe-ALL,family,b.1.11.2,b,b.1,b.1.11,b.1.11.2,139
d1m1sa1,SCOPe-ALL,family,b.1.11.2,b,b.1,b.1.11,b.1.11.2,107
d2cria1,SCOPe-ALL,family,b.1.11.0,b,b.1,b.1.11,b.1.11.0,134
d4ay0a1,SCOPe-ALL,family,b.1.11.0,b,b.1,b.1.11,b.1.11.0,118
d6hwra1,SCOPe-ALL,family,b.1.12.0,b,b.1,b.1.12,b.1.12.0,114
d1vzia1,SCOPe-ALL,family,b.1.13.1,b,b.1,b.1.13,b.1.13.1,88
d3qzba1,SCOPe-ALL,family,b.1.13.0,b,b.1,b.1.13,b.1.13.0,131
d6tpla1,SCOPe-ALL,family,b.1.14.1,b,b.1,b.1.14,b.1.14.1,103
d1f00i1,SCOPe-ALL,family,b.1.14.1,b,b.1,b.1.14,b.1.14.1,95
d1f00i2,SCOPe-ALL,family,b.1.14.1,b,b.1,b.1.14,b.1.14.1,89
d1cwva1,SCOPe-ALL,family,b.1.14.1,b,b.1,b.1.14,b.1.14.1,94
d1cwva2,SCOPe-ALL,family,b.1.14.1,b,b.1,b.1.14,b.1.14.1,96
d1cwva3,SCOPe-ALL,family,b.1.14.1,b,b.1,b.1.14,b.1.14.1,103
d1cwva4,SCOPe-ALL,family,b.1.14.1,b,b.1,b.1.14,b.1.14.1,91
d1txvb5,SCOPe-ALL,family,b.1.15.1,b,b.1,b.1.15,b.1.15.1,136
d5ffga2,SCOPe-ALL,family,b.1.15.0,b,b.1,b.1.15,b.1.15.0,155
d4g1ma3,SCOPe-ALL,family,b.1.15.0,b,b.1,b.1.15,b.1.15.0,139
d4g1ma4,SCOPe-ALL,family,b.1.15.0,b,b.1,b.1.15,b.1.15.0,222
d1ifra1,SCOPe-ALL,family,b.1.16.1,b,b.1,b.1.16,b.1.16.1,109
d1l6pa_,SCOPe-ALL,family,b.1.17.1,b,b.1,b.1.17,b.1.17.1,121
d6dnva1,SCOPe-ALL,family,b.1.17.0,b,b.1,b.1.17,b.1.17.0,122
d2cxka1,SCOPe-ALL,family,b.1.18.1,b,b.1,b.1.18,b.1.18.1,82
d3brfa1,SCOPe-ALL,family,b.1.18.1,b,b.1,b.1.18,b.1.18.1,119
d1my7a_,SCOPe-ALL,family,b.1.18.1,b,b.1,b.1.18,b.1.18.1,107
d2as5m1,SCOPe-ALL,family,b.1.18.1,b,b.1,b.1.18,b.1.18.1,103
d1imhc1,SCOPe-ALL,family,b.1.18.1,b,b.1,b.1.18,b.1.18.1,101
d1qbaa1,SCOPe-ALL,family,b.1.18.2,b,b.1,b.1.18,b.1.18.2,105
d2bvya1,SCOPe-ALL,family,b.1.18.2,b,b.1,b.1.18,b.1.18.2,94
d4cu7a4,SCOPe-ALL,family,b.1.18.2,b,b.1,b.1.18,b.1.18.2,108
d1clca2,SCOPe-ALL,family,b.1.18.2,b,b.1,b.1.18,b.1.18.2,100
d1rq5a2,SCOPe-ALL,family,b.1.18.2,b,b.1,b.1.18,b.1.18.2,98
d1edqa1,SCOPe-ALL,family,b.1.18.2,b,b.1,b.1.18,b.1.18.2,109
d3bmva1,SCOPe-ALL,family,b.1.18.2,b,b.1,b.1.18,b.1.18.2,83
d1txka1,SCOPe-ALL,family,b.1.18.2,b,b.1,b.1.18,b.1.18.2,115
d1ug9a2,SCOPe-ALL,family,b.1.18.2,b,b.1,b.1.18,b.1.18.2,89
d2bhua1,SCOPe-ALL,family,b.1.18.2,b,b.1,b.1.18,b.1.18.2,97
d3vgfa1,SCOPe-ALL,family,b.1.18.2,b,b.1,b.1.18,b.1.18.2,88
d1f1sa2,SCOPe-ALL,family,b.1.18.2,b,b.1,b.1.18,b.1.18.2,78
d1bf2a1,SCOPe-ALL,family,b.1.18.2,b,b.1,b.1.18,b.1.18.2,162
d1j0ha1,SCOPe-ALL,family,b.1.18.2,b,b.1,b.1.18,b.1.18.2,123
d1w8oa1,SCOPe-ALL,family,b.1.18.2,b,b.1,b.1.18,b.1.18.2,103
d1llaa3,SCOPe-ALL,family,b.1.18.3,b,b.1,b.1.18,b.1.18.3,249
d1hc1a3,SCOPe-ALL,family,b.1.18.3,b,b.1,b.1.18,b.1.18.3,255
d2v33a_,SCOPe-ALL,family,b.1.18.4,b,b.1,b.1.18,b.1.18.4,91
d6s95a_,SCOPe-ALL,family,b.1.18.4,b,b.1,b.1.18,b.1.18.4,102
d1im3d_,SCOPe-ALL,family,b.1.18.5,b,b.1,b.1.18,b.1.18.5,95
d2a9da1,SCOPe-ALL,family,b.1.18.6,b,b.1,b.1.18,b.1.18.6,123
d1nepa_,SCOPe-ALL,family,b.1.18.7,b,b.1,b.1.18,b.1.18.7,130
d1xwva_,SCOPe-ALL,family,b.1.18.7,b,b.1,b.1.18,b.1.18.7,129
d4jv8b_,SCOPe-ALL,family,b.1.18.8,b,b.1,b.1.18,b.1.18.8,149
d1kmta1,SCOPe-ALL,family,b.1.18.8,b,b.1,b.1.18,b.1.18.8,136
d1f13a1,SCOPe-ALL,family,b.1.18.9,b,b.1,b.1.18,b.1.18.9,186
d1rlla1,SCOPe-ALL,family,b.1.18.9,b,b.1,b.1.18,b.1.18.9,140
d2q3za1,SCOPe-ALL,family,b.1.18.9,b,b.1,b.1.18,b.1.18.9,131
d1g0da1,SCOPe-ALL,family,b.1.18.9,b,b.1,b.1.18,b.1.18.9,135
d1qfha1,SCOPe-ALL,family,b.1.18.10,b,b.1,b.1.18,b.1.18.10,104
d1qfha2,SCOPe-ALL,family,b.1.18.10,b,b.1,b.1.18,b.1.18.10,108
d2w0pa_,SCOPe-ALL,family,b.1.18.10,b,b.1,b.1.18,b.1.18.10,93
d2dmba1,SCOPe-ALL,family,b.1.18.10,b,b.1,b.1.18,b.1.18.10,111
d2e9ja1,SCOPe-ALL,family,b.1.18.10,b,b.1,b.1.18,b.1.18.10,112
d2diba1,SCOPe-ALL,family,b.1.18.10,b,b.1,b.1.18,b.1.18.10,115
d1v05a1,SCOPe-ALL,family,b.1.18.10,b,b.1,b.1.18,b.1.18.10,93
d2d7na1,SCOPe-ALL,family,b.1.18.10,b,b.1,b.1.18,b.1.18.10,80
d2d7pa1,SCOPe-ALL,family,b.1.18.10,b,b.1,b.1.18,b.1.18.10,99
d2nqca_,SCOPe-ALL,family,b.1.18.10,b,b.1,b.1.18,b.1.18.10,97
d3ugua1,SCOPe-ALL,family,b.1.18.11,b,b.1,b.1.18,b.1.18.11,173
d3ugua2,SCOPe-ALL,family,b.1.18.11,b,b.1,b.1.18,b.1.18.11,178
d1cvra1,SCOPe-ALL,family,b.1.18.12,b,b.1,b.1.18,b.1.18.12,82
d1ehxa_,SCOPe-ALL,family,b.1.18.13,b,b.1,b.1.18,b.1.18.13,94
d1pbya3,SCOPe-ALL,family,b.1.18.14,b,b.1,b.1.18,b.1.18.14,78
d1pbya4,SCOPe-ALL,family,b.1.18.14,b,b.1,b.1.18,b.1.18.14,138
d1jmxa3,SCOPe-ALL,family,b.1.18.14,b,b.1,b.1.18,b.1.18.14,82
d1o6va1,SCOPe-ALL,family,b.1.18.15,b,b.1,b.1.18,b.1.18.15,80
d1n9pa_,SCOPe-ALL,family,b.1.18.16,b,b.1,b.1.18,b.1.18.16,202
d1p7ba1,SCOPe-ALL,family,b.1.18.16,b,b.1,b.1.18,b.1.18.16,158
d6o9ua2,SCOPe-ALL,family,b.1.18.16,b,b.1,b.1.18,b.1.18.16,157
d1uadc_,SCOPe-ALL,family,b.1.18.18,b,b.1,b.1.18,b.1.18.18,92
d1v8ha1,SCOPe-ALL,family,b.1.18.19,b,b.1,b.1.18,b.1.18.19,106
d3c8da1,SCOPe-ALL,family,b.1.18.20,b,b.1,b.1.18,b.1.18.20,145
d1z0na1,SCOPe-ALL,family,b.1.18.21,b,b.1,b.1.18,b.1.18.21,87
d2qlvb1,SCOPe-ALL,family,b.1.18.21,b,b.1,b.1.18,b.1.18.21,87
d2q0zx2,SCOPe-ALL,family,b.1.18.22,b,b.1,b.1.18,b.1.18.22,114
d3es6b1,SCOPe-ALL,family,b.1.18.23,b,b.1,b.1.18,b.1.18.23,118
d6uyba_,SCOPe-ALL,family,b.1.18.26,b,b.1,b.1.18,b.1.18.26,225
d4jcma3,SCOPe-ALL,family,b.1.18.0,b,b.1,b.1.18,b.1.18.0,82
d3uama_,SCOPe-ALL,family,b.1.18.0,b,b.1,b.1.18,b.1.18.0,198
d3weba_,SCOPe-ALL,family,b.1.18.0,b,b.1,b.1.18,b.1.18.0,132
d3vttb_,SCOPe-ALL,family,b.1.18.0,b,b.1,b.1.18,b.1.18.0,104
d4a02a_,SCOPe-ALL,family,b.1.18.0,b,b.1,b.1.18,b.1.18.0,166
d5e6za1,SCOPe-ALL,family,b.1.18.0,b,b.1,b.1.18,b.1.18.0,110
d3edea1,SCOPe-ALL,family,b.1.18.0,b,b.1,b.1.18,b.1.18.0,93
d6xlra3,SCOPe-ALL,family,b.1.18.0,b,b.1,b.1.18,b.1.18.0,102
d4m9pa1,SCOPe-ALL,family,b.1.18.0,b,b.1,b.1.18,b.1.18.0,96
d4m9pa3,SCOPe-ALL,family,b.1.18.0,b,b.1,b.1.18,b.1.18.0,97
d3rgha1,SCOPe-ALL,family,b.1.18.0,b,b.1,b.1.18,b.1.18.0,95
d2j3sa2,SCOPe-ALL,family,b.1.18.0,b,b.1,b.1.18,b.1.18.0,101
d2k7qa1,SCOPe-ALL,family,b.1.18.0,b,b.1,b.1.18,b.1.18.0,92
d2ds4a1,SCOPe-ALL,family,b.1.18.0,b,b.1,b.1.18,b.1.18.0,106
d5vg0a_,SCOPe-ALL,family,b.1.18.0,b,b.1,b.1.18,b.1.18.0,142
d6j33a2,SCOPe-ALL,family,b.1.18.0,b,b.1,b.1.18,b.1.18.0,125
d6j33a3,SCOPe-ALL,family,b.1.18.0,b,b.1,b.1.18,b.1.18.0,115
d5icua_,SCOPe-ALL,family,b.1.18.0,b,b.1,b.1.18,b.1.18.0,102
d5opfa_,SCOPe-ALL,family,b.1.18.0,b,b.1,b.1.18,b.1.18.0,194
d3vypa1,SCOPe-ALL,family,b.1.18.0,b,b.1,b.1.18,b.1.18.0,111
d2oxga_,SCOPe-ALL,family,b.1.18.0,b,b.1,b.1.18,b.1.18.0,108
d5fjqa_,SCOPe-ALL,family,b.1.18.0,b,b.1,b.1.18,b.1.18.0,180
d6nfra_,SCOPe-ALL,family,b.1.18.0,b,b.1,b.1.18,b.1.18.0,97
d4oy7a_,SCOPe-ALL,family,b.1.18.0,b,b.1,b.1.18,b.1.18.0,196
d6rw7a1,SCOPe-ALL,family,b.1.18.0,b,b.1,b.1.18,b.1.18.0,204
d5z0ua1,SCOPe-ALL,family,b.1.18.0,b,b.1,b.1.18,b.1.18.0,122
d1wzla1,SCOPe-ALL,family,b.1.18.0,b,b.1,b.1.18,b.1.18.0,120
d3zuda_,SCOPe-ALL,family,b.1.18.0,b,b.1,b.1.18,b.1.18.0,228
d7lsgc_,SCOPe-ALL,family,b.1.18.0,b,b.1,b.1.18,b.1.18.0,94
d1lmia1,SCOPe-ALL,family,b.1.19.1,b,b.1,b.1.19,b.1.19.1,130
d1o75a1,SCOPe-ALL,family,b.1.20.1,b,b.1,b.1.20,b.1.20.1,126
d1o75a2,SCOPe-ALL,family,b.1.20.1,b,b.1,b.1.20,b.1.20.1,82
d1osya_,SCOPe-ALL,family,b.1.21.1,b,b.1,b.1.21,b.1.21.1,114
d1roca1,SCOPe-ALL,family,b.1.22.1,b,b.1,b.1.22,b.1.22.1,153
d6a6ya_,SCOPe-ALL,family,b.1.22.0,b,b.1,b.1.22,b.1.22.0,158
d1xq4a_,SCOPe-ALL,family,b.1.23.1,b,b.1,b.1.23,b.1.23.1,123
d1xvsa_,SCOPe-ALL,family,b.1.23.1,b,b.1,b.1.23,b.1.23.1,124
d5hdwa1,SCOPe-ALL,family,b.1.23.0,b,b.1,b.1.23,b.1.23.0,128
d1xaka_,SCOPe-ALL,family,b.1.24.1,b,b.1,b.1.24,b.1.24.1,68
d1xo8a_,SCOPe-ALL,family,b.1.25.1,b,b.1,b.1.25,b.1.25.1,151
d3e1za_,SCOPe-ALL,family,b.1.26.1,b,b.1,b.1.26,b.1.26.1,109
d2c34a1,SCOPe-ALL,family,b.1.26.1,b,b.1,b.1.26,b.1.26.1,113
d6cjza1,SCOPe-ALL,family,b.1.26.0,b,b.1,b.1.26,b.1.26.0,102
d2ciob_,SCOPe-ALL,family,b.1.26.0,b,b.1,b.1.26,b.1.26.0,21
d3gina_,SCOPe-ALL,family,b.1.27.1,b,b.1,b.1.27,b.1.27.1,132
d3e9ta1,SCOPe-ALL,family,b.1.27.0,b,b.1,b.1.27,b.1.27.0,110
d3e9ua1,SCOPe-ALL,family,b.1.27.0,b,b.1,b.1.27,b.1.27.0,155
d3fsoa1,SCOPe-ALL,family,b.1.27.0,b,b.1,b.1.27,b.1.27.0,117
d2o6pa1,SCOPe-ALL,family,b.1.28.1,b,b.1,b.1.28,b.1.28.1,121
d3qzma1,SCOPe-ALL,family,b.1.28.1,b,b.1,b.1.28,b.1.28.1,123
d4h8qa_,SCOPe-ALL,family,b.1.28.0,b,b.1,b.1.28,b.1.28.0,119
d4ympa_,SCOPe-ALL,family,b.1.28.0,b,b.1,b.1.28,b.1.28.0,119
d4mypa_,SCOPe-ALL,family,b.1.28.0,b,b.1,b.1.28,b.1.28.0,121
d3rtla1,SCOPe-ALL,family,b.1.28.0,b,b.1,b.1.28,b.1.28.0,112
d4fc3e_,SCOPe-ALL,family,b.1.28.0,b,b.1,b.1.28,b.1.28.0,144
d1ayoa_,SCOPe-ALL,family,b.1.29.1,b,b.1,b.1.29,b.1.29.1,130
d2a73b2,SCOPe-ALL,family,b.1.29.1,b,b.1,b.1.29,b.1.29.1,144
d3cu7a8,SCOPe-ALL,family,b.1.29.1,b,b.1,b.1.29,b.1.29.1,144
d2a73a1,SCOPe-ALL,family,b.1.29.2,b,b.1,b.1.29,b.1.29.2,102
d3cu7a1,SCOPe-ALL,family,b.1.29.2,b,b.1,b.1.29,b.1.29.2,101
d2p9ra_,SCOPe-ALL,family,b.1.29.3,b,b.1,b.1.29,b.1.29.3,102
d2a73a2,SCOPe-ALL,family,b.1.29.3,b,b.1,b.1.29,b.1.29.3,103
d3cu7a2,SCOPe-ALL,family,b.1.29.3,b,b.1,b.1.29,b.1.29.3,102
d2a73a3,SCOPe-ALL,family,b.1.29.4,b,b.1,b.1.29,b.1.29.4,122
d3cu7a3,SCOPe-ALL,family,b.1.29.4,b,b.1,b.1.29,b.1.29.4,126
d2a73a4,SCOPe-ALL,family,b.1.29.5,b,b.1,b.1.29,b.1.29.5,98
d3cu7a4,SCOPe-ALL,family,b.1.29.5,b,b.1,b.1.29,b.1.29.5,110
d2a73a5,SCOPe-ALL,family,b.1.29.6,b,b.1,b.1.29,b.1.29.6,109
d3cu7a5,SCOPe-ALL,family,b.1.29.6,b,b.1,b.1.29,b.1.29.6,106
d3cu7a6,SCOPe-ALL,family,b.1.29.7,b,b.1,b.1.29,b.1.29.7,96
d2a73b1,SCOPe-ALL,family,b.1.29.8,b,b.1,b.1.29,b.1.29.8,105
d3cu7a7,SCOPe-ALL,family,b.1.29.8,b,b.1,b.1.29,b.1.29.8,109
d4nkqb1,SCOPe-ALL,family,b.1.29.9,b,b.1,b.1.29,b.1.29.9,99
d4qmea3,SCOPe-ALL,family,b.1.30.1,b,b.1,b.1.30,b.1.30.1,101
d1z1wa3,SCOPe-ALL,family,b.1.30.1,b,b.1,b.1.30,b.1.30.1,75
d6q4ra3,SCOPe-ALL,family,b.1.30.0,b,b.1,b.1.30,b.1.30.0,85
d4fkea3,SCOPe-ALL,family,b.1.30.0,b,b.1,b.1.30,b.1.30.0,89
d2wt3a3,SCOPe-ALL,family,b.1.31.0,b,b.1,b.1.31,b.1.31.0,122
d2zxeb2,SCOPe-ALL,family,b.1.32.1,b,b.1,b.1.32,b.1.32.1,237
d3pjla_,SCOPe-ALL,family,b.1.33.1,b,b.1,b.1.33,b.1.33.1,157
d3lzla_,SCOPe-ALL,family,b.1.33.0,b,b.1,b.1.33,b.1.33.0,157
d1f0la1,SCOPe-ALL,family,b.2.1.1,b,b.2,b.2.1,b.2.1.1,155
d1e5ba_,SCOPe-ALL,family,b.2.2.1,b,b.2,b.2.2,b.2.2.1,87
d3bwza_,SCOPe-ALL,family,b.2.2.2,b,b.2,b.2.2,b.2.2.2,171
d4b9fa_,SCOPe-ALL,family,b.2.2.2,b,b.2,b.2.2,b.2.2.2,152
d2vn6a_,SCOPe-ALL,family,b.2.2.2,b,b.2,b.2.2,b.2.2.2,151
d1ga2a2,SCOPe-ALL,family,b.2.2.2,b,b.2,b.2.2,b.2.2.2,158
d2vo8a1,SCOPe-ALL,family,b.2.2.2,b,b.2,b.2.2,b.2.2.2,136
d2ozna1,SCOPe-ALL,family,b.2.2.2,b,b.2,b.2.2,b.2.2.2,133
d5nrma1,SCOPe-ALL,family,b.2.2.2,b,b.2,b.2.2,b.2.2.2,139
d2ccla2,SCOPe-ALL,family,b.2.2.2,b,b.2,b.2.2,b.2.2.2,146
d1qbaa2,SCOPe-ALL,family,b.2.2.3,b,b.2,b.2.2,b.2.2.3,173
d4uypa1,SCOPe-ALL,family,b.2.2.0,b,b.2,b.2.2,b.2.2.0,142
d6ufva_,SCOPe-ALL,family,b.2.2.0,b,b.2,b.2.2,b.2.2.0,149
d4umsa1,SCOPe-ALL,family,b.2.2.0,b,b.2,b.2.2,b.2.2.0,148
d3ndye_,SCOPe-ALL,family,b.2.2.0,b,b.2,b.2.2,b.2.2.0,107
d3zqxa1,SCOPe-ALL,family,b.2.2.0,b,b.2,b.2.2,b.2.2.0,145
d4b9pa_,SCOPe-ALL,family,b.2.2.0,b,b.2,b.2.2,b.2.2.0,166
d5gxxa2,SCOPe-ALL,family,b.2.2.0,b,b.2,b.2.2,b.2.2.0,157
d4b9ca1,SCOPe-ALL,family,b.2.2.0,b,b.2,b.2.2,b.2.2.0,146
d4dh2a1,SCOPe-ALL,family,b.2.2.0,b,b.2,b.2.2,b.2.2.0,156
d3ul4a_,SCOPe-ALL,family,b.2.2.0,b,b.2,b.2.2,b.2.2.0,142
d5k39a1,SCOPe-ALL,family,b.2.2.0,b,b.2,b.2.2,b.2.2.0,160
d5lxva_,SCOPe-ALL,family,b.2.2.0,b,b.2,b.2.2,b.2.2.0,172
d1amxa_,SCOPe-ALL,family,b.2.3.1,b,b.2,b.2.3,b.2.3.1,150
d1p5ub_,SCOPe-ALL,family,b.2.3.2,b,b.2,b.2.3,b.2.3.2,149
d2axwa1,SCOPe-ALL,family,b.2.3.2,b,b.2,b.2.3,b.2.3.2,121
d4xo9a2,SCOPe-ALL,family,b.2.3.2,b,b.2,b.2.3,b.2.3.2,121
d4x5pa_,SCOPe-ALL,family,b.2.3.2,b,b.2,b.2.3,b.2.3.2,158
d2uy6b1,SCOPe-ALL,family,b.2.3.2,b,b.2,b.2.3,b.2.3.2,154
d2xg5b_,SCOPe-ALL,family,b.2.3.2,b,b.2,b.2.3,b.2.3.2,149
d1n12a_,SCOPe-ALL,family,b.2.3.2,b,b.2,b.2.3,b.2.3.2,138
d1pdkb_,SCOPe-ALL,family,b.2.3.2,b,b.2,b.2.3,b.2.3.2,149
d2cnza_,SCOPe-ALL,family,b.2.3.2,b,b.2,b.2.3,b.2.3.2,123
d4z3ga1,SCOPe-ALL,family,b.2.3.3,b,b.2,b.2.3,b.2.3.3,197
d1n67a1,SCOPe-ALL,family,b.2.3.4,b,b.2,b.2.3,b.2.3.4,141
d1n67a2,SCOPe-ALL,family,b.2.3.4,b,b.2,b.2.3,b.2.3.4,190
d1zk5a_,SCOPe-ALL,family,b.2.3.5,b,b.2,b.2.3,b.2.3.5,175
d1ut1a_,SCOPe-ALL,family,b.2.3.6,b,b.2,b.2.3,b.2.3.6,140
d3rkpa2,SCOPe-ALL,family,b.2.3.0,b,b.2,b.2.3,b.2.3.0,141
d2okma_,SCOPe-ALL,family,b.2.3.0,b,b.2,b.2.3,b.2.3.0,146
d3jwne_,SCOPe-ALL,family,b.2.3.0,b,b.2,b.2.3,b.2.3.0,154
d6swhb_,SCOPe-ALL,family,b.2.3.0,b,b.2,b.2.3,b.2.3.0,150
d5lp9a_,SCOPe-ALL,family,b.2.3.0,b,b.2,b.2.3,b.2.3.0,160
d5ihwa1,SCOPe-ALL,family,b.2.3.0,b,b.2,b.2.3,b.2.3.0,146
d5ihwa2,SCOPe-ALL,family,b.2.3.0,b,b.2,b.2.3,b.2.3.0,168
d3d06a_,SCOPe-ALL,family,b.2.5.2,b,b.2,b.2.5,b.2.5.2,192
d1t4wa_,SCOPe-ALL,family,b.2.5.2,b,b.2,b.2.5,b.2.5.2,196
d1a3qa2,SCOPe-ALL,family,b.2.5.3,b,b.2,b.2.5,b.2.5.3,184
d1nfia2,SCOPe-ALL,family,b.2.5.3,b,b.2,b.2.5,b.2.5.3,170
d2as5m2,SCOPe-ALL,family,b.2.5.3,b,b.2,b.2.5,b.2.5.3,180
d1uura2,SCOPe-ALL,family,b.2.5.5,b,b.2,b.2.5,b.2.5.5,217
d1bg1a2,SCOPe-ALL,family,b.2.5.5,b,b.2,b.2.5,b.2.5.5,254
d1eaqa_,SCOPe-ALL,family,b.2.5.6,b,b.2,b.2.5,b.2.5.6,124
d1mnna_,SCOPe-ALL,family,b.2.5.7,b,b.2,b.2.5,b.2.5.7,303
d3brfa2,SCOPe-ALL,family,b.2.5.8,b,b.2,b.2.5,b.2.5.8,184
d5qs9a_,SCOPe-ALL,family,b.2.5.0,b,b.2,b.2.5,b.2.5.0,171
d1e2wa1,SCOPe-ALL,family,b.2.6.1,b,b.2,b.2.6,b.2.6.1,188
d2pr9a1,SCOPe-ALL,family,b.2.7.1,b,b.2,b.2.7,b.2.7.1,277
d3l81a_,SCOPe-ALL,family,b.2.7.0,b,b.2,b.2.7,b.2.7.0,269
d1m2oa2,SCOPe-ALL,family,b.2.8.1,b,b.2,b.2.8,b.2.8.1,177
d1pd0a2,SCOPe-ALL,family,b.2.8.1,b,b.2,b.2.8,b.2.8.1,178
d4n2ka2,SCOPe-ALL,family,b.2.9.0,b,b.2,b.2.9,b.2.9.0,179
d1x9la1,SCOPe-ALL,family,b.2.10.1,b,b.2,b.2.10,b.2.10.1,145
d1vema1,SCOPe-ALL,family,b.3.1.1,b,b.3,b.3.1,b.3.1.1,99
d3bmva2,SCOPe-ALL,family,b.3.1.1,b,b.3,b.3.1,b.3.1.1,105
d5ghla_,SCOPe-ALL,family,b.3.1.1,b,b.3,b.3.1,b.3.1.1,108
d3njxa2,SCOPe-ALL,family,b.3.1.2,b,b.3,b.3.1,b.3.1.2,87
d2j43a1,SCOPe-ALL,family,b.3.1.3,b,b.3,b.3.1,b.3.1.3,107
d2j43a2,SCOPe-ALL,family,b.3.1.3,b,b.3,b.3.1,b.3.1.3,112
d2j73a_,SCOPe-ALL,family,b.3.1.3,b,b.3,b.3.1,b.3.1.3,103
d6j33a1,SCOPe-ALL,family,b.3.1.0,b,b.3,b.3.1,b.3.1.0,131
d1h8la1,SCOPe-ALL,family,b.3.2.1,b,b.3,b.3.2,b.3.2.1,79
d1uwya1,SCOPe-ALL,family,b.3.2.1,b,b.3,b.3.2,b.3.2.1,107
d5m0yb1,SCOPe-ALL,family,b.3.2.0,b,b.3,b.3.2,b.3.2.0,95
d1lqbc_,SCOPe-ALL,family,b.3.3.1,b,b.3,b.3.3,b.3.3.1,150
d1f86a_,SCOPe-ALL,family,b.3.4.1,b,b.3,b.3.4,b.3.4.1,115
d4q14a_,SCOPe-ALL,family,b.3.4.0,b,b.3,b.3.4,b.3.4.0,118
d2g2na_,SCOPe-ALL,family,b.3.4.0,b,b.3,b.3.4,b.3.4.0,111
d3qvaa1,SCOPe-ALL,family,b.3.4.0,b,b.3,b.3.4,b.3.4.0,108
d2h6ua_,SCOPe-ALL,family,b.3.4.0,b,b.3,b.3.4,b.3.4.0,114
d1d2pa1,SCOPe-ALL,family,b.3.5.1,b,b.3,b.3.5,b.3.5.1,90
d1d2pa4,SCOPe-ALL,family,b.3.5.1,b,b.3,b.3.5,b.3.5.1,96
d1ti6b1,SCOPe-ALL,family,b.3.5.1,b,b.3,b.3.5,b.3.5.1,79
d2pz4a1,SCOPe-ALL,family,b.3.5.1,b,b.3,b.3.5,b.3.5.1,120
d2pz4a2,SCOPe-ALL,family,b.3.5.1,b,b.3,b.3.5,b.3.5.1,117
d3rkpa1,SCOPe-ALL,family,b.3.5.0,b,b.3,b.3.5,b.3.5.0,102
d3rkpa3,SCOPe-ALL,family,b.3.5.0,b,b.3,b.3.5,b.3.5.0,107
d4whsa_,SCOPe-ALL,family,b.3.6.1,b,b.3,b.3.6,b.3.6.1,200
d4whsb_,SCOPe-ALL,family,b.3.6.1,b,b.3,b.3.6,b.3.6.1,238
d5umha_,SCOPe-ALL,family,b.3.6.0,b,b.3,b.3.6,b.3.6.0,307
d3hhya_,SCOPe-ALL,family,b.3.6.0,b,b.3,b.3.6,b.3.6.0,256
d1xpna1,SCOPe-ALL,family,b.3.7.1,b,b.3,b.3.7,b.3.7.1,150
d4cr2z3,SCOPe-ALL,family,b.3.8.1,b,b.3,b.3.8,b.3.8.1,84
d4adya3,SCOPe-ALL,family,b.3.8.1,b,b.3,b.3.8,b.3.8.1,172
d1c3ga1,SCOPe-ALL,family,b.4.1.1,b,b.4,b.4.1,b.4.1.1,80
d1c3ga2,SCOPe-ALL,family,b.4.1.1,b,b.4,b.4.1,b.4.1.1,90
d1nlta1,SCOPe-ALL,family,b.4.1.1,b,b.4,b.4.1,b.4.1.1,75
d1nlta2,SCOPe-ALL,family,b.4.1.1,b,b.4,b.4.1,b.4.1.1,80
d2q2ga1,SCOPe-ALL,family,b.4.1.0,b,b.4,b.4.1,b.4.1.0,83
d2q2ga2,SCOPe-ALL,family,b.4.1.0,b,b.4,b.4.1,b.4.1.0,93
d3agxa2,SCOPe-ALL,family,b.4.1.0,b,b.4,b.4.1,b.4.1.0,95
d1ok0a_,SCOPe-ALL,family,b.5.1.1,b,b.5,b.5.1,b.5.1.1,74
d2qdva_,SCOPe-ALL,family,b.6.1.1,b,b.6,b.6.1,b.6.1.1,105
d1qhqa_,SCOPe-ALL,family,b.6.1.1,b,b.6,b.6.1,b.6.1.1,139
d2ccwa_,SCOPe-ALL,family,b.6.1.1,b,b.6,b.6.1,b.6.1.1,129
d1ws8a_,SCOPe-ALL,family,b.6.1.1,b,b.6,b.6.1,b.6.1.1,104
d1f56a_,SCOPe-ALL,family,b.6.1.1,b,b.6,b.6.1,b.6.1.1,91
d2bz7a_,SCOPe-ALL,family,b.6.1.1,b,b.6,b.6.1,b.6.1.1,102
d3cvba_,SCOPe-ALL,family,b.6.1.1,b,b.6,b.6.1,b.6.1.1,105
d4dp9x_,SCOPe-ALL,family,b.6.1.1,b,b.6,b.6.1,b.6.1.1,99
d1jera_,SCOPe-ALL,family,b.6.1.1,b,b.6,b.6.1,b.6.1.1,110
d2ux6a_,SCOPe-ALL,family,b.6.1.1,b,b.6,b.6.1,b.6.1.1,122
d2cala_,SCOPe-ALL,family,b.6.1.1,b,b.6,b.6.1,b.6.1.1,153
d7cohb2,SCOPe-ALL,family,b.6.1.2,b,b.6,b.6.1,b.6.1.2,137
d2cuaa_,SCOPe-ALL,family,b.6.1.2,b,b.6,b.6.1,b.6.1.2,122
d1cyxa_,SCOPe-ALL,family,b.6.1.2,b,b.6,b.6.1,b.6.1.2,158
d1aoza3,SCOPe-ALL,family,b.6.1.3,b,b.6,b.6.1,b.6.1.3,214
d1aoza2,SCOPe-ALL,family,b.6.1.3,b,b.6,b.6.1,b.6.1.3,209
d1aoza1,SCOPe-ALL,family,b.6.1.3,b,b.6,b.6.1,b.6.1.3,129
d1sdda2,SCOPe-ALL,family,b.6.1.3,b,b.6,b.6.1,b.6.1.3,116
d1sddb1,SCOPe-ALL,family,b.6.1.3,b,b.6,b.6.1,b.6.1.3,67
d1sddb2,SCOPe-ALL,family,b.6.1.3,b,b.6,b.6.1,b.6.1.3,139
d2q9oa3,SCOPe-ALL,family,b.6.1.3,b,b.6,b.6.1,b.6.1.3,216
d2q9oa2,SCOPe-ALL,family,b.6.1.3,b,b.6,b.6.1,b.6.1.3,181
d2q9oa1,SCOPe-ALL,family,b.6.1.3,b,b.6,b.6.1,b.6.1.3,162
d4e9sa3,SCOPe-ALL,family,b.6.1.3,b,b.6,b.6.1,b.6.1.3,181
d4e9sa1,SCOPe-ALL,family,b.6.1.3,b,b.6,b.6.1,b.6.1.3,142
d4e9sa2,SCOPe-ALL,family,b.6.1.3,b,b.6,b.6.1,b.6.1.3,165
d2bw4a2,SCOPe-ALL,family,b.6.1.3,b,b.6,b.6.1,b.6.1.3,174
d1kbva2,SCOPe-ALL,family,b.6.1.3,b,b.6,b.6.1,b.6.1.3,151
d2bw4a1,SCOPe-ALL,family,b.6.1.3,b,b.6,b.6.1,b.6.1.3,160
d1kbva1,SCOPe-ALL,family,b.6.1.3,b,b.6,b.6.1,b.6.1.3,151
d1ibya_,SCOPe-ALL,family,b.6.1.4,b,b.6,b.6.1,b.6.1.4,112
d2vsmb1,SCOPe-ALL,family,b.6.1.5,b,b.6,b.6.1,b.6.1.5,138
d2dewx2,SCOPe-ALL,family,b.6.1.6,b,b.6,b.6.1,b.6.1.6,109
d2wsda1,SCOPe-ALL,family,b.6.1.0,b,b.6,b.6.1,b.6.1.0,181
d2wsda2,SCOPe-ALL,family,b.6.1.0,b,b.6,b.6.1,b.6.1.0,174
d2wsda3,SCOPe-ALL,family,b.6.1.0,b,b.6,b.6.1,b.6.1.0,156
d2aana_,SCOPe-ALL,family,b.6.1.0,b,b.6,b.6.1,b.6.1.0,123
d3wkqa1,SCOPe-ALL,family,b.6.1.0,b,b.6,b.6.1,b.6.1.0,151
d3wkqa2,SCOPe-ALL,family,b.6.1.0,b,b.6,b.6.1,b.6.1.0,148
d4n2ka1,SCOPe-ALL,family,b.6.1.0,b,b.6,b.6.1,b.6.1.0,113
d7d5va1,SCOPe-ALL,family,b.6.1.0,b,b.6,b.6.1,b.6.1.0,113
d3heib1,SCOPe-ALL,family,b.6.1.0,b,b.6,b.6.1,b.6.1.0,130
d3ef4a_,SCOPe-ALL,family,b.6.1.0,b,b.6,b.6.1,b.6.1.0,124
d4knua2,SCOPe-ALL,family,b.6.1.0,b,b.6,b.6.1,b.6.1.0,156
d5n0ka1,SCOPe-ALL,family,b.6.1.0,b,b.6,b.6.1,b.6.1.0,191
d5n0ka2,SCOPe-ALL,family,b.6.1.0,b,b.6,b.6.1,b.6.1.0,146
d5n0ka3,SCOPe-ALL,family,b.6.1.0,b,b.6,b.6.1,b.6.1.0,210
d6y77a2,SCOPe-ALL,family,b.6.1.0,b,b.6,b.6.1,b.6.1.0,131
d3pxla1,SCOPe-ALL,family,b.6.1.0,b,b.6,b.6.1,b.6.1.0,130
d3pxla2,SCOPe-ALL,family,b.6.1.0,b,b.6,b.6.1,b.6.1.0,170
d3pxla3,SCOPe-ALL,family,b.6.1.0,b,b.6,b.6.1,b.6.1.0,199
d1kzqa1,SCOPe-ALL,family,b.6.2.1,b,b.6,b.6.2,b.6.2.1,129
d1kzqa2,SCOPe-ALL,family,b.6.2.1,b,b.6,b.6.2,b.6.2.1,124
d1rlwa_,SCOPe-ALL,family,b.7.1.1,b,b.7,b.7.1,b.7.1.1,126
d2nq3a1,SCOPe-ALL,family,b.7.1.1,b,b.7,b.7.1,b.7.1.1,133
d2yrba1,SCOPe-ALL,family,b.7.1.1,b,b.7,b.7.1,b.7.1.1,143
d2ep6a1,SCOPe-ALL,family,b.7.1.1,b,b.7,b.7.1,b.7.1.1,126
d1e7ua2,SCOPe-ALL,family,b.7.1.1,b,b.7,b.7.1,b.7.1.1,174
d2zkmx2,SCOPe-ALL,family,b.7.1.1,b,b.7,b.7.1,b.7.1.1,122
d1qasa2,SCOPe-ALL,family,b.7.1.1,b,b.7,b.7.1,b.7.1.1,131
d1d5ra1,SCOPe-ALL,family,b.7.1.1,b,b.7,b.7.1,b.7.1.1,141
d2cjta1,SCOPe-ALL,family,b.7.1.1,b,b.7,b.7.1,b.7.1.1,128
d1yrka1,SCOPe-ALL,family,b.7.1.1,b,b.7,b.7.1,b.7.1.1,123
d3rdla_,SCOPe-ALL,family,b.7.1.2,b,b.7,b.7.1,b.7.1.2,137
d1wfja1,SCOPe-ALL,family,b.7.1.2,b,b.7,b.7.1,b.7.1.2,123
d1rh8a_,SCOPe-ALL,family,b.7.1.2,b,b.7,b.7.1,b.7.1.2,142
d1tjxa1,SCOPe-ALL,family,b.7.1.2,b,b.7,b.7.1,b.7.1.2,149
d4weea1,SCOPe-ALL,family,b.7.1.2,b,b.7,b.7.1,b.7.1.2,126
d1wfma1,SCOPe-ALL,family,b.7.1.2,b,b.7,b.7.1,b.7.1.2,125
d2cm5a_,SCOPe-ALL,family,b.7.1.2,b,b.7,b.7.1,b.7.1.2,154
d2bwqa_,SCOPe-ALL,family,b.7.1.2,b,b.7,b.7.1,b.7.1.2,129
d3rlsa1,SCOPe-ALL,family,b.7.1.3,b,b.7,b.7.1,b.7.1.3,168
d2fk9a1,SCOPe-ALL,family,b.7.1.0,b,b.7,b.7.1,b.7.1.0,146
d3b7ya_,SCOPe-ALL,family,b.7.1.0,b,b.7,b.7.1,b.7.1.0,151
d5r68a_,SCOPe-ALL,family,b.7.1.0,b,b.7,b.7.1,b.7.1.0,139
d3fbka_,SCOPe-ALL,family,b.7.1.0,b,b.7,b.7.1,b.7.1.0,140
d6btya_,SCOPe-ALL,family,b.7.1.0,b,b.7,b.7.1,b.7.1.0,122
d3fdwa_,SCOPe-ALL,family,b.7.1.0,b,b.7,b.7.1,b.7.1.0,130
d2dmga1,SCOPe-ALL,family,b.7.1.0,b,b.7,b.7.1,b.7.1.0,129
d6nyta1,SCOPe-ALL,family,b.7.1.0,b,b.7,b.7.1,b.7.1.0,133
d4ns0a_,SCOPe-ALL,family,b.7.1.0,b,b.7,b.7.1,b.7.1.0,128
d1ze3c2,SCOPe-ALL,family,b.7.2.1,b,b.7,b.7.2,b.7.2.1,84
d2xg5a2,SCOPe-ALL,family,b.7.2.1,b,b.7,b.7.2,b.7.2.1,93
d4djma2,SCOPe-ALL,family,b.7.2.0,b,b.7,b.7.2,b.7.2.0,61
d4ay0a2,SCOPe-ALL,family,b.7.2.0,b,b.7,b.7.2,b.7.2.0,87
d1n10a1,SCOPe-ALL,family,b.7.3.1,b,b.7,b.7.3,b.7.3.1,95
d3ft1a1,SCOPe-ALL,family,b.7.3.0,b,b.7,b.7.3,b.7.3.0,97
d1dcea2,SCOPe-ALL,family,b.7.4.1,b,b.7,b.7.4,b.7.4.1,109
d2huha1,SCOPe-ALL,family,b.7.5.1,b,b.7,b.7.5,b.7.5.1,147
d3ivva1,SCOPe-ALL,family,b.8.1.1,b,b.8,b.8.1,b.8.1.1,138
d1ca4a1,SCOPe-ALL,family,b.8.1.1,b,b.8,b.8.1,b.8.1.1,152
d1lb6a_,SCOPe-ALL,family,b.8.1.1,b,b.8,b.8.1,b.8.1.1,155
d4ca1a_,SCOPe-ALL,family,b.8.1.2,b,b.8,b.8.1,b.8.1.2,192
d2hnua_,SCOPe-ALL,family,b.9.1.1,b,b.9,b.9.1,b.9.1.1,81
d1ytqa1,SCOPe-ALL,family,b.11.1.1,b,b.11,b.11.1,b.11.1.1,89
d1ytqa2,SCOPe-ALL,family,b.11.1.1,b,b.11,b.11.1,b.11.1.1,92
d1amma1,SCOPe-ALL,family,b.11.1.1,b,b.11,b.11.1,b.11.1.1,85
d1amma2,SCOPe-ALL,family,b.11.1.1,b,b.11,b.11.1,b.11.1.1,89
d1npsa_,SCOPe-ALL,family,b.11.1.1,b,b.11,b.11.1,b.11.1.1,88
d1hdfa_,SCOPe-ALL,family,b.11.1.1,b,b.11,b.11.1,b.11.1.1,100
d1wkta_,SCOPe-ALL,family,b.11.1.2,b,b.11,b.11.1,b.11.1.2,88
d1bhua_,SCOPe-ALL,family,b.11.1.3,b,b.11,b.11.1,b.11.1.3,102
d1f53a_,SCOPe-ALL,family,b.11.1.4,b,b.11,b.11.1,b.11.1.4,84
d1c01a_,SCOPe-ALL,family,b.11.1.5,b,b.11,b.11.1,b.11.1.5,76
d1gh5a_,SCOPe-ALL,family,b.11.1.6,b,b.11,b.11.1,b.11.1.6,87
d2bv2a_,SCOPe-ALL,family,b.11.1.0,b,b.11,b.11.1,b.11.1.0,83
d3snya_,SCOPe-ALL,family,b.11.1.0,b,b.11,b.11.1,b.11.1.0,87
d3hzba_,SCOPe-ALL,family,b.11.1.0,b,b.11,b.11.1,b.11.1.0,86
d4iaua_,SCOPe-ALL,family,b.11.1.0,b,b.11,b.11.1,b.11.1.0,161
d2kp5a_,SCOPe-ALL,family,b.11.1.0,b,b.11,b.11.1,b.11.1.0,91
d3lwka1,SCOPe-ALL,family,b.11.1.0,b,b.11,b.11.1,b.11.1.0,189
d2dada1,SCOPe-ALL,family,b.11.1.0,b,b.11,b.11.1,b.11.1.0,80
d3hz2a_,SCOPe-ALL,family,b.11.1.0,b,b.11,b.11.1,b.11.1.0,84
d4fd9a_,SCOPe-ALL,family,b.11.1.0,b,b.11,b.11.1,b.11.1.0,92
d3pzwa1,SCOPe-ALL,family,b.12.1.1,b,b.12,b.12.1,b.12.1.1,144
d1bu8a1,SCOPe-ALL,family,b.12.1.2,b,b.12,b.12.1,b.12.1.2,114
d1ca1a2,SCOPe-ALL,family,b.12.1.3,b,b.12,b.12.1,b.12.1.3,121
d3v98a1,SCOPe-ALL,family,b.12.1.0,b,b.12,b.12.1,b.12.1.0,110
d2p0ma2,SCOPe-ALL,family,b.12.1.0,b,b.12,b.12.1,b.12.1.0,111
d1dkva5,SCOPe-ALL,family,b.14.1.0,b,b.14,b.14.1,b.14.1.0,158
d4elda_,SCOPe-ALL,family,b.15.1.1,b,b.15,b.15.1,b.15.1.1,117
d5ds2a_,SCOPe-ALL,family,b.15.1.1,b,b.15,b.15.1,b.15.1.1,94
d1ejfa_,SCOPe-ALL,family,b.15.1.2,b,b.15,b.15.1,b.15.1.2,110
d1rl1a_,SCOPe-ALL,family,b.15.1.3,b,b.15,b.15.1,b.15.1.3,92
d1wh0a1,SCOPe-ALL,family,b.15.1.3,b,b.15,b.15.1,b.15.1.3,121
d1wgva1,SCOPe-ALL,family,b.15.1.4,b,b.15,b.15.1,b.15.1.4,111
d4feia_,SCOPe-ALL,family,b.15.1.0,b,b.15,b.15.1,b.15.1.0,102
d3qora1,SCOPe-ALL,family,b.15.1.0,b,b.15,b.15.1,b.15.1.0,116
d5zs3a_,SCOPe-ALL,family,b.15.1.0,b,b.15,b.15.1,b.15.1.0,113
d3w1zd_,SCOPe-ALL,family,b.15.1.0,b,b.15,b.15.1,b.15.1.0,110
d3aaba_,SCOPe-ALL,family,b.15.1.0,b,b.15,b.15.1,b.15.1.0,110
d2xcmc_,SCOPe-ALL,family,b.15.1.0,b,b.15,b.15.1,b.15.1.0,92
d3glaa_,SCOPe-ALL,family,b.15.1.0,b,b.15,b.15.1,b.15.1.0,97
d1slua_,SCOPe-ALL,family,b.16.1.1,b,b.16,b.16.1,b.16.1.1,133
d1wpxb1,SCOPe-ALL,family,b.17.1.1,b,b.17,b.17.1,b.17.1.1,219
d6ensa_,SCOPe-ALL,family,b.17.1.1,b,b.17,b.17.1,b.17.1.1,185
d3n08a1,SCOPe-ALL,family,b.17.1.0,b,b.17,b.17.1,b.17.1.0,149
d4bega1,SCOPe-ALL,family,b.17.1.0,b,b.17,b.17.1,b.17.1.0,176
d6igga1,SCOPe-ALL,family,b.17.1.0,b,b.17,b.17.1,b.17.1.0,167
d1w8oa2,SCOPe-ALL,family,b.18.1.1,b,b.18,b.18.1,b.18.1.1,142
d1sddb3,SCOPe-ALL,family,b.18.1.2,b,b.18,b.18.1,b.18.1.2,162
d1czsa_,SCOPe-ALL,family,b.18.1.2,b,b.18,b.18.1,b.18.1.2,160
d2qqma1,SCOPe-ALL,family,b.18.1.2,b,b.18,b.18.1,b.18.1.2,156
d1i5pa1,SCOPe-ALL,family,b.18.1.3,b,b.18,b.18.1,b.18.1.3,161
d1dlca1,SCOPe-ALL,family,b.18.1.3,b,b.18,b.18.1,b.18.1.3,145
d1w99a3,SCOPe-ALL,family,b.18.1.3,b,b.18,b.18.1,b.18.1.3,170
d2bbaa1,SCOPe-ALL,family,b.18.1.4,b,b.18,b.18.1,b.18.1.4,180
d1yq2a3,SCOPe-ALL,family,b.18.1.5,b,b.18,b.18.1,b.18.1.5,216
d1jz8a3,SCOPe-ALL,family,b.18.1.5,b,b.18,b.18.1,b.18.1.5,207
d4cu7a1,SCOPe-ALL,family,b.18.1.5,b,b.18,b.18.1,b.18.1.5,169
d3hn3a1,SCOPe-ALL,family,b.18.1.5,b,b.18,b.18.1,b.18.1.5,204
d2je8a4,SCOPe-ALL,family,b.18.1.5,b,b.18,b.18.1,b.18.1.5,192
d2vzsa4,SCOPe-ALL,family,b.18.1.5,b,b.18,b.18.1,b.18.1.5,184
d1h6ya_,SCOPe-ALL,family,b.18.1.7,b,b.18,b.18.1,b.18.1.7,157
d3lqca_,SCOPe-ALL,family,b.18.1.8,b,b.18,b.18.1,b.18.1.8,151
d1gqpa_,SCOPe-ALL,family,b.18.1.9,b,b.18,b.18.1,b.18.1.9,195
d1jhja_,SCOPe-ALL,family,b.18.1.9,b,b.18,b.18.1,b.18.1.9,161
d1tvga_,SCOPe-ALL,family,b.18.1.9,b,b.18,b.18.1,b.18.1.9,136
d1uxza_,SCOPe-ALL,family,b.18.1.10,b,b.18,b.18.1,b.18.1.10,131
d1w9sa_,SCOPe-ALL,family,b.18.1.10,b,b.18,b.18.1,b.18.1.10,134
d1od3a_,SCOPe-ALL,family,b.18.1.10,b,b.18,b.18.1,b.18.1.10,132
d1gnya_,SCOPe-ALL,family,b.18.1.11,b,b.18,b.18.1,b.18.1.11,153
d1j83a_,SCOPe-ALL,family,b.18.1.12,b,b.18,b.18.1,b.18.1.12,180
d2b9va1,SCOPe-ALL,family,b.18.1.13,b,b.18,b.18.1,b.18.1.13,232
d1lnsa2,SCOPe-ALL,family,b.18.1.13,b,b.18,b.18.1,b.18.1.13,213
d1guia_,SCOPe-ALL,family,b.18.1.14,b,b.18,b.18.1,b.18.1.14,155
d1gu3a_,SCOPe-ALL,family,b.18.1.14,b,b.18,b.18.1,b.18.1.14,142
d1cx1a1,SCOPe-ALL,family,b.18.1.14,b,b.18,b.18.1,b.18.1.14,151
d4bj0a1,SCOPe-ALL,family,b.18.1.14,b,b.18,b.18.1,b.18.1.14,165
d1k12a_,SCOPe-ALL,family,b.18.1.15,b,b.18,b.18.1,b.18.1.15,158
d4ywaa_,SCOPe-ALL,family,b.18.1.16,b,b.18,b.18.1,b.18.1.16,121
d1hn0a2,SCOPe-ALL,family,b.18.1.17,b,b.18,b.18.1,b.18.1.17,210
d1pmhx_,SCOPe-ALL,family,b.18.1.18,b,b.18,b.18.1,b.18.1.18,183
d1oh4a_,SCOPe-ALL,family,b.18.1.18,b,b.18,b.18.1,b.18.1.18,174
d1gwma1,SCOPe-ALL,family,b.18.1.19,b,b.18,b.18.1,b.18.1.19,145
d1wmda1,SCOPe-ALL,family,b.18.1.20,b,b.18,b.18.1,b.18.1.20,116
d2id4a1,SCOPe-ALL,family,b.18.1.20,b,b.18,b.18.1,b.18.1.20,141
d2rj2a1,SCOPe-ALL,family,b.18.1.21,b,b.18,b.18.1,b.18.1.21,181
d1o59a1,SCOPe-ALL,family,b.18.1.22,b,b.18,b.18.1,b.18.1.22,187
d1o59a2,SCOPe-ALL,family,b.18.1.22,b,b.18,b.18.1,b.18.1.22,150
d1uwwa_,SCOPe-ALL,family,b.18.1.23,b,b.18,b.18.1,b.18.1.23,184
d1wmxa_,SCOPe-ALL,family,b.18.1.24,b,b.18,b.18.1,b.18.1.24,173
d3njxa3,SCOPe-ALL,family,b.18.1.25,b,b.18,b.18.1,b.18.1.25,171
d1xoya1,SCOPe-ALL,family,b.18.1.26,b,b.18,b.18.1,b.18.1.26,160
d1w0na_,SCOPe-ALL,family,b.18.1.28,b,b.18,b.18.1,b.18.1.28,120
d2g9fa1,SCOPe-ALL,family,b.18.1.29,b,b.18,b.18.1,b.18.1.29,180
d4v0fa1,SCOPe-ALL,family,b.18.1.30,b,b.18,b.18.1,b.18.1.30,167
d1wkya1,SCOPe-ALL,family,b.18.1.31,b,b.18,b.18.1,b.18.1.31,151
d2o14a1,SCOPe-ALL,family,b.18.1.32,b,b.18,b.18.1,b.18.1.32,146
d2vnga1,SCOPe-ALL,family,b.18.1.33,b,b.18,b.18.1,b.18.1.33,171
d2vmha_,SCOPe-ALL,family,b.18.1.33,b,b.18,b.18.1,b.18.1.33,147
d1nqja_,SCOPe-ALL,family,b.18.1.36,b,b.18,b.18.1,b.18.1.36,101
d5ikua1,SCOPe-ALL,family,b.18.1.36,b,b.18,b.18.1,b.18.1.36,118
d3ziwa2,SCOPe-ALL,family,b.18.1.37,b,b.18,b.18.1,b.18.1.37,120
d5sv5a_,SCOPe-ALL,family,b.18.1.0,b,b.18,b.18.1,b.18.1.0,105
d2qkga3,SCOPe-ALL,family,b.18.1.0,b,b.18,b.18.1,b.18.1.0,151
d6wpca3,SCOPe-ALL,family,b.18.1.0,b,b.18,b.18.1,b.18.1.0,157
d4arxa3,SCOPe-ALL,family,b.18.1.0,b,b.18,b.18.1,b.18.1.0,147
d6d8kd1,SCOPe-ALL,family,b.18.1.0,b,b.18,b.18.1,b.18.1.0,178
d3jqwa_,SCOPe-ALL,family,b.18.1.0,b,b.18,b.18.1,b.18.1.0,117
d6ygqa1,SCOPe-ALL,family,b.18.1.0,b,b.18,b.18.1,b.18.1.0,120
d6u7ia1,SCOPe-ALL,family,b.18.1.0,b,b.18,b.18.1,b.18.1.0,197
d6xlra1,SCOPe-ALL,family,b.18.1.0,b,b.18,b.18.1,b.18.1.0,150
d2yc2a_,SCOPe-ALL,family,b.18.1.0,b,b.18,b.18.1,b.18.1.0,134
d6fmca1,SCOPe-ALL,family,b.18.1.0,b,b.18,b.18.1,b.18.1.0,155
d2wuha_,SCOPe-ALL,family,b.18.1.0,b,b.18,b.18.1,b.18.1.0,164
d6yd4a2,SCOPe-ALL,family,b.18.1.0,b,b.18,b.18.1,b.18.1.0,132
d3heia_,SCOPe-ALL,family,b.18.1.0,b,b.18,b.18.1,b.18.1.0,174
d4xuoa_,SCOPe-ALL,family,b.18.1.0,b,b.18,b.18.1,b.18.1.0,156
d5odua_,SCOPe-ALL,family,b.18.1.0,b,b.18,b.18.1,b.18.1.0,121
d1wcua1,SCOPe-ALL,family,b.18.1.0,b,b.18,b.18.1,b.18.1.0,144
d3idaa2,SCOPe-ALL,family,b.18.1.0,b,b.18,b.18.1,b.18.1.0,223
d6jz2a1,SCOPe-ALL,family,b.18.1.0,b,b.18,b.18.1,b.18.1.0,184
d2cdpa_,SCOPe-ALL,family,b.18.1.0,b,b.18,b.18.1,b.18.1.0,138
d4jkla1,SCOPe-ALL,family,b.18.1.0,b,b.18,b.18.1,b.18.1.0,178
d2j1ra_,SCOPe-ALL,family,b.18.1.0,b,b.18,b.18.1,b.18.1.0,142
d3og2a4,SCOPe-ALL,family,b.18.1.0,b,b.18,b.18.1,b.18.1.0,184
d3og2a5,SCOPe-ALL,family,b.18.1.0,b,b.18,b.18.1,b.18.1.0,171
d1bvp12,SCOPe-ALL,family,b.19.1.1,b,b.19,b.19.1,b.19.1.1,134
d1ahsa_,SCOPe-ALL,family,b.19.1.1,b,b.19,b.19.1,b.19.1.1,126
d1uf2c2,SCOPe-ALL,family,b.19.1.1,b,b.19,b.19.1,b.19.1.1,153
d1qhda2,SCOPe-ALL,family,b.19.1.1,b,b.19,b.19.1,b.19.1.1,184
d3ku3a1,SCOPe-ALL,family,b.19.1.2,b,b.19,b.19.1,b.19.1.2,323
d4o5na1,SCOPe-ALL,family,b.19.1.2,b,b.19,b.19.1,b.19.1.2,315
d6fywa_,SCOPe-ALL,family,b.19.1.2,b,b.19,b.19.1,b.19.1.2,336
d1flca1,SCOPe-ALL,family,b.19.1.3,b,b.19,b.19.1,b.19.1.3,156
d6tvba1,SCOPe-ALL,family,b.19.1.0,b,b.19,b.19.1,b.19.1.0,318
d1aola_,SCOPe-ALL,family,b.20.1.1,b,b.20,b.20.1,b.20.1.1,228
d1h7za_,SCOPe-ALL,family,b.21.1.1,b,b.21,b.21.1,b.21.1.1,191
d2oj5a1,SCOPe-ALL,family,b.21.1.2,b,b.21,b.21.1,b.21.1.2,143
d2f0ca1,SCOPe-ALL,family,b.21.1.3,b,b.21,b.21.1,b.21.1.3,101
d1zrua1,SCOPe-ALL,family,b.21.1.3,b,b.21,b.21.1,b.21.1.3,103
d2j2ja_,SCOPe-ALL,family,b.21.1.0,b,b.21,b.21.1,b.21.1.0,182
d6qu6a_,SCOPe-ALL,family,b.21.1.0,b,b.21,b.21.1,b.21.1.0,189
d2bzva1,SCOPe-ALL,family,b.21.1.0,b,b.21,b.21.1,b.21.1.0,159
d1xu1a_,SCOPe-ALL,family,b.22.1.1,b,b.22,b.22.1,b.22.1.1,137
d1dg6a_,SCOPe-ALL,family,b.22.1.1,b,b.22,b.22.1,b.22.1.1,162
d2wnva_,SCOPe-ALL,family,b.22.1.1,b,b.22,b.22.1,b.22.1.1,134
d1rj8a_,SCOPe-ALL,family,b.22.1.1,b,b.22,b.22.1,b.22.1.1,140
d6w9ga_,SCOPe-ALL,family,b.22.1.1,b,b.22,b.22.1,b.22.1.1,143
d1kxga_,SCOPe-ALL,family,b.22.1.1,b,b.22,b.22.1,b.22.1.1,144
d1s55a_,SCOPe-ALL,family,b.22.1.1,b,b.22,b.22.1,b.22.1.1,156
d1tnra_,SCOPe-ALL,family,b.22.1.1,b,b.22,b.22.1,b.22.1.1,144
d2tnfa_,SCOPe-ALL,family,b.22.1.1,b,b.22,b.22.1,b.22.1.1,148
d2hewf1,SCOPe-ALL,family,b.22.1.1,b,b.22,b.22.1,b.22.1.1,128
d6u66a_,SCOPe-ALL,family,b.22.1.1,b,b.22,b.22.1,b.22.1.1,136
d4db5a_,SCOPe-ALL,family,b.22.1.1,b,b.22,b.22.1,b.22.1.1,121
d5hzfa2,SCOPe-ALL,family,b.22.1.0,b,b.22,b.22.1,b.22.1.0,136
d2rjla_,SCOPe-ALL,family,b.22.1.0,b,b.22,b.22.1,b.22.1.0,160
d4kgqa_,SCOPe-ALL,family,b.22.1.0,b,b.22,b.22.1,b.22.1.0,149
d5l19a_,SCOPe-ALL,family,b.22.1.0,b,b.22,b.22.1,b.22.1.0,150
d2ka3a_,SCOPe-ALL,family,b.22.1.0,b,b.22,b.22.1,b.22.1.0,150
d4qqha_,SCOPe-ALL,family,b.22.1.0,b,b.22,b.22.1,b.22.1.0,130
d5kwra1,SCOPe-ALL,family,b.22.1.0,b,b.22,b.22.1,b.22.1.0,137
d4ousa_,SCOPe-ALL,family,b.22.1.0,b,b.22,b.22.1,b.22.1.0,132
d5hbaa_,SCOPe-ALL,family,b.22.1.0,b,b.22,b.22.1,b.22.1.0,133
d1sfpa_,SCOPe-ALL,family,b.23.1.1,b,b.23,b.23.1,b.23.1.1,111
d1nzia1,SCOPe-ALL,family,b.23.1.1,b,b.23,b.23.1,b.23.1.1,117
d4lora3,SCOPe-ALL,family,b.23.1.1,b,b.23,b.23.1,b.23.1.1,118
d1sppb_,SCOPe-ALL,family,b.23.1.1,b,b.23,b.23.1,b.23.1.1,112
d2qqma3,SCOPe-ALL,family,b.23.1.1,b,b.23,b.23.1,b.23.1.1,119
d1szba1,SCOPe-ALL,family,b.23.1.1,b,b.23,b.23.1,b.23.1.1,121
d3dema3,SCOPe-ALL,family,b.23.1.0,b,b.23,b.23.1,b.23.1.0,113
d6fzvd1,SCOPe-ALL,family,b.23.1.0,b,b.23,b.23.1,b.23.1.0,118
d6fzvd2,SCOPe-ALL,family,b.23.1.0,b,b.23,b.23.1,b.23.1.0,118
d3mjja1,SCOPe-ALL,family,b.23.3.0,b,b.23,b.23.3,b.23.3.0,299
d2a73b6,SCOPe-ALL,family,b.23.4.1,b,b.23,b.23.4,b.23.4.1,114
d3cu7ad,SCOPe-ALL,family,b.23.4.1,b,b.23,b.23.4,b.23.4.1,114
d1hn0a3,SCOPe-ALL,family,b.24.1.1,b,b.24,b.24.1,b.24.1.1,122
d1rwaa2,SCOPe-ALL,family,b.24.1.1,b,b.24,b.24.1,b.24.1.1,113
d1cb8a2,SCOPe-ALL,family,b.24.1.1,b,b.24,b.24.1,b.24.1.1,101
d1egua2,SCOPe-ALL,family,b.24.1.1,b,b.24,b.24.1,b.24.1.1,78
d1f1sa3,SCOPe-ALL,family,b.24.1.1,b,b.24,b.24.1,b.24.1.1,73
d1x1ia2,SCOPe-ALL,family,b.24.1.0,b,b.24,b.24.1,b.24.1.0,118
d2wmfa2,SCOPe-ALL,family,b.24.2.1,b,b.24,b.24.2,b.24.2.1,164
d4d6ga2,SCOPe-ALL,family,b.24.2.0,b,b.24,b.24.2,b.24.2.0,165
d4bcta_,SCOPe-ALL,family,b.25.1.1,b,b.25,b.25.1,b.25.1.1,201
d3zs3a_,SCOPe-ALL,family,b.25.1.0,b,b.25,b.25.1,b.25.1.0,222
d6m64a1,SCOPe-ALL,family,b.26.1.1,b,b.26,b.26.1,b.26.1.1,200
d1wlna1,SCOPe-ALL,family,b.26.1.2,b,b.26,b.26.1,b.26.1.2,107
d2affa_,SCOPe-ALL,family,b.26.1.2,b,b.26,b.26.1,b.26.1.2,98
d1lgqa1,SCOPe-ALL,family,b.26.1.2,b,b.26,b.26.1,b.26.1.2,111
d1gxca_,SCOPe-ALL,family,b.26.1.2,b,b.26,b.26.1,b.26.1.2,116
d1uhta1,SCOPe-ALL,family,b.26.1.2,b,b.26,b.26.1,b.26.1.2,105
d1mzka1,SCOPe-ALL,family,b.26.1.2,b,b.26,b.26.1,b.26.1.2,119
d2g1la1,SCOPe-ALL,family,b.26.1.2,b,b.26,b.26.1,b.26.1.2,102
d1g6ga_,SCOPe-ALL,family,b.26.1.2,b,b.26,b.26.1,b.26.1.2,127
d1dmza_,SCOPe-ALL,family,b.26.1.2,b,b.26,b.26.1,b.26.1.2,158
d2brfa1,SCOPe-ALL,family,b.26.1.2,b,b.26,b.26.1,b.26.1.2,101
d2ff4a3,SCOPe-ALL,family,b.26.1.2,b,b.26,b.26.1,b.26.1.2,99
d2piea2,SCOPe-ALL,family,b.26.1.2,b,b.26,b.26.1,b.26.1.2,128
d3a77a_,SCOPe-ALL,family,b.26.1.3,b,b.26,b.26.1,b.26.1.3,239
d1wv3a1,SCOPe-ALL,family,b.26.1.4,b,b.26,b.26.1,b.26.1.4,78
d1wv3a2,SCOPe-ALL,family,b.26.1.4,b,b.26,b.26.1,b.26.1.4,108
d6hc1a_,SCOPe-ALL,family,b.26.1.0,b,b.26,b.26.1,b.26.1.0,103
d3gqsa_,SCOPe-ALL,family,b.26.1.0,b,b.26,b.26.1,b.26.1.0,101
d4qcja_,SCOPe-ALL,family,b.26.1.0,b,b.26,b.26.1,b.26.1.0,101
d3kt9a_,SCOPe-ALL,family,b.26.1.0,b,b.26,b.26.1,b.26.1.0,102
d3fm8a_,SCOPe-ALL,family,b.26.1.0,b,b.26,b.26.1,b.26.1.0,98
d3po8a1,SCOPe-ALL,family,b.26.1.0,b,b.26,b.26.1,b.26.1.0,95
d1cq3a_,SCOPe-ALL,family,b.27.1.1,b,b.27,b.27.1,b.27.1.1,224
d1p35a_,SCOPe-ALL,family,b.28.1.1,b,b.28,b.28.1,b.28.1.1,299
d1nlsa_,SCOPe-ALL,family,b.29.1.1,b,b.29,b.29.1,b.29.1.1,237
d2ayha_,SCOPe-ALL,family,b.29.1.2,b,b.29,b.29.1,b.29.1.2,214
d2hyka_,SCOPe-ALL,family,b.29.1.2,b,b.29,b.29.1,b.29.1.2,237
d1o4ya_,SCOPe-ALL,family,b.29.1.2,b,b.29,b.29.1,b.29.1.2,270
d1upsa1,SCOPe-ALL,family,b.29.1.2,b,b.29,b.29.1,b.29.1.2,266
d1dypa_,SCOPe-ALL,family,b.29.1.2,b,b.29,b.29.1,b.29.1.2,271
d1umza_,SCOPe-ALL,family,b.29.1.2,b,b.29,b.29.1,b.29.1.2,267
d3h0oa_,SCOPe-ALL,family,b.29.1.2,b,b.29,b.29.1,b.29.1.2,240
d1is3a_,SCOPe-ALL,family,b.29.1.3,b,b.29,b.29.1,b.29.1.3,134
d4q27a_,SCOPe-ALL,family,b.29.1.3,b,b.29,b.29.1,b.29.1.3,133
d3zsja_,SCOPe-ALL,family,b.29.1.3,b,b.29,b.29.1,b.29.1.3,138
d3zxfa_,SCOPe-ALL,family,b.29.1.3,b,b.29,b.29.1,b.29.1.3,135
d6qrna_,SCOPe-ALL,family,b.29.1.3,b,b.29,b.29.1,b.29.1.3,140
d2wkka_,SCOPe-ALL,family,b.29.1.3,b,b.29,b.29.1,b.29.1.3,150
d1pz7a_,SCOPe-ALL,family,b.29.1.4,b,b.29,b.29.1,b.29.1.4,195
d1h30a1,SCOPe-ALL,family,b.29.1.4,b,b.29,b.29.1,b.29.1.4,191
d1h30a2,SCOPe-ALL,family,b.29.1.4,b,b.29,b.29.1,b.29.1.4,218
d1kdka_,SCOPe-ALL,family,b.29.1.4,b,b.29,b.29.1,b.29.1.4,177
d2erfa_,SCOPe-ALL,family,b.29.1.4,b,b.29,b.29.1,b.29.1.4,209
d5ik4a1,SCOPe-ALL,family,b.29.1.4,b,b.29,b.29.1,b.29.1.4,193
d5ik4a2,SCOPe-ALL,family,b.29.1.4,b,b.29,b.29.1,b.29.1.4,186
d3boda1,SCOPe-ALL,family,b.29.1.4,b,b.29,b.29.1,b.29.1.4,173
d6pnpa1,SCOPe-ALL,family,b.29.1.4,b,b.29,b.29.1,b.29.1.4,183
d4avsa_,SCOPe-ALL,family,b.29.1.5,b,b.29,b.29.1,b.29.1.5,204
d1a8da1,SCOPe-ALL,family,b.29.1.6,b,b.29,b.29.1,b.29.1.6,247
d2vuaa1,SCOPe-ALL,family,b.29.1.6,b,b.29,b.29.1,b.29.1.6,205
d1ikpa1,SCOPe-ALL,family,b.29.1.7,b,b.29,b.29.1,b.29.1.7,250
d1w0pa1,SCOPe-ALL,family,b.29.1.8,b,b.29,b.29.1,b.29.1.8,192
d1w0pa2,SCOPe-ALL,family,b.29.1.8,b,b.29,b.29.1,b.29.1.8,197
d2slia1,SCOPe-ALL,family,b.29.1.9,b,b.29,b.29.1,b.29.1.9,196
d1ojja_,SCOPe-ALL,family,b.29.1.10,b,b.29,b.29.1,b.29.1.10,399
d2v3ia_,SCOPe-ALL,family,b.29.1.10,b,b.29,b.29.1,b.29.1.10,434
d1olra_,SCOPe-ALL,family,b.29.1.11,b,b.29,b.29.1,b.29.1.11,224
d1h0ba_,SCOPe-ALL,family,b.29.1.11,b,b.29,b.29.1,b.29.1.11,227
d2nlra_,SCOPe-ALL,family,b.29.1.11,b,b.29,b.29.1,b.29.1.11,222
d6y0ha_,SCOPe-ALL,family,b.29.1.11,b,b.29,b.29.1,b.29.1.11,189
d1jhna4,SCOPe-ALL,family,b.29.1.12,b,b.29,b.29.1,b.29.1.12,250
d2a6za1,SCOPe-ALL,family,b.29.1.13,b,b.29,b.29.1,b.29.1.13,221
d3a4ua_,SCOPe-ALL,family,b.29.1.13,b,b.29,b.29.1,b.29.1.13,228
d1s0ka4,SCOPe-ALL,family,b.29.1.15,b,b.29,b.29.1,b.29.1.15,224
d1ux6a1,SCOPe-ALL,family,b.29.1.16,b,b.29,b.29.1,b.29.1.16,216
d1oq1a1,SCOPe-ALL,family,b.29.1.17,b,b.29,b.29.1,b.29.1.17,220
d1j1ta_,SCOPe-ALL,family,b.29.1.18,b,b.29,b.29.1,b.29.1.18,228
d1vava_,SCOPe-ALL,family,b.29.1.18,b,b.29,b.29.1,b.29.1.18,222
d1uaia_,SCOPe-ALL,family,b.29.1.18,b,b.29,b.29.1,b.29.1.18,223
d1utwa2,SCOPe-ALL,family,b.29.1.19,b,b.29,b.29.1,b.29.1.19,138
d1y4wa1,SCOPe-ALL,family,b.29.1.19,b,b.29,b.29.1,b.29.1.19,164
d6sxta1,SCOPe-ALL,family,b.29.1.21,b,b.29,b.29.1,b.29.1.21,319
d2fnja1,SCOPe-ALL,family,b.29.1.22,b,b.29,b.29.1,b.29.1.22,217
d2fbeb2,SCOPe-ALL,family,b.29.1.22,b,b.29,b.29.1,b.29.1.22,191
d2voka1,SCOPe-ALL,family,b.29.1.22,b,b.29,b.29.1,b.29.1.22,179
d2a5za1,SCOPe-ALL,family,b.29.1.24,b,b.29,b.29.1,b.29.1.24,239
d2c9aa2,SCOPe-ALL,family,b.29.1.25,b,b.29,b.29.1,b.29.1.25,163
d5x4ra_,SCOPe-ALL,family,b.29.1.26,b,b.29,b.29.1,b.29.1.26,333
d3r4db_,SCOPe-ALL,family,b.29.1.26,b,b.29,b.29.1,b.29.1.26,254
d5x4sa_,SCOPe-ALL,family,b.29.1.26,b,b.29,b.29.1,b.29.1.26,272
d3wg3a1,SCOPe-ALL,family,b.29.1.0,b,b.29,b.29.1,b.29.1.0,161
d2jena_,SCOPe-ALL,family,b.29.1.0,b,b.29,b.29.1,b.29.1.0,233
d6ms3a2,SCOPe-ALL,family,b.29.1.0,b,b.29,b.29.1,b.29.1.0,203
d5nbpa_,SCOPe-ALL,family,b.29.1.0,b,b.29,b.29.1,b.29.1.0,237
d5joza2,SCOPe-ALL,family,b.29.1.0,b,b.29,b.29.1,b.29.1.0,202
d5jowa2,SCOPe-ALL,family,b.29.1.0,b,b.29,b.29.1,b.29.1.0,200
d5nlda_,SCOPe-ALL,family,b.29.1.0,b,b.29,b.29.1,b.29.1.0,136
d2ymza1,SCOPe-ALL,family,b.29.1.0,b,b.29,b.29.1,b.29.1.0,128
d5it6a_,SCOPe-ALL,family,b.29.1.0,b,b.29,b.29.1,b.29.1.0,134
d3pmea1,SCOPe-ALL,family,b.29.1.0,b,b.29,b.29.1,b.29.1.0,218
d2r0ha_,SCOPe-ALL,family,b.29.1.0,b,b.29,b.29.1,b.29.1.0,160
d3vl9a_,SCOPe-ALL,family,b.29.1.0,b,b.29,b.29.1,b.29.1.0,222
d5z5ia2,SCOPe-ALL,family,b.29.1.0,b,b.29,b.29.1,b.29.1.0,200
d5gzca_,SCOPe-ALL,family,b.29.1.0,b,b.29,b.29.1,b.29.1.0,152
d2zhna_,SCOPe-ALL,family,b.29.1.0,b,b.29,b.29.1,b.29.1.0,145
d4n7ia1,SCOPe-ALL,family,b.29.1.0,b,b.29,b.29.1,b.29.1.0,186
d6ypea_,SCOPe-ALL,family,b.29.1.0,b,b.29,b.29.1,b.29.1.0,205
d3sh4a_,SCOPe-ALL,family,b.29.1.0,b,b.29,b.29.1,b.29.1.0,195
d3naja2,SCOPe-ALL,family,b.29.1.0,b,b.29,b.29.1,b.29.1.0,137
d4yg0a1,SCOPe-ALL,family,b.29.1.0,b,b.29,b.29.1,b.29.1.0,162
d3pvea_,SCOPe-ALL,family,b.29.1.0,b,b.29,b.29.1,b.29.1.0,183
d2jd4a1,SCOPe-ALL,family,b.29.1.0,b,b.29,b.29.1,b.29.1.0,195
d4xdqa_,SCOPe-ALL,family,b.29.1.0,b,b.29,b.29.1,b.29.1.0,237
d3vv1a_,SCOPe-ALL,family,b.29.1.0,b,b.29,b.29.1,b.29.1.0,141
d3wp4a_,SCOPe-ALL,family,b.29.1.0,b,b.29,b.29.1,b.29.1.0,228
d2c1fa1,SCOPe-ALL,family,b.29.1.0,b,b.29,b.29.1,b.29.1.0,218
d4yw2a1,SCOPe-ALL,family,b.29.1.0,b,b.29,b.29.1,b.29.1.0,191
d3uv9a1,SCOPe-ALL,family,b.29.1.0,b,b.29,b.29.1,b.29.1.0,182
d6ut9a1,SCOPe-ALL,family,b.29.1.0,b,b.29,b.29.1,b.29.1.0,159
d3c2ua2,SCOPe-ALL,family,b.29.1.0,b,b.29,b.29.1,b.29.1.0,212
d6n3ra1,SCOPe-ALL,family,b.29.1.0,b,b.29,b.29.1,b.29.1.0,137
d6sdua1,SCOPe-ALL,family,b.29.1.0,b,b.29,b.29.1,b.29.1.0,220
d2cwsa1,SCOPe-ALL,family,b.29.1.0,b,b.29,b.29.1,b.29.1.0,226
d5gm0a1,SCOPe-ALL,family,b.29.1.0,b,b.29,b.29.1,b.29.1.0,143
d5gm0a2,SCOPe-ALL,family,b.29.1.0,b,b.29,b.29.1,b.29.1.0,134
d2uwaa_,SCOPe-ALL,family,b.29.1.0,b,b.29,b.29.1,b.29.1.0,274
d4u36a_,SCOPe-ALL,family,b.29.1.0,b,b.29,b.29.1,b.29.1.0,233
d4pbpa_,SCOPe-ALL,family,b.29.1.0,b,b.29,b.29.1,b.29.1.0,206
d6e20b_,SCOPe-ALL,family,b.29.1.0,b,b.29,b.29.1,b.29.1.0,133
d4bpza1,SCOPe-ALL,family,b.29.1.0,b,b.29,b.29.1,b.29.1.0,248
d3zpya_,SCOPe-ALL,family,b.29.1.0,b,b.29,b.29.1,b.29.1.0,248
d6hy3a1,SCOPe-ALL,family,b.29.1.0,b,b.29,b.29.1,b.29.1.0,260
d1rjoa1,SCOPe-ALL,family,b.30.2.1,b,b.30,b.30.2,b.30.2.1,417
d1oaca1,SCOPe-ALL,family,b.30.2.1,b,b.30,b.30.2,b.30.2.1,424
d1w2za1,SCOPe-ALL,family,b.30.2.1,b,b.30,b.30.2,b.30.2.1,441
d2oqea1,SCOPe-ALL,family,b.30.2.1,b,b.30,b.30.2,b.30.2.1,436
d1w7ca1,SCOPe-ALL,family,b.30.2.1,b,b.30,b.30.2,b.30.2.1,464
d1yq2a4,SCOPe-ALL,family,b.30.5.1,b,b.30,b.30.5,b.30.5.1,302
d1jz8a4,SCOPe-ALL,family,b.30.5.1,b,b.30,b.30.5,b.30.5.1,293
d1hn0a4,SCOPe-ALL,family,b.30.5.2,b,b.30,b.30.5,b.30.5.2,281
d1rwaa3,SCOPe-ALL,family,b.30.5.2,b,b.30,b.30.5,b.30.5.2,272
d1cb8a3,SCOPe-ALL,family,b.30.5.2,b,b.30,b.30.5,b.30.5.2,264
d1egua3,SCOPe-ALL,family,b.30.5.2,b,b.30,b.30.5,b.30.5.2,274
d1v7va2,SCOPe-ALL,family,b.30.5.3,b,b.30,b.30.5,b.30.5.3,270
d1h54a2,SCOPe-ALL,family,b.30.5.3,b,b.30,b.30.5,b.30.5.3,268
d1lura_,SCOPe-ALL,family,b.30.5.4,b,b.30,b.30.5,b.30.5.4,329
d1z45a1,SCOPe-ALL,family,b.30.5.4,b,b.30,b.30.5,b.30.5.4,342
d1nsza1,SCOPe-ALL,family,b.30.5.4,b,b.30,b.30.5,b.30.5.4,337
d1lf9a2,SCOPe-ALL,family,b.30.5.5,b,b.30,b.30.5,b.30.5.5,277
d1ug9a4,SCOPe-ALL,family,b.30.5.5,b,b.30,b.30.5,b.30.5.5,272
d3bvxa2,SCOPe-ALL,family,b.30.5.6,b,b.30,b.30.5,b.30.5.6,522
d1jova_,SCOPe-ALL,family,b.30.5.7,b,b.30,b.30.5,b.30.5.7,269
d1k1xa2,SCOPe-ALL,family,b.30.5.8,b,b.30,b.30.5,b.30.5.8,275
d1txka2,SCOPe-ALL,family,b.30.5.9,b,b.30,b.30.5,b.30.5.9,374
d3njxa1,SCOPe-ALL,family,b.30.5.10,b,b.30,b.30.5,b.30.5.10,250
d2xvla1,SCOPe-ALL,family,b.30.5.11,b,b.30,b.30.5,b.30.5.11,220
d3weoa1,SCOPe-ALL,family,b.30.5.11,b,b.30,b.30.5,b.30.5.11,262
d2g3ma1,SCOPe-ALL,family,b.30.5.11,b,b.30,b.30.5,b.30.5.11,150
d2f2ha2,SCOPe-ALL,family,b.30.5.11,b,b.30,b.30.5,b.30.5.11,247
d1x1ia3,SCOPe-ALL,family,b.30.5.0,b,b.30,b.30.5,b.30.5.0,273
d3l4ya1,SCOPe-ALL,family,b.30.5.0,b,b.30,b.30.5,b.30.5.0,263
d4rnla_,SCOPe-ALL,family,b.30.5.0,b,b.30,b.30.5,b.30.5.0,341
d6gvda1,SCOPe-ALL,family,b.30.5.0,b,b.30,b.30.5,b.30.5.0,177
d6e36a_,SCOPe-ALL,family,b.30.6.1,b,b.30,b.30.6,b.30.6.1,395
d4ld8a1,SCOPe-ALL,family,b.31.1.1,b,b.31,b.31.1,b.31.1.1,150
d4ld8a2,SCOPe-ALL,family,b.31.1.1,b,b.31,b.31.1,b.31.1.1,106
d1qexa_,SCOPe-ALL,family,b.32.1.1,b,b.32,b.32.1,b.32.1.1,288
d1g8jb_,SCOPe-ALL,family,b.33.1.1,b,b.33,b.33.1,b.33.1.1,128
d1rfsa_,SCOPe-ALL,family,b.33.1.1,b,b.33,b.33.1,b.33.1.1,127
d1riea_,SCOPe-ALL,family,b.33.1.1,b,b.33,b.33.1,b.33.1.1,127
d1jm1a_,SCOPe-ALL,family,b.33.1.1,b,b.33,b.33.1,b.33.1.1,202
d1nyka_,SCOPe-ALL,family,b.33.1.1,b,b.33,b.33.1,b.33.1.1,156
d2q3wa_,SCOPe-ALL,family,b.33.1.1,b,b.33,b.33.1,b.33.1.1,109
d1z02a1,SCOPe-ALL,family,b.33.1.2,b,b.33,b.33.1,b.33.1.2,148
d2b1xa1,SCOPe-ALL,family,b.33.1.2,b,b.33,b.33.1,b.33.1.2,162
d2jo6a1,SCOPe-ALL,family,b.33.1.3,b,b.33,b.33.1,b.33.1.3,108
d3c0da1,SCOPe-ALL,family,b.33.1.3,b,b.33,b.33.1,b.33.1.3,108
d2yfia1,SCOPe-ALL,family,b.33.1.0,b,b.33,b.33.1,b.33.1.0,162
d7buga1,SCOPe-ALL,family,b.33.1.0,b,b.33,b.33.1,b.33.1.0,141
d4aiva_,SCOPe-ALL,family,b.33.1.0,b,b.33,b.33.1,b.33.1.0,113
d3gcea_,SCOPe-ALL,family,b.33.1.0,b,b.33,b.33.1,b.33.1.0,104
d3dqya_,SCOPe-ALL,family,b.33.1.0,b,b.33,b.33.1,b.33.1.0,106
d2qpza_,SCOPe-ALL,family,b.33.1.0,b,b.33,b.33.1,b.33.1.0,103
d4hjla1,SCOPe-ALL,family,b.33.1.0,b,b.33,b.33.1,b.33.1.0,154
d1biaa2,SCOPe-ALL,family,b.34.1.1,b,b.34,b.34.1,b.34.1.1,47
d2dxua2,SCOPe-ALL,family,b.34.1.1,b,b.34,b.34.1,b.34.1.1,47
d2dtra3,SCOPe-ALL,family,b.34.1.2,b,b.34,b.34.1,b.34.1.2,79
d1fx7a3,SCOPe-ALL,family,b.34.1.2,b,b.34,b.34.1,b.34.1.2,86
d6e55a1,SCOPe-ALL,family,b.34.1.2,b,b.34,b.34.1,b.34.1.2,75
d1igqa_,SCOPe-ALL,family,b.34.1.3,b,b.34,b.34.1,b.34.1.3,54
d1jo8a_,SCOPe-ALL,family,b.34.2.1,b,b.34,b.34.2,b.34.2.1,58
d3m0ra_,SCOPe-ALL,family,b.34.2.1,b,b.34,b.34.2,b.34.2.1,58
d1bb9a_,SCOPe-ALL,family,b.34.2.1,b,b.34,b.34.2,b.34.2.1,83
d1ckaa_,SCOPe-ALL,family,b.34.2.1,b,b.34,b.34.2,b.34.2.1,57
d1k9ab1,SCOPe-ALL,family,b.34.2.1,b,b.34,b.34.2,b.34.2.1,73
d1i07a_,SCOPe-ALL,family,b.34.2.1,b,b.34,b.34.2,b.34.2.1,59
d1ri9a_,SCOPe-ALL,family,b.34.2.1,b,b.34,b.34.2,b.34.2.1,77
d1ug1a1,SCOPe-ALL,family,b.34.2.1,b,b.34,b.34.2,b.34.2.1,78
d1oota_,SCOPe-ALL,family,b.34.2.1,b,b.34,b.34.2,b.34.2.1,58
d1j3ta1,SCOPe-ALL,family,b.34.2.1,b,b.34,b.34.2,b.34.2.1,61
d1udla1,SCOPe-ALL,family,b.34.2.1,b,b.34,b.34.2,b.34.2.1,85
d1ue9a1,SCOPe-ALL,family,b.34.2.1,b,b.34,b.34.2,b.34.2.1,67
d1wfwa1,SCOPe-ALL,family,b.34.2.1,b,b.34,b.34.2,b.34.2.1,61
d1i1ja_,SCOPe-ALL,family,b.34.2.1,b,b.34,b.34.2,b.34.2.1,106
d1u5sa1,SCOPe-ALL,family,b.34.2.1,b,b.34,b.34.2,b.34.2.1,71
d1ng2a1,SCOPe-ALL,family,b.34.2.1,b,b.34,b.34.2,b.34.2.1,58
d1ng2a2,SCOPe-ALL,family,b.34.2.1,b,b.34,b.34.2,b.34.2.1,118
d2iima2,SCOPe-ALL,family,b.34.2.1,b,b.34,b.34.2,b.34.2.1,61
d1x3va1,SCOPe-ALL,family,b.34.2.1,b,b.34,b.34.2,b.34.2.1,55
d2csia1,SCOPe-ALL,family,b.34.2.1,b,b.34,b.34.2,b.34.2.1,63
d1t0ha_,SCOPe-ALL,family,b.34.2.1,b,b.34,b.34.2,b.34.2.1,96
d1gcqc1,SCOPe-ALL,family,b.34.2.1,b,b.34,b.34.2,b.34.2.1,65
d2v1ra_,SCOPe-ALL,family,b.34.2.1,b,b.34,b.34.2,b.34.2.1,67
d4j9fa_,SCOPe-ALL,family,b.34.2.1,b,b.34,b.34.2,b.34.2.1,62
d3i5ra_,SCOPe-ALL,family,b.34.2.1,b,b.34,b.34.2,b.34.2.1,81
d3i35a_,SCOPe-ALL,family,b.34.2.1,b,b.34,b.34.2,b.34.2.1,57
d6edfa_,SCOPe-ALL,family,b.34.2.1,b,b.34,b.34.2,b.34.2.1,77
d3rnja1,SCOPe-ALL,family,b.34.2.1,b,b.34,b.34.2,b.34.2.1,62
d2yuqa1,SCOPe-ALL,family,b.34.2.1,b,b.34,b.34.2,b.34.2.1,78
d2g6fx1,SCOPe-ALL,family,b.34.2.1,b,b.34,b.34.2,b.34.2.1,54
d2a28a1,SCOPe-ALL,family,b.34.2.0,b,b.34,b.34.2,b.34.2.0,52
d2v1qa1,SCOPe-ALL,family,b.34.2.0,b,b.34,b.34.2,b.34.2.0,57
d1zuya_,SCOPe-ALL,family,b.34.2.0,b,b.34,b.34.2,b.34.2.0,58
d1yn8a1,SCOPe-ALL,family,b.34.2.0,b,b.34,b.34.2,b.34.2.0,58
d3tvta1,SCOPe-ALL,family,b.34.2.0,b,b.34,b.34.2,b.34.2.0,87
d2o9sa1,SCOPe-ALL,family,b.34.2.0,b,b.34,b.34.2,b.34.2.0,61
d5qu8a_,SCOPe-ALL,family,b.34.2.0,b,b.34,b.34.2,b.34.2.0,58
d1wyxa_,SCOPe-ALL,family,b.34.2.0,b,b.34,b.34.2,b.34.2.0,68
d4lnpa_,SCOPe-ALL,family,b.34.2.0,b,b.34,b.34.2,b.34.2.0,61
d2j05a1,SCOPe-ALL,family,b.34.2.0,b,b.34,b.34.2,b.34.2.0,61
d5k28a1,SCOPe-ALL,family,b.34.2.0,b,b.34,b.34.2,b.34.2.0,60
d6h5ta1,SCOPe-ALL,family,b.34.2.0,b,b.34,b.34.2,b.34.2.0,61
d7cfza_,SCOPe-ALL,family,b.34.2.0,b,b.34,b.34.2,b.34.2.0,60
d1w6xa1,SCOPe-ALL,family,b.34.2.0,b,b.34,b.34.2,b.34.2.0,55
d6ghmc2,SCOPe-ALL,family,b.34.2.0,b,b.34,b.34.2,b.34.2.0,66
d4cc4b1,SCOPe-ALL,family,b.34.2.0,b,b.34,b.34.2,b.34.2.0,65
d2j6ka_,SCOPe-ALL,family,b.34.2.0,b,b.34,b.34.2,b.34.2.0,57
d2mioa1,SCOPe-ALL,family,b.34.2.0,b,b.34,b.34.2,b.34.2.0,59
d2lj0a_,SCOPe-ALL,family,b.34.2.0,b,b.34,b.34.2,b.34.2.0,65
d2rqta_,SCOPe-ALL,family,b.34.2.0,b,b.34,b.34.2,b.34.2.0,61
d2ekha1,SCOPe-ALL,family,b.34.2.0,b,b.34,b.34.2,b.34.2.0,67
d2egea1,SCOPe-ALL,family,b.34.2.0,b,b.34,b.34.2,b.34.2.0,68
d2dnua1,SCOPe-ALL,family,b.34.2.0,b,b.34,b.34.2,b.34.2.0,58
d2ct4a1,SCOPe-ALL,family,b.34.2.0,b,b.34,b.34.2,b.34.2.0,57
d2dl5a1,SCOPe-ALL,family,b.34.2.0,b,b.34,b.34.2,b.34.2.0,65
d2egca1,SCOPe-ALL,family,b.34.2.0,b,b.34,b.34.2,b.34.2.0,62
d2kgta_,SCOPe-ALL,family,b.34.2.0,b,b.34,b.34.2,b.34.2.0,72
d1x2pa1,SCOPe-ALL,family,b.34.2.0,b,b.34,b.34.2,b.34.2.0,55
d1x6ga1,SCOPe-ALL,family,b.34.2.0,b,b.34,b.34.2,b.34.2.0,68
d1x2qa1,SCOPe-ALL,family,b.34.2.0,b,b.34,b.34.2,b.34.2.0,75
d2gnca1,SCOPe-ALL,family,b.34.2.0,b,b.34,b.34.2,b.34.2.0,52
d4xi2a1,SCOPe-ALL,family,b.34.2.0,b,b.34,b.34.2,b.34.2.0,65
d2enma1,SCOPe-ALL,family,b.34.2.0,b,b.34,b.34.2,b.34.2.0,70
d2cuca1,SCOPe-ALL,family,b.34.2.0,b,b.34,b.34.2,b.34.2.0,57
d1x43a1,SCOPe-ALL,family,b.34.2.0,b,b.34,b.34.2,b.34.2.0,68
d1wxua1,SCOPe-ALL,family,b.34.2.0,b,b.34,b.34.2,b.34.2.0,80
d2yuoa1,SCOPe-ALL,family,b.34.2.0,b,b.34,b.34.2,b.34.2.0,65
d2m0ya_,SCOPe-ALL,family,b.34.2.0,b,b.34,b.34.2,b.34.2.0,74
d5o99a1,SCOPe-ALL,family,b.34.2.0,b,b.34,b.34.2,b.34.2.0,59
d1u3oa_,SCOPe-ALL,family,b.34.2.0,b,b.34,b.34.2,b.34.2.0,67
d2i0na1,SCOPe-ALL,family,b.34.2.0,b,b.34,b.34.2,b.34.2.0,71
d1qvia1,SCOPe-ALL,family,b.34.3.1,b,b.34,b.34.3,b.34.3.1,48
d1w7ja1,SCOPe-ALL,family,b.34.3.1,b,b.34,b.34.3,b.34.3.1,61
d1lvka1,SCOPe-ALL,family,b.34.3.1,b,b.34,b.34.3,b.34.3.1,46
d4db1a2,SCOPe-ALL,family,b.34.3.0,b,b.34,b.34.3,b.34.3.0,44
d2rh2a_,SCOPe-ALL,family,b.34.4.1,b,b.34,b.34.4,b.34.4.1,58
d1dj7b_,SCOPe-ALL,family,b.34.4.3,b,b.34,b.34.4,b.34.4.3,73
d3a8gb_,SCOPe-ALL,family,b.34.4.4,b,b.34,b.34.4,b.34.4.4,212
d3hhtb_,SCOPe-ALL,family,b.34.4.4,b,b.34,b.34.4,b.34.4.4,227
d6ly5e_,SCOPe-ALL,family,b.34.4.0,b,b.34,b.34.4,b.34.4.0,63
d1vq8q1,SCOPe-ALL,family,b.34.5.1,b,b.34,b.34.5,b.34.5.1,95
d1vq8t1,SCOPe-ALL,family,b.34.5.1,b,b.34,b.34.5,b.34.5.1,119
d2j01y1,SCOPe-ALL,family,b.34.5.1,b,b.34,b.34.5,b.34.5.1,101
d1ueba1,SCOPe-ALL,family,b.34.5.2,b,b.34,b.34.5,b.34.5.2,63
d1bkba1,SCOPe-ALL,family,b.34.5.2,b,b.34,b.34.5,b.34.5.2,71
d1khia1,SCOPe-ALL,family,b.34.5.2,b,b.34,b.34.5,b.34.5.2,76
d1rl2a1,SCOPe-ALL,family,b.34.5.3,b,b.34,b.34.5,b.34.5.3,70
d2qamc1,SCOPe-ALL,family,b.34.5.3,b,b.34,b.34.5,b.34.5.3,145
d1vq8a1,SCOPe-ALL,family,b.34.5.3,b,b.34,b.34.5,b.34.5.3,147
d1nppa2,SCOPe-ALL,family,b.34.5.4,b,b.34,b.34.5,b.34.5.4,58
d2do3a1,SCOPe-ALL,family,b.34.5.5,b,b.34,b.34.5,b.34.5.5,62
d2j01t1,SCOPe-ALL,family,b.34.5.6,b,b.34,b.34.5,b.34.5.6,138
d2joya1,SCOPe-ALL,family,b.34.5.7,b,b.34,b.34.5,b.34.5.7,96
d6s8za1,SCOPe-ALL,family,b.34.5.0,b,b.34,b.34.5,b.34.5.0,62
d3a5zb1,SCOPe-ALL,family,b.34.5.0,b,b.34,b.34.5,b.34.5.0,63
d3hksa1,SCOPe-ALL,family,b.34.5.0,b,b.34,b.34.5,b.34.5.0,69
d3hpwa_,SCOPe-ALL,family,b.34.6.1,b,b.34,b.34.6,b.34.6.1,101
d1m1fa_,SCOPe-ALL,family,b.34.6.2,b,b.34,b.34.6,b.34.6.2,110
d7dhpa_,SCOPe-ALL,family,b.34.6.2,b,b.34,b.34.6,b.34.6.2,110
d4hkea1,SCOPe-ALL,family,b.34.6.2,b,b.34,b.34.6,b.34.6.2,116
d2a7ya1,SCOPe-ALL,family,b.34.6.3,b,b.34,b.34.6,b.34.6.3,80
d5hk3a_,SCOPe-ALL,family,b.34.6.0,b,b.34,b.34.6,b.34.6.0,113
d6l2aa1,SCOPe-ALL,family,b.34.6.0,b,b.34,b.34.6,b.34.6.0,116
d6t6ea1,SCOPe-ALL,family,b.34.7.1,b,b.34,b.34.7,b.34.7.1,52
d3s3na3,SCOPe-ALL,family,b.34.7.1,b,b.34,b.34.7,b.34.7.1,60
d4fw1a2,SCOPe-ALL,family,b.34.7.0,b,b.34,b.34.7,b.34.7.0,53
d1hyoa1,SCOPe-ALL,family,b.34.8.1,b,b.34,b.34.8,b.34.8.1,118
d2qqra1,SCOPe-ALL,family,b.34.9.1,b,b.34,b.34.9,b.34.9.1,59
d2qqra2,SCOPe-ALL,family,b.34.9.1,b,b.34,b.34.9,b.34.9.1,56
d2l8da1,SCOPe-ALL,family,b.34.9.1,b,b.34,b.34.9,b.34.9.1,62
d2hqxa1,SCOPe-ALL,family,b.34.9.1,b,b.34,b.34.9,b.34.9.1,90
d2g3ra2,SCOPe-ALL,family,b.34.9.1,b,b.34,b.34.9,b.34.9.1,66
d2g3ra1,SCOPe-ALL,family,b.34.9.1,b,b.34,b.34.9,b.34.9.1,53
d1mhna_,SCOPe-ALL,family,b.34.9.1,b,b.34,b.34.9,b.34.9.1,59
d3fdra_,SCOPe-ALL,family,b.34.9.1,b,b.34,b.34.9,b.34.9.1,89
d3s6wa_,SCOPe-ALL,family,b.34.9.1,b,b.34,b.34.9,b.34.9.1,54
d1khca_,SCOPe-ALL,family,b.34.9.2,b,b.34,b.34.9,b.34.9.2,137
d1h3za_,SCOPe-ALL,family,b.34.9.2,b,b.34,b.34.9,b.34.9.2,108
d6iipa1,SCOPe-ALL,family,b.34.9.2,b,b.34,b.34.9,b.34.9.2,87
d4rxja_,SCOPe-ALL,family,b.34.9.2,b,b.34,b.34.9,b.34.9.2,108
d1oz2a1,SCOPe-ALL,family,b.34.9.3,b,b.34,b.34.9,b.34.9.3,110
d1oz2a2,SCOPe-ALL,family,b.34.9.3,b,b.34,b.34.9,b.34.9.3,108
d1wjra1,SCOPe-ALL,family,b.34.9.3,b,b.34,b.34.9,b.34.9.3,114
d2jnga1,SCOPe-ALL,family,b.34.9.4,b,b.34,b.34.9,b.34.9.4,76
d2l89a_,SCOPe-ALL,family,b.34.9.0,b,b.34,b.34.9,b.34.9.0,108
d2r58a2,SCOPe-ALL,family,b.34.9.0,b,b.34,b.34.9,b.34.9.0,104
d2e3ha1,SCOPe-ALL,family,b.34.10.1,b,b.34,b.34.10,b.34.10.1,71
d1whla1,SCOPe-ALL,family,b.34.10.1,b,b.34,b.34.10,b.34.10.1,82
d1ixda1,SCOPe-ALL,family,b.34.10.1,b,b.34,b.34.10,b.34.10.1,91
d1whma1,SCOPe-ALL,family,b.34.10.1,b,b.34,b.34.10,b.34.10.1,79
d2hkna1,SCOPe-ALL,family,b.34.10.1,b,b.34,b.34.10,b.34.10.1,80
d2cp5a1,SCOPe-ALL,family,b.34.10.1,b,b.34,b.34.10,b.34.10.1,128
d6fc5a1,SCOPe-ALL,family,b.34.10.0,b,b.34,b.34.10,b.34.10.0,82
d1m9sa2,SCOPe-ALL,family,b.34.11.1,b,b.34,b.34.11,b.34.11.1,75
d1m9sa3,SCOPe-ALL,family,b.34.11.1,b,b.34,b.34.11,b.34.11.1,86
d2akka1,SCOPe-ALL,family,b.34.11.2,b,b.34,b.34.11,b.34.11.2,72
d1xova1,SCOPe-ALL,family,b.34.11.4,b,b.34,b.34.11,b.34.11.4,134
d2hbwa1,SCOPe-ALL,family,b.34.11.0,b,b.34,b.34.11,b.34.11.0,73
d3pt9a1,SCOPe-ALL,family,b.34.12.1,b,b.34,b.34.12,b.34.12.1,181
d3pt9a2,SCOPe-ALL,family,b.34.12.1,b,b.34,b.34.12,b.34.12.1,199
d4kuia_,SCOPe-ALL,family,b.34.12.0,b,b.34,b.34.12,b.34.12.0,214
d2xiwa_,SCOPe-ALL,family,b.34.13.1,b,b.34,b.34.13,b.34.13.1,64
d2dy8a1,SCOPe-ALL,family,b.34.13.2,b,b.34,b.34.13,b.34.13.2,69
d2dy7a1,SCOPe-ALL,family,b.34.13.2,b,b.34,b.34.13,b.34.13.2,81
d3deoa1,SCOPe-ALL,family,b.34.13.2,b,b.34,b.34.13,b.34.13.2,44
d2huga2,SCOPe-ALL,family,b.34.13.2,b,b.34,b.34.13,b.34.13.2,55
d1e0ba_,SCOPe-ALL,family,b.34.13.2,b,b.34,b.34.13,b.34.13.2,61
d2fmma_,SCOPe-ALL,family,b.34.13.2,b,b.34,b.34.13,b.34.13.2,68
d1g6za1,SCOPe-ALL,family,b.34.13.2,b,b.34,b.34.13,b.34.13.2,68
d1pfba_,SCOPe-ALL,family,b.34.13.2,b,b.34,b.34.13,b.34.13.2,55
d5afwa1,SCOPe-ALL,family,b.34.13.2,b,b.34,b.34.13,b.34.13.2,93
d5afwa2,SCOPe-ALL,family,b.34.13.2,b,b.34,b.34.13,b.34.13.2,70
d5e4xa_,SCOPe-ALL,family,b.34.13.2,b,b.34,b.34.13,b.34.13.2,50
d1wgsa1,SCOPe-ALL,family,b.34.13.3,b,b.34,b.34.13,b.34.13.3,120
d2buda1,SCOPe-ALL,family,b.34.13.3,b,b.34,b.34.13,b.34.13.3,88
d2m2la1,SCOPe-ALL,family,b.34.13.0,b,b.34,b.34.13,b.34.13.0,60
d6ftoa_,SCOPe-ALL,family,b.34.13.0,b,b.34,b.34.13,b.34.13.0,66
d3m9qa_,SCOPe-ALL,family,b.34.13.0,b,b.34,b.34.13,b.34.13.0,89
d4quca_,SCOPe-ALL,family,b.34.13.0,b,b.34,b.34.13,b.34.13.0,56
d3svma_,SCOPe-ALL,family,b.34.13.0,b,b.34,b.34.13,b.34.13.0,60
d3mtsa1,SCOPe-ALL,family,b.34.13.0,b,b.34,b.34.13,b.34.13.0,61
d5in1a_,SCOPe-ALL,family,b.34.13.0,b,b.34,b.34.13,b.34.13.0,71
d1yvua1,SCOPe-ALL,family,b.34.14.1,b,b.34,b.34.14,b.34.14.1,311
d1u04a1,SCOPe-ALL,family,b.34.14.1,b,b.34,b.34.14,b.34.14.1,323
d3mj0a1,SCOPe-ALL,family,b.34.14.1,b,b.34,b.34.14,b.34.14.1,117
d4krea1,SCOPe-ALL,family,b.34.14.0,b,b.34,b.34.14,b.34.14.0,393
d1sf9a1,SCOPe-ALL,family,b.34.15.1,b,b.34,b.34.15,b.34.15.1,104
d1y71a1,SCOPe-ALL,family,b.34.16.1,b,b.34,b.34.16,b.34.16.1,124
d5ycqa_,SCOPe-ALL,family,b.34.17.1,b,b.34,b.34.17,b.34.17.1,95
d2eyqa1,SCOPe-ALL,family,b.34.18.1,b,b.34,b.34.18,b.34.18.1,80
d3dkma1,SCOPe-ALL,family,b.34.19.1,b,b.34,b.34.19,b.34.19.1,70
d2heqa1,SCOPe-ALL,family,b.34.20.1,b,b.34,b.34.20,b.34.20.1,65
d3u1ua_,SCOPe-ALL,family,b.34.21.1,b,b.34,b.34.21,b.34.21.1,135
d1g31a_,SCOPe-ALL,family,b.35.1.1,b,b.35,b.35.1,b.35.1.1,107
d1h0ka1,SCOPe-ALL,family,b.35.1.2,b,b.35,b.35.1,b.35.1.2,176
d1h2ba1,SCOPe-ALL,family,b.35.1.2,b,b.35,b.35.1,b.35.1.2,172
d4dxha1,SCOPe-ALL,family,b.35.1.2,b,b.35,b.35.1,b.35.1.2,199
d1jvba1,SCOPe-ALL,family,b.35.1.2,b,b.35,b.35.1,b.35.1.2,178
d1jqba1,SCOPe-ALL,family,b.35.1.2,b,b.35,b.35.1,b.35.1.2,178
d1f8fa1,SCOPe-ALL,family,b.35.1.2,b,b.35,b.35.1,b.35.1.2,195
d1piwa1,SCOPe-ALL,family,b.35.1.2,b,b.35,b.35.1,b.35.1.2,193
d1kola1,SCOPe-ALL,family,b.35.1.2,b,b.35,b.35.1,b.35.1.2,202
d1vj0a1,SCOPe-ALL,family,b.35.1.2,b,b.35,b.35.1,b.35.1.2,185
d1uufa1,SCOPe-ALL,family,b.35.1.2,b,b.35,b.35.1,b.35.1.2,180
d1o89a1,SCOPe-ALL,family,b.35.1.2,b,b.35,b.35.1,b.35.1.2,146
d1pl8a1,SCOPe-ALL,family,b.35.1.2,b,b.35,b.35.1,b.35.1.2,186
d1v3va1,SCOPe-ALL,family,b.35.1.2,b,b.35,b.35.1,b.35.1.2,148
d1vj1a1,SCOPe-ALL,family,b.35.1.2,b,b.35,b.35.1,b.35.1.2,165
d1qora1,SCOPe-ALL,family,b.35.1.2,b,b.35,b.35.1,b.35.1.2,148
d1yb5a1,SCOPe-ALL,family,b.35.1.2,b,b.35,b.35.1,b.35.1.2,151
d1iz0a1,SCOPe-ALL,family,b.35.1.2,b,b.35,b.35.1,b.35.1.2,132
d6mrc1_,SCOPe-ALL,family,b.35.1.0,b,b.35,b.35.1,b.35.1.0,100
d3nx6a_,SCOPe-ALL,family,b.35.1.0,b,b.35,b.35.1,b.35.1.0,94
d1auua_,SCOPe-ALL,family,b.35.2.1,b,b.35,b.35.2,b.35.2.1,55
d1y7na1,SCOPe-ALL,family,b.36.1.1,b,b.36,b.36.1,b.36.1.1,79
d1x45a1,SCOPe-ALL,family,b.36.1.1,b,b.36,b.36.1,b.36.1.1,85
d1kwaa_,SCOPe-ALL,family,b.36.1.1,b,b.36,b.36.1,b.36.1.1,88
d1uita1,SCOPe-ALL,family,b.36.1.1,b,b.36,b.36.1,b.36.1.1,104
d1mfga1,SCOPe-ALL,family,b.36.1.1,b,b.36,b.36.1,b.36.1.1,92
d1v5qa1,SCOPe-ALL,family,b.36.1.1,b,b.36,b.36.1,b.36.1.1,109
d1m5za_,SCOPe-ALL,family,b.36.1.1,b,b.36,b.36.1,b.36.1.1,91
d1p1da2,SCOPe-ALL,family,b.36.1.1,b,b.36,b.36.1,b.36.1.1,99
d1v62a1,SCOPe-ALL,family,b.36.1.1,b,b.36,b.36.1,b.36.1.1,104
d1n7ea_,SCOPe-ALL,family,b.36.1.1,b,b.36,b.36.1,b.36.1.1,95
d1rzxa_,SCOPe-ALL,family,b.36.1.1,b,b.36,b.36.1,b.36.1.1,98
d1x5na1,SCOPe-ALL,family,b.36.1.1,b,b.36,b.36.1,b.36.1.1,101
d1v6ba1,SCOPe-ALL,family,b.36.1.1,b,b.36,b.36.1,b.36.1.1,111
d1wifa1,SCOPe-ALL,family,b.36.1.1,b,b.36,b.36.1,b.36.1.1,113
d1ujda1,SCOPe-ALL,family,b.36.1.1,b,b.36,b.36.1,b.36.1.1,104
d1uhpa1,SCOPe-ALL,family,b.36.1.1,b,b.36,b.36.1,b.36.1.1,94
d1wh1a1,SCOPe-ALL,family,b.36.1.1,b,b.36,b.36.1,b.36.1.1,111
d1um1a1,SCOPe-ALL,family,b.36.1.1,b,b.36,b.36.1,b.36.1.1,97
d1ihja_,SCOPe-ALL,family,b.36.1.1,b,b.36,b.36.1,b.36.1.1,94
d1uf1a1,SCOPe-ALL,family,b.36.1.1,b,b.36,b.36.1,b.36.1.1,116
d1ueqa1,SCOPe-ALL,family,b.36.1.1,b,b.36,b.36.1,b.36.1.1,111
d2opga1,SCOPe-ALL,family,b.36.1.1,b,b.36,b.36.1,b.36.1.1,92
d2o2ta1,SCOPe-ALL,family,b.36.1.1,b,b.36,b.36.1,b.36.1.1,109
d1qaua_,SCOPe-ALL,family,b.36.1.1,b,b.36,b.36.1,b.36.1.1,112
d1wi2a1,SCOPe-ALL,family,b.36.1.1,b,b.36,b.36.1,b.36.1.1,91
d2cssa1,SCOPe-ALL,family,b.36.1.1,b,b.36,b.36.1,b.36.1.1,108
d2f5ya1,SCOPe-ALL,family,b.36.1.1,b,b.36,b.36.1,b.36.1.1,81
d1q3oa_,SCOPe-ALL,family,b.36.1.1,b,b.36,b.36.1,b.36.1.1,104
d2fe5a1,SCOPe-ALL,family,b.36.1.1,b,b.36,b.36.1,b.36.1.1,92
d6qjla_,SCOPe-ALL,family,b.36.1.1,b,b.36,b.36.1,b.36.1.1,98
d1wi4a1,SCOPe-ALL,family,b.36.1.1,b,b.36,b.36.1,b.36.1.1,96
d1r6ja1,SCOPe-ALL,family,b.36.1.1,b,b.36,b.36.1,b.36.1.1,77
d1n99a1,SCOPe-ALL,family,b.36.1.1,b,b.36,b.36.1,b.36.1.1,82
d1qava_,SCOPe-ALL,family,b.36.1.1,b,b.36,b.36.1,b.36.1.1,90
d3nfka_,SCOPe-ALL,family,b.36.1.1,b,b.36,b.36.1,b.36.1.1,92
d4n6xa1,SCOPe-ALL,family,b.36.1.1,b,b.36,b.36.1,b.36.1.1,84
d6lcba_,SCOPe-ALL,family,b.36.1.1,b,b.36,b.36.1,b.36.1.1,91
d2w4fa1,SCOPe-ALL,family,b.36.1.1,b,b.36,b.36.1,b.36.1.1,91
d2h2ba1,SCOPe-ALL,family,b.36.1.1,b,b.36,b.36.1,b.36.1.1,93
d3axaa_,SCOPe-ALL,family,b.36.1.1,b,b.36,b.36.1,b.36.1.1,97
d1x6da1,SCOPe-ALL,family,b.36.1.2,b,b.36,b.36.1,b.36.1.2,106
d1fc6a3,SCOPe-ALL,family,b.36.1.3,b,b.36,b.36.1,b.36.1.3,92
d1k32a1,SCOPe-ALL,family,b.36.1.3,b,b.36,b.36.1,b.36.1.3,91
d1ky9b2,SCOPe-ALL,family,b.36.1.4,b,b.36,b.36.1,b.36.1.4,88
d2z9ia1,SCOPe-ALL,family,b.36.1.4,b,b.36,b.36.1,b.36.1.4,88
d1sota1,SCOPe-ALL,family,b.36.1.4,b,b.36,b.36.1,b.36.1.4,99
d2hgaa1,SCOPe-ALL,family,b.36.1.6,b,b.36,b.36.1,b.36.1.6,103
d3stja2,SCOPe-ALL,family,b.36.1.0,b,b.36,b.36.1,b.36.1.0,98
d2q3ga1,SCOPe-ALL,family,b.36.1.0,b,b.36,b.36.1,b.36.1.0,84
d3sfja_,SCOPe-ALL,family,b.36.1.0,b,b.36,b.36.1,b.36.1.0,103
d2iwna1,SCOPe-ALL,family,b.36.1.0,b,b.36,b.36.1,b.36.1.0,91
d2gzva1,SCOPe-ALL,family,b.36.1.0,b,b.36,b.36.1,b.36.1.0,87
d3khfa1,SCOPe-ALL,family,b.36.1.0,b,b.36,b.36.1,b.36.1.0,93
d4uu5a1,SCOPe-ALL,family,b.36.1.0,b,b.36,b.36.1,b.36.1.0,85
d4q2qa_,SCOPe-ALL,family,b.36.1.0,b,b.36,b.36.1,b.36.1.0,96
d2iwoa_,SCOPe-ALL,family,b.36.1.0,b,b.36,b.36.1,b.36.1.0,96
d2jila_,SCOPe-ALL,family,b.36.1.0,b,b.36,b.36.1,b.36.1.0,97
d2q9va1,SCOPe-ALL,family,b.36.1.0,b,b.36,b.36.1,b.36.1.0,84
d3bpua1,SCOPe-ALL,family,b.36.1.0,b,b.36,b.36.1,b.36.1.0,82
d5m3na2,SCOPe-ALL,family,b.36.1.0,b,b.36,b.36.1,b.36.1.0,101
d2p3wa1,SCOPe-ALL,family,b.36.1.0,b,b.36,b.36.1,b.36.1.0,100
d3b76a1,SCOPe-ALL,family,b.36.1.0,b,b.36,b.36.1,b.36.1.0,91
d2vsva1,SCOPe-ALL,family,b.36.1.0,b,b.36,b.36.1,b.36.1.0,81
d2r4ha1,SCOPe-ALL,family,b.36.1.0,b,b.36,b.36.1,b.36.1.0,85
d5fb8c_,SCOPe-ALL,family,b.36.1.0,b,b.36,b.36.1,b.36.1.0,92
d2daza1,SCOPe-ALL,family,b.36.1.0,b,b.36,b.36.1,b.36.1.0,111
d2edva1,SCOPe-ALL,family,b.36.1.0,b,b.36,b.36.1,b.36.1.0,83
d2dlsa1,SCOPe-ALL,family,b.36.1.0,b,b.36,b.36.1,b.36.1.0,80
d2d92a1,SCOPe-ALL,family,b.36.1.0,b,b.36,b.36.1,b.36.1.0,95
d2edpa1,SCOPe-ALL,family,b.36.1.0,b,b.36,b.36.1,b.36.1.0,87
d2dlua1,SCOPe-ALL,family,b.36.1.0,b,b.36,b.36.1,b.36.1.0,98
d2kv8a_,SCOPe-ALL,family,b.36.1.0,b,b.36,b.36.1,b.36.1.0,83
d2eeha1,SCOPe-ALL,family,b.36.1.0,b,b.36,b.36.1,b.36.1.0,87
d2yuya1,SCOPe-ALL,family,b.36.1.0,b,b.36,b.36.1,b.36.1.0,113
d5hj1a_,SCOPe-ALL,family,b.36.1.0,b,b.36,b.36.1,b.36.1.0,97
d4yo1a1,SCOPe-ALL,family,b.36.1.0,b,b.36,b.36.1,b.36.1.0,98
d6x1ra1,SCOPe-ALL,family,b.36.1.0,b,b.36,b.36.1,b.36.1.0,95
d6x1na_,SCOPe-ALL,family,b.36.1.0,b,b.36,b.36.1,b.36.1.0,105
d3vqfa_,SCOPe-ALL,family,b.36.1.0,b,b.36,b.36.1,b.36.1.0,85
d6y38a_,SCOPe-ALL,family,b.36.1.0,b,b.36,b.36.1,b.36.1.0,91
d7d6fa_,SCOPe-ALL,family,b.36.1.0,b,b.36,b.36.1,b.36.1.0,93
d2koja1,SCOPe-ALL,family,b.36.1.0,b,b.36,b.36.1,b.36.1.0,109
d2koha1,SCOPe-ALL,family,b.36.1.0,b,b.36,b.36.1,b.36.1.0,109
d6gbda1,SCOPe-ALL,family,b.36.1.0,b,b.36,b.36.1,b.36.1.0,114
d2yuba1,SCOPe-ALL,family,b.36.1.0,b,b.36,b.36.1,b.36.1.0,105
d2egoa1,SCOPe-ALL,family,b.36.1.0,b,b.36,b.36.1,b.36.1.0,94
d3qdoa1,SCOPe-ALL,family,b.36.1.0,b,b.36,b.36.1,b.36.1.0,103
d2g5mb1,SCOPe-ALL,family,b.36.1.0,b,b.36,b.36.1,b.36.1.0,110
d1g3pa2,SCOPe-ALL,family,b.37.1.1,b,b.37,b.37.1,b.37.1.1,127
d1g3pa1,SCOPe-ALL,family,b.37.1.1,b,b.37,b.37.1,b.37.1.1,65
d4eo1a_,SCOPe-ALL,family,b.37.1.0,b,b.37,b.37.1,b.37.1.0,67
d2x9ba_,SCOPe-ALL,family,b.37.1.0,b,b.37,b.37.1,b.37.1.0,62
d1ljoa1,SCOPe-ALL,family,b.38.1.1,b,b.38,b.38.1,b.38.1.1,73
d1th7a1,SCOPe-ALL,family,b.38.1.1,b,b.38,b.38.1,b.38.1.1,76
d1d3bb_,SCOPe-ALL,family,b.38.1.1,b,b.38,b.38.1,b.38.1.1,81
d4f7ua_,SCOPe-ALL,family,b.38.1.1,b,b.38,b.38.1,b.38.1.1,82
d4f7ub_,SCOPe-ALL,family,b.38.1.1,b,b.38,b.38.1,b.38.1.1,93
d1d3ba_,SCOPe-ALL,family,b.38.1.1,b,b.38,b.38.1,b.38.1.1,72
d1m5q1_,SCOPe-ALL,family,b.38.1.1,b,b.38,b.38.1,b.38.1.1,127
d2fwka_,SCOPe-ALL,family,b.38.1.1,b,b.38,b.38.1,b.38.1.1,92
d1kq1a_,SCOPe-ALL,family,b.38.1.2,b,b.38,b.38.1,b.38.1.2,60
d2ylba_,SCOPe-ALL,family,b.38.1.2,b,b.38,b.38.1,b.38.1.2,65
d2vv5a1,SCOPe-ALL,family,b.38.1.3,b,b.38,b.38.1,b.38.1.3,67
d1ycya1,SCOPe-ALL,family,b.38.1.4,b,b.38,b.38.1,b.38.1.4,66
d6f9wa_,SCOPe-ALL,family,b.38.1.5,b,b.38,b.38.1,b.38.1.5,74
d2k57a1,SCOPe-ALL,family,b.38.1.6,b,b.38,b.38.1,b.38.1.6,52
d2rb6a1,SCOPe-ALL,family,b.38.1.6,b,b.38,b.38.1,b.38.1.6,52
d2ra2a1,SCOPe-ALL,family,b.38.1.6,b,b.38,b.38.1,b.38.1.6,53
d4f7uf_,SCOPe-ALL,family,b.38.1.0,b,b.38,b.38.1,b.38.1.0,73
d4c92b1,SCOPe-ALL,family,b.38.1.0,b,b.38,b.38.1,b.38.1.0,94
d4c92c_,SCOPe-ALL,family,b.38.1.0,b,b.38,b.38.1,b.38.1.0,79
d4c92d_,SCOPe-ALL,family,b.38.1.0,b,b.38,b.38.1,b.38.1.0,84
d4c92f_,SCOPe-ALL,family,b.38.1.0,b,b.38,b.38.1,b.38.1.0,77
d4c92g_,SCOPe-ALL,family,b.38.1.0,b,b.38,b.38.1,b.38.1.0,85
d5mkia_,SCOPe-ALL,family,b.38.1.0,b,b.38,b.38.1,b.38.1.0,70
d4f7ue_,SCOPe-ALL,family,b.38.1.0,b,b.38,b.38.1,b.38.1.0,78
d4f7ug_,SCOPe-ALL,family,b.38.1.0,b,b.38,b.38.1,b.38.1.0,68
d4emha_,SCOPe-ALL,family,b.38.1.0,b,b.38,b.38.1,b.38.1.0,60
d4xq3a_,SCOPe-ALL,family,b.38.1.0,b,b.38,b.38.1,b.38.1.0,78
d1ib8a1,SCOPe-ALL,family,b.38.2.1,b,b.38,b.38.2,b.38.2.1,74
d1zq1a1,SCOPe-ALL,family,b.38.3.1,b,b.38,b.38.3,b.38.3.1,74
d2qi2a1,SCOPe-ALL,family,b.38.4.1,b,b.38,b.38.4,b.38.4.1,126
d2vgna1,SCOPe-ALL,family,b.38.4.1,b,b.38,b.38.4,b.38.4.1,135
d2f5tx1,SCOPe-ALL,family,b.38.5.1,b,b.38,b.38.5,b.38.5.1,92
d1whia_,SCOPe-ALL,family,b.39.1.1,b,b.39,b.39.1,b.39.1.1,122
d1vq8k1,SCOPe-ALL,family,b.39.1.1,b,b.39,b.39.1,b.39.1.1,132
d4eqpa_,SCOPe-ALL,family,b.40.1.1,b,b.40,b.40.1,b.40.1.1,129
d5elba_,SCOPe-ALL,family,b.40.2.1,b,b.40,b.40.2,b.40.2.1,103
d1c48a_,SCOPe-ALL,family,b.40.2.1,b,b.40,b.40.2,b.40.2.1,69
d6ro0b2,SCOPe-ALL,family,b.40.2.1,b,b.40,b.40.2,b.40.2.1,110
d6ro0d_,SCOPe-ALL,family,b.40.2.1,b,b.40,b.40.2,b.40.2.1,110
d6ro0f_,SCOPe-ALL,family,b.40.2.1,b,b.40,b.40.2,b.40.2.1,98
d4fo2a_,SCOPe-ALL,family,b.40.2.1,b,b.40,b.40.2,b.40.2.1,98
d1esfa1,SCOPe-ALL,family,b.40.2.2,b,b.40,b.40.2,b.40.2.2,120
d3seba1,SCOPe-ALL,family,b.40.2.2,b,b.40,b.40.2,b.40.2.2,121
d1enfa1,SCOPe-ALL,family,b.40.2.2,b,b.40,b.40.2,b.40.2.2,100
d1ty0a1,SCOPe-ALL,family,b.40.2.2,b,b.40,b.40.2,b.40.2.2,96
d1eu3a1,SCOPe-ALL,family,b.40.2.2,b,b.40,b.40.2,b.40.2.2,97
d1an8a1,SCOPe-ALL,family,b.40.2.2,b,b.40,b.40.2,b.40.2.2,93
d1et9a1,SCOPe-ALL,family,b.40.2.2,b,b.40,b.40.2,b.40.2.2,95
d2z8la1,SCOPe-ALL,family,b.40.2.2,b,b.40,b.40.2,b.40.2.2,88
d4ohja1,SCOPe-ALL,family,b.40.2.2,b,b.40,b.40.2,b.40.2.2,92
d3ea6a1,SCOPe-ALL,family,b.40.2.0,b,b.40,b.40.2,b.40.2.0,84
d2rdha1,SCOPe-ALL,family,b.40.2.0,b,b.40,b.40.2,b.40.2.0,88
d5i4da1,SCOPe-ALL,family,b.40.2.0,b,b.40,b.40.2,b.40.2.0,91
d6lwta1,SCOPe-ALL,family,b.40.2.0,b,b.40,b.40.2,b.40.2.0,86
d3r2ta1,SCOPe-ALL,family,b.40.2.0,b,b.40,b.40.2,b.40.2.0,91
d3ma2b_,SCOPe-ALL,family,b.40.3.1,b,b.40,b.40.3,b.40.3.1,124
d2e2dc2,SCOPe-ALL,family,b.40.3.1,b,b.40,b.40.3,b.40.3.1,179
d1jb3a_,SCOPe-ALL,family,b.40.3.2,b,b.40,b.40.3,b.40.3.2,127
d2a73b8,SCOPe-ALL,family,b.40.3.3,b,b.40,b.40.3,b.40.3.3,146
d3cu7af,SCOPe-ALL,family,b.40.3.3,b,b.40,b.40.3,b.40.3.3,152
d1uapa1,SCOPe-ALL,family,b.40.3.3,b,b.40,b.40.3,b.40.3.3,130
d1eova1,SCOPe-ALL,family,b.40.4.1,b,b.40,b.40.4,b.40.4.1,134
d1l0wa1,SCOPe-ALL,family,b.40.4.1,b,b.40,b.40.4,b.40.4.1,104
d1n9wa1,SCOPe-ALL,family,b.40.4.1,b,b.40,b.40.4,b.40.4.1,93
d3a74a1,SCOPe-ALL,family,b.40.4.1,b,b.40,b.40.4,b.40.4.1,142
d1cuka3,SCOPe-ALL,family,b.40.4.2,b,b.40,b.40.4,b.40.4.2,64
d1bvsa3,SCOPe-ALL,family,b.40.4.2,b,b.40,b.40.4,b.40.4.2,63
d1ixra2,SCOPe-ALL,family,b.40.4.2,b,b.40,b.40.4,b.40.4.2,62
d1o7ia_,SCOPe-ALL,family,b.40.4.3,b,b.40,b.40.4,b.40.4.3,115
d1kxla_,SCOPe-ALL,family,b.40.4.3,b,b.40,b.40.4,b.40.4.3,187
d1jb7b_,SCOPe-ALL,family,b.40.4.3,b,b.40,b.40.4,b.40.4.3,216
d1wjja1,SCOPe-ALL,family,b.40.4.3,b,b.40,b.40.4,b.40.4.3,132
d1iyjb5,SCOPe-ALL,family,b.40.4.3,b,b.40,b.40.4,b.40.4.3,138
d1iyjb3,SCOPe-ALL,family,b.40.4.3,b,b.40,b.40.4,b.40.4.3,133
d1iyjb4,SCOPe-ALL,family,b.40.4.3,b,b.40,b.40.4,b.40.4.3,112
d1qzga_,SCOPe-ALL,family,b.40.4.3,b,b.40,b.40.4,b.40.4.3,170
d1xjva1,SCOPe-ALL,family,b.40.4.3,b,b.40,b.40.4,b.40.4.3,140
d1xjva2,SCOPe-ALL,family,b.40.4.3,b,b.40,b.40.4,b.40.4.3,151
d2pi2a_,SCOPe-ALL,family,b.40.4.3,b,b.40,b.40.4,b.40.4.3,136
d1jmca1,SCOPe-ALL,family,b.40.4.3,b,b.40,b.40.4,b.40.4.3,116
d1jmca2,SCOPe-ALL,family,b.40.4.3,b,b.40,b.40.4,b.40.4.3,122
d1l1oc_,SCOPe-ALL,family,b.40.4.3,b,b.40,b.40.4,b.40.4.3,178
d3ulla_,SCOPe-ALL,family,b.40.4.3,b,b.40,b.40.4,b.40.4.3,115
d1jb7a1,SCOPe-ALL,family,b.40.4.3,b,b.40,b.40.4,b.40.4.3,169
d1jb7a2,SCOPe-ALL,family,b.40.4.3,b,b.40,b.40.4,b.40.4.3,124
d1jb7a3,SCOPe-ALL,family,b.40.4.3,b,b.40,b.40.4,b.40.4.3,167
d1woca_,SCOPe-ALL,family,b.40.4.3,b,b.40,b.40.4,b.40.4.3,99
d4ipca1,SCOPe-ALL,family,b.40.4.3,b,b.40,b.40.4,b.40.4.3,120
d2pi2e_,SCOPe-ALL,family,b.40.4.3,b,b.40,b.40.4,b.40.4.3,117
d1x3ea_,SCOPe-ALL,family,b.40.4.3,b,b.40,b.40.4,b.40.4.3,118
d5yuoa_,SCOPe-ALL,family,b.40.4.3,b,b.40,b.40.4,b.40.4.3,112
d1jjcb3,SCOPe-ALL,family,b.40.4.4,b,b.40,b.40.4,b.40.4.4,113
d1fl0a1,SCOPe-ALL,family,b.40.4.4,b,b.40,b.40.4,b.40.4.4,163
d1pxfa1,SCOPe-ALL,family,b.40.4.4,b,b.40,b.40.4,b.40.4.4,110
d1jt8a_,SCOPe-ALL,family,b.40.4.5,b,b.40,b.40.4,b.40.4.5,102
d1khia2,SCOPe-ALL,family,b.40.4.5,b,b.40,b.40.4,b.40.4.5,71
d1x6oa2,SCOPe-ALL,family,b.40.4.5,b,b.40,b.40.4,b.40.4.5,79
d2eifa2,SCOPe-ALL,family,b.40.4.5,b,b.40,b.40.4,b.40.4.5,59
d1bkba2,SCOPe-ALL,family,b.40.4.5,b,b.40,b.40.4,b.40.4.5,65
d1y14b1,SCOPe-ALL,family,b.40.4.5,b,b.40,b.40.4,b.40.4.5,91
d1go3e1,SCOPe-ALL,family,b.40.4.5,b,b.40,b.40.4,b.40.4.5,106
d1wfqa1,SCOPe-ALL,family,b.40.4.5,b,b.40,b.40.4,b.40.4.5,76
d1ueba2,SCOPe-ALL,family,b.40.4.5,b,b.40,b.40.4,b.40.4.5,63
d1ueba3,SCOPe-ALL,family,b.40.4.5,b,b.40,b.40.4,b.40.4.5,58
d1kl9a2,SCOPe-ALL,family,b.40.4.5,b,b.40,b.40.4,b.40.4.5,86
d3cw2c1,SCOPe-ALL,family,b.40.4.5,b,b.40,b.40.4,b.40.4.5,84
d2id0a1,SCOPe-ALL,family,b.40.4.5,b,b.40,b.40.4,b.40.4.5,87
d2id0a2,SCOPe-ALL,family,b.40.4.5,b,b.40,b.40.4,b.40.4.5,90
d2id0a3,SCOPe-ALL,family,b.40.4.5,b,b.40,b.40.4,b.40.4.5,78
d2vnud2,SCOPe-ALL,family,b.40.4.5,b,b.40,b.40.4,b.40.4.5,88
d2vnud1,SCOPe-ALL,family,b.40.4.5,b,b.40,b.40.4,b.40.4.5,95
d2vnud3,SCOPe-ALL,family,b.40.4.5,b,b.40,b.40.4,b.40.4.5,148
d2nn6i1,SCOPe-ALL,family,b.40.4.5,b,b.40,b.40.4,b.40.4.5,125
d1rl2a2,SCOPe-ALL,family,b.40.4.5,b,b.40,b.40.4,b.40.4.5,66
d1vq8a2,SCOPe-ALL,family,b.40.4.5,b,b.40,b.40.4,b.40.4.5,90
d1t9ha1,SCOPe-ALL,family,b.40.4.5,b,b.40,b.40.4,b.40.4.5,67
d1u0la1,SCOPe-ALL,family,b.40.4.5,b,b.40,b.40.4,b.40.4.5,66
d1a62a2,SCOPe-ALL,family,b.40.4.5,b,b.40,b.40.4,b.40.4.5,78
d2r7da1,SCOPe-ALL,family,b.40.4.5,b,b.40,b.40.4,b.40.4.5,58
d1fjgl_,SCOPe-ALL,family,b.40.4.5,b,b.40,b.40.4,b.40.4.5,125
d1fjgq_,SCOPe-ALL,family,b.40.4.5,b,b.40,b.40.4,b.40.4.5,104
d1ne3a_,SCOPe-ALL,family,b.40.4.5,b,b.40,b.40.4,b.40.4.5,68
d4c3hg2,SCOPe-ALL,family,b.40.4.5,b,b.40,b.40.4,b.40.4.5,190
d2asba1,SCOPe-ALL,family,b.40.4.5,b,b.40,b.40.4,b.40.4.5,76
d1hh2p1,SCOPe-ALL,family,b.40.4.5,b,b.40,b.40.4,b.40.4.5,72
d1e3pa2,SCOPe-ALL,family,b.40.4.5,b,b.40,b.40.4,b.40.4.5,62
d2ba0a1,SCOPe-ALL,family,b.40.4.5,b,b.40,b.40.4,b.40.4.5,83
d2je6i1,SCOPe-ALL,family,b.40.4.5,b,b.40,b.40.4,b.40.4.5,87
d2ja9a1,SCOPe-ALL,family,b.40.4.5,b,b.40,b.40.4,b.40.4.5,90
d1smxa_,SCOPe-ALL,family,b.40.4.5,b,b.40,b.40.4,b.40.4.5,87
d2nn6h1,SCOPe-ALL,family,b.40.4.5,b,b.40,b.40.4,b.40.4.5,95
d1wi5a1,SCOPe-ALL,family,b.40.4.5,b,b.40,b.40.4,b.40.4.5,106
d3bzca4,SCOPe-ALL,family,b.40.4.5,b,b.40,b.40.4,b.40.4.5,94
d1d7qa_,SCOPe-ALL,family,b.40.4.5,b,b.40,b.40.4,b.40.4.5,143
d1jjga_,SCOPe-ALL,family,b.40.4.5,b,b.40,b.40.4,b.40.4.5,102
d1luza_,SCOPe-ALL,family,b.40.4.5,b,b.40,b.40.4,b.40.4.5,85
d3i4oa_,SCOPe-ALL,family,b.40.4.5,b,b.40,b.40.4,b.40.4.5,68
d3i2za1,SCOPe-ALL,family,b.40.4.5,b,b.40,b.40.4,b.40.4.5,69
d1a0ia1,SCOPe-ALL,family,b.40.4.6,b,b.40,b.40.4,b.40.4.6,109
d1fvia1,SCOPe-ALL,family,b.40.4.6,b,b.40,b.40.4,b.40.4.6,104
d1x9na2,SCOPe-ALL,family,b.40.4.6,b,b.40,b.40.4,b.40.4.6,148
d1p16a1,SCOPe-ALL,family,b.40.4.6,b,b.40,b.40.4,b.40.4.6,145
d1dgsa2,SCOPe-ALL,family,b.40.4.6,b,b.40,b.40.4,b.40.4.6,86
d1ckma1,SCOPe-ALL,family,b.40.4.6,b,b.40,b.40.4,b.40.4.6,89
d1gvpa_,SCOPe-ALL,family,b.40.4.7,b,b.40,b.40.4,b.40.4.7,87
d1pfsa_,SCOPe-ALL,family,b.40.4.7,b,b.40,b.40.4,b.40.4.7,78
d1je5a_,SCOPe-ALL,family,b.40.4.7,b,b.40,b.40.4,b.40.4.7,197
d2a1ka_,SCOPe-ALL,family,b.40.4.7,b,b.40,b.40.4,b.40.4.7,215
d1twfh_,SCOPe-ALL,family,b.40.4.8,b,b.40,b.40.4,b.40.4.8,145
d1gm5a2,SCOPe-ALL,family,b.40.4.9,b,b.40,b.40.4,b.40.4.9,180
d1k3ra1,SCOPe-ALL,family,b.40.4.10,b,b.40,b.40.4,b.40.4.10,71
d1ltla_,SCOPe-ALL,family,b.40.4.11,b,b.40,b.40.4,b.40.4.11,239
d3ja821,SCOPe-ALL,family,b.40.4.11,b,b.40,b.40.4,b.40.4.11,260
d3ja831,SCOPe-ALL,family,b.40.4.11,b,b.40,b.40.4,b.40.4.11,321
d3ja841,SCOPe-ALL,family,b.40.4.11,b,b.40,b.40.4,b.40.4.11,296
d3ja851,SCOPe-ALL,family,b.40.4.11,b,b.40,b.40.4,b.40.4.11,341
d3ja861,SCOPe-ALL,family,b.40.4.11,b,b.40,b.40.4,b.40.4.11,361
d3ja871,SCOPe-ALL,family,b.40.4.11,b,b.40,b.40.4,b.40.4.11,387
d1yeza1,SCOPe-ALL,family,b.40.4.12,b,b.40,b.40.4,b.40.4.12,68
d1uwva1,SCOPe-ALL,family,b.40.4.12,b,b.40,b.40.4,b.40.4.12,60
d1u5ka1,SCOPe-ALL,family,b.40.4.13,b,b.40,b.40.4,b.40.4.13,79
d2cqaa1,SCOPe-ALL,family,b.40.4.14,b,b.40,b.40.4,b.40.4.14,82
d2gnra_,SCOPe-ALL,family,b.40.4.15,b,b.40,b.40.4,b.40.4.15,137
d2id0a4,SCOPe-ALL,family,b.40.4.16,b,b.40,b.40.4,b.40.4.16,385
d2vnud4,SCOPe-ALL,family,b.40.4.16,b,b.40,b.40.4,b.40.4.16,416
d2r7da2,SCOPe-ALL,family,b.40.4.16,b,b.40,b.40.4,b.40.4.16,401
d2q2ia_,SCOPe-ALL,family,b.40.4.0,b,b.40,b.40.4,b.40.4.0,112
d2xaua5,SCOPe-ALL,family,b.40.4.0,b,b.40,b.40.4,b.40.4.0,115
d6nrza1,SCOPe-ALL,family,b.40.4.0,b,b.40,b.40.4,b.40.4.0,160
d6hcwa1,SCOPe-ALL,family,b.40.4.0,b,b.40,b.40.4,b.40.4.0,148
d3a5zb2,SCOPe-ALL,family,b.40.4.0,b,b.40,b.40.4,b.40.4.0,71
d2khja1,SCOPe-ALL,family,b.40.4.0,b,b.40,b.40.4,b.40.4.0,88
d2vw9a_,SCOPe-ALL,family,b.40.4.0,b,b.40,b.40.4,b.40.4.0,109
d6ildb1,SCOPe-ALL,family,b.40.4.0,b,b.40,b.40.4,b.40.4.0,145
d5ie8a_,SCOPe-ALL,family,b.40.4.0,b,b.40,b.40.4,b.40.4.0,89
d5gqoa_,SCOPe-ALL,family,b.40.4.0,b,b.40,b.40.4,b.40.4.0,117
d6aqga1,SCOPe-ALL,family,b.40.4.0,b,b.40,b.40.4,b.40.4.0,145
d4pofa1,SCOPe-ALL,family,b.40.4.0,b,b.40,b.40.4,b.40.4.0,253
d1x54a1,SCOPe-ALL,family,b.40.4.0,b,b.40,b.40.4,b.40.4.0,104
d2cwpa_,SCOPe-ALL,family,b.40.4.0,b,b.40,b.40.4,b.40.4.0,109
d6wnza_,SCOPe-ALL,family,b.40.4.0,b,b.40,b.40.4,b.40.4.0,258
d6zhla1,SCOPe-ALL,family,b.40.4.0,b,b.40,b.40.4,b.40.4.0,56
d5xgta_,SCOPe-ALL,family,b.40.4.0,b,b.40,b.40.4,b.40.4.0,104
d6rjia2,SCOPe-ALL,family,b.40.4.0,b,b.40,b.40.4,b.40.4.0,64
d4dama1,SCOPe-ALL,family,b.40.4.0,b,b.40,b.40.4,b.40.4.0,112
d7b7uh_,SCOPe-ALL,family,b.40.4.0,b,b.40,b.40.4,b.40.4.0,148
d3hksa2,SCOPe-ALL,family,b.40.4.0,b,b.40,b.40.4,b.40.4.0,75
d3nema1,SCOPe-ALL,family,b.40.4.0,b,b.40,b.40.4,b.40.4.0,102
d1z9fa1,SCOPe-ALL,family,b.40.4.0,b,b.40,b.40.4,b.40.4.0,108
d2fxqa_,SCOPe-ALL,family,b.40.4.0,b,b.40,b.40.4,b.40.4.0,227
d3ulja_,SCOPe-ALL,family,b.40.4.0,b,b.40,b.40.4,b.40.4.0,87
d1e9ga_,SCOPe-ALL,family,b.40.5.1,b,b.40,b.40.5,b.40.5.1,284
d2au7a_,SCOPe-ALL,family,b.40.5.1,b,b.40,b.40.5,b.40.5.1,175
d5teaa_,SCOPe-ALL,family,b.40.5.1,b,b.40,b.40.5,b.40.5.1,173
d6mt1a_,SCOPe-ALL,family,b.40.5.1,b,b.40,b.40.5,b.40.5.1,180
d3q46a_,SCOPe-ALL,family,b.40.5.1,b,b.40,b.40.5,b.40.5.1,178
d1guta_,SCOPe-ALL,family,b.40.6.1,b,b.40,b.40.6,b.40.6.1,67
d1fr3a_,SCOPe-ALL,family,b.40.6.1,b,b.40,b.40.6,b.40.6.1,67
d1h9ra1,SCOPe-ALL,family,b.40.6.2,b,b.40,b.40.6,b.40.6.2,77
d1h9ra2,SCOPe-ALL,family,b.40.6.2,b,b.40,b.40.6,b.40.6.2,62
d1oxxk1,SCOPe-ALL,family,b.40.6.3,b,b.40,b.40.6,b.40.6.3,110
d1v43a1,SCOPe-ALL,family,b.40.6.3,b,b.40,b.40.6,b.40.6.3,54
d1v43a2,SCOPe-ALL,family,b.40.6.3,b,b.40,b.40.6,b.40.6.3,70
d3rlfa2,SCOPe-ALL,family,b.40.6.3,b,b.40,b.40.6,b.40.6.3,136
d3d31a1,SCOPe-ALL,family,b.40.6.3,b,b.40,b.40.6,b.40.6.3,119
d6yira2,SCOPe-ALL,family,b.40.6.0,b,b.40,b.40.6,b.40.6.0,60
d6yira3,SCOPe-ALL,family,b.40.6.0,b,b.40,b.40.6,b.40.6.0,70
d2d62a3,SCOPe-ALL,family,b.40.6.0,b,b.40,b.40.6,b.40.6.0,71
d1b3qa2,SCOPe-ALL,family,b.40.7.1,b,b.40,b.40.7,b.40.7.1,132
d4jpbw_,SCOPe-ALL,family,b.40.7.1,b,b.40,b.40.7,b.40.7.1,140
d2ho9a_,SCOPe-ALL,family,b.40.7.0,b,b.40,b.40.7,b.40.7.0,167
d2qdla1,SCOPe-ALL,family,b.40.7.0,b,b.40,b.40.7,b.40.7.0,146
d2p5zx1,SCOPe-ALL,family,b.40.8.1,b,b.40,b.40.8,b.40.8.1,91
d1k28a1,SCOPe-ALL,family,b.40.8.1,b,b.40,b.40.8,b.40.8.1,124
d1j6qa_,SCOPe-ALL,family,b.40.9.1,b,b.40,b.40.9,b.40.9.1,100
d1nnxa_,SCOPe-ALL,family,b.40.10.1,b,b.40,b.40.10,b.40.10.1,106
d2f4ia1,SCOPe-ALL,family,b.40.11.1,b,b.40,b.40.11,b.40.11.1,176
d2exda1,SCOPe-ALL,family,b.40.12.1,b,b.40,b.40.12,b.40.12.1,72
d2k5wa1,SCOPe-ALL,family,b.40.13.1,b,b.40,b.40.13,b.40.13.1,108
d2ot2a1,SCOPe-ALL,family,b.40.14.1,b,b.40,b.40.14,b.40.14.1,90
d3d3ra1,SCOPe-ALL,family,b.40.14.1,b,b.40,b.40.14,b.40.14.1,76
d2z1ca1,SCOPe-ALL,family,b.40.14.1,b,b.40,b.40.14,b.40.14.1,71
d2rcfa1,SCOPe-ALL,family,b.40.15.1,b,b.40,b.40.15,b.40.15.1,82
d4jw0a_,SCOPe-ALL,family,b.40.15.1,b,b.40,b.40.15,b.40.15.1,95
d6jy5a_,SCOPe-ALL,family,b.40.15.0,b,b.40,b.40.15,b.40.15.0,77
d5l37a_,SCOPe-ALL,family,b.40.15.0,b,b.40,b.40.15,b.40.15.0,78
d3rloa2,SCOPe-ALL,family,b.40.16.1,b,b.40,b.40.16,b.40.16.1,94
d4jbma1,SCOPe-ALL,family,b.40.16.0,b,b.40,b.40.16,b.40.16.0,96
d5yzpa1,SCOPe-ALL,family,b.40.16.0,b,b.40,b.40.16,b.40.16.0,105
d5yzpa2,SCOPe-ALL,family,b.40.16.0,b,b.40,b.40.16,b.40.16.0,90
d3h43a2,SCOPe-ALL,family,b.40.17.1,b,b.40,b.40.17,b.40.17.1,59
d3t6eh2,SCOPe-ALL,family,b.41.1.1,b,b.41,b.41.1,b.41.1.1,222
d1pm3a1,SCOPe-ALL,family,b.41.1.2,b,b.41,b.41.1,b.41.1.2,77
d1ugja1,SCOPe-ALL,family,b.41.1.3,b,b.41,b.41.1,b.41.1.3,128
d2f1la1,SCOPe-ALL,family,b.41.1.4,b,b.41,b.41.1,b.41.1.4,75
d1rg8a1,SCOPe-ALL,family,b.42.1.1,b,b.42,b.42.1,b.42.1.1,137
d1q1ua_,SCOPe-ALL,family,b.42.1.1,b,b.42,b.42.1,b.42.1.1,138
d1ijta_,SCOPe-ALL,family,b.42.1.1,b,b.42,b.42.1,b.42.1.1,128
d2fdbm1,SCOPe-ALL,family,b.42.1.1,b,b.42,b.42.1,b.42.1.1,147
d1nuna_,SCOPe-ALL,family,b.42.1.1,b,b.42,b.42.1,b.42.1.1,139
d1pwaa_,SCOPe-ALL,family,b.42.1.1,b,b.42,b.42.1,b.42.1.1,136
d1ilr1_,SCOPe-ALL,family,b.42.1.2,b,b.42,b.42.1,b.42.1.2,145
d2ilaa_,SCOPe-ALL,family,b.42.1.2,b,b.42,b.42.1,b.42.1.2,148
d5r8qa_,SCOPe-ALL,family,b.42.1.2,b,b.42,b.42.1,b.42.1.2,152
d2vxti_,SCOPe-ALL,family,b.42.1.2,b,b.42,b.42.1,b.42.1.2,156
d2wrya_,SCOPe-ALL,family,b.42.1.0,b,b.42,b.42.1,b.42.1.0,160
d5bowa1,SCOPe-ALL,family,b.42.1.0,b,b.42,b.42.1,b.42.1.0,150
d2p39a_,SCOPe-ALL,family,b.42.1.0,b,b.42,b.42.1,b.42.1.0,142
d4izea_,SCOPe-ALL,family,b.42.1.0,b,b.42,b.42.1,b.42.1.0,152
d5hn1a_,SCOPe-ALL,family,b.42.1.0,b,b.42,b.42.1,b.42.1.0,158
d6m6ea_,SCOPe-ALL,family,b.42.1.0,b,b.42,b.42.1,b.42.1.0,128
d2ao3a_,SCOPe-ALL,family,b.42.2.1,b,b.42,b.42.2,b.42.2.1,130
d2zr1b2,SCOPe-ALL,family,b.42.2.1,b,b.42,b.42.2,b.42.2.1,127
d1sr4a_,SCOPe-ALL,family,b.42.2.1,b,b.42,b.42.2,b.42.2.1,167
d1sr4c_,SCOPe-ALL,family,b.42.2.1,b,b.42,b.42.2,b.42.2.1,154
d2z48a1,SCOPe-ALL,family,b.42.2.1,b,b.42,b.42.2,b.42.2.1,149
d2z48a2,SCOPe-ALL,family,b.42.2.1,b,b.42,b.42.2,b.42.2.1,133
d1m2tb1,SCOPe-ALL,family,b.42.2.1,b,b.42,b.42.2,b.42.2.1,136
d1xhba1,SCOPe-ALL,family,b.42.2.1,b,b.42,b.42.2,b.42.2.1,131
d1knla_,SCOPe-ALL,family,b.42.2.1,b,b.42,b.42.2,b.42.2.1,126
d3aj6a1,SCOPe-ALL,family,b.42.2.1,b,b.42,b.42.2,b.42.2.1,145
d3aj6a2,SCOPe-ALL,family,b.42.2.1,b,b.42,b.42.2,b.42.2.1,138
d5mu9a1,SCOPe-ALL,family,b.42.2.1,b,b.42,b.42.2,b.42.2.1,154
d1dqga_,SCOPe-ALL,family,b.42.2.2,b,b.42,b.42.2,b.42.2.2,134
d1upsa2,SCOPe-ALL,family,b.42.2.3,b,b.42,b.42.2,b.42.2.3,131
d1ybia1,SCOPe-ALL,family,b.42.2.0,b,b.42,b.42.2,b.42.2.0,142
d1ybia2,SCOPe-ALL,family,b.42.2.0,b,b.42,b.42.2,b.42.2.0,142
d5muaa1,SCOPe-ALL,family,b.42.2.0,b,b.42,b.42.2,b.42.2.0,147
d3c9za1,SCOPe-ALL,family,b.42.2.0,b,b.42,b.42.2,b.42.2.0,128
d3c9za2,SCOPe-ALL,family,b.42.2.0,b,b.42,b.42.2,b.42.2.0,129
d1jlya1,SCOPe-ALL,family,b.42.3.1,b,b.42,b.42.3,b.42.3.1,153
d1jlya2,SCOPe-ALL,family,b.42.3.1,b,b.42,b.42.3,b.42.3.1,146
d3bx1c_,SCOPe-ALL,family,b.42.4.1,b,b.42,b.42.4,b.42.4.1,181
d1r8na_,SCOPe-ALL,family,b.42.4.1,b,b.42,b.42.4,b.42.4.1,185
d1avwb_,SCOPe-ALL,family,b.42.4.1,b,b.42,b.42.4,b.42.4.1,177
d1wbaa_,SCOPe-ALL,family,b.42.4.1,b,b.42,b.42.4,b.42.4.1,171
d1a8da2,SCOPe-ALL,family,b.42.4.2,b,b.42,b.42.4,b.42.4.2,205
d2vuaa2,SCOPe-ALL,family,b.42.4.2,b,b.42,b.42.4,b.42.4.2,218
d5ycza_,SCOPe-ALL,family,b.42.4.0,b,b.42,b.42.4,b.42.4.0,181
d4zota1,SCOPe-ALL,family,b.42.4.0,b,b.42,b.42.4,b.42.4.0,162
d3pmea2,SCOPe-ALL,family,b.42.4.0,b,b.42,b.42.4,b.42.4.0,195
d2vxra2,SCOPe-ALL,family,b.42.4.0,b,b.42,b.42.4,b.42.4.0,210
d3r4sa2,SCOPe-ALL,family,b.42.4.0,b,b.42,b.42.4,b.42.4.0,198
d5yh4a_,SCOPe-ALL,family,b.42.4.0,b,b.42,b.42.4,b.42.4.0,179
d2drea_,SCOPe-ALL,family,b.42.4.0,b,b.42,b.42.4,b.42.4.0,178
d3tc2a_,SCOPe-ALL,family,b.42.4.0,b,b.42,b.42.4,b.42.4.0,186
d5dvha_,SCOPe-ALL,family,b.42.4.0,b,b.42,b.42.4,b.42.4.0,193
d3e8lc_,SCOPe-ALL,family,b.42.4.0,b,b.42,b.42.4,b.42.4.0,176
d6kv2a1,SCOPe-ALL,family,b.42.4.0,b,b.42,b.42.4,b.42.4.0,186
d3llpa1,SCOPe-ALL,family,b.42.5.1,b,b.42,b.42.5,b.42.5.1,134
d3llpa2,SCOPe-ALL,family,b.42.5.1,b,b.42,b.42.5,b.42.5.1,119
d3llpa3,SCOPe-ALL,family,b.42.5.1,b,b.42,b.42.5,b.42.5.1,123
d3llpa4,SCOPe-ALL,family,b.42.5.1,b,b.42,b.42.5,b.42.5.1,111
d1hcda_,SCOPe-ALL,family,b.42.5.2,b,b.42,b.42.5,b.42.5.2,118
d1t9fa1,SCOPe-ALL,family,b.42.6.1,b,b.42,b.42.6,b.42.6.1,176
d1n4ka2,SCOPe-ALL,family,b.42.6.1,b,b.42,b.42.6,b.42.6.1,200
d1xzza1,SCOPe-ALL,family,b.42.6.2,b,b.42,b.42.6,b.42.6.2,217
d3im6a_,SCOPe-ALL,family,b.42.6.2,b,b.42,b.42.6,b.42.6.2,206
d3mala_,SCOPe-ALL,family,b.42.6.0,b,b.42,b.42.6,b.42.6.0,181
d3brfa3,SCOPe-ALL,family,b.42.7.1,b,b.42,b.42.7,b.42.7.1,161
d6sxta2,SCOPe-ALL,family,b.42.8.0,b,b.42,b.42.8,b.42.8.0,161
d4f2da2,SCOPe-ALL,family,b.43.2.0,b,b.43,b.43.2,b.43.2.0,170
d3a9sa2,SCOPe-ALL,family,b.43.2.0,b,b.43,b.43.2,b.43.2.0,230
d3b82a2,SCOPe-ALL,family,b.43.3.1,b,b.43,b.43.3,b.43.3.1,138
d1jnya1,SCOPe-ALL,family,b.43.3.1,b,b.43,b.43.3,b.43.3.1,95
d2dy1a1,SCOPe-ALL,family,b.43.3.1,b,b.43,b.43.3,b.43.3.1,103
d4ac9a1,SCOPe-ALL,family,b.43.3.1,b,b.43,b.43.3,b.43.3.1,92
d4ac9a2,SCOPe-ALL,family,b.43.3.1,b,b.43,b.43.3,b.43.3.1,79
d1r5ba1,SCOPe-ALL,family,b.43.3.1,b,b.43,b.43.3,b.43.3.1,95
d1xe1a_,SCOPe-ALL,family,b.43.3.1,b,b.43,b.43.3,b.43.3.1,91
d1d1na_,SCOPe-ALL,family,b.43.3.1,b,b.43,b.43.3,b.43.3.1,99
d1g7sa1,SCOPe-ALL,family,b.43.3.1,b,b.43,b.43.3,b.43.3.1,101
d1g7sa2,SCOPe-ALL,family,b.43.3.1,b,b.43,b.43.3,b.43.3.1,128
d1zunb1,SCOPe-ALL,family,b.43.3.1,b,b.43,b.43.3,b.43.3.1,92
d1vq8b1,SCOPe-ALL,family,b.43.3.2,b,b.43,b.43.3,b.43.3.2,337
d2j01e1,SCOPe-ALL,family,b.43.3.2,b,b.43,b.43.3,b.43.3.2,205
d1sqra_,SCOPe-ALL,family,b.43.3.3,b,b.43,b.43.3,b.43.3.3,87
d2f1la2,SCOPe-ALL,family,b.43.3.4,b,b.43,b.43.3,b.43.3.4,89
d2hvyb1,SCOPe-ALL,family,b.43.3.5,b,b.43,b.43.3,b.43.3.5,74
d2e1ba1,SCOPe-ALL,family,b.43.3.6,b,b.43,b.43.3,b.43.3.6,87
d2qgga1,SCOPe-ALL,family,b.43.3.0,b,b.43,b.43.3,b.43.3.0,98
d3h9na1,SCOPe-ALL,family,b.43.3.0,b,b.43,b.43.3,b.43.3.0,94
d6id0c2,SCOPe-ALL,family,b.43.3.0,b,b.43,b.43.3,b.43.3.0,142
d2crva1,SCOPe-ALL,family,b.43.3.0,b,b.43,b.43.3,b.43.3.0,107
d4rd4a2,SCOPe-ALL,family,b.43.3.0,b,b.43,b.43.3,b.43.3.0,114
d2c78a1,SCOPe-ALL,family,b.43.3.0,b,b.43,b.43.3,b.43.3.0,100
d5tv2a2,SCOPe-ALL,family,b.43.3.0,b,b.43,b.43.3,b.43.3.0,117
d1f20a1,SCOPe-ALL,family,b.43.4.1,b,b.43,b.43.4,b.43.4.1,270
d1ddga1,SCOPe-ALL,family,b.43.4.1,b,b.43,b.43.4,b.43.4.1,221
d3qfta1,SCOPe-ALL,family,b.43.4.1,b,b.43,b.43.4,b.43.4.1,276
d1krha1,SCOPe-ALL,family,b.43.4.2,b,b.43,b.43.4,b.43.4.2,100
d3w5ha1,SCOPe-ALL,family,b.43.4.2,b,b.43,b.43.4,b.43.4.2,125
d1ep3b1,SCOPe-ALL,family,b.43.4.2,b,b.43,b.43.4,b.43.4.2,101
d2qdxa1,SCOPe-ALL,family,b.43.4.2,b,b.43,b.43.4,b.43.4.2,99
d1tvca1,SCOPe-ALL,family,b.43.4.2,b,b.43,b.43.4,b.43.4.2,109
d1qfja1,SCOPe-ALL,family,b.43.4.2,b,b.43,b.43.4,b.43.4.2,97
d2piaa1,SCOPe-ALL,family,b.43.4.2,b,b.43,b.43.4,b.43.4.2,103
d1i8da2,SCOPe-ALL,family,b.43.4.3,b,b.43,b.43.4,b.43.4.3,113
d1kzla1,SCOPe-ALL,family,b.43.4.3,b,b.43,b.43.4,b.43.4.3,92
d1kzla2,SCOPe-ALL,family,b.43.4.3,b,b.43,b.43.4,b.43.4.3,110
d4dqla1,SCOPe-ALL,family,b.43.4.0,b,b.43,b.43.4,b.43.4.0,227
d4gqna1,SCOPe-ALL,family,b.43.4.0,b,b.43,b.43.4,b.43.4.0,96
d4gqnb2,SCOPe-ALL,family,b.43.4.0,b,b.43,b.43.4,b.43.4.0,106
d2xnja1,SCOPe-ALL,family,b.43.4.0,b,b.43,b.43.4,b.43.4.0,108
d2rc5a1,SCOPe-ALL,family,b.43.4.0,b,b.43,b.43.4,b.43.4.0,152
d3lo8a1,SCOPe-ALL,family,b.43.4.0,b,b.43,b.43.4,b.43.4.0,149
d5tr9a1,SCOPe-ALL,family,b.43.4.0,b,b.43,b.43.4,b.43.4.0,101
d3ozua2,SCOPe-ALL,family,b.43.4.0,b,b.43,b.43.4,b.43.4.0,111
d5gxub1,SCOPe-ALL,family,b.43.4.0,b,b.43,b.43.4,b.43.4.0,250
d5ylya1,SCOPe-ALL,family,b.43.4.0,b,b.43,b.43.4,b.43.4.0,125
d1n08a_,SCOPe-ALL,family,b.43.5.1,b,b.43,b.43.5,b.43.5.1,154
d1mrza1,SCOPe-ALL,family,b.43.5.1,b,b.43,b.43.5,b.43.5.1,130
d2vbua_,SCOPe-ALL,family,b.43.5.2,b,b.43,b.43.5,b.43.5.2,131
d3ctaa2,SCOPe-ALL,family,b.43.5.2,b,b.43,b.43.5,b.43.5.2,131
d3op1a2,SCOPe-ALL,family,b.43.5.0,b,b.43,b.43.5,b.43.5.0,120
d3bnwa1,SCOPe-ALL,family,b.43.5.0,b,b.43,b.43.5,b.43.5.0,171
d2b7ca2,SCOPe-ALL,family,b.44.1.1,b,b.44,b.44.1,b.44.1.1,107
d4ac9a3,SCOPe-ALL,family,b.44.1.1,b,b.44,b.44.1,b.44.1.1,116
d1r5ba2,SCOPe-ALL,family,b.44.1.1,b,b.44,b.44.1,b.44.1.1,68
d1zunb2,SCOPe-ALL,family,b.44.1.1,b,b.44,b.44.1,b.44.1.1,105
d4rd4a3,SCOPe-ALL,family,b.44.1.0,b,b.44,b.44.1,b.44.1.0,95
d2c78a2,SCOPe-ALL,family,b.44.1.0,b,b.44,b.44.1,b.44.1.0,93
d1vloa1,SCOPe-ALL,family,b.44.2.1,b,b.44,b.44.2,b.44.2.1,87
d1v5va1,SCOPe-ALL,family,b.44.2.1,b,b.44,b.44.2,b.44.2.1,89
d1wosa1,SCOPe-ALL,family,b.44.2.1,b,b.44,b.44.2,b.44.2.1,83
d1vlya1,SCOPe-ALL,family,b.44.2.1,b,b.44,b.44.2,b.44.2.1,82
d1pj5a1,SCOPe-ALL,family,b.44.2.1,b,b.44,b.44.2,b.44.2.1,88
d2fg9a1,SCOPe-ALL,family,b.45.1.1,b,b.45,b.45.1,b.45.1.1,157
d1xhna1,SCOPe-ALL,family,b.45.1.1,b,b.45,b.45.1,b.45.1.1,170
d3a6ra_,SCOPe-ALL,family,b.45.1.1,b,b.45,b.45.1,b.45.1.1,122
d2i02a1,SCOPe-ALL,family,b.45.1.1,b,b.45,b.45.1,b.45.1.1,143
d2hq7a1,SCOPe-ALL,family,b.45.1.1,b,b.45,b.45.1,b.45.1.1,141
d1vl7a_,SCOPe-ALL,family,b.45.1.1,b,b.45,b.45.1,b.45.1.1,135
d2htia1,SCOPe-ALL,family,b.45.1.1,b,b.45,b.45.1,b.45.1.1,156
d2hq9a1,SCOPe-ALL,family,b.45.1.1,b,b.45,b.45.1,b.45.1.1,148
d2arza1,SCOPe-ALL,family,b.45.1.1,b,b.45,b.45.1,b.45.1.1,238
d1w9aa_,SCOPe-ALL,family,b.45.1.1,b,b.45,b.45.1,b.45.1.1,142
d2asfa1,SCOPe-ALL,family,b.45.1.1,b,b.45,b.45.1,b.45.1.1,125
d1rfea_,SCOPe-ALL,family,b.45.1.1,b,b.45,b.45.1,b.45.1.1,160
d2fura1,SCOPe-ALL,family,b.45.1.1,b,b.45,b.45.1,b.45.1.1,193
d2fhqa1,SCOPe-ALL,family,b.45.1.1,b,b.45,b.45.1,b.45.1.1,135
d1dnla_,SCOPe-ALL,family,b.45.1.1,b,b.45,b.45.1,b.45.1.1,199
d2a2ja1,SCOPe-ALL,family,b.45.1.1,b,b.45,b.45.1,b.45.1.1,201
d4hmsa_,SCOPe-ALL,family,b.45.1.1,b,b.45,b.45.1,b.45.1.1,202
d2vpaa_,SCOPe-ALL,family,b.45.1.1,b,b.45,b.45.1,b.45.1.1,215
d6h00a_,SCOPe-ALL,family,b.45.1.1,b,b.45,b.45.1,b.45.1.1,211
d1i0ra_,SCOPe-ALL,family,b.45.1.2,b,b.45,b.45.1,b.45.1.2,161
d1ejea_,SCOPe-ALL,family,b.45.1.2,b,b.45,b.45.1,b.45.1.2,192
d1rz1a_,SCOPe-ALL,family,b.45.1.2,b,b.45,b.45.1,b.45.1.2,153
d1yoaa1,SCOPe-ALL,family,b.45.1.2,b,b.45,b.45.1,b.45.1.2,159
d1usca_,SCOPe-ALL,family,b.45.1.2,b,b.45,b.45.1,b.45.1.2,178
d5m1ea1,SCOPe-ALL,family,b.45.1.3,b,b.45,b.45.1,b.45.1.3,320
d2imla1,SCOPe-ALL,family,b.45.1.4,b,b.45,b.45.1,b.45.1.4,188
d2nr4a1,SCOPe-ALL,family,b.45.1.4,b,b.45,b.45.1,b.45.1.4,192
d2ptfa1,SCOPe-ALL,family,b.45.1.4,b,b.45,b.45.1,b.45.1.4,206
d3ec6a_,SCOPe-ALL,family,b.45.1.0,b,b.45,b.45.1,b.45.1.0,138
d2qcka_,SCOPe-ALL,family,b.45.1.0,b,b.45,b.45.1,b.45.1.0,159
d6rk0a_,SCOPe-ALL,family,b.45.1.0,b,b.45,b.45.1,b.45.1.0,214
d3bpka1,SCOPe-ALL,family,b.45.1.0,b,b.45,b.45.1,b.45.1.0,199
d3cb0a_,SCOPe-ALL,family,b.45.1.0,b,b.45,b.45.1,b.45.1.0,166
d3u5wa_,SCOPe-ALL,family,b.45.1.0,b,b.45,b.45.1,b.45.1.0,143
d3k86a_,SCOPe-ALL,family,b.45.1.0,b,b.45,b.45.1,b.45.1.0,164
d2r0xa1,SCOPe-ALL,family,b.45.1.0,b,b.45,b.45.1,b.45.1.0,147
d3pfta_,SCOPe-ALL,family,b.45.1.0,b,b.45,b.45.1,b.45.1.0,156
d4ybna_,SCOPe-ALL,family,b.45.1.0,b,b.45,b.45.1,b.45.1.0,214
d5bnca_,SCOPe-ALL,family,b.45.1.0,b,b.45,b.45.1,b.45.1.0,252
d3nfwa_,SCOPe-ALL,family,b.45.1.0,b,b.45,b.45.1,b.45.1.0,179
d4l82a_,SCOPe-ALL,family,b.45.1.0,b,b.45,b.45.1,b.45.1.0,156
d4r82a_,SCOPe-ALL,family,b.45.1.0,b,b.45,b.45.1,b.45.1.0,170
d2d37a1,SCOPe-ALL,family,b.45.1.0,b,b.45,b.45.1,b.45.1.0,154
d6m09a_,SCOPe-ALL,family,b.45.1.0,b,b.45,b.45.1,b.45.1.0,248
d2ecua_,SCOPe-ALL,family,b.45.1.0,b,b.45,b.45.1,b.45.1.0,149
d3dmba1,SCOPe-ALL,family,b.45.1.0,b,b.45,b.45.1,b.45.1.0,145
d5xlyb_,SCOPe-ALL,family,b.45.2.1,b,b.45,b.45.2,b.45.2.1,121
d3kyga2,SCOPe-ALL,family,b.45.2.1,b,b.45,b.45.2,b.45.2.1,110
d3kyga1,SCOPe-ALL,family,b.45.2.2,b,b.45,b.45.2,b.45.2.2,117
d2jn9a1,SCOPe-ALL,family,b.45.3.1,b,b.45,b.45.3,b.45.3.1,95
d2bw0a1,SCOPe-ALL,family,b.46.1.1,b,b.46,b.46.1,b.46.1.1,104
d1xg9a4,SCOPe-ALL,family,b.46.1.1,b,b.46,b.46.1,b.46.1.1,62
d1fmta1,SCOPe-ALL,family,b.46.1.1,b,b.46,b.46.1,b.46.1.1,108
d2blna1,SCOPe-ALL,family,b.46.1.1,b,b.46,b.46.1,b.46.1.1,101
d3ubya1,SCOPe-ALL,family,b.46.1.2,b,b.46,b.46.1,b.46.1.2,210
d3rfoa2,SCOPe-ALL,family,b.46.1.0,b,b.46,b.46.1,b.46.1.0,107
d1ssxa_,SCOPe-ALL,family,b.47.1.1,b,b.47,b.47.1,b.47.1.1,198
d1agja_,SCOPe-ALL,family,b.47.1.1,b,b.47,b.47.1,b.47.1.1,242
d1p3ca_,SCOPe-ALL,family,b.47.1.1,b,b.47,b.47.1,b.47.1.1,215
d1ky9a2,SCOPe-ALL,family,b.47.1.1,b,b.47,b.47.1,b.47.1.1,249
d1l1ja_,SCOPe-ALL,family,b.47.1.1,b,b.47,b.47.1,b.47.1.1,228
d2z9ia2,SCOPe-ALL,family,b.47.1.1,b,b.47,b.47.1,b.47.1.1,221
d3beua_,SCOPe-ALL,family,b.47.1.1,b,b.47,b.47.1,b.47.1.1,224
d3lgia_,SCOPe-ALL,family,b.47.1.1,b,b.47,b.47.1,b.47.1.1,220
d5m3na1,SCOPe-ALL,family,b.47.1.1,b,b.47,b.47.1,b.47.1.1,202
d4nsva_,SCOPe-ALL,family,b.47.1.1,b,b.47,b.47.1,b.47.1.1,264
d5c2za1,SCOPe-ALL,family,b.47.1.1,b,b.47,b.47.1,b.47.1.1,247
d6pyma_,SCOPe-ALL,family,b.47.1.1,b,b.47,b.47.1,b.47.1.1,216
d2qa9e_,SCOPe-ALL,family,b.47.1.1,b,b.47,b.47.1,b.47.1.1,185
d1eq9a_,SCOPe-ALL,family,b.47.1.2,b,b.47,b.47.1,b.47.1.2,222
d6m3ba_,SCOPe-ALL,family,b.47.1.2,b,b.47,b.47.1,b.47.1.2,239
d4k60a_,SCOPe-ALL,family,b.47.1.2,b,b.47,b.47.1,b.47.1.2,226
d6ts4a_,SCOPe-ALL,family,b.47.1.2,b,b.47,b.47.1,b.47.1.2,236
d1elva1,SCOPe-ALL,family,b.47.1.2,b,b.47,b.47.1,b.47.1.2,259
d1azza_,SCOPe-ALL,family,b.47.1.2,b,b.47,b.47.1,b.47.1.2,226
d3hgpa_,SCOPe-ALL,family,b.47.1.2,b,b.47,b.47.1,b.47.1.2,240
d1ij7a_,SCOPe-ALL,family,b.47.1.2,b,b.47,b.47.1,b.47.1.2,241
d1rrka1,SCOPe-ALL,family,b.47.1.2,b,b.47,b.47.1,b.47.1.2,287
d2xw9a_,SCOPe-ALL,family,b.47.1.2,b,b.47,b.47.1,b.47.1.2,228
d1a7sa_,SCOPe-ALL,family,b.47.1.2,b,b.47,b.47.1,b.47.1.2,225
d1yc0a_,SCOPe-ALL,family,b.47.1.2,b,b.47,b.47.1,b.47.1.2,254
d2hlca_,SCOPe-ALL,family,b.47.1.2,b,b.47,b.47.1,b.47.1.2,230
d1q3xa1,SCOPe-ALL,family,b.47.1.2,b,b.47,b.47.1,b.47.1.2,242
d1gvza_,SCOPe-ALL,family,b.47.1.2,b,b.47,b.47.1,b.47.1.2,237
d4i8ha_,SCOPe-ALL,family,b.47.1.2,b,b.47,b.47.1,b.47.1.2,223
d5yc6u_,SCOPe-ALL,family,b.47.1.2,b,b.47,b.47.1,b.47.1.2,246
d2aiqa_,SCOPe-ALL,family,b.47.1.2,b,b.47,b.47.1,b.47.1.2,231
d2bz6h_,SCOPe-ALL,family,b.47.1.2,b,b.47,b.47.1,b.47.1.2,254
d3w94a_,SCOPe-ALL,family,b.47.1.2,b,b.47,b.47.1,b.47.1.2,235
d1mbma_,SCOPe-ALL,family,b.47.1.3,b,b.47,b.47.1,b.47.1.3,198
d4agka_,SCOPe-ALL,family,b.47.1.3,b,b.47,b.47.1,b.47.1.3,152
d3su6a1,SCOPe-ALL,family,b.47.1.3,b,b.47,b.47.1,b.47.1.3,194
d6y3bb_,SCOPe-ALL,family,b.47.1.3,b,b.47,b.47.1,b.47.1.3,159
d2hrva_,SCOPe-ALL,family,b.47.1.4,b,b.47,b.47.1,b.47.1.4,139
d2bhga1,SCOPe-ALL,family,b.47.1.4,b,b.47,b.47.1,b.47.1.4,199
d3q3ya1,SCOPe-ALL,family,b.47.1.4,b,b.47,b.47.1,b.47.1.4,180
d2hala_,SCOPe-ALL,family,b.47.1.4,b,b.47,b.47.1,b.47.1.4,212
d7k3ta_,SCOPe-ALL,family,b.47.1.4,b,b.47,b.47.1,b.47.1.4,306
d5dgja1,SCOPe-ALL,family,b.47.1.4,b,b.47,b.47.1,b.47.1.4,173
d3e0nb_,SCOPe-ALL,family,b.47.1.0,b,b.47,b.47.1,b.47.1.0,251
d2oq5a_,SCOPe-ALL,family,b.47.1.0,b,b.47,b.47.1,b.47.1.0,232
d2asub_,SCOPe-ALL,family,b.47.1.0,b,b.47,b.47.1,b.47.1.0,225
d3govb_,SCOPe-ALL,family,b.47.1.0,b,b.47,b.47.1,b.47.1.0,251
d4fvda_,SCOPe-ALL,family,b.47.1.0,b,b.47,b.47.1,b.47.1.0,138
d3h7oa_,SCOPe-ALL,family,b.47.1.0,b,b.47,b.47.1,b.47.1.0,228
d3h7ta_,SCOPe-ALL,family,b.47.1.0,b,b.47,b.47.1,b.47.1.0,235
d6yv5a1,SCOPe-ALL,family,b.47.1.0,b,b.47,b.47.1,b.47.1.0,204
d4ic5a_,SCOPe-ALL,family,b.47.1.0,b,b.47,b.47.1,b.47.1.0,237
d3mmga_,SCOPe-ALL,family,b.47.1.0,b,b.47,b.47.1,b.47.1.0,217
d1ym0a_,SCOPe-ALL,family,b.47.1.0,b,b.47,b.47.1,b.47.1.0,238
d1bcoa1,SCOPe-ALL,family,b.48.1.1,b,b.48,b.48.1,b.48.1.1,80
d2jdia2,SCOPe-ALL,family,b.49.1.1,b,b.49,b.49.1,b.49.1.1,71
d2jdid2,SCOPe-ALL,family,b.49.1.1,b,b.49,b.49.1,b.49.1.1,73
d2dpya1,SCOPe-ALL,family,b.49.1.1,b,b.49,b.49.1,b.49.1.1,73
d3gqba1,SCOPe-ALL,family,b.49.1.2,b,b.49,b.49.1,b.49.1.2,70
d3ssaa1,SCOPe-ALL,family,b.49.1.0,b,b.49,b.49.1,b.49.1.0,64
d1bd0a1,SCOPe-ALL,family,b.49.2.2,b,b.49,b.49.2,b.49.2.2,149
d1rcqa1,SCOPe-ALL,family,b.49.2.2,b,b.49,b.49.2,b.49.2.2,132
d1vfha1,SCOPe-ALL,family,b.49.2.2,b,b.49,b.49.2,b.49.2.2,140
d3anua1,SCOPe-ALL,family,b.49.2.2,b,b.49,b.49.2,b.49.2.2,133
d1knwa1,SCOPe-ALL,family,b.49.2.3,b,b.49,b.49.2,b.49.2.3,173
d1twia1,SCOPe-ALL,family,b.49.2.3,b,b.49,b.49.2,b.49.2.3,171
d1hkva1,SCOPe-ALL,family,b.49.2.3,b,b.49,b.49.2,b.49.2.3,182
d7odca1,SCOPe-ALL,family,b.49.2.3,b,b.49,b.49.2,b.49.2.3,178
d1yloa1,SCOPe-ALL,family,b.49.3.1,b,b.49,b.49.3,b.49.3.1,81
d2grea1,SCOPe-ALL,family,b.49.3.1,b,b.49,b.49.3,b.49.3.1,113
d2fvga1,SCOPe-ALL,family,b.49.3.1,b,b.49,b.49.3,b.49.3.1,84
d1y0ya1,SCOPe-ALL,family,b.49.3.1,b,b.49,b.49.3,b.49.3.1,91
d1y7ea1,SCOPe-ALL,family,b.49.3.1,b,b.49,b.49.3,b.49.3.1,133
d1vhoa1,SCOPe-ALL,family,b.49.3.1,b,b.49,b.49.3,b.49.3.1,83
d4pj3a1,SCOPe-ALL,family,b.49.4.1,b,b.49,b.49.4,b.49.4.1,169
d3jb9x1,SCOPe-ALL,family,b.49.4.1,b,b.49,b.49.4,b.49.4.1,155
d2gk6a2,SCOPe-ALL,family,b.49.4.1,b,b.49,b.49.4,b.49.4.1,91
d1fmba_,SCOPe-ALL,family,b.50.1.1,b,b.50,b.50.1,b.50.1.1,104
d2hs1a_,SCOPe-ALL,family,b.50.1.1,b,b.50,b.50.1,b.50.1.1,99
d2rspa_,SCOPe-ALL,family,b.50.1.1,b,b.50,b.50.1,b.50.1.1,124
d2haha_,SCOPe-ALL,family,b.50.1.1,b,b.50,b.50.1,b.50.1.1,112
d3sqfa_,SCOPe-ALL,family,b.50.1.1,b,b.50,b.50.1,b.50.1.1,95
d1dpja_,SCOPe-ALL,family,b.50.1.2,b,b.50,b.50.1,b.50.1.2,329
d1uh9a_,SCOPe-ALL,family,b.50.1.2,b,b.50,b.50.1,b.50.1.2,325
d1wkra_,SCOPe-ALL,family,b.50.1.2,b,b.50,b.50.1,b.50.1.2,340
d2asia_,SCOPe-ALL,family,b.50.1.2,b,b.50,b.50.1,b.50.1.2,357
d3pvka_,SCOPe-ALL,family,b.50.1.2,b,b.50,b.50.1,b.50.1.2,340
d4l7ga_,SCOPe-ALL,family,b.50.1.2,b,b.50,b.50.1,b.50.1.2,388
d3k1wa1,SCOPe-ALL,family,b.50.1.2,b,b.50,b.50.1,b.50.1.2,337
d1gvua_,SCOPe-ALL,family,b.50.1.2,b,b.50,b.50.1,b.50.1.2,330
d2bjua1,SCOPe-ALL,family,b.50.1.2,b,b.50,b.50.1,b.50.1.2,329
d1t6ex_,SCOPe-ALL,family,b.50.1.2,b,b.50,b.50.1,b.50.1.2,381
d2pmaa1,SCOPe-ALL,family,b.50.1.3,b,b.50,b.50.1,b.50.1.3,141
d1yg9a1,SCOPe-ALL,family,b.50.1.0,b,b.50,b.50.1,b.50.1.0,326
d3vlaa_,SCOPe-ALL,family,b.50.1.0,b,b.50,b.50.1,b.50.1.0,413
d6r5ha_,SCOPe-ALL,family,b.50.1.0,b,b.50,b.50.1,b.50.1.0,350
d1ffya2,SCOPe-ALL,family,b.51.1.1,b,b.51,b.51.1,b.51.1.1,194
d1h3na2,SCOPe-ALL,family,b.51.1.1,b,b.51,b.51.1,b.51.1.1,192
d1wnya_,SCOPe-ALL,family,b.51.1.1,b,b.51,b.51.1,b.51.1.1,180
d1wkaa_,SCOPe-ALL,family,b.51.1.1,b,b.51,b.51.1,b.51.1.1,143
d2enga_,SCOPe-ALL,family,b.52.1.1,b,b.52,b.52.1,b.52.1.1,210
d4jp6a_,SCOPe-ALL,family,b.52.1.2,b,b.52,b.52.1,b.52.1.2,122
d1n10a2,SCOPe-ALL,family,b.52.1.3,b,b.52,b.52.1,b.52.1.3,143
d2pnwa1,SCOPe-ALL,family,b.52.1.4,b,b.52,b.52.1,b.52.1.4,365
d2pi8a_,SCOPe-ALL,family,b.52.1.4,b,b.52,b.52.1,b.52.1.4,335
d2g5da1,SCOPe-ALL,family,b.52.1.4,b,b.52,b.52.1,b.52.1.4,402
d5xbxa1,SCOPe-ALL,family,b.52.1.0,b,b.52,b.52.1,b.52.1.0,178
d3czba_,SCOPe-ALL,family,b.52.1.0,b,b.52,b.52.1,b.52.1.0,338
d1ppya_,SCOPe-ALL,family,b.52.2.1,b,b.52,b.52.2,b.52.2.1,118
d1g8ja1,SCOPe-ALL,family,b.52.2.2,b,b.52,b.52.2,b.52.2.2,143
d1eu1a1,SCOPe-ALL,family,b.52.2.2,b,b.52,b.52.2,b.52.2.2,155
d1aa6a1,SCOPe-ALL,family,b.52.2.2,b,b.52,b.52.2,b.52.2.2,151
d1kqfa1,SCOPe-ALL,family,b.52.2.2,b,b.52,b.52.2,b.52.2.2,165
d1q16a1,SCOPe-ALL,family,b.52.2.2,b,b.52,b.52.2,b.52.2.2,170
d1ti6a1,SCOPe-ALL,family,b.52.2.2,b,b.52,b.52.2,b.52.2.2,147
d3qq8a1,SCOPe-ALL,family,b.52.2.3,b,b.52,b.52.2,b.52.2.3,97
d1cr5a1,SCOPe-ALL,family,b.52.2.3,b,b.52,b.52.2,b.52.2.3,82
d1qcsa1,SCOPe-ALL,family,b.52.2.3,b,b.52,b.52.2,b.52.2.3,86
d1cz4a1,SCOPe-ALL,family,b.52.2.3,b,b.52,b.52.2,b.52.2.3,91
d1wlfa2,SCOPe-ALL,family,b.52.2.3,b,b.52,b.52.2,b.52.2.3,87
d3ouga_,SCOPe-ALL,family,b.52.2.0,b,b.52,b.52.2,b.52.2.0,108
d3ml1a2,SCOPe-ALL,family,b.52.2.0,b,b.52,b.52.2,b.52.2.0,121
d3iam34,SCOPe-ALL,family,b.52.2.0,b,b.52,b.52.2,b.52.2.0,92
d1dfup_,SCOPe-ALL,family,b.53.1.1,b,b.53,b.53.1,b.53.1.1,94
d2zjrs1,SCOPe-ALL,family,b.53.1.1,b,b.53,b.53.1,b.53.1.1,175
d1feua_,SCOPe-ALL,family,b.53.1.1,b,b.53,b.53.1,b.53.1.1,185
d5bnza2,SCOPe-ALL,family,b.53.1.0,b,b.53,b.53.1,b.53.1.0,215
d3wtsb_,SCOPe-ALL,family,b.54.1.1,b,b.54,b.54.1,b.54.1.1,139
d1w1ha_,SCOPe-ALL,family,b.55.1.1,b,b.55,b.55.1,b.55.1.1,147
d2adza1,SCOPe-ALL,family,b.55.1.1,b,b.55,b.55.1,b.55.1.1,106
d1droa_,SCOPe-ALL,family,b.55.1.1,b,b.55,b.55.1,b.55.1.1,122
d1btna_,SCOPe-ALL,family,b.55.1.1,b,b.55,b.55.1,b.55.1.1,106
d6tt2a_,SCOPe-ALL,family,b.55.1.1,b,b.55,b.55.1,b.55.1.1,168
d1wi1a1,SCOPe-ALL,family,b.55.1.1,b,b.55,b.55.1,b.55.1.1,113
d2coda1,SCOPe-ALL,family,b.55.1.1,b,b.55,b.55.1,b.55.1.1,102
d1kz7a2,SCOPe-ALL,family,b.55.1.1,b,b.55,b.55.1,b.55.1.1,147
d1wg7a1,SCOPe-ALL,family,b.55.1.1,b,b.55,b.55.1,b.55.1.1,137
d1faoa_,SCOPe-ALL,family,b.55.1.1,b,b.55,b.55.1,b.55.1.1,100
d1dyna_,SCOPe-ALL,family,b.55.1.1,b,b.55,b.55.1,b.55.1.1,113
d2coca1,SCOPe-ALL,family,b.55.1.1,b,b.55,b.55.1,b.55.1.1,99
d1wgqa1,SCOPe-ALL,family,b.55.1.1,b,b.55,b.55.1,b.55.1.1,96
d1ki1b2,SCOPe-ALL,family,b.55.1.1,b,b.55,b.55.1,b.55.1.1,142
d1foea2,SCOPe-ALL,family,b.55.1.1,b,b.55,b.55.1,b.55.1.1,162
d1fgya_,SCOPe-ALL,family,b.55.1.1,b,b.55,b.55.1,b.55.1.1,127
d2cofa1,SCOPe-ALL,family,b.55.1.1,b,b.55,b.55.1,b.55.1.1,94
d1v88a1,SCOPe-ALL,family,b.55.1.1,b,b.55,b.55.1,b.55.1.1,117
d2fjla1,SCOPe-ALL,family,b.55.1.1,b,b.55,b.55.1,b.55.1.1,102
d1maia_,SCOPe-ALL,family,b.55.1.1,b,b.55,b.55.1,b.55.1.1,119
d2zkmx3,SCOPe-ALL,family,b.55.1.1,b,b.55,b.55.1,b.55.1.1,131
d2i5fa2,SCOPe-ALL,family,b.55.1.1,b,b.55,b.55.1,b.55.1.1,104
d1plsa1,SCOPe-ALL,family,b.55.1.1,b,b.55,b.55.1,b.55.1.1,105
d2coaa1,SCOPe-ALL,family,b.55.1.1,b,b.55,b.55.1,b.55.1.1,112
d1unqa_,SCOPe-ALL,family,b.55.1.1,b,b.55,b.55.1,b.55.1.1,118
d1v61a1,SCOPe-ALL,family,b.55.1.1,b,b.55,b.55.1,b.55.1.1,119
d2j59m1,SCOPe-ALL,family,b.55.1.1,b,b.55,b.55.1,b.55.1.1,133
d1txda2,SCOPe-ALL,family,b.55.1.1,b,b.55,b.55.1,b.55.1.1,114
d2dfka2,SCOPe-ALL,family,b.55.1.1,b,b.55,b.55.1,b.55.1.1,162
d1v89a1,SCOPe-ALL,family,b.55.1.1,b,b.55,b.55.1,b.55.1.1,105
d1v5ua1,SCOPe-ALL,family,b.55.1.1,b,b.55,b.55.1,b.55.1.1,104
d1v5ma1,SCOPe-ALL,family,b.55.1.1,b,b.55,b.55.1,b.55.1.1,123
d1x1fa1,SCOPe-ALL,family,b.55.1.1,b,b.55,b.55.1,b.55.1.1,136
d1dbha2,SCOPe-ALL,family,b.55.1.1,b,b.55,b.55.1,b.55.1.1,133
d1u5da1,SCOPe-ALL,family,b.55.1.1,b,b.55,b.55.1,b.55.1.1,106
d1u5ea1,SCOPe-ALL,family,b.55.1.1,b,b.55,b.55.1,b.55.1.1,209
d1eaza_,SCOPe-ALL,family,b.55.1.1,b,b.55,b.55.1,b.55.1.1,104
d1v5pa1,SCOPe-ALL,family,b.55.1.1,b,b.55,b.55.1,b.55.1.1,113
d1ntya2,SCOPe-ALL,family,b.55.1.1,b,b.55,b.55.1,b.55.1.1,121
d6d8za2,SCOPe-ALL,family,b.55.1.1,b,b.55,b.55.1,b.55.1.1,122
d1fhoa_,SCOPe-ALL,family,b.55.1.1,b,b.55,b.55.1,b.55.1.1,119
d1zc3b_,SCOPe-ALL,family,b.55.1.1,b,b.55,b.55.1,b.55.1.1,109
d1ntva_,SCOPe-ALL,family,b.55.1.2,b,b.55,b.55.1,b.55.1.2,152
d1j0wa1,SCOPe-ALL,family,b.55.1.2,b,b.55,b.55.1,b.55.1.2,98
d2cy4a1,SCOPe-ALL,family,b.55.1.2,b,b.55,b.55.1,b.55.1.2,129
d1xr0b1,SCOPe-ALL,family,b.55.1.2,b,b.55,b.55.1,b.55.1.2,126
d1qqga1,SCOPe-ALL,family,b.55.1.2,b,b.55,b.55.1,b.55.1.2,103
d1n3ha_,SCOPe-ALL,family,b.55.1.2,b,b.55,b.55.1,b.55.1.2,207
d1wvha1,SCOPe-ALL,family,b.55.1.2,b,b.55,b.55.1,b.55.1.2,133
d1aqca_,SCOPe-ALL,family,b.55.1.2,b,b.55,b.55.1,b.55.1.2,166
d2v76a_,SCOPe-ALL,family,b.55.1.2,b,b.55,b.55.1,b.55.1.2,103
d5u1ma_,SCOPe-ALL,family,b.55.1.2,b,b.55,b.55.1,b.55.1.2,105
d3f0wa1,SCOPe-ALL,family,b.55.1.2,b,b.55,b.55.1,b.55.1.2,143
d2y8ga_,SCOPe-ALL,family,b.55.1.3,b,b.55,b.55.1,b.55.1.3,125
d1mkea1,SCOPe-ALL,family,b.55.1.4,b,b.55,b.55.1,b.55.1.4,114
d1i2ha1,SCOPe-ALL,family,b.55.1.4,b,b.55,b.55.1,b.55.1.4,143
d1xoda1,SCOPe-ALL,family,b.55.1.4,b,b.55,b.55.1,b.55.1.4,114
d5ncga1,SCOPe-ALL,family,b.55.1.4,b,b.55,b.55.1,b.55.1.4,111
d2al6a2,SCOPe-ALL,family,b.55.1.5,b,b.55,b.55.1,b.55.1.5,110
d4yl8a3,SCOPe-ALL,family,b.55.1.5,b,b.55,b.55.1,b.55.1.5,98
d1mixa2,SCOPe-ALL,family,b.55.1.5,b,b.55,b.55.1,b.55.1.5,92
d1t77a2,SCOPe-ALL,family,b.55.1.6,b,b.55,b.55.1,b.55.1.6,110
d1q67a_,SCOPe-ALL,family,b.55.1.7,b,b.55,b.55.1,b.55.1.7,207
d1zsqa1,SCOPe-ALL,family,b.55.1.8,b,b.55,b.55.1,b.55.1.8,126
d5urna1,SCOPe-ALL,family,b.55.1.9,b,b.55,b.55.1,b.55.1.9,114
d2rnrb_,SCOPe-ALL,family,b.55.1.9,b,b.55,b.55.1,b.55.1.9,108
d4pq0a_,SCOPe-ALL,family,b.55.1.10,b,b.55,b.55.1,b.55.1.10,242
d6rh5a1,SCOPe-ALL,family,b.55.1.11,b,b.55,b.55.1,b.55.1.11,133
d2caya1,SCOPe-ALL,family,b.55.1.12,b,b.55,b.55.1,b.55.1.12,130
d2hthb1,SCOPe-ALL,family,b.55.1.12,b,b.55,b.55.1,b.55.1.12,129
d3b77a1,SCOPe-ALL,family,b.55.1.13,b,b.55,b.55.1,b.55.1.13,190
d3dcxa1,SCOPe-ALL,family,b.55.1.13,b,b.55,b.55.1,b.55.1.13,116
d4gmxb_,SCOPe-ALL,family,b.55.1.0,b,b.55,b.55.1,b.55.1.0,123
d5mr1a_,SCOPe-ALL,family,b.55.1.0,b,b.55,b.55.1,b.55.1.0,101
d7kjoa_,SCOPe-ALL,family,b.55.1.0,b,b.55,b.55.1,b.55.1.0,120
d5ryoa3,SCOPe-ALL,family,b.55.1.0,b,b.55,b.55.1,b.55.1.0,94
d4hhva1,SCOPe-ALL,family,b.55.1.0,b,b.55,b.55.1,b.55.1.0,102
d5umsa_,SCOPe-ALL,family,b.55.1.0,b,b.55,b.55.1,b.55.1.0,238
d2q13a2,SCOPe-ALL,family,b.55.1.0,b,b.55,b.55.1,b.55.1.0,105
d3v5wa3,SCOPe-ALL,family,b.55.1.0,b,b.55,b.55.1,b.55.1.0,119
d5d3xa1,SCOPe-ALL,family,b.55.1.0,b,b.55,b.55.1,b.55.1.0,162
d3rcpa1,SCOPe-ALL,family,b.55.1.0,b,b.55,b.55.1,b.55.1.0,99
d3dxea_,SCOPe-ALL,family,b.55.1.0,b,b.55,b.55.1,b.55.1.0,124
d2m38a_,SCOPe-ALL,family,b.55.1.0,b,b.55,b.55.1,b.55.1.0,135
d2dn6a1,SCOPe-ALL,family,b.55.1.0,b,b.55,b.55.1,b.55.1.0,102
d2d9xa1,SCOPe-ALL,family,b.55.1.0,b,b.55,b.55.1,b.55.1.0,107
d1ywya1,SCOPe-ALL,family,b.55.2.1,b,b.55,b.55.2,b.55.2.1,74
d4cr2x_,SCOPe-ALL,family,b.55.3.1,b,b.55,b.55.3,b.55.3.1,127
d1nh2c_,SCOPe-ALL,family,b.56.1.1,b,b.56,b.56.1,b.56.1.1,59
d1nh2d2,SCOPe-ALL,family,b.56.1.1,b,b.56,b.56.1,b.56.1.1,67
d1nvpd2,SCOPe-ALL,family,b.56.1.1,b,b.56,b.56.1,b.56.1.1,46
d1iega_,SCOPe-ALL,family,b.57.1.1,b,b.57,b.57.1,b.57.1.1,248
d2pbka_,SCOPe-ALL,family,b.57.1.1,b,b.57,b.57.1,b.57.1.1,228
d4v08a_,SCOPe-ALL,family,b.57.1.0,b,b.57,b.57.1,b.57.1.0,218
d1e0ta1,SCOPe-ALL,family,b.58.1.1,b,b.58,b.58.1,b.58.1.1,98
d2g50a1,SCOPe-ALL,family,b.58.1.1,b,b.58,b.58.1,b.58.1.1,102
d3hqna2,SCOPe-ALL,family,b.58.1.1,b,b.58,b.58.1,b.58.1.1,99
d1o65a1,SCOPe-ALL,family,b.58.1.2,b,b.58,b.58.1,b.58.1.2,232
d1orua_,SCOPe-ALL,family,b.58.1.2,b,b.58,b.58.1,b.58.1.2,182
d7m3pa1,SCOPe-ALL,family,b.59.1.1,b,b.59,b.59.1,b.59.1.1,116
d1i4ua_,SCOPe-ALL,family,b.60.1.1,b,b.60,b.60.1,b.60.1.1,181
d1gkab_,SCOPe-ALL,family,b.60.1.1,b,b.60,b.60.1,b.60.1.1,174
d1kxoa_,SCOPe-ALL,family,b.60.1.1,b,b.60,b.60.1,b.60.1.1,171
d1lf7a_,SCOPe-ALL,family,b.60.1.1,b,b.60,b.60.1,b.60.1.1,171
d1qfta_,SCOPe-ALL,family,b.60.1.1,b,b.60,b.60.1,b.60.1.1,175
d2joza1,SCOPe-ALL,family,b.60.1.1,b,b.60,b.60.1,b.60.1.1,126
d1z24a1,SCOPe-ALL,family,b.60.1.1,b,b.60,b.60.1,b.60.1.1,189
d4wfva_,SCOPe-ALL,family,b.60.1.1,b,b.60,b.60.1,b.60.1.1,153
d6gqza_,SCOPe-ALL,family,b.60.1.1,b,b.60,b.60.1,b.60.1.1,174
d1x8pa_,SCOPe-ALL,family,b.60.1.1,b,b.60,b.60.1,b.60.1.1,184
d1dzka_,SCOPe-ALL,family,b.60.1.1,b,b.60,b.60.1,b.60.1.1,148
d1epaa_,SCOPe-ALL,family,b.60.1.1,b,b.60,b.60.1,b.60.1.1,160
d1kt7a_,SCOPe-ALL,family,b.60.1.1,b,b.60,b.60.1,b.60.1.1,175
d1xkia_,SCOPe-ALL,family,b.60.1.1,b,b.60,b.60.1,b.60.1.1,139
d3saoa1,SCOPe-ALL,family,b.60.1.1,b,b.60,b.60.1,b.60.1.1,151
d2acoa1,SCOPe-ALL,family,b.60.1.1,b,b.60,b.60.1,b.60.1.1,167
d3kffa_,SCOPe-ALL,family,b.60.1.1,b,b.60,b.60.1,b.60.1.1,152
d4ck4a_,SCOPe-ALL,family,b.60.1.1,b,b.60,b.60.1,b.60.1.1,160
d2a0aa1,SCOPe-ALL,family,b.60.1.2,b,b.60,b.60.1,b.60.1.2,131
d1ftpa_,SCOPe-ALL,family,b.60.1.2,b,b.60,b.60.1,b.60.1.2,133
d1mdca_,SCOPe-ALL,family,b.60.1.2,b,b.60,b.60.1,b.60.1.2,131
d1ifca_,SCOPe-ALL,family,b.60.1.2,b,b.60,b.60.1,b.60.1.2,131
d7o0ja_,SCOPe-ALL,family,b.60.1.2,b,b.60,b.60.1,b.60.1.2,126
d3vg7a1,SCOPe-ALL,family,b.60.1.2,b,b.60,b.60.1,b.60.1.2,126
d5hbsa1,SCOPe-ALL,family,b.60.1.2,b,b.60,b.60.1,b.60.1.2,134
d1avgi_,SCOPe-ALL,family,b.60.1.3,b,b.60,b.60.1,b.60.1.3,142
d1oeja_,SCOPe-ALL,family,b.60.1.4,b,b.60,b.60.1,b.60.1.4,187
d1r0ua_,SCOPe-ALL,family,b.60.1.5,b,b.60,b.60.1,b.60.1.5,146
d2w2aa_,SCOPe-ALL,family,b.60.1.6,b,b.60,b.60.1,b.60.1.6,175
d1vpra1,SCOPe-ALL,family,b.60.1.7,b,b.60,b.60.1,b.60.1.7,351
d6r3wa_,SCOPe-ALL,family,b.60.1.8,b,b.60,b.60.1,b.60.1.8,161
d3wjda_,SCOPe-ALL,family,b.60.1.8,b,b.60,b.60.1,b.60.1.8,153
d2o62a1,SCOPe-ALL,family,b.60.1.9,b,b.60,b.60.1,b.60.1.9,137
d2o62a2,SCOPe-ALL,family,b.60.1.9,b,b.60,b.60.1,b.60.1.9,132
d4odda_,SCOPe-ALL,family,b.60.1.0,b,b.60,b.60.1,b.60.1.0,149
d3l4ra_,SCOPe-ALL,family,b.60.1.0,b,b.60,b.60.1,b.60.1.0,151
d6s2ma1,SCOPe-ALL,family,b.60.1.0,b,b.60,b.60.1,b.60.1.0,132
d3o22a_,SCOPe-ALL,family,b.60.1.0,b,b.60,b.60.1,b.60.1.0,160
d2hzqa_,SCOPe-ALL,family,b.60.1.0,b,b.60,b.60.1,b.60.1.0,166
d2xsta_,SCOPe-ALL,family,b.60.1.0,b,b.60,b.60.1,b.60.1.0,154
d4es7a_,SCOPe-ALL,family,b.60.1.0,b,b.60,b.60.1,b.60.1.0,166
d3ia8a_,SCOPe-ALL,family,b.60.1.0,b,b.60,b.60.1,b.60.1.0,162
d2n93a_,SCOPe-ALL,family,b.60.1.0,b,b.60,b.60.1,b.60.1.0,130
d6c1za1,SCOPe-ALL,family,b.60.1.0,b,b.60,b.60.1,b.60.1.0,137
d3fiqa_,SCOPe-ALL,family,b.60.1.0,b,b.60,b.60.1,b.60.1.0,154
d2l5pa_,SCOPe-ALL,family,b.60.1.0,b,b.60,b.60.1,b.60.1.0,175
d6i8xa1,SCOPe-ALL,family,b.60.1.0,b,b.60,b.60.1,b.60.1.0,143
d5xn9a1,SCOPe-ALL,family,b.60.1.0,b,b.60,b.60.1,b.60.1.0,137
d4ge1a_,SCOPe-ALL,family,b.60.1.0,b,b.60,b.60.1,b.60.1.0,195
d5ez2a_,SCOPe-ALL,family,b.60.1.0,b,b.60,b.60.1,b.60.1.0,169
d2ra6a_,SCOPe-ALL,family,b.60.1.0,b,b.60,b.60.1,b.60.1.0,141
d2f01a_,SCOPe-ALL,family,b.61.1.1,b,b.61,b.61.1,b.61.1.1,121
d1y55x1,SCOPe-ALL,family,b.61.1.1,b,b.61,b.61.1,b.61.1.1,119
d2y32a_,SCOPe-ALL,family,b.61.1.0,b,b.61,b.61.1,b.61.1.0,137
d4z2oa_,SCOPe-ALL,family,b.61.1.0,b,b.61,b.61.1,b.61.1.0,127
d3szha_,SCOPe-ALL,family,b.61.1.0,b,b.61,b.61.1,b.61.1.0,117
d4bj8a_,SCOPe-ALL,family,b.61.1.0,b,b.61,b.61.1,b.61.1.0,119
d1smpi_,SCOPe-ALL,family,b.61.2.1,b,b.61,b.61.2,b.61.2.1,100
d1jiwi_,SCOPe-ALL,family,b.61.2.1,b,b.61,b.61.2,b.61.2.1,105
d1oh1a_,SCOPe-ALL,family,b.61.2.2,b,b.61,b.61.2,b.61.2.2,109
d1nyca1,SCOPe-ALL,family,b.61.2.2,b,b.61,b.61.2,b.61.2.2,109
d6iy4i_,SCOPe-ALL,family,b.61.2.0,b,b.61,b.61.2,b.61.2.0,93
d1ei5a1,SCOPe-ALL,family,b.61.3.1,b,b.61,b.61.3,b.61.3.1,82
d1ei5a2,SCOPe-ALL,family,b.61.3.1,b,b.61,b.61.3,b.61.3.1,103
d1pbya5,SCOPe-ALL,family,b.61.4.1,b,b.61,b.61.4,b.61.4.1,108
d1jmxa5,SCOPe-ALL,family,b.61.4.1,b,b.61,b.61.4,b.61.4.1,119
d6rnia_,SCOPe-ALL,family,b.61.5.1,b,b.61,b.61.5,b.61.5.1,118
d1y0ga_,SCOPe-ALL,family,b.61.6.1,b,b.61,b.61.6,b.61.6.1,169
d1wuba_,SCOPe-ALL,family,b.61.6.1,b,b.61,b.61.6,b.61.6.1,176
d5ixga_,SCOPe-ALL,family,b.61.6.0,b,b.61,b.61.6,b.61.6.0,168
d3hpea_,SCOPe-ALL,family,b.61.6.0,b,b.61,b.61.6,b.61.6.0,164
d2gtln1,SCOPe-ALL,family,b.61.7.1,b,b.61,b.61.7,b.61.7.1,128
d2gtlo1,SCOPe-ALL,family,b.61.7.1,b,b.61,b.61.7,b.61.7.1,122
d2gtlm1,SCOPe-ALL,family,b.61.7.1,b,b.61,b.61.7,b.61.7.1,124
d2f09a1,SCOPe-ALL,family,b.61.8.1,b,b.61,b.61.8,b.61.8.1,82
d2b71a1,SCOPe-ALL,family,b.62.1.1,b,b.62,b.62.1,b.62.1.1,169
d1v9ta_,SCOPe-ALL,family,b.62.1.1,b,b.62,b.62.1,b.62.1.1,166
d1w74a_,SCOPe-ALL,family,b.62.1.1,b,b.62,b.62.1,b.62.1.1,171
d2wfia_,SCOPe-ALL,family,b.62.1.1,b,b.62,b.62.1,b.62.1.1,172
d1x7fa1,SCOPe-ALL,family,b.62.1.2,b,b.62,b.62.1,b.62.1.2,117
d1zx8a1,SCOPe-ALL,family,b.62.1.3,b,b.62,b.62.1,b.62.1.3,124
d2phcb1,SCOPe-ALL,family,b.62.1.4,b,b.62,b.62.1,b.62.1.4,132
d4r3fa_,SCOPe-ALL,family,b.62.1.0,b,b.62,b.62.1,b.62.1.0,196
d2mvza_,SCOPe-ALL,family,b.62.1.0,b,b.62,b.62.1,b.62.1.0,146
d1a1xa_,SCOPe-ALL,family,b.63.1.1,b,b.63,b.63.1,b.63.1.1,106
d1jsga_,SCOPe-ALL,family,b.63.1.1,b,b.63,b.63.1,b.63.1.1,111
d2rl6a_,SCOPe-ALL,family,b.64.1.1,b,b.64,b.64.1,b.64.1.1,151
d1q25a1,SCOPe-ALL,family,b.64.1.1,b,b.64,b.64.1,b.64.1.1,123
d1q25a2,SCOPe-ALL,family,b.64.1.1,b,b.64,b.64.1,b.64.1.1,151
d1q25a3,SCOPe-ALL,family,b.64.1.1,b,b.64,b.64.1,b.64.1.1,152
d2kvaa1,SCOPe-ALL,family,b.64.1.1,b,b.64,b.64.1,b.64.1.1,142
d1gp0a_,SCOPe-ALL,family,b.64.1.1,b,b.64,b.64.1,b.64.1.1,133
d1f3ub_,SCOPe-ALL,family,b.65.1.1,b,b.65,b.65.1,b.65.1.1,149
d1f3ua_,SCOPe-ALL,family,b.65.1.1,b,b.65,b.65.1,b.65.1.1,118
d3nfgb1,SCOPe-ALL,family,b.65.1.2,b,b.65,b.65.1,b.65.1.2,119
d3nfga_,SCOPe-ALL,family,b.65.1.2,b,b.65,b.65.1,b.65.1.2,94
d1su3a2,SCOPe-ALL,family,b.66.1.1,b,b.66,b.66.1,b.66.1.1,195
d1rtga_,SCOPe-ALL,family,b.66.1.1,b,b.66,b.66.1,b.66.1.1,203
d1itva_,SCOPe-ALL,family,b.66.1.1,b,b.66,b.66.1,b.66.1.1,195
d1hxna_,SCOPe-ALL,family,b.66.1.1,b,b.66,b.66.1,b.66.1.1,210
d1qhua1,SCOPe-ALL,family,b.66.1.1,b,b.66,b.66.1,b.66.1.1,192
d3c7xa_,SCOPe-ALL,family,b.66.1.0,b,b.66,b.66.1,b.66.1.0,196
d6o5ea_,SCOPe-ALL,family,b.66.1.0,b,b.66,b.66.1,b.66.1.0,204
d1tl2a_,SCOPe-ALL,family,b.67.1.1,b,b.67,b.67.1,b.67.1.1,235
d3cu9a_,SCOPe-ALL,family,b.67.2.1,b,b.67,b.67.2,b.67.2.1,314
d1oyga_,SCOPe-ALL,family,b.67.2.2,b,b.67,b.67.2,b.67.2.2,440
d1utwa1,SCOPe-ALL,family,b.67.2.3,b,b.67,b.67.2,b.67.2.3,294
d1y4wa2,SCOPe-ALL,family,b.67.2.3,b,b.67,b.67.2,b.67.2.3,353
d4udga_,SCOPe-ALL,family,b.67.2.4,b,b.67,b.67.2,b.67.2.4,320
d5jowa1,SCOPe-ALL,family,b.67.2.0,b,b.67,b.67.2,b.67.2.0,302
d6q4wa_,SCOPe-ALL,family,b.67.2.0,b,b.67,b.67.2,b.67.2.0,316
d3c2ua1,SCOPe-ALL,family,b.67.2.0,b,b.67,b.67.2,b.67.2.0,326
d1s1da_,SCOPe-ALL,family,b.67.3.1,b,b.67,b.67.3,b.67.3.1,317
d5ybya_,SCOPe-ALL,family,b.67.4.1,b,b.67,b.67.4,b.67.4.1,245
d6qhja_,SCOPe-ALL,family,b.67.4.0,b,b.67,b.67.4,b.67.4.0,252
d1nsca_,SCOPe-ALL,family,b.68.1.1,b,b.68,b.68.1,b.68.1.1,390
d2slia2,SCOPe-ALL,family,b.68.1.1,b,b.68,b.68.1,b.68.1.1,483
d1eura_,SCOPe-ALL,family,b.68.1.1,b,b.68,b.68.1,b.68.1.1,361
d3sila_,SCOPe-ALL,family,b.68.1.1,b,b.68,b.68.1,b.68.1.1,379
d1so7a_,SCOPe-ALL,family,b.68.1.1,b,b.68,b.68.1,b.68.1.1,374
d1s0ka3,SCOPe-ALL,family,b.68.1.1,b,b.68,b.68.1,b.68.1.1,399
d1w0pa3,SCOPe-ALL,family,b.68.1.1,b,b.68,b.68.1,b.68.1.1,365
d7bwua_,SCOPe-ALL,family,b.68.1.1,b,b.68,b.68.1,b.68.1.1,443
d4mzaa_,SCOPe-ALL,family,b.68.1.1,b,b.68,b.68.1,b.68.1.1,432
d6pzda1,SCOPe-ALL,family,b.68.1.1,b,b.68,b.68.1,b.68.1.1,388
d6jjma1,SCOPe-ALL,family,b.68.1.1,b,b.68,b.68.1,b.68.1.1,451
d3ju4a1,SCOPe-ALL,family,b.68.1.2,b,b.68,b.68.1,b.68.1.2,515
d4gdja_,SCOPe-ALL,family,b.68.1.0,b,b.68,b.68.1,b.68.1.0,350
d4k3ya_,SCOPe-ALL,family,b.68.1.0,b,b.68,b.68.1,b.68.1.0,364
d5nopa_,SCOPe-ALL,family,b.68.1.0,b,b.68,b.68.1,b.68.1.0,431
d7cm1a_,SCOPe-ALL,family,b.68.1.0,b,b.68,b.68.1,b.68.1.0,387
d1crua_,SCOPe-ALL,family,b.68.2.1,b,b.68,b.68.2,b.68.2.1,450
d3amra_,SCOPe-ALL,family,b.68.3.1,b,b.68,b.68.3,b.68.3.1,352
d2hqsa1,SCOPe-ALL,family,b.68.4.1,b,b.68,b.68.4,b.68.4.1,270
d1ijqa1,SCOPe-ALL,family,b.68.5.1,b,b.68,b.68.5,b.68.5.1,266
d1npea_,SCOPe-ALL,family,b.68.5.1,b,b.68,b.68.5,b.68.5.1,263
d3o4pa_,SCOPe-ALL,family,b.68.6.1,b,b.68,b.68.6,b.68.6.1,314
d2ghsa1,SCOPe-ALL,family,b.68.6.1,b,b.68,b.68.6,b.68.6.1,295
d2dg1a2,SCOPe-ALL,family,b.68.6.1,b,b.68,b.68.6,b.68.6.1,320
d3srea_,SCOPe-ALL,family,b.68.6.2,b,b.68,b.68.6,b.68.6.2,339
d2p4oa1,SCOPe-ALL,family,b.68.6.3,b,b.68,b.68.6,b.68.6.3,302
d5gtqa_,SCOPe-ALL,family,b.68.6.0,b,b.68,b.68.6,b.68.6.0,307
d1k32a2,SCOPe-ALL,family,b.68.7.1,b,b.68,b.68.7,b.68.7.1,281
d6gkea_,SCOPe-ALL,family,b.68.8.1,b,b.68,b.68.8,b.68.8.1,312
d4csda_,SCOPe-ALL,family,b.68.8.0,b,b.68,b.68.8,b.68.8.0,272
d1q7fa_,SCOPe-ALL,family,b.68.9.1,b,b.68,b.68.9,b.68.9.1,279
d1rwia1,SCOPe-ALL,family,b.68.9.1,b,b.68,b.68.9,b.68.9.1,254
d6xg7a_,SCOPe-ALL,family,b.68.9.0,b,b.68,b.68.9,b.68.9.0,288
d1suua_,SCOPe-ALL,family,b.68.10.1,b,b.68,b.68.10,b.68.10.1,304
d1wp5a1,SCOPe-ALL,family,b.68.10.1,b,b.68,b.68.10,b.68.10.1,313
d4g3na_,SCOPe-ALL,family,b.68.10.0,b,b.68,b.68.10,b.68.10.0,309
d1zgka1,SCOPe-ALL,family,b.68.11.1,b,b.68,b.68.11,b.68.11.1,288
d3ii7a_,SCOPe-ALL,family,b.68.11.0,b,b.68,b.68.11,b.68.11.0,288
d2vpja_,SCOPe-ALL,family,b.68.11.0,b,b.68,b.68.11,b.68.11.0,289
d6hrla_,SCOPe-ALL,family,b.68.11.0,b,b.68,b.68.11,b.68.11.0,287
d6xlra2,SCOPe-ALL,family,b.69.1.1,b,b.69,b.69.1,b.69.1.1,387
d1mdah_,SCOPe-ALL,family,b.69.2.1,b,b.69,b.69.2,b.69.2.1,368
d1pbyb_,SCOPe-ALL,family,b.69.2.2,b,b.69,b.69.2,b.69.2.2,337
d1jmxb_,SCOPe-ALL,family,b.69.2.2,b,b.69,b.69.2,b.69.2.2,346
d1l0qa2,SCOPe-ALL,family,b.69.2.3,b,b.69,b.69.2,b.69.2.3,301
d3sjld_,SCOPe-ALL,family,b.69.2.0,b,b.69,b.69.2,b.69.2.0,376
d6y77a1,SCOPe-ALL,family,b.69.3.1,b,b.69,b.69.3,b.69.3.1,450
d1pgua1,SCOPe-ALL,family,b.69.4.1,b,b.69,b.69.4,b.69.4.1,325
d1pgua2,SCOPe-ALL,family,b.69.4.1,b,b.69,b.69.4,b.69.4.1,287
d1nr0a1,SCOPe-ALL,family,b.69.4.1,b,b.69,b.69.4,b.69.4.1,311
d1nr0a2,SCOPe-ALL,family,b.69.4.1,b,b.69,b.69.4,b.69.4.1,299
d1s4ux_,SCOPe-ALL,family,b.69.4.1,b,b.69,b.69.4,b.69.4.1,390
d1k8kc_,SCOPe-ALL,family,b.69.4.1,b,b.69,b.69.4,b.69.4.1,371
d3v5wb_,SCOPe-ALL,family,b.69.4.1,b,b.69,b.69.4,b.69.4.1,339
d1nexb2,SCOPe-ALL,family,b.69.4.1,b,b.69,b.69.4,b.69.4.1,355
d2ovrb2,SCOPe-ALL,family,b.69.4.1,b,b.69,b.69.4,b.69.4.1,342
d1p22a2,SCOPe-ALL,family,b.69.4.1,b,b.69,b.69.4,b.69.4.1,293
d1gxra1,SCOPe-ALL,family,b.69.4.1,b,b.69,b.69.4,b.69.4.1,328
d5gmkn1,SCOPe-ALL,family,b.69.4.1,b,b.69,b.69.4,b.69.4.1,305
d3jb9u3,SCOPe-ALL,family,b.69.4.1,b,b.69,b.69.4,b.69.4.1,316
d1erja_,SCOPe-ALL,family,b.69.4.1,b,b.69,b.69.4,b.69.4.1,388
d7mt1a_,SCOPe-ALL,family,b.69.4.1,b,b.69,b.69.4,b.69.4.1,321
d7m3xa_,SCOPe-ALL,family,b.69.4.1,b,b.69,b.69.4,b.69.4.1,402
d1yfqa1,SCOPe-ALL,family,b.69.4.2,b,b.69,b.69.4,b.69.4.2,341
d2b5la1,SCOPe-ALL,family,b.69.4.3,b,b.69,b.69.4,b.69.4.3,341
d2b5la2,SCOPe-ALL,family,b.69.4.3,b,b.69,b.69.4,b.69.4.3,389
d2b5la4,SCOPe-ALL,family,b.69.4.3,b,b.69,b.69.4,b.69.4.3,315
d3frxa_,SCOPe-ALL,family,b.69.4.0,b,b.69,b.69.4,b.69.4.0,315
d4pswb_,SCOPe-ALL,family,b.69.4.0,b,b.69,b.69.4,b.69.4.0,384
d6tbnb1,SCOPe-ALL,family,b.69.4.0,b,b.69,b.69.4,b.69.4.0,334
d6e1za_,SCOPe-ALL,family,b.69.4.0,b,b.69,b.69.4,b.69.4.0,307
d4ggca_,SCOPe-ALL,family,b.69.4.0,b,b.69,b.69.4,b.69.4.0,313
d4yvda_,SCOPe-ALL,family,b.69.4.0,b,b.69,b.69.4,b.69.4.0,303
d6id0e_,SCOPe-ALL,family,b.69.4.0,b,b.69,b.69.4,b.69.4.0,303
d2ymua1,SCOPe-ALL,family,b.69.4.0,b,b.69,b.69.4,b.69.4.0,286
d1a12a_,SCOPe-ALL,family,b.69.5.1,b,b.69,b.69.5,b.69.5.1,401
d3qhyb_,SCOPe-ALL,family,b.69.5.2,b,b.69,b.69.5,b.69.5.2,271
d2xzga1,SCOPe-ALL,family,b.69.6.1,b,b.69,b.69.6,b.69.6.1,330
d5n4fa2,SCOPe-ALL,family,b.69.7.1,b,b.69,b.69.7,b.69.7.1,449
d4bcda1,SCOPe-ALL,family,b.69.7.1,b,b.69,b.69.7,b.69.7.1,430
d2hu7a1,SCOPe-ALL,family,b.69.7.2,b,b.69,b.69.7,b.69.7.2,313
d3ivma1,SCOPe-ALL,family,b.69.7.0,b,b.69,b.69.7,b.69.7.0,411
d2bkla1,SCOPe-ALL,family,b.69.7.0,b,b.69,b.69.7,b.69.7.0,411
d1yr2a1,SCOPe-ALL,family,b.69.7.0,b,b.69,b.69.7,b.69.7.0,419
d7ne5a1,SCOPe-ALL,family,b.69.7.0,b,b.69,b.69.7,b.69.7.0,410
d4wjka_,SCOPe-ALL,family,b.69.8.0,b,b.69,b.69.8,b.69.8.0,452
d1k32a3,SCOPe-ALL,family,b.69.9.1,b,b.69,b.69.9,b.69.9.1,360
d1jofa_,SCOPe-ALL,family,b.69.10.1,b,b.69,b.69.10,b.69.10.1,365
d1ri6a1,SCOPe-ALL,family,b.69.11.1,b,b.69,b.69.11,b.69.11.1,330
d6wvzm1,SCOPe-ALL,family,b.69.12.1,b,b.69,b.69.12,b.69.12.1,476
d1q47a_,SCOPe-ALL,family,b.69.12.1,b,b.69,b.69.12,b.69.12.1,495
d1olza2,SCOPe-ALL,family,b.69.12.1,b,b.69,b.69.12,b.69.12.1,478
d1sqja1,SCOPe-ALL,family,b.69.13.1,b,b.69,b.69.13,b.69.13.1,427
d1sqja2,SCOPe-ALL,family,b.69.13.1,b,b.69,b.69.13,b.69.13.1,356
d6p2la1,SCOPe-ALL,family,b.69.13.0,b,b.69,b.69.13,b.69.13.0,378
d6p2la2,SCOPe-ALL,family,b.69.13.0,b,b.69,b.69.13,b.69.13.0,307
d6mgla1,SCOPe-ALL,family,b.69.13.0,b,b.69,b.69.13,b.69.13.0,407
d6mgla2,SCOPe-ALL,family,b.69.13.0,b,b.69,b.69.13,b.69.13.0,338
d7kn8a1,SCOPe-ALL,family,b.69.13.0,b,b.69,b.69.13,b.69.13.0,386
d7kn8a2,SCOPe-ALL,family,b.69.13.0,b,b.69,b.69.13,b.69.13.0,321
d1xksa_,SCOPe-ALL,family,b.69.14.1,b,b.69,b.69.14,b.69.14.1,403
d1xipa1,SCOPe-ALL,family,b.69.14.1,b,b.69,b.69.14,b.69.14.1,380
d7l0ea_,SCOPe-ALL,family,b.69.15.1,b,b.69,b.69.15,b.69.15.1,531
d4ou9a_,SCOPe-ALL,family,b.69.15.1,b,b.69,b.69.15,b.69.15.1,481
d2ad6a_,SCOPe-ALL,family,b.70.1.1,b,b.70,b.70.1,b.70.1.1,571
d1kb0a2,SCOPe-ALL,family,b.70.1.1,b,b.70,b.70.1,b.70.1.1,573
d4cvba_,SCOPe-ALL,family,b.70.1.0,b,b.70,b.70.1,b.70.1.0,562
d6zcwa_,SCOPe-ALL,family,b.70.1.0,b,b.70,b.70.1,b.70.1.0,562
d1qksa2,SCOPe-ALL,family,b.70.2.1,b,b.70,b.70.2,b.70.2.1,432
d1xfda1,SCOPe-ALL,family,b.70.3.1,b,b.70,b.70.3,b.70.3.1,465
d4a5sa1,SCOPe-ALL,family,b.70.3.1,b,b.70,b.70.3,b.70.3.1,469
d1lwha1,SCOPe-ALL,family,b.71.1.1,b,b.71,b.71.1,b.71.1.1,50
d1kwga1,SCOPe-ALL,family,b.71.1.1,b,b.71,b.71.1,b.71.1.1,54
d1g5aa1,SCOPe-ALL,family,b.71.1.1,b,b.71,b.71.1,b.71.1.1,74
d5u3aa2,SCOPe-ALL,family,b.71.1.1,b,b.71,b.71.1,b.71.1.1,93
d1blia1,SCOPe-ALL,family,b.71.1.1,b,b.71,b.71.1,b.71.1.1,90
d1ua7a1,SCOPe-ALL,family,b.71.1.1,b,b.71,b.71.1,b.71.1.1,78
d1wzaa1,SCOPe-ALL,family,b.71.1.1,b,b.71,b.71.1,b.71.1.1,79
d1aqma1,SCOPe-ALL,family,b.71.1.1,b,b.71,b.71.1,b.71.1.1,94
d1mxga1,SCOPe-ALL,family,b.71.1.1,b,b.71,b.71.1,b.71.1.1,74
d3bmva3,SCOPe-ALL,family,b.71.1.1,b,b.71,b.71.1,b.71.1.1,89
d3vx0a2,SCOPe-ALL,family,b.71.1.1,b,b.71,b.71.1,b.71.1.1,94
d2bhua2,SCOPe-ALL,family,b.71.1.1,b,b.71,b.71.1,b.71.1.1,72
d3vgfa3,SCOPe-ALL,family,b.71.1.1,b,b.71,b.71.1,b.71.1.1,67
d1bf2a2,SCOPe-ALL,family,b.71.1.1,b,b.71,b.71.1,b.71.1.1,113
d1ea9c2,SCOPe-ALL,family,b.71.1.1,b,b.71,b.71.1,b.71.1.1,80
d1gjwa1,SCOPe-ALL,family,b.71.1.1,b,b.71,b.71.1,b.71.1.1,64
d3hg3a2,SCOPe-ALL,family,b.71.1.1,b,b.71,b.71.1,b.71.1.1,103
d1uasa1,SCOPe-ALL,family,b.71.1.1,b,b.71,b.71.1,b.71.1.1,89
d1szna1,SCOPe-ALL,family,b.71.1.1,b,b.71,b.71.1,b.71.1.1,103
d1j0ha2,SCOPe-ALL,family,b.71.1.1,b,b.71,b.71.1,b.71.1.1,83
d1ht6a1,SCOPe-ALL,family,b.71.1.1,b,b.71,b.71.1,b.71.1.1,57
d1qw9a1,SCOPe-ALL,family,b.71.1.2,b,b.71,b.71.1,b.71.1.2,131
d1w91a1,SCOPe-ALL,family,b.71.1.2,b,b.71,b.71.1,b.71.1.2,153
d6q6na1,SCOPe-ALL,family,b.71.1.2,b,b.71,b.71.1,b.71.1.2,144
d2y24a1,SCOPe-ALL,family,b.71.1.2,b,b.71,b.71.1,b.71.1.2,107
d2xvla4,SCOPe-ALL,family,b.71.1.4,b,b.71,b.71.1,b.71.1.4,82
d3weoa3,SCOPe-ALL,family,b.71.1.4,b,b.71,b.71.1,b.71.1.4,84
d2g3ma3,SCOPe-ALL,family,b.71.1.4,b,b.71,b.71.1,b.71.1.4,77
d2f2ha3,SCOPe-ALL,family,b.71.1.4,b,b.71,b.71.1,b.71.1.4,80
d5brpa2,SCOPe-ALL,family,b.71.1.0,b,b.71,b.71.1,b.71.1.0,82
d5zcea2,SCOPe-ALL,family,b.71.1.0,b,b.71,b.71.1,b.71.1.0,80
d4m8ua2,SCOPe-ALL,family,b.71.1.0,b,b.71,b.71.1,b.71.1.0,78
d6fmea2,SCOPe-ALL,family,b.71.1.0,b,b.71,b.71.1,b.71.1.0,70
d5e6za3,SCOPe-ALL,family,b.71.1.0,b,b.71,b.71.1,b.71.1.0,106
d3edea3,SCOPe-ALL,family,b.71.1.0,b,b.71,b.71.1,b.71.1.0,82
d2ze0a2,SCOPe-ALL,family,b.71.1.0,b,b.71,b.71.1,b.71.1.0,80
d4do4a2,SCOPe-ALL,family,b.71.1.0,b,b.71,b.71.1,b.71.1.0,95
d3l4ya3,SCOPe-ALL,family,b.71.1.0,b,b.71,b.71.1,b.71.1.0,82
d6j33a5,SCOPe-ALL,family,b.71.1.0,b,b.71,b.71.1,b.71.1.0,118
d4aiea2,SCOPe-ALL,family,b.71.1.0,b,b.71,b.71.1,b.71.1.0,73
d5do8a2,SCOPe-ALL,family,b.71.1.0,b,b.71,b.71.1,b.71.1.0,76
d3vm7a2,SCOPe-ALL,family,b.71.1.0,b,b.71,b.71.1,b.71.1.0,91
d6jqba2,SCOPe-ALL,family,b.71.1.0,b,b.71,b.71.1,b.71.1.0,61
d1zjaa2,SCOPe-ALL,family,b.71.1.0,b,b.71,b.71.1,b.71.1.0,79
d2zica2,SCOPe-ALL,family,b.71.1.0,b,b.71,b.71.1,b.71.1.0,73
d3hjea2,SCOPe-ALL,family,b.71.1.0,b,b.71,b.71.1,b.71.1.0,63
d5z0ua3,SCOPe-ALL,family,b.71.1.0,b,b.71,b.71.1,b.71.1.0,83
d1wzla2,SCOPe-ALL,family,b.71.1.0,b,b.71,b.71.1,b.71.1.0,83
d2zxda2,SCOPe-ALL,family,b.71.1.0,b,b.71,b.71.1,b.71.1.0,91
d3og2a2,SCOPe-ALL,family,b.71.1.0,b,b.71,b.71.1,b.71.1.0,178
d2ho2a1,SCOPe-ALL,family,b.72.1.1,b,b.72,b.72.1,b.72.1.1,33
d1eg3a3,SCOPe-ALL,family,b.72.1.1,b,b.72,b.72.1,b.72.1.1,38
d1ywia1,SCOPe-ALL,family,b.72.1.1,b,b.72,b.72.1,b.72.1.1,28
d1e0na_,SCOPe-ALL,family,b.72.1.1,b,b.72,b.72.1,b.72.1.1,27
d2itka1,SCOPe-ALL,family,b.72.1.1,b,b.72,b.72.1,b.72.1.1,32
d1o6wa2,SCOPe-ALL,family,b.72.1.1,b,b.72,b.72.1,b.72.1.1,46
d2dk1a1,SCOPe-ALL,family,b.72.1.1,b,b.72,b.72.1,b.72.1.1,37
d4rexa1,SCOPe-ALL,family,b.72.1.1,b,b.72,b.72.1,b.72.1.1,44
d4n7fa1,SCOPe-ALL,family,b.72.1.0,b,b.72,b.72.1,b.72.1.0,33
d1aiwa_,SCOPe-ALL,family,b.72.2.1,b,b.72,b.72.2,b.72.2.1,62
d1ed7a_,SCOPe-ALL,family,b.72.2.1,b,b.72,b.72.2,b.72.2.1,45
d1goia1,SCOPe-ALL,family,b.72.2.1,b,b.72,b.72.2,b.72.2.1,52
d1rk8c_,SCOPe-ALL,family,b.72.3.1,b,b.72,b.72.3,b.72.3.1,33
d1dkga1,SCOPe-ALL,family,b.73.1.1,b,b.73,b.73.1,b.73.1.1,59
d3k34a_,SCOPe-ALL,family,b.74.1.1,b,b.74,b.74.1,b.74.1.1,258
d3fw3a_,SCOPe-ALL,family,b.74.1.1,b,b.74,b.74.1,b.74.1.1,262
d4ht2a_,SCOPe-ALL,family,b.74.1.1,b,b.74,b.74.1,b.74.1.1,261
d6qqma1,SCOPe-ALL,family,b.74.1.0,b,b.74,b.74.1,b.74.1.0,257
d4twla_,SCOPe-ALL,family,b.74.1.0,b,b.74,b.74.1,b.74.1.0,239
d1y7wa_,SCOPe-ALL,family,b.74.1.0,b,b.74,b.74.1,b.74.1.0,274
d3q31a_,SCOPe-ALL,family,b.74.1.0,b,b.74,b.74.1,b.74.1.0,236
d4xiwa_,SCOPe-ALL,family,b.74.1.0,b,b.74,b.74.1,b.74.1.0,237
d4xfwa_,SCOPe-ALL,family,b.74.1.0,b,b.74,b.74.1,b.74.1.0,226
d6rqqa_,SCOPe-ALL,family,b.74.1.0,b,b.74,b.74.1,b.74.1.0,256
d3jxga_,SCOPe-ALL,family,b.74.1.0,b,b.74,b.74.1,b.74.1.0,263
d5hpja_,SCOPe-ALL,family,b.74.1.0,b,b.74,b.74.1,b.74.1.0,217
d4e9ox_,SCOPe-ALL,family,b.74.1.0,b,b.74,b.74.1,b.74.1.0,233
d3eoja_,SCOPe-ALL,family,b.75.1.1,b,b.75,b.75.1,b.75.1.1,360
d1rjlc_,SCOPe-ALL,family,b.76.1.1,b,b.76,b.76.1,b.76.1.1,95
d2i5vo_,SCOPe-ALL,family,b.76.1.1,b,b.76,b.76.1,b.76.1.1,246
d2f69a1,SCOPe-ALL,family,b.76.2.1,b,b.76,b.76.2,b.76.2.1,78
d1vmoa_,SCOPe-ALL,family,b.77.1.1,b,b.77,b.77.1,b.77.1.1,163
d1i5pa2,SCOPe-ALL,family,b.77.2.1,b,b.77,b.77.2,b.77.2.1,209
d1dlca2,SCOPe-ALL,family,b.77.2.1,b,b.77,b.77.2,b.77.2.1,210
d1w99a2,SCOPe-ALL,family,b.77.2.1,b,b.77,b.77.2,b.77.2.1,195
d1ciya2,SCOPe-ALL,family,b.77.2.1,b,b.77,b.77.2,b.77.2.1,206
d2qkga2,SCOPe-ALL,family,b.77.2.0,b,b.77,b.77.2,b.77.2.0,210
d6ovba2,SCOPe-ALL,family,b.77.2.0,b,b.77,b.77.2,b.77.2.0,198
d1ouwa_,SCOPe-ALL,family,b.77.3.1,b,b.77,b.77.3,b.77.3.1,151
d2guda1,SCOPe-ALL,family,b.77.3.1,b,b.77,b.77.3,b.77.3.1,121
d1c3ka_,SCOPe-ALL,family,b.77.3.1,b,b.77,b.77.3,b.77.3.1,143
d4pita1,SCOPe-ALL,family,b.77.3.0,b,b.77,b.77.3,b.77.3.0,138
d5gvya_,SCOPe-ALL,family,b.77.3.0,b,b.77,b.77.3,b.77.3.0,145
d2qp2a2,SCOPe-ALL,family,b.77.4.1,b,b.77,b.77.4,b.77.4.1,152
d1dlpa2,SCOPe-ALL,family,b.78.1.1,b,b.78,b.78.1,b.78.1.1,120
d5t1xb_,SCOPe-ALL,family,b.78.1.0,b,b.78,b.78.1,b.78.1.0,110
d2dpfa_,SCOPe-ALL,family,b.78.1.0,b,b.78,b.78.1,b.78.1.0,111
d4tkca_,SCOPe-ALL,family,b.78.1.0,b,b.78,b.78.1,b.78.1.0,118
d4oita1,SCOPe-ALL,family,b.78.1.0,b,b.78,b.78.1,b.78.1.0,104
d1pxza_,SCOPe-ALL,family,b.80.1.1,b,b.80,b.80.1,b.80.1.1,346
d1ee6a_,SCOPe-ALL,family,b.80.1.1,b,b.80,b.80.1,b.80.1.1,197
d1jtaa_,SCOPe-ALL,family,b.80.1.1,b,b.80,b.80.1,b.80.1.1,361
d5amva_,SCOPe-ALL,family,b.80.1.1,b,b.80,b.80.1,b.80.1.1,399
d1qcxa_,SCOPe-ALL,family,b.80.1.2,b,b.80,b.80.1,b.80.1.2,359
d1bhea_,SCOPe-ALL,family,b.80.1.3,b,b.80,b.80.1,b.80.1.3,376
d1k5ca_,SCOPe-ALL,family,b.80.1.3,b,b.80,b.80.1,b.80.1.3,333
d1hg8a_,SCOPe-ALL,family,b.80.1.3,b,b.80,b.80.1,b.80.1.3,349
d1rmga_,SCOPe-ALL,family,b.80.1.3,b,b.80,b.80.1,b.80.1.3,422
d7o78a_,SCOPe-ALL,family,b.80.1.4,b,b.80,b.80.1,b.80.1.4,491
d2nspa_,SCOPe-ALL,family,b.80.1.5,b,b.80,b.80.1,b.80.1.5,342
d1xg2a_,SCOPe-ALL,family,b.80.1.5,b,b.80,b.80.1,b.80.1.5,317
d2vfna_,SCOPe-ALL,family,b.80.1.6,b,b.80,b.80.1,b.80.1.6,555
d1daba_,SCOPe-ALL,family,b.80.1.7,b,b.80,b.80.1,b.80.1.7,539
d1h80a_,SCOPe-ALL,family,b.80.1.8,b,b.80,b.80.1,b.80.1.8,464
d1ru4a_,SCOPe-ALL,family,b.80.1.9,b,b.80,b.80.1,b.80.1.9,400
d1ogmx2,SCOPe-ALL,family,b.80.1.10,b,b.80,b.80.1,b.80.1.10,373
d1rwra_,SCOPe-ALL,family,b.80.1.11,b,b.80,b.80.1,b.80.1.11,297
d1x0ca2,SCOPe-ALL,family,b.80.1.0,b,b.80,b.80.1,b.80.1.0,380
d4c2la_,SCOPe-ALL,family,b.80.1.0,b,b.80,b.80.1,b.80.1.0,372
d3riqa_,SCOPe-ALL,family,b.80.1.0,b,b.80,b.80.1,b.80.1.0,541
d2qxza_,SCOPe-ALL,family,b.80.1.0,b,b.80,b.80.1,b.80.1.0,330
d1ezga_,SCOPe-ALL,family,b.80.2.1,b,b.80,b.80.2,b.80.2.1,82
d1hf2a1,SCOPe-ALL,family,b.80.3.1,b,b.80,b.80.3,b.80.3.1,107
d1ofda1,SCOPe-ALL,family,b.80.4.1,b,b.80,b.80.4,b.80.4.1,268
d1k4za_,SCOPe-ALL,family,b.80.5.1,b,b.80,b.80.5,b.80.5.1,157
d1k8fa_,SCOPe-ALL,family,b.80.5.1,b,b.80,b.80.5,b.80.5.1,157
d2b0ra_,SCOPe-ALL,family,b.80.5.0,b,b.80,b.80.5,b.80.5.0,164
d1vh4a_,SCOPe-ALL,family,b.80.6.1,b,b.80,b.80.6,b.80.6.1,413
d5d7wa2,SCOPe-ALL,family,b.80.7.0,b,b.80,b.80.7,b.80.7.0,225
d2f3la1,SCOPe-ALL,family,b.80.8.1,b,b.80,b.80.8,b.80.8.1,132
d2j8ka1,SCOPe-ALL,family,b.80.8.1,b,b.80,b.80.8,b.80.8.1,174
d2bm5a_,SCOPe-ALL,family,b.80.8.1,b,b.80,b.80.8,b.80.8.1,183
d3n90a1,SCOPe-ALL,family,b.80.8.0,b,b.80,b.80.8,b.80.8.0,144
d3eg4a_,SCOPe-ALL,family,b.81.1.2,b,b.81,b.81.1,b.81.1.2,279
d3dhoa_,SCOPe-ALL,family,b.81.1.3,b,b.81,b.81.1,b.81.1.3,203
d6mfka1,SCOPe-ALL,family,b.81.1.3,b,b.81,b.81.1,b.81.1.3,208
d1yp2a1,SCOPe-ALL,family,b.81.1.4,b,b.81,b.81.1,b.81.1.4,135
d1fxjb1,SCOPe-ALL,family,b.81.1.4,b,b.81,b.81.1,b.81.1.4,75
d1hm9a1,SCOPe-ALL,family,b.81.1.4,b,b.81,b.81.1,b.81.1.4,208
d2icya1,SCOPe-ALL,family,b.81.1.4,b,b.81,b.81.1,b.81.1.4,83
d1v3wa_,SCOPe-ALL,family,b.81.1.5,b,b.81,b.81.1,b.81.1.5,173
d1qrea_,SCOPe-ALL,family,b.81.1.5,b,b.81,b.81.1,b.81.1.5,210
d1ssqa_,SCOPe-ALL,family,b.81.1.6,b,b.81,b.81.1,b.81.1.6,241
d2piga_,SCOPe-ALL,family,b.81.1.7,b,b.81,b.81.1,b.81.1.7,318
d2vhea_,SCOPe-ALL,family,b.81.1.8,b,b.81,b.81.1,b.81.1.8,194
d4e6ua_,SCOPe-ALL,family,b.81.1.0,b,b.81,b.81.1,b.81.1.0,258
d4m9ca_,SCOPe-ALL,family,b.81.1.0,b,b.81,b.81.1,b.81.1.0,216
d2i5ka2,SCOPe-ALL,family,b.81.1.0,b,b.81,b.81.1,b.81.1.0,88
d3r0sa_,SCOPe-ALL,family,b.81.1.0,b,b.81,b.81.1,b.81.1.0,256
d6ag8a_,SCOPe-ALL,family,b.81.1.0,b,b.81,b.81.1,b.81.1.0,182
d2v0ha2,SCOPe-ALL,family,b.81.1.0,b,b.81,b.81.1,b.81.1.0,202
d3hsqa_,SCOPe-ALL,family,b.81.1.0,b,b.81,b.81.1,b.81.1.0,259
d4g3qa2,SCOPe-ALL,family,b.81.1.0,b,b.81,b.81.1,b.81.1.0,217
d4m98a_,SCOPe-ALL,family,b.81.1.0,b,b.81,b.81.1,b.81.1.0,205
d3r3ra1,SCOPe-ALL,family,b.81.1.0,b,b.81,b.81.1,b.81.1.0,181
d5v0za_,SCOPe-ALL,family,b.81.1.0,b,b.81,b.81.1,b.81.1.0,189
d3kwda_,SCOPe-ALL,family,b.81.1.0,b,b.81,b.81.1,b.81.1.0,166
d1l0sa_,SCOPe-ALL,family,b.81.2.1,b,b.81,b.81.2,b.81.2.1,88
d1p9ha_,SCOPe-ALL,family,b.81.3.1,b,b.81,b.81.3,b.81.3.1,189
d2cu2a1,SCOPe-ALL,family,b.81.4.1,b,b.81,b.81.4,b.81.4.1,67
d2ixka_,SCOPe-ALL,family,b.82.1.1,b,b.82,b.82.1,b.82.1.1,184
d1nxma_,SCOPe-ALL,family,b.82.1.1,b,b.82,b.82.1,b.82.1.1,194
d1wlta1,SCOPe-ALL,family,b.82.1.1,b,b.82,b.82.1,b.82.1.1,176
d2pa7a1,SCOPe-ALL,family,b.82.1.1,b,b.82,b.82.1,b.82.1.1,135
d1lrha_,SCOPe-ALL,family,b.82.1.2,b,b.82,b.82.1,b.82.1.2,160
d1fi2a_,SCOPe-ALL,family,b.82.1.2,b,b.82,b.82.1,b.82.1.2,201
d6v7ga1,SCOPe-ALL,family,b.82.1.2,b,b.82,b.82.1,b.82.1.2,180
d6v7ga2,SCOPe-ALL,family,b.82.1.2,b,b.82,b.82.1,b.82.1.2,184
d2v09a_,SCOPe-ALL,family,b.82.1.2,b,b.82,b.82.1,b.82.1.2,377
d1qwra_,SCOPe-ALL,family,b.82.1.3,b,b.82,b.82.1,b.82.1.3,315
d1pmia_,SCOPe-ALL,family,b.82.1.3,b,b.82,b.82.1,b.82.1.3,440
d1zx5a1,SCOPe-ALL,family,b.82.1.3,b,b.82,b.82.1,b.82.1.3,299
d1y3ta1,SCOPe-ALL,family,b.82.1.5,b,b.82,b.82.1,b.82.1.5,330
d1juha_,SCOPe-ALL,family,b.82.1.5,b,b.82,b.82.1,b.82.1.5,348
d1zrra_,SCOPe-ALL,family,b.82.1.6,b,b.82,b.82.1,b.82.1.6,179
d1vr3a1,SCOPe-ALL,family,b.82.1.6,b,b.82,b.82.1,b.82.1.6,179
d1x82a1,SCOPe-ALL,family,b.82.1.7,b,b.82,b.82.1,b.82.1.7,189
d1o5ua_,SCOPe-ALL,family,b.82.1.8,b,b.82,b.82.1,b.82.1.8,88
d1yhfa1,SCOPe-ALL,family,b.82.1.9,b,b.82,b.82.1,b.82.1.9,112
d2f4pa1,SCOPe-ALL,family,b.82.1.9,b,b.82,b.82.1,b.82.1.9,134
d1o4ta_,SCOPe-ALL,family,b.82.1.9,b,b.82,b.82.1,b.82.1.9,115
d1v70a_,SCOPe-ALL,family,b.82.1.9,b,b.82,b.82.1,b.82.1.9,105
d2bnma2,SCOPe-ALL,family,b.82.1.10,b,b.82,b.82.1,b.82.1.10,122
d5wsfa_,SCOPe-ALL,family,b.82.1.10,b,b.82,b.82.1,b.82.1.10,114
d1sq4a_,SCOPe-ALL,family,b.82.1.11,b,b.82,b.82.1,b.82.1.11,273
d1sfna_,SCOPe-ALL,family,b.82.1.11,b,b.82,b.82.1,b.82.1.11,245
d1sefa_,SCOPe-ALL,family,b.82.1.11,b,b.82,b.82.1,b.82.1.11,250
d1tq5a1,SCOPe-ALL,family,b.82.1.12,b,b.82,b.82.1,b.82.1.12,231
d6n0ka_,SCOPe-ALL,family,b.82.1.12,b,b.82,b.82.1,b.82.1.12,288
d1xrua1,SCOPe-ALL,family,b.82.1.13,b,b.82,b.82.1,b.82.1.13,277
d1xsqa_,SCOPe-ALL,family,b.82.1.14,b,b.82,b.82.1,b.82.1.14,160
d1y9qa2,SCOPe-ALL,family,b.82.1.15,b,b.82,b.82.1,b.82.1.15,99
d1znpa1,SCOPe-ALL,family,b.82.1.16,b,b.82,b.82.1,b.82.1.16,140
d1yuda1,SCOPe-ALL,family,b.82.1.16,b,b.82,b.82.1,b.82.1.16,158
d1xe7a1,SCOPe-ALL,family,b.82.1.16,b,b.82,b.82.1,b.82.1.16,193
d1ylla1,SCOPe-ALL,family,b.82.1.17,b,b.82,b.82.1,b.82.1.17,195
d2b8ma1,SCOPe-ALL,family,b.82.1.18,b,b.82,b.82.1,b.82.1.18,108
d4ieua_,SCOPe-ALL,family,b.82.1.19,b,b.82,b.82.1,b.82.1.19,186
d2gm6a_,SCOPe-ALL,family,b.82.1.19,b,b.82,b.82.1,b.82.1.19,192
d1zvfa1,SCOPe-ALL,family,b.82.1.20,b,b.82,b.82.1,b.82.1.20,175
d6viaa1,SCOPe-ALL,family,b.82.1.20,b,b.82,b.82.1,b.82.1.20,174
d2o1qa1,SCOPe-ALL,family,b.82.1.21,b,b.82,b.82.1,b.82.1.21,144
d2oyza1,SCOPe-ALL,family,b.82.1.22,b,b.82,b.82.1,b.82.1.22,93
d2d40a1,SCOPe-ALL,family,b.82.1.23,b,b.82,b.82.1,b.82.1.23,308
d3bu7a1,SCOPe-ALL,family,b.82.1.23,b,b.82,b.82.1,b.82.1.23,355
d3nl1a_,SCOPe-ALL,family,b.82.1.23,b,b.82,b.82.1,b.82.1.23,366
d2pyta1,SCOPe-ALL,family,b.82.1.24,b,b.82,b.82.1,b.82.1.24,128
d3hqxa_,SCOPe-ALL,family,b.82.1.0,b,b.82,b.82.1,b.82.1.0,105
d3loia_,SCOPe-ALL,family,b.82.1.0,b,b.82,b.82.1,b.82.1.0,161
d4axoa_,SCOPe-ALL,family,b.82.1.0,b,b.82,b.82.1,b.82.1.0,126
d2ozja_,SCOPe-ALL,family,b.82.1.0,b,b.82,b.82.1,b.82.1.0,110
d2veca_,SCOPe-ALL,family,b.82.1.0,b,b.82,b.82.1,b.82.1.0,227
d4uxaa_,SCOPe-ALL,family,b.82.1.0,b,b.82,b.82.1,b.82.1.0,131
d3rnsa1,SCOPe-ALL,family,b.82.1.0,b,b.82,b.82.1,b.82.1.0,103
d3rnsa2,SCOPe-ALL,family,b.82.1.0,b,b.82,b.82.1,b.82.1.0,100
d4leja1,SCOPe-ALL,family,b.82.1.0,b,b.82,b.82.1,b.82.1.0,167
d4leja2,SCOPe-ALL,family,b.82.1.0,b,b.82,b.82.1,b.82.1.0,223
d3zdsa_,SCOPe-ALL,family,b.82.1.0,b,b.82,b.82.1,b.82.1.0,425
d5vf5a1,SCOPe-ALL,family,b.82.1.0,b,b.82,b.82.1,b.82.1.0,170
d5vf5a2,SCOPe-ALL,family,b.82.1.0,b,b.82,b.82.1,b.82.1.0,224
d2d5fa1,SCOPe-ALL,family,b.82.1.0,b,b.82,b.82.1,b.82.1.0,243
d2d5fa2,SCOPe-ALL,family,b.82.1.0,b,b.82,b.82.1,b.82.1.0,168
d4hn1a1,SCOPe-ALL,family,b.82.1.0,b,b.82,b.82.1,b.82.1.0,196
d4e2qa_,SCOPe-ALL,family,b.82.1.0,b,b.82,b.82.1,b.82.1.0,260
d5buva1,SCOPe-ALL,family,b.82.1.0,b,b.82,b.82.1,b.82.1.0,172
d1w9ya1,SCOPe-ALL,family,b.82.2.1,b,b.82,b.82.2,b.82.2.1,307
d1gp6a_,SCOPe-ALL,family,b.82.2.1,b,b.82,b.82.2,b.82.2.1,350
d1dcsa_,SCOPe-ALL,family,b.82.2.1,b,b.82,b.82.2,b.82.2.1,311
d2bu9a_,SCOPe-ALL,family,b.82.2.1,b,b.82,b.82.2,b.82.2.1,329
d1ds1a_,SCOPe-ALL,family,b.82.2.2,b,b.82,b.82.2,b.82.2.2,323
d2r6sa_,SCOPe-ALL,family,b.82.2.3,b,b.82,b.82.2,b.82.2.3,311
d1e5ra_,SCOPe-ALL,family,b.82.2.4,b,b.82,b.82.2,b.82.2.4,290
d3n6wa2,SCOPe-ALL,family,b.82.2.5,b,b.82,b.82.2,b.82.2.5,290
d1vz5a_,SCOPe-ALL,family,b.82.2.5,b,b.82,b.82.2,b.82.2.5,288
d1otja_,SCOPe-ALL,family,b.82.2.5,b,b.82,b.82.2,b.82.2.5,281
d3od4a_,SCOPe-ALL,family,b.82.2.6,b,b.82,b.82.2,b.82.2.6,342
d1s4ca_,SCOPe-ALL,family,b.82.2.7,b,b.82,b.82.2,b.82.2.7,155
d1nx4a_,SCOPe-ALL,family,b.82.2.8,b,b.82,b.82.2,b.82.2.8,271
d2q4aa_,SCOPe-ALL,family,b.82.2.8,b,b.82,b.82.2,b.82.2.8,327
d2a1xa1,SCOPe-ALL,family,b.82.2.9,b,b.82,b.82.2,b.82.2.9,296
d2fcta1,SCOPe-ALL,family,b.82.2.9,b,b.82,b.82.2,b.82.2.9,308
d2iuwa1,SCOPe-ALL,family,b.82.2.10,b,b.82,b.82.2,b.82.2.10,210
d4jhta_,SCOPe-ALL,family,b.82.2.10,b,b.82,b.82.2,b.82.2.10,201
d1vrba1,SCOPe-ALL,family,b.82.2.11,b,b.82,b.82.2,b.82.2.11,319
d2dbna_,SCOPe-ALL,family,b.82.2.12,b,b.82,b.82.2,b.82.2.12,420
d3dl3a1,SCOPe-ALL,family,b.82.2.13,b,b.82,b.82.2,b.82.2.13,96
d3bb6a1,SCOPe-ALL,family,b.82.2.13,b,b.82,b.82.2,b.82.2.13,109
d2yu1a_,SCOPe-ALL,family,b.82.2.14,b,b.82,b.82.2,b.82.2.14,416
d5pn0a_,SCOPe-ALL,family,b.82.2.14,b,b.82,b.82.2,b.82.2.14,331
d5r7xa1,SCOPe-ALL,family,b.82.2.14,b,b.82,b.82.2,b.82.2.14,338
d3puaa_,SCOPe-ALL,family,b.82.2.14,b,b.82,b.82.2,b.82.2.14,365
d5fyza1,SCOPe-ALL,family,b.82.2.14,b,b.82,b.82.2,b.82.2.14,329
d2jiga_,SCOPe-ALL,family,b.82.2.15,b,b.82,b.82.2,b.82.2.15,216
d6qgva_,SCOPe-ALL,family,b.82.2.15,b,b.82,b.82.2,b.82.2.15,220
d5vn6a_,SCOPe-ALL,family,b.82.2.0,b,b.82,b.82.2,b.82.2.0,282
d5j92a_,SCOPe-ALL,family,b.82.2.0,b,b.82,b.82.2,b.82.2.0,291
d3ooxa_,SCOPe-ALL,family,b.82.2.0,b,b.82,b.82.2,b.82.2.0,307
d5bk9a_,SCOPe-ALL,family,b.82.2.0,b,b.82,b.82.2,b.82.2.0,289
d5c3qa1,SCOPe-ALL,family,b.82.2.0,b,b.82,b.82.2,b.82.2.0,333
d5xega_,SCOPe-ALL,family,b.82.2.0,b,b.82,b.82.2,b.82.2.0,224
d4j25a1,SCOPe-ALL,family,b.82.2.0,b,b.82,b.82.2,b.82.2.0,205
d4p7xa1,SCOPe-ALL,family,b.82.2.0,b,b.82,b.82.2,b.82.2.0,279
d6l86c_,SCOPe-ALL,family,b.82.2.0,b,b.82,b.82.2,b.82.2.0,295
d6xjja_,SCOPe-ALL,family,b.82.2.0,b,b.82,b.82.2,b.82.2.0,291
d6kwaa_,SCOPe-ALL,family,b.82.2.0,b,b.82,b.82.2,b.82.2.0,267
d6lsva_,SCOPe-ALL,family,b.82.2.0,b,b.82,b.82.2,b.82.2.0,353
d4xaea_,SCOPe-ALL,family,b.82.2.0,b,b.82,b.82.2,b.82.2.0,329
d1ft9a2,SCOPe-ALL,family,b.82.3.1,b,b.82,b.82.3,b.82.3.1,132
d3e5ua2,SCOPe-ALL,family,b.82.3.2,b,b.82,b.82.3,b.82.3.2,139
d1o5la1,SCOPe-ALL,family,b.82.3.2,b,b.82,b.82.3,b.82.3.2,129
d1q3ea_,SCOPe-ALL,family,b.82.3.2,b,b.82,b.82.3,b.82.3.2,193
d1wgpa1,SCOPe-ALL,family,b.82.3.2,b,b.82,b.82.3,b.82.3.2,124
d1zyba2,SCOPe-ALL,family,b.82.3.2,b,b.82,b.82.3,b.82.3.2,147
d1o7fa2,SCOPe-ALL,family,b.82.3.2,b,b.82,b.82.3,b.82.3.2,155
d1o7fa3,SCOPe-ALL,family,b.82.3.2,b,b.82,b.82.3,b.82.3.2,124
d1cx4a2,SCOPe-ALL,family,b.82.3.2,b,b.82,b.82.3,b.82.3.2,147
d2gaua2,SCOPe-ALL,family,b.82.3.2,b,b.82,b.82.3,b.82.3.2,142
d2coha3,SCOPe-ALL,family,b.82.3.2,b,b.82,b.82.3,b.82.3.2,112
d3kcca1,SCOPe-ALL,family,b.82.3.2,b,b.82,b.82.3,b.82.3.2,130
d4muva1,SCOPe-ALL,family,b.82.3.2,b,b.82,b.82.3,b.82.3.2,140
d2bgca2,SCOPe-ALL,family,b.82.3.3,b,b.82,b.82.3,b.82.3.3,135
d3of1a2,SCOPe-ALL,family,b.82.3.0,b,b.82,b.82.3,b.82.3.0,123
d2fmya1,SCOPe-ALL,family,b.82.3.0,b,b.82,b.82.3,b.82.3.0,134
d3r6sa1,SCOPe-ALL,family,b.82.3.0,b,b.82,b.82.3,b.82.3.0,145
d3pnaa_,SCOPe-ALL,family,b.82.3.0,b,b.82,b.82.3,b.82.3.0,129
d6rsxa2,SCOPe-ALL,family,b.82.3.0,b,b.82,b.82.3,b.82.3.0,129
d5l0na_,SCOPe-ALL,family,b.82.3.0,b,b.82,b.82.3,b.82.3.0,127
d5c8wa_,SCOPe-ALL,family,b.82.3.0,b,b.82,b.82.3,b.82.3.0,120
d5e16a_,SCOPe-ALL,family,b.82.3.0,b,b.82,b.82.3,b.82.3.0,138
d4offa_,SCOPe-ALL,family,b.82.3.0,b,b.82,b.82.3,b.82.3.0,124
d5k8sa1,SCOPe-ALL,family,b.82.3.0,b,b.82,b.82.3,b.82.3.0,143
d2z69a1,SCOPe-ALL,family,b.82.3.0,b,b.82,b.82.3,b.82.3.0,150
d4d7sa_,SCOPe-ALL,family,b.82.3.0,b,b.82,b.82.3,b.82.3.0,197
d5j3ua1,SCOPe-ALL,family,b.82.3.0,b,b.82,b.82.3,b.82.3.0,121
d6ftfb1,SCOPe-ALL,family,b.82.3.0,b,b.82,b.82.3,b.82.3.0,145
d6ftfb2,SCOPe-ALL,family,b.82.3.0,b,b.82,b.82.3,b.82.3.0,146
d3iwza1,SCOPe-ALL,family,b.82.3.0,b,b.82,b.82.3,b.82.3.0,137
d3ukna_,SCOPe-ALL,family,b.82.3.0,b,b.82,b.82.3,b.82.3.0,196
d2arca_,SCOPe-ALL,family,b.82.4.1,b,b.82,b.82.4,b.82.4.1,161
d3zzsa_,SCOPe-ALL,family,b.82.5.1,b,b.82,b.82.5,b.82.5.1,65
d1yoxa1,SCOPe-ALL,family,b.82.5.2,b,b.82,b.82.5,b.82.5.2,240
d1pg6a_,SCOPe-ALL,family,b.82.5.2,b,b.82,b.82.5,b.82.5.2,227
d1ig0a1,SCOPe-ALL,family,b.82.6.1,b,b.82,b.82.6,b.82.6.1,96
d1ig3a1,SCOPe-ALL,family,b.82.6.1,b,b.82,b.82.6,b.82.6.1,85
d3ar4a2,SCOPe-ALL,family,b.82.7.1,b,b.82,b.82.7,b.82.7.1,115
d2zxea3,SCOPe-ALL,family,b.82.7.1,b,b.82,b.82.7,b.82.7.1,108
d1v1ha1,SCOPe-ALL,family,b.83.1.1,b,b.83,b.83.1,b.83.1.1,74
d2oj5b1,SCOPe-ALL,family,b.83.1.0,b,b.83,b.83.1,b.83.1.0,20
d1dcza_,SCOPe-ALL,family,b.84.1.1,b,b.84,b.84.1,b.84.1.1,77
d1bdoa_,SCOPe-ALL,family,b.84.1.1,b,b.84,b.84.1,b.84.1.1,80
d2pnrc_,SCOPe-ALL,family,b.84.1.1,b,b.84,b.84.1,b.84.1.1,79
d1ghja_,SCOPe-ALL,family,b.84.1.1,b,b.84,b.84.1,b.84.1.1,79
d1k8ma1,SCOPe-ALL,family,b.84.1.1,b,b.84,b.84.1,b.84.1.1,84
d2k7va1,SCOPe-ALL,family,b.84.1.1,b,b.84,b.84.1,b.84.1.1,84
d2l5ta_,SCOPe-ALL,family,b.84.1.1,b,b.84,b.84.1,b.84.1.1,77
d3wdna_,SCOPe-ALL,family,b.84.1.0,b,b.84,b.84.1,b.84.1.0,125
d3hgba1,SCOPe-ALL,family,b.84.1.0,b,b.84,b.84.1,b.84.1.0,133
d1w96a1,SCOPe-ALL,family,b.84.2.1,b,b.84,b.84.2,b.84.2.1,116
d2w70a3,SCOPe-ALL,family,b.84.2.1,b,b.84,b.84.2,b.84.2.1,116
d1gsoa1,SCOPe-ALL,family,b.84.2.1,b,b.84,b.84.2,b.84.2.1,99
d1vkza1,SCOPe-ALL,family,b.84.2.1,b,b.84,b.84.2,b.84.2.1,86
d1kjqa1,SCOPe-ALL,family,b.84.2.1,b,b.84,b.84.2,b.84.2.1,74
d3etja1,SCOPe-ALL,family,b.84.2.1,b,b.84,b.84.2,b.84.2.1,79
d1e2wa2,SCOPe-ALL,family,b.84.2.2,b,b.84,b.84.2,b.84.2.2,64
d3lp8a3,SCOPe-ALL,family,b.84.2.0,b,b.84,b.84.2,b.84.2.0,95
d2dzda3,SCOPe-ALL,family,b.84.2.0,b,b.84,b.84.2,b.84.2.0,122
d5mlka3,SCOPe-ALL,family,b.84.2.0,b,b.84,b.84.2,b.84.2.0,126
d1gpra_,SCOPe-ALL,family,b.84.3.1,b,b.84,b.84.3,b.84.3.1,158
d1glaf_,SCOPe-ALL,family,b.84.3.1,b,b.84,b.84.3,b.84.3.1,168
d1qwya_,SCOPe-ALL,family,b.84.3.2,b,b.84,b.84.3,b.84.3.2,270
d1v8qa_,SCOPe-ALL,family,b.84.4.1,b,b.84,b.84.4,b.84.4.1,66
d2ba0a2,SCOPe-ALL,family,b.84.4.2,b,b.84,b.84.4,b.84.4.2,51
d2je6i2,SCOPe-ALL,family,b.84.4.2,b,b.84,b.84.4,b.84.4.2,59
d2nn6i2,SCOPe-ALL,family,b.84.4.2,b,b.84,b.84.4,b.84.4.2,55
d2nn6h2,SCOPe-ALL,family,b.84.4.2,b,b.84,b.84.4,b.84.4.2,48
d2nn6g2,SCOPe-ALL,family,b.84.4.2,b,b.84,b.84.4,b.84.4.2,91
d1vdza2,SCOPe-ALL,family,b.84.5.1,b,b.84,b.84.5,b.84.5.1,77
d1vlia1,SCOPe-ALL,family,b.85.1.1,b,b.85,b.85.1,b.85.1.1,72
d1ucsa_,SCOPe-ALL,family,b.85.1.1,b,b.85,b.85.1,b.85.1.1,64
d2wqpa2,SCOPe-ALL,family,b.85.1.0,b,b.85,b.85.1,b.85.1.0,68
d1c5ea_,SCOPe-ALL,family,b.85.2.1,b,b.85,b.85.2,b.85.2.1,95
d6rkgb_,SCOPe-ALL,family,b.85.3.1,b,b.85,b.85.3,b.85.3.1,122
d1pkha_,SCOPe-ALL,family,b.85.4.1,b,b.85,b.85.4,b.85.4.1,182
d2qxxa_,SCOPe-ALL,family,b.85.4.1,b,b.85,b.85.4,b.85.4.1,189
d1euwa1,SCOPe-ALL,family,b.85.4.1,b,b.85,b.85.4,b.85.4.1,135
d1f7da_,SCOPe-ALL,family,b.85.4.1,b,b.85,b.85.4,b.85.4.1,118
d1sixa1,SCOPe-ALL,family,b.85.4.1,b,b.85,b.85.4,b.85.4.1,144
d2bsya1,SCOPe-ALL,family,b.85.4.1,b,b.85,b.85.4,b.85.4.1,113
d2bsya2,SCOPe-ALL,family,b.85.4.1,b,b.85,b.85.4,b.85.4.1,136
d3t64a_,SCOPe-ALL,family,b.85.4.1,b,b.85,b.85.4,b.85.4.1,167
d4xjca_,SCOPe-ALL,family,b.85.4.0,b,b.85,b.85.4,b.85.4.0,177
d4b0ha_,SCOPe-ALL,family,b.85.4.0,b,b.85,b.85.4,b.85.4.0,130
d3lqwa_,SCOPe-ALL,family,b.85.4.0,b,b.85,b.85.4,b.85.4.0,129
d3tq5a_,SCOPe-ALL,family,b.85.4.0,b,b.85,b.85.4,b.85.4.0,113
d7n6sa1,SCOPe-ALL,family,b.85.4.0,b,b.85,b.85.4,b.85.4.0,134
d4gv8a_,SCOPe-ALL,family,b.85.4.0,b,b.85,b.85.4,b.85.4.0,153
d5y5qa_,SCOPe-ALL,family,b.85.4.0,b,b.85,b.85.4,b.85.4.0,148
d1tula_,SCOPe-ALL,family,b.85.5.1,b,b.85,b.85.5,b.85.5.1,102
d2nqra1,SCOPe-ALL,family,b.85.6.1,b,b.85,b.85.6,b.85.6.1,84
d1uz5a1,SCOPe-ALL,family,b.85.6.1,b,b.85,b.85.6,b.85.6.1,74
d1wu2a1,SCOPe-ALL,family,b.85.6.1,b,b.85,b.85.6,b.85.6.1,72
d6fgca3,SCOPe-ALL,family,b.85.6.0,b,b.85,b.85.6,b.85.6.0,83
d1ml9a_,SCOPe-ALL,family,b.85.7.1,b,b.85,b.85.7,b.85.7.1,284
d2f69a2,SCOPe-ALL,family,b.85.7.1,b,b.85,b.85.7,b.85.7.1,171
d1mvha_,SCOPe-ALL,family,b.85.7.1,b,b.85,b.85.7,b.85.7.1,269
d3kmaa_,SCOPe-ALL,family,b.85.7.2,b,b.85,b.85.7,b.85.7.2,105
d1p0ya2,SCOPe-ALL,family,b.85.7.3,b,b.85,b.85.7,b.85.7.3,262
d3bo5a_,SCOPe-ALL,family,b.85.7.0,b,b.85,b.85.7,b.85.7.0,279
d3hnaa1,SCOPe-ALL,family,b.85.7.0,b,b.85,b.85.7,b.85.7.0,285
d5h6za_,SCOPe-ALL,family,b.85.7.0,b,b.85,b.85.7,b.85.7.0,123
d6tyya_,SCOPe-ALL,family,b.86.1.1,b,b.86,b.86.1,b.86.1.1,146
d1am2a_,SCOPe-ALL,family,b.86.1.2,b,b.86,b.86.1,b.86.1.2,199
d1dq3a1,SCOPe-ALL,family,b.86.1.2,b,b.86,b.86.1,b.86.1.2,169
d1gppa1,SCOPe-ALL,family,b.86.1.2,b,b.86,b.86.1,b.86.1.2,228
d6frea1,SCOPe-ALL,family,b.86.1.2,b,b.86,b.86.1,b.86.1.2,165
d7cfva_,SCOPe-ALL,family,b.86.1.0,b,b.86,b.86.1,b.86.1.0,137
d3nzma_,SCOPe-ALL,family,b.86.1.0,b,b.86,b.86.1,b.86.1.0,164
d1f39a_,SCOPe-ALL,family,b.87.1.1,b,b.87,b.87.1,b.87.1.1,101
d1jhfa2,SCOPe-ALL,family,b.87.1.1,b,b.87,b.87.1,b.87.1.1,126
d1umua_,SCOPe-ALL,family,b.87.1.1,b,b.87,b.87.1,b.87.1.1,105
d1b12a_,SCOPe-ALL,family,b.87.1.2,b,b.87,b.87.1,b.87.1.2,247
d3k2za2,SCOPe-ALL,family,b.87.1.0,b,b.87,b.87.1,b.87.1.0,126
d1hxra_,SCOPe-ALL,family,b.88.1.1,b,b.88,b.88.1,b.88.1.1,115
d5o9ma1,SCOPe-ALL,family,b.88.1.2,b,b.88,b.88.1,b.88.1.2,172
d1txja_,SCOPe-ALL,family,b.88.1.2,b,b.88,b.88.1,b.88.1.2,171
d1l1da_,SCOPe-ALL,family,b.88.1.3,b,b.88,b.88.1,b.88.1.3,144
d1x6ma1,SCOPe-ALL,family,b.88.1.4,b,b.88,b.88.1,b.88.1.4,193
d6j2ya1,SCOPe-ALL,family,b.88.1.0,b,b.88,b.88.1,b.88.1.0,180
d2kwba1,SCOPe-ALL,family,b.88.1.0,b,b.88,b.88.1,b.88.1.0,181
d3ga3a1,SCOPe-ALL,family,b.88.2.1,b,b.88,b.88.2,b.88.2.1,125
d2w4ra_,SCOPe-ALL,family,b.88.2.1,b,b.88,b.88.2,b.88.2.1,131
d4a2va_,SCOPe-ALL,family,b.88.2.0,b,b.88,b.88.2,b.88.2.0,127
d3czza_,SCOPe-ALL,family,b.89.1.1,b,b.89,b.89.1,b.89.1.1,101
d2jzla_,SCOPe-ALL,family,b.89.1.0,b,b.89,b.89.1,b.89.1.0,111
d2l2fa_,SCOPe-ALL,family,b.89.1.0,b,b.89,b.89.1,b.89.1.0,108
d2yhha_,SCOPe-ALL,family,b.89.1.0,b,b.89,b.89.1,b.89.1.0,108
d2jzka_,SCOPe-ALL,family,b.89.1.0,b,b.89,b.89.1,b.89.1.0,103
d1lkta_,SCOPe-ALL,family,b.90.1.1,b,b.90,b.90.1,b.90.1.1,104
d2nnua2,SCOPe-ALL,family,b.91.1.1,b,b.91,b.91.1,b.91.1.1,200
d1qqha_,SCOPe-ALL,family,b.91.1.1,b,b.91,b.91.1,b.91.1.1,144
d2jexa_,SCOPe-ALL,family,b.91.1.0,b,b.91,b.91.1,b.91.1.0,197
d4ep8c1,SCOPe-ALL,family,b.92.1.1,b,b.92,b.92.1,b.92.1.1,182
d1ra0a1,SCOPe-ALL,family,b.92.1.2,b,b.92,b.92.1,b.92.1.2,104
d1gkpa1,SCOPe-ALL,family,b.92.1.3,b,b.92,b.92.1,b.92.1.3,124
d1kcxa1,SCOPe-ALL,family,b.92.1.3,b,b.92,b.92.1,b.92.1.3,143
d2ftwa1,SCOPe-ALL,family,b.92.1.3,b,b.92,b.92.1,b.92.1.3,151
d2fvka1,SCOPe-ALL,family,b.92.1.3,b,b.92,b.92.1,b.92.1.3,157
d1gkra1,SCOPe-ALL,family,b.92.1.3,b,b.92,b.92.1,b.92.1.3,127
d1xrta1,SCOPe-ALL,family,b.92.1.3,b,b.92,b.92.1,b.92.1.3,113
d2ooda1,SCOPe-ALL,family,b.92.1.4,b,b.92,b.92.1,b.92.1.4,140
d2i9ua1,SCOPe-ALL,family,b.92.1.4,b,b.92,b.92.1,b.92.1.4,110
d4aqla1,SCOPe-ALL,family,b.92.1.4,b,b.92,b.92.1,b.92.1.4,130
d2paja1,SCOPe-ALL,family,b.92.1.4,b,b.92,b.92.1,b.92.1.4,140
d1p1ma1,SCOPe-ALL,family,b.92.1.4,b,b.92,b.92.1,b.92.1.4,124
d2vhla1,SCOPe-ALL,family,b.92.1.5,b,b.92,b.92.1,b.92.1.5,92
d1yrra1,SCOPe-ALL,family,b.92.1.5,b,b.92,b.92.1,b.92.1.5,86
d1o12a1,SCOPe-ALL,family,b.92.1.5,b,b.92,b.92.1,b.92.1.5,77
d1rk6a1,SCOPe-ALL,family,b.92.1.6,b,b.92,b.92.1,b.92.1.6,55
d1rk6a2,SCOPe-ALL,family,b.92.1.6,b,b.92,b.92.1,b.92.1.6,61
d1po9a1,SCOPe-ALL,family,b.92.1.7,b,b.92,b.92.1,b.92.1.7,105
d2icsa1,SCOPe-ALL,family,b.92.1.8,b,b.92,b.92.1,b.92.1.8,102
d3mkva1,SCOPe-ALL,family,b.92.1.9,b,b.92,b.92.1,b.92.1.9,104
d2qs8a1,SCOPe-ALL,family,b.92.1.9,b,b.92,b.92.1,b.92.1.9,95
d3be7a1,SCOPe-ALL,family,b.92.1.9,b,b.92,b.92.1,b.92.1.9,94
d2puza1,SCOPe-ALL,family,b.92.1.10,b,b.92,b.92.1,b.92.1.10,104
d2bb0a1,SCOPe-ALL,family,b.92.1.10,b,b.92,b.92.1,b.92.1.10,114
d2q09a1,SCOPe-ALL,family,b.92.1.10,b,b.92,b.92.1,b.92.1.10,104
d2p9ba1,SCOPe-ALL,family,b.92.1.10,b,b.92,b.92.1,b.92.1.10,119
d2imra1,SCOPe-ALL,family,b.92.1.11,b,b.92,b.92.1,b.92.1.11,78
d2hldh1,SCOPe-ALL,family,b.93.1.1,b,b.93,b.93.1,b.93.1.1,80
d2jdih2,SCOPe-ALL,family,b.93.1.1,b,b.93,b.93.1,b.93.1.1,84
d1aqta2,SCOPe-ALL,family,b.93.1.1,b,b.93,b.93.1,b.93.1.1,85
d1f35a_,SCOPe-ALL,family,b.94.1.1,b,b.94,b.94.1,b.94.1.1,162
d2ag4a2,SCOPe-ALL,family,b.95.1.1,b,b.95,b.95.1,b.95.1.1,162
d7ndva_,SCOPe-ALL,family,b.96.1.1,b,b.96,b.96.1,b.96.1.1,205
d2xysa_,SCOPe-ALL,family,b.96.1.0,b,b.96,b.96.1,b.96.1.0,205
d4afha_,SCOPe-ALL,family,b.96.1.0,b,b.96,b.96.1,b.96.1.0,213
d4uxua_,SCOPe-ALL,family,b.96.1.0,b,b.96,b.96.1,b.96.1.0,210
d6dw1a_,SCOPe-ALL,family,b.96.1.0,b,b.96,b.96.1,b.96.1.0,210
d6dw1b_,SCOPe-ALL,family,b.96.1.0,b,b.96,b.96.1,b.96.1.0,210
d1gwya_,SCOPe-ALL,family,b.97.1.1,b,b.97,b.97.1,b.97.1.1,175
d2ofca_,SCOPe-ALL,family,b.97.1.2,b,b.97,b.97.1,b.97.1.2,141
d4qmea1,SCOPe-ALL,family,b.98.1.1,b,b.98,b.98.1,b.98.1.1,187
d3u9wa1,SCOPe-ALL,family,b.98.1.1,b,b.98,b.98.1,b.98.1.1,206
d1z1wa1,SCOPe-ALL,family,b.98.1.1,b,b.98,b.98.1,b.98.1.1,170
d6q4ra1,SCOPe-ALL,family,b.98.1.0,b,b.98,b.98.1,b.98.1.0,210
d4fkea1,SCOPe-ALL,family,b.98.1.0,b,b.98,b.98.1,b.98.1.0,220
d1t2wa_,SCOPe-ALL,family,b.100.1.1,b,b.100,b.100.1,b.100.1.1,145
d1qwza1,SCOPe-ALL,family,b.100.1.1,b,b.100,b.100.1,b.100.1.1,214
d5yfka_,SCOPe-ALL,family,b.100.1.0,b,b.100,b.100.1,b.100.1.0,217
d1e44b_,SCOPe-ALL,family,b.101.1.1,b,b.101,b.101.1,b.101.1.1,96
d1fjra_,SCOPe-ALL,family,b.102.1.1,b,b.102,b.102.1,b.102.1.1,188
d2nqra2,SCOPe-ALL,family,b.103.1.1,b,b.103,b.103.1,b.103.1.1,171
d1uz5a2,SCOPe-ALL,family,b.103.1.1,b,b.103,b.103.1,b.103.1.1,176
d6fgca1,SCOPe-ALL,family,b.103.1.1,b,b.103,b.103.1,b.103.1.1,180
d1jhna3,SCOPe-ALL,family,b.104.1.1,b,b.104,b.104.1,b.104.1.1,142
d1k91a1,SCOPe-ALL,family,b.104.1.1,b,b.104,b.104.1,b.104.1.1,36
d1xp4a1,SCOPe-ALL,family,b.105.1.1,b,b.105,b.105.1,b.105.1.1,93
d3beca1,SCOPe-ALL,family,b.105.1.1,b,b.105,b.105.1,b.105.1.1,93
d7kcva2,SCOPe-ALL,family,b.105.1.0,b,b.105,b.105.1,b.105.1.0,68
d1wrua1,SCOPe-ALL,family,b.106.1.1,b,b.106,b.106.1,b.106.1.1,170
d3d37a2,SCOPe-ALL,family,b.106.1.1,b,b.106,b.106.1,b.106.1.1,169
d3cdda1,SCOPe-ALL,family,b.106.1.1,b,b.106,b.106.1,b.106.1.1,168
d1wrua2,SCOPe-ALL,family,b.106.1.1,b,b.106,b.106.1,b.106.1.1,174
d3d37a1,SCOPe-ALL,family,b.106.1.1,b,b.106,b.106.1,b.106.1.1,173
d3cdda2,SCOPe-ALL,family,b.106.1.1,b,b.106,b.106.1,b.106.1.1,179
d1k28d1,SCOPe-ALL,family,b.106.1.1,b,b.106,b.106.1,b.106.1.1,197
d1k28d2,SCOPe-ALL,family,b.106.1.1,b,b.106,b.106.1,b.106.1.1,176
d2p5zx2,SCOPe-ALL,family,b.106.1.1,b,b.106,b.106.1,b.106.1.1,187
d2p5zx3,SCOPe-ALL,family,b.106.1.1,b,b.106,b.106.1,b.106.1.1,176
d2pp6a1,SCOPe-ALL,family,b.106.1.2,b,b.106,b.106.1,b.106.1.2,93
d2kx4a_,SCOPe-ALL,family,b.106.1.2,b,b.106,b.106.1,b.106.1.2,117
d2guja1,SCOPe-ALL,family,b.106.1.3,b,b.106,b.106.1,b.106.1.3,139
d6gkxa_,SCOPe-ALL,family,b.106.1.0,b,b.106,b.106.1,b.106.1.0,136
d1eara1,SCOPe-ALL,family,b.107.1.1,b,b.107,b.107.1,b.107.1.1,74
d1gmua1,SCOPe-ALL,family,b.107.1.1,b,b.107,b.107.1,b.107.1.1,70
d1h6wa1,SCOPe-ALL,family,b.108.1.1,b,b.108,b.108.1,b.108.1.1,82
d1k28a2,SCOPe-ALL,family,b.108.1.2,b,b.108,b.108.1,b.108.1.2,215
d2f0ca2,SCOPe-ALL,family,b.108.1.4,b,b.108,b.108.1,b.108.1.4,46
d1zrua2,SCOPe-ALL,family,b.108.1.4,b,b.108,b.108.1,b.108.1.4,21
d2c3fa1,SCOPe-ALL,family,b.108.1.5,b,b.108,b.108.1,b.108.1.5,330
d3ju4a2,SCOPe-ALL,family,b.108.1.0,b,b.108,b.108.1,b.108.1.0,150
d2biba1,SCOPe-ALL,family,b.109.1.1,b,b.109,b.109.1,b.109.1.1,233
d2j8ga1,SCOPe-ALL,family,b.109.1.1,b,b.109,b.109.1,b.109.1.1,149
d1rh1a1,SCOPe-ALL,family,b.110.1.1,b,b.110,b.110.1,b.110.1.1,303
d2b5ua2,SCOPe-ALL,family,b.110.1.1,b,b.110,b.110.1,b.110.1.1,232
d1wjxa_,SCOPe-ALL,family,b.111.1.1,b,b.111,b.111.1,b.111.1.1,120
d5id6a3,SCOPe-ALL,family,b.111.2.1,b,b.111,b.111.2,b.111.2.1,237
d1js8a2,SCOPe-ALL,family,b.112.1.1,b,b.112,b.112.1,b.112.1.1,101
d1r2za2,SCOPe-ALL,family,b.113.1.1,b,b.113,b.113.1,b.113.1.1,133
d1k82a2,SCOPe-ALL,family,b.113.1.1,b,b.113,b.113.1,b.113.1.1,128
d1tdza2,SCOPe-ALL,family,b.113.1.1,b,b.113,b.113.1,b.113.1.1,130
d1ee8a2,SCOPe-ALL,family,b.113.1.1,b,b.113,b.113.1,b.113.1.1,121
d1k3xa2,SCOPe-ALL,family,b.113.1.1,b,b.113,b.113.1,b.113.1.1,124
d5itqa1,SCOPe-ALL,family,b.113.1.1,b,b.113,b.113.1,b.113.1.1,130
d1m1ha1,SCOPe-ALL,family,b.114.1.1,b,b.114,b.114.1,b.114.1.1,81
d1vyya_,SCOPe-ALL,family,b.115.1.1,b,b.115,b.115.1,b.115.1.1,113
d1mkfa_,SCOPe-ALL,family,b.116.1.1,b,b.116,b.116.1,b.116.1.1,371
d1udxa1,SCOPe-ALL,family,b.117.1.1,b,b.117,b.117.1,b.117.1.1,156
d1o70a1,SCOPe-ALL,family,b.118.1.1,b,b.118,b.118.1,b.118.1.1,140
d1o70a2,SCOPe-ALL,family,b.118.1.1,b,b.118,b.118.1,b.118.1.1,157
d1nyoa_,SCOPe-ALL,family,b.118.1.1,b,b.118,b.118.1,b.118.1.1,163
d1o75a3,SCOPe-ALL,family,b.120.1.1,b,b.120,b.120.1,b.120.1.1,200
d3pmsa1,SCOPe-ALL,family,b.121.1.1,b,b.121,b.121.1,b.121.1.1,137
d3pmsa2,SCOPe-ALL,family,b.121.1.1,b,b.121,b.121.1,b.121.1.1,174
d1yi9a1,SCOPe-ALL,family,b.121.1.2,b,b.121,b.121.1,b.121.1.2,152
d1yi9a2,SCOPe-ALL,family,b.121.1.2,b,b.121,b.121.1,b.121.1.2,157
d1hx6a2,SCOPe-ALL,family,b.121.2.1,b,b.121,b.121.2,b.121.2.1,140
d1hx6a1,SCOPe-ALL,family,b.121.2.1,b,b.121,b.121.2,b.121.2.1,230
d3tg7a2,SCOPe-ALL,family,b.121.2.2,b,b.121,b.121.2,b.121.2.2,310
d3tg7a1,SCOPe-ALL,family,b.121.2.2,b,b.121,b.121.2,b.121.2.2,630
d1m3ya1,SCOPe-ALL,family,b.121.2.3,b,b.121,b.121.2,b.121.2.3,197
d1m3ya2,SCOPe-ALL,family,b.121.2.3,b,b.121,b.121.2,b.121.2.3,216
d1nlqa_,SCOPe-ALL,family,b.121.3.1,b,b.121,b.121.3,b.121.3.1,105
d1xe0a1,SCOPe-ALL,family,b.121.3.1,b,b.121,b.121.3,b.121.3.1,105
d3t30a_,SCOPe-ALL,family,b.121.3.0,b,b.121,b.121.3,b.121.3.0,105
d1b35a_,SCOPe-ALL,family,b.121.4.1,b,b.121,b.121.4,b.121.4.1,260
d1b35b_,SCOPe-ALL,family,b.121.4.1,b,b.121,b.121.4,b.121.4.1,255
d1tme3_,SCOPe-ALL,family,b.121.4.1,b,b.121,b.121.4,b.121.4.1,232
d4q4w1_,SCOPe-ALL,family,b.121.4.1,b,b.121,b.121.4,b.121.4.1,281
d4q4w3_,SCOPe-ALL,family,b.121.4.1,b,b.121,b.121.4,b.121.4.1,234
d6t40a_,SCOPe-ALL,family,b.121.4.1,b,b.121,b.121.4,b.121.4.1,271
d4iv1a_,SCOPe-ALL,family,b.121.4.1,b,b.121,b.121.4,b.121.4.1,210
d4iv1c_,SCOPe-ALL,family,b.121.4.1,b,b.121,b.121.4,b.121.4.1,221
d5cfca_,SCOPe-ALL,family,b.121.4.1,b,b.121,b.121.4,b.121.4.1,252
d1pgl11,SCOPe-ALL,family,b.121.4.2,b,b.121,b.121.4,b.121.4.2,185
d1a6ca1,SCOPe-ALL,family,b.121.4.2,b,b.121,b.121.4,b.121.4.2,176
d1a6ca2,SCOPe-ALL,family,b.121.4.2,b,b.121,b.121.4,b.121.4.2,172
d1a6ca3,SCOPe-ALL,family,b.121.4.2,b,b.121,b.121.4,b.121.4.2,165
d5fmol1,SCOPe-ALL,family,b.121.4.2,b,b.121,b.121.4,b.121.4.2,182
d5fmol2,SCOPe-ALL,family,b.121.4.2,b,b.121,b.121.4,b.121.4.2,188
d5fmos_,SCOPe-ALL,family,b.121.4.2,b,b.121,b.121.4,b.121.4.2,194
d2bbva_,SCOPe-ALL,family,b.121.4.4,b,b.121,b.121.4,b.121.4.4,308
d1yc61_,SCOPe-ALL,family,b.121.4.5,b,b.121,b.121.4,b.121.4.5,154
d1f15a_,SCOPe-ALL,family,b.121.4.5,b,b.121,b.121.4,b.121.4.5,157
d1ddla_,SCOPe-ALL,family,b.121.4.6,b,b.121,b.121.4,b.121.4.6,188
d1auya_,SCOPe-ALL,family,b.121.4.6,b,b.121,b.121.4,b.121.4.6,163
d1opoa_,SCOPe-ALL,family,b.121.4.7,b,b.121,b.121.4,b.121.4.7,267
d1c8na_,SCOPe-ALL,family,b.121.4.7,b,b.121,b.121.4,b.121.4.7,189
d1ng0a_,SCOPe-ALL,family,b.121.4.7,b,b.121,b.121.4,b.121.4.7,192
d1f2na_,SCOPe-ALL,family,b.121.4.7,b,b.121,b.121.4,b.121.4.7,189
d2tbva_,SCOPe-ALL,family,b.121.4.7,b,b.121,b.121.4,b.121.4.7,287
d1x36a_,SCOPe-ALL,family,b.121.4.7,b,b.121,b.121.4,b.121.4.7,198
d1ohfa_,SCOPe-ALL,family,b.121.4.8,b,b.121,b.121.4,b.121.4.8,539
d2df7a1,SCOPe-ALL,family,b.121.4.9,b,b.121,b.121.4,b.121.4.9,419
d5aooc_,SCOPe-ALL,family,b.121.4.0,b,b.121,b.121.4,b.121.4.0,220
d4jgya_,SCOPe-ALL,family,b.121.4.0,b,b.121,b.121.4,b.121.4.0,236
d3lq6a_,SCOPe-ALL,family,b.121.4.0,b,b.121,b.121.4,b.121.4.0,313
d6p4la_,SCOPe-ALL,family,b.121.4.0,b,b.121,b.121.4,b.121.4.0,203
d4ooxa1,SCOPe-ALL,family,b.121.4.0,b,b.121,b.121.4,b.121.4.0,306
d3asta_,SCOPe-ALL,family,b.121.4.0,b,b.121,b.121.4,b.121.4.0,311
d5k0ua_,SCOPe-ALL,family,b.121.4.0,b,b.121,b.121.4,b.121.4.0,263
d2izwa_,SCOPe-ALL,family,b.121.4.0,b,b.121,b.121.4,b.121.4.0,178
d3cjia_,SCOPe-ALL,family,b.121.4.0,b,b.121,b.121.4,b.121.4.0,258
d3cjib_,SCOPe-ALL,family,b.121.4.0,b,b.121,b.121.4,b.121.4.0,238
d2bpa1_,SCOPe-ALL,family,b.121.5.1,b,b.121,b.121.5,b.121.5.1,426
d1m06g_,SCOPe-ALL,family,b.121.5.1,b,b.121,b.121.5,b.121.5.1,187
d2bpa2_,SCOPe-ALL,family,b.121.5.1,b,b.121,b.121.5,b.121.5.1,175
d1s58a_,SCOPe-ALL,family,b.121.5.2,b,b.121,b.121.5,b.121.5.2,536
d4g0ra_,SCOPe-ALL,family,b.121.5.2,b,b.121,b.121.5,b.121.5.2,556
d1dnva_,SCOPe-ALL,family,b.121.5.3,b,b.121,b.121.5,b.121.5.3,415
d7kp3a_,SCOPe-ALL,family,b.121.5.0,b,b.121,b.121.5,b.121.5.0,516
d5y9ea_,SCOPe-ALL,family,b.121.6.1,b,b.121,b.121.6,b.121.6.1,454
d4u60a_,SCOPe-ALL,family,b.121.6.1,b,b.121,b.121.6,b.121.6.1,271
d4pcha_,SCOPe-ALL,family,b.121.6.0,b,b.121,b.121.6,b.121.6.0,264
d1stma_,SCOPe-ALL,family,b.121.7.1,b,b.121,b.121.7,b.121.7.1,141
d1vtz0_,SCOPe-ALL,family,b.121.7.1,b,b.121,b.121.7,b.121.7.1,184
d4oq9a_,SCOPe-ALL,family,b.121.7.1,b,b.121,b.121.7,b.121.7.1,144
d1iq8a3,SCOPe-ALL,family,b.122.1.1,b,b.122,b.122.1,b.122.1.1,77
d2cx1a1,SCOPe-ALL,family,b.122.1.1,b,b.122,b.122.1,b.122.1.1,93
d1q7ha1,SCOPe-ALL,family,b.122.1.1,b,b.122,b.122.1,b.122.1.1,85
d1sqwa1,SCOPe-ALL,family,b.122.1.1,b,b.122,b.122.1,b.122.1.1,82
d1k8wa3,SCOPe-ALL,family,b.122.1.1,b,b.122,b.122.1,b.122.1.1,62
d2apoa1,SCOPe-ALL,family,b.122.1.1,b,b.122,b.122.1,b.122.1.1,85
d1s71a2,SCOPe-ALL,family,b.122.1.1,b,b.122,b.122.1,b.122.1.1,57
d2ab4a1,SCOPe-ALL,family,b.122.1.1,b,b.122,b.122.1,b.122.1.1,80
d2q07a1,SCOPe-ALL,family,b.122.1.1,b,b.122,b.122.1,b.122.1.1,68
d1vhya1,SCOPe-ALL,family,b.122.1.2,b,b.122,b.122.1,b.122.1.2,71
d1v6za1,SCOPe-ALL,family,b.122.1.2,b,b.122,b.122.1,b.122.1.2,63
d1vhka1,SCOPe-ALL,family,b.122.1.2,b,b.122,b.122.1,b.122.1.2,72
d1g8fa1,SCOPe-ALL,family,b.122.1.3,b,b.122,b.122.1,b.122.1.3,167
d1jhda1,SCOPe-ALL,family,b.122.1.3,b,b.122,b.122.1,b.122.1.3,173
d1v47a1,SCOPe-ALL,family,b.122.1.3,b,b.122,b.122.1,b.122.1.3,132
d1t62a1,SCOPe-ALL,family,b.122.1.4,b,b.122,b.122.1,b.122.1.4,153
d2dp9a2,SCOPe-ALL,family,b.122.1.5,b,b.122,b.122.1,b.122.1.5,121
d1xnea_,SCOPe-ALL,family,b.122.1.6,b,b.122,b.122.1,b.122.1.6,113
d2z0ta_,SCOPe-ALL,family,b.122.1.6,b,b.122,b.122.1,b.122.1.6,109
d1te7a_,SCOPe-ALL,family,b.122.1.7,b,b.122,b.122.1,b.122.1.7,103
d1zcea1,SCOPe-ALL,family,b.122.1.8,b,b.122,b.122.1,b.122.1.8,146
d2hd9a1,SCOPe-ALL,family,b.122.1.8,b,b.122,b.122.1,b.122.1.8,145
d2evea1,SCOPe-ALL,family,b.122.1.8,b,b.122,b.122.1,b.122.1.8,148
d2as0a1,SCOPe-ALL,family,b.122.1.9,b,b.122,b.122.1,b.122.1.9,72
d3ldfa1,SCOPe-ALL,family,b.122.1.9,b,b.122,b.122.1,b.122.1.9,68
d1wxxa1,SCOPe-ALL,family,b.122.1.9,b,b.122,b.122.1,b.122.1.9,64
d2anea1,SCOPe-ALL,family,b.122.1.10,b,b.122,b.122.1,b.122.1.10,110
d1zboa1,SCOPe-ALL,family,b.122.1.10,b,b.122,b.122.1,b.122.1.10,197
d2gmqa1,SCOPe-ALL,family,b.122.1.11,b,b.122,b.122.1,b.122.1.11,102
d3fdea1,SCOPe-ALL,family,b.122.1.12,b,b.122,b.122.1,b.122.1.12,208
d2nwaa1,SCOPe-ALL,family,b.122.1.13,b,b.122,b.122.1,b.122.1.13,80
d6we8a1,SCOPe-ALL,family,b.122.1.0,b,b.122,b.122.1,b.122.1.0,163
d2qjfa1,SCOPe-ALL,family,b.122.1.0,b,b.122,b.122.1,b.122.1.0,160
d4wqna_,SCOPe-ALL,family,b.122.1.0,b,b.122,b.122.1,b.122.1.0,151
d5o95a1,SCOPe-ALL,family,b.122.1.0,b,b.122,b.122.1,b.122.1.0,73
d5o8ma_,SCOPe-ALL,family,b.122.1.0,b,b.122,b.122.1,b.122.1.0,134
d7ng2a1,SCOPe-ALL,family,b.122.1.0,b,b.122,b.122.1,b.122.1.0,156
d1nc7a1,SCOPe-ALL,family,b.123.1.1,b,b.123,b.123.1,b.123.1.1,114
d2iiaa_,SCOPe-ALL,family,b.123.1.0,b,b.123,b.123.1,b.123.1.0,101
d1r94a_,SCOPe-ALL,family,b.124.1.1,b,b.124,b.124.1,b.124.1.1,97
d1nwba_,SCOPe-ALL,family,b.124.1.1,b,b.124,b.124.1,b.124.1.1,101
d2p2ea1,SCOPe-ALL,family,b.124.1.1,b,b.124,b.124.1,b.124.1.1,117
d2d2aa_,SCOPe-ALL,family,b.124.1.0,b,b.124,b.124.1,b.124.1.0,114
d2apna_,SCOPe-ALL,family,b.124.1.0,b,b.124,b.124.1,b.124.1.0,114
d1x0ga_,SCOPe-ALL,family,b.124.1.0,b,b.124,b.124.1,b.124.1.0,112
d3ksna_,SCOPe-ALL,family,b.125.1.1,b,b.125,b.125.1,b.125.1.1,182
d3wjta_,SCOPe-ALL,family,b.125.1.2,b,b.125,b.125.1,b.125.1.2,178
d2byoa1,SCOPe-ALL,family,b.125.1.3,b,b.125,b.125.1,b.125.1.3,188
d4qa8a_,SCOPe-ALL,family,b.125.1.0,b,b.125,b.125.1,b.125.1.0,210
d3mh9a1,SCOPe-ALL,family,b.125.1.0,b,b.125,b.125.1,b.125.1.0,202
d2w7qa_,SCOPe-ALL,family,b.125.1.0,b,b.125,b.125.1,b.125.1.0,192
d1n7va_,SCOPe-ALL,family,b.126.1.1,b,b.126,b.126.1,b.126.1.1,555
d1n7za_,SCOPe-ALL,family,b.127.1.1,b,b.127,b.127.1,b.127.1.1,328
d1njha1,SCOPe-ALL,family,b.128.1.1,b,b.128,b.128.1,b.128.1.1,116
d1mvfd_,SCOPe-ALL,family,b.129.1.1,b,b.129,b.129.1,b.129.1.1,44
d1n0ea1,SCOPe-ALL,family,b.129.1.2,b,b.129,b.129.1,b.129.1.2,137
d1yfba_,SCOPe-ALL,family,b.129.1.3,b,b.129,b.129.1,b.129.1.3,52
d2d9ra1,SCOPe-ALL,family,b.129.2.1,b,b.129,b.129.2,b.129.2.1,85
d2nwta1,SCOPe-ALL,family,b.129.2.2,b,b.129,b.129.2,b.129.2.2,61
d4f01a1,SCOPe-ALL,family,b.130.1.1,b,b.130,b.130.1,b.130.1.1,118
d1jeya1,SCOPe-ALL,family,b.131.1.1,b,b.131,b.131.1,b.131.1.1,281
d1jeyb1,SCOPe-ALL,family,b.131.1.2,b,b.131,b.131.1,b.131.1.2,304
d1ow1a_,SCOPe-ALL,family,b.131.1.3,b,b.131,b.131.1,b.131.1.3,170
d4uyba3,SCOPe-ALL,family,b.132.1.0,b,b.132,b.132.1,b.132.1.0,126
d1ogmx1,SCOPe-ALL,family,b.133.1.1,b,b.133,b.133.1,b.133.1.1,199
d2fe0a1,SCOPe-ALL,family,b.134.1.1,b,b.134,b.134.1,b.134.1.1,130
d1r75a_,SCOPe-ALL,family,b.134.1.1,b,b.134,b.134.1,b.134.1.1,121
d1pm4a_,SCOPe-ALL,family,b.135.1.1,b,b.135,b.135.1,b.135.1.1,117
d1ou8a_,SCOPe-ALL,family,b.136.1.1,b,b.136,b.136.1,b.136.1.1,106
d2nysa1,SCOPe-ALL,family,b.136.1.2,b,b.136,b.136.1,b.136.1.2,117
d1ts9a_,SCOPe-ALL,family,b.137.1.1,b,b.137,b.137.1,b.137.1.1,98
d1v76a_,SCOPe-ALL,family,b.137.1.1,b,b.137,b.137.1,b.137.1.1,92
d1sg5a1,SCOPe-ALL,family,b.137.1.2,b,b.137,b.137.1,b.137.1.2,86
d2b97a_,SCOPe-ALL,family,b.138.1.1,b,b.138,b.138.1,b.138.1.1,70
d4aoga1,SCOPe-ALL,family,b.138.1.0,b,b.138,b.138.1,b.138.1.0,79
d1o6aa_,SCOPe-ALL,family,b.139.1.1,b,b.139,b.139.1,b.139.1.1,87
d1o9ya_,SCOPe-ALL,family,b.139.1.1,b,b.139,b.139.1,b.139.1.1,71
d7kria1,SCOPe-ALL,family,b.140.1.1,b,b.140,b.140.1,b.140.1.1,113
d2j98b_,SCOPe-ALL,family,b.140.1.0,b,b.140,b.140.1,b.140.1.0,102
d5ym6a_,SCOPe-ALL,family,b.140.1.0,b,b.140,b.140.1,b.140.1.0,105
d1rqpa1,SCOPe-ALL,family,b.141.1.1,b,b.141,b.141.1,b.141.1.1,106
d2q6ka2,SCOPe-ALL,family,b.141.1.0,b,b.141,b.141.1,b.141.1.0,95
d1na6a1,SCOPe-ALL,family,b.142.1.1,b,b.142,b.142.1,b.142.1.1,175
d1yela1,SCOPe-ALL,family,b.142.1.2,b,b.142,b.142.1,b.142.1.2,102
d5os9a_,SCOPe-ALL,family,b.142.1.2,b,b.142,b.142.1,b.142.1.2,115
d1ut7a1,SCOPe-ALL,family,b.143.1.1,b,b.143,b.143.1,b.143.1.1,163
d1s7ma_,SCOPe-ALL,family,b.144.1.1,b,b.144,b.144.1,b.144.1.1,158
d1oa8a_,SCOPe-ALL,family,b.145.1.1,b,b.145,b.145.1,b.145.1.1,128
d3qvea1,SCOPe-ALL,family,b.145.1.0,b,b.145,b.145.1,b.145.1.0,137
d1so9a_,SCOPe-ALL,family,b.146.1.1,b,b.146,b.146.1,b.146.1.1,131
d1utya_,SCOPe-ALL,family,b.147.1.1,b,b.147,b.147.1,b.147.1.1,153
d2geca1,SCOPe-ALL,family,b.148.1.1,b,b.148,b.148.1,b.148.1.1,138
d1sska1,SCOPe-ALL,family,b.148.1.1,b,b.148,b.148.1,b.148.1.1,154
d5ifpa3,SCOPe-ALL,family,b.149.1.0,b,b.149,b.149.1,b.149.1.0,97
d3og2a3,SCOPe-ALL,family,b.149.1.0,b,b.149,b.149.1,b.149.1.0,97
d2xvla5,SCOPe-ALL,family,b.150.1.1,b,b.150,b.150.1,b.150.1.1,118
d3weoa4,SCOPe-ALL,family,b.150.1.1,b,b.150,b.150.1,b.150.1.1,153
d2g3ma4,SCOPe-ALL,family,b.150.1.1,b,b.150,b.150.1,b.150.1.1,89
d2f2ha1,SCOPe-ALL,family,b.150.1.1,b,b.150,b.150.1,b.150.1.1,107
d3l4ya4,SCOPe-ALL,family,b.150.1.0,b,b.150,b.150.1,b.150.1.0,137
d2btia_,SCOPe-ALL,family,b.151.1.1,b,b.151,b.151.1,b.151.1.1,59
d1t3oa1,SCOPe-ALL,family,b.151.1.0,b,b.151,b.151.1,b.151.1.0,74
d1wlga_,SCOPe-ALL,family,b.152.1.1,b,b.152,b.152.1,b.152.1.1,293
d1jjcb6,SCOPe-ALL,family,b.153.1.1,b,b.153,b.153.1,b.153.1.1,209
d1ni5a3,SCOPe-ALL,family,b.153.1.2,b,b.153,b.153.1,b.153.1.2,118
d2ccva1,SCOPe-ALL,family,b.154.1.1,b,b.154,b.154.1,b.154.1.1,99
d2j01v1,SCOPe-ALL,family,b.155.1.1,b,b.155,b.155.1,b.155.1.1,101
d2b1ya1,SCOPe-ALL,family,b.156.1.1,b,b.156,b.156.1,b.156.1.1,101
d1y12a1,SCOPe-ALL,family,b.157.1.1,b,b.157,b.157.1,b.157.1.1,161
d4w64a1,SCOPe-ALL,family,b.157.1.0,b,b.157,b.157.1,b.157.1.0,167
d3eaaa_,SCOPe-ALL,family,b.157.1.0,b,b.157,b.157.1,b.157.1.0,162
d2aj7a1,SCOPe-ALL,family,b.158.1.1,b,b.158,b.158.1,b.158.1.1,148
d2q4ia_,SCOPe-ALL,family,b.159.1.1,b,b.159,b.159.1,b.159.1.1,174
d2ooja1,SCOPe-ALL,family,b.159.2.1,b,b.159,b.159.2,b.159.2.1,133
d2q03a1,SCOPe-ALL,family,b.159.2.1,b,b.159,b.159.2,b.159.2.1,133
d1zata1,SCOPe-ALL,family,b.160.1.1,b,b.160,b.160.1,b.160.1.1,128
d4a1ia2,SCOPe-ALL,family,b.160.1.1,b,b.160,b.160.1,b.160.1.1,116
d3vypa2,SCOPe-ALL,family,b.160.1.1,b,b.160,b.160.1,b.160.1.1,157
d2f9ha1,SCOPe-ALL,family,b.161.1.1,b,b.161,b.161.1,b.161.1.1,121
d1ydua1,SCOPe-ALL,family,b.162.1.1,b,b.162,b.162.1,b.162.1.1,169
d1yu0a1,SCOPe-ALL,family,b.163.1.1,b,b.163,b.163.1,b.163.1.1,166
d1zrua3,SCOPe-ALL,family,b.163.1.2,b,b.163,b.163.1,b.163.1.2,139
d6z4ua_,SCOPe-ALL,family,b.164.1.1,b,b.164,b.164.1,b.164.1.1,97
d2b2ma1,SCOPe-ALL,family,b.165.1.1,b,b.165,b.165.1,b.165.1.1,120
d1zsoa1,SCOPe-ALL,family,b.166.1.1,b,b.166,b.166.1,b.166.1.1,156
d5zrta_,SCOPe-ALL,family,b.166.1.0,b,b.166,b.166.1,b.166.1.0,160
d1ze3d1,SCOPe-ALL,family,b.167.1.1,b,b.167,b.167.1,b.167.1.1,125
d4b0ma_,SCOPe-ALL,family,b.167.1.0,b,b.167,b.167.1,b.167.1.0,135
d1zpsa1,SCOPe-ALL,family,b.168.1.1,b,b.168,b.168.1,b.168.1.1,124
d2bjqa1,SCOPe-ALL,family,b.169.1.1,b,b.169,b.169.1,b.169.1.1,170
d2bjqa2,SCOPe-ALL,family,b.169.1.1,b,b.169,b.169.1,b.169.1.1,170
d2bjra2,SCOPe-ALL,family,b.169.1.1,b,b.169,b.169.1,b.169.1.1,184
d2edma1,SCOPe-ALL,family,b.170.1.1,b,b.170,b.170.1,b.170.1.1,161
d2ed6a1,SCOPe-ALL,family,b.170.1.1,b,b.170,b.170.1,b.170.1.1,170
d2hf1a1,SCOPe-ALL,family,b.171.1.1,b,b.171,b.171.1,b.171.1.1,59
d2ox7a1,SCOPe-ALL,family,b.172.1.1,b,b.172,b.172.1,b.172.1.1,142
d2i2la1,SCOPe-ALL,family,b.172.1.1,b,b.172,b.172.1,b.172.1.1,134
d2p84a1,SCOPe-ALL,family,b.172.1.1,b,b.172,b.172.1,b.172.1.1,132
d2jn4a1,SCOPe-ALL,family,b.173.1.1,b,b.173,b.173.1,b.173.1.1,66
d2dlba1,SCOPe-ALL,family,b.174.1.1,b,b.174,b.174.1,b.174.1.1,70
d2p12a1,SCOPe-ALL,family,b.175.1.1,b,b.175,b.175.1,b.175.1.1,165
d2icha1,SCOPe-ALL,family,b.176.1.1,b,b.176,b.176.1,b.176.1.1,328
d2in5a1,SCOPe-ALL,family,b.177.1.1,b,b.177,b.177.1,b.177.1.1,197
d2h1ta1,SCOPe-ALL,family,b.178.1.1,b,b.178,b.178.1,b.178.1.1,186
d3abza3,SCOPe-ALL,family,b.179.1.1,b,b.179,b.179.1,b.179.1.1,172
d3tewa2,SCOPe-ALL,family,b.179.1.1,b,b.179,b.179.1,b.179.1.1,211
d3j9ca1,SCOPe-ALL,family,b.179.1.1,b,b.179,b.179.1,b.179.1.1,52
d2xjpa1,SCOPe-ALL,family,b.179.1.2,b,b.179,b.179.1,b.179.1.2,249
d2xvla2,SCOPe-ALL,family,b.179.1.3,b,b.179,b.179.1,b.179.1.3,149
d5a3la_,SCOPe-ALL,family,b.179.1.0,b,b.179,b.179.1,b.179.1.0,209
d4akma_,SCOPe-ALL,family,b.180.1.1,b,b.180,b.180.1,b.180.1.1,155
d5gv0a1,SCOPe-ALL,family,b.180.1.0,b,b.180,b.180.1,b.180.1.0,161
d3hola3,SCOPe-ALL,family,b.181.1.1,b,b.181,b.181.1,b.181.1.1,107
d3hola4,SCOPe-ALL,family,b.181.1.1,b,b.181,b.181.1,b.181.1.1,90
d5r0db1,SCOPe-ALL,family,b.182.1.1,b,b.182,b.182.1,b.182.1.1,152
d1pfoa2,SCOPe-ALL,family,b.183.1.1,b,b.183,b.183.1,b.183.1.1,110
d3h9va2,SCOPe-ALL,family,b.184.1.1,b,b.184,b.184.1,b.184.1.1,223
d2h6ra_,SCOPe-ALL,family,c.1.1.1,c,c.1,c.1.1,c.1.1.1,217
d1n55a_,SCOPe-ALL,family,c.1.1.1,c,c.1,c.1.1,c.1.1.1,249
d3kxqa_,SCOPe-ALL,family,c.1.1.0,c,c.1,c.1.1,c.1.1.0,249
d2jgqa_,SCOPe-ALL,family,c.1.1.0,c,c.1,c.1.1,c.1.1.0,233
d3taob_,SCOPe-ALL,family,c.1.1.0,c,c.1,c.1.1,c.1.1.0,258
d5csra_,SCOPe-ALL,family,c.1.1.0,c,c.1,c.1.1,c.1.1.0,215
d1thfd_,SCOPe-ALL,family,c.1.2.1,c,c.1,c.1.2,c.1.2.1,253
d4x2ra1,SCOPe-ALL,family,c.1.2.1,c,c.1,c.1.2,c.1.2.1,247
d2w79a_,SCOPe-ALL,family,c.1.2.1,c,c.1,c.1.2,c.1.2.1,241
d1tqja_,SCOPe-ALL,family,c.1.2.2,c,c.1,c.1.2,c.1.2.2,221
d1q6oa_,SCOPe-ALL,family,c.1.2.3,c,c.1,c.1.2,c.1.2.3,213
d1vqta1,SCOPe-ALL,family,c.1.2.3,c,c.1,c.1.2,c.1.2.3,198
d3gdla_,SCOPe-ALL,family,c.1.2.3,c,c.1,c.1.2,c.1.2.3,257
d2yyua_,SCOPe-ALL,family,c.1.2.3,c,c.1,c.1.2,c.1.2.3,232
d3w07a_,SCOPe-ALL,family,c.1.2.3,c,c.1,c.1.2,c.1.2.3,215
d3n3ma1,SCOPe-ALL,family,c.1.2.3,c,c.1,c.1.2,c.1.2.3,321
d1jcmp_,SCOPe-ALL,family,c.1.2.4,c,c.1,c.1.2,c.1.2.4,259
d1i4na_,SCOPe-ALL,family,c.1.2.4,c,c.1,c.1.2,c.1.2.4,251
d1vc4a_,SCOPe-ALL,family,c.1.2.4,c,c.1,c.1.2,c.1.2.4,254
d1piia1,SCOPe-ALL,family,c.1.2.4,c,c.1,c.1.2,c.1.2.4,198
d1nsja_,SCOPe-ALL,family,c.1.2.4,c,c.1,c.1.2,c.1.2.4,205
d1rd5a_,SCOPe-ALL,family,c.1.2.4,c,c.1,c.1.2,c.1.2.4,261
d1geqa_,SCOPe-ALL,family,c.1.2.4,c,c.1,c.1.2,c.1.2.4,248
d6wx3a_,SCOPe-ALL,family,c.1.2.4,c,c.1,c.1.2,c.1.2.4,268
d1ujpa_,SCOPe-ALL,family,c.1.2.4,c,c.1,c.1.2,c.1.2.4,271
d5an7a1,SCOPe-ALL,family,c.1.2.4,c,c.1,c.1.2,c.1.2.4,244
d2zbta_,SCOPe-ALL,family,c.1.2.6,c,c.1,c.1.2,c.1.2.6,276
d3tsma_,SCOPe-ALL,family,c.1.2.0,c,c.1,c.1.2,c.1.2.0,261
d3ru6a1,SCOPe-ALL,family,c.1.2.0,c,c.1,c.1.2,c.1.2.0,227
d6bmaa1,SCOPe-ALL,family,c.1.2.0,c,c.1,c.1.2,c.1.2.0,258
d3thaa1,SCOPe-ALL,family,c.1.2.0,c,c.1,c.1.2,c.1.2.0,247
d4utua1,SCOPe-ALL,family,c.1.2.0,c,c.1,c.1.2,c.1.2.0,220
d3ctla_,SCOPe-ALL,family,c.1.2.0,c,c.1,c.1.2,c.1.2.0,219
d3cu2a_,SCOPe-ALL,family,c.1.2.0,c,c.1,c.1.2,c.1.2.0,235
d3ovpa_,SCOPe-ALL,family,c.1.2.0,c,c.1,c.1.2,c.1.2.0,221
d4wuia1,SCOPe-ALL,family,c.1.2.0,c,c.1,c.1.2,c.1.2.0,204
d5kmya1,SCOPe-ALL,family,c.1.2.0,c,c.1,c.1.2,c.1.2.0,268
d3ve9a_,SCOPe-ALL,family,c.1.2.0,c,c.1,c.1.2,c.1.2.0,204
d6u6ca_,SCOPe-ALL,family,c.1.2.0,c,c.1,c.1.2,c.1.2.0,260
d5a5wa_,SCOPe-ALL,family,c.1.2.0,c,c.1,c.1.2,c.1.2.0,245
d3igsa1,SCOPe-ALL,family,c.1.2.0,c,c.1,c.1.2,c.1.2.0,229
d3f4wa_,SCOPe-ALL,family,c.1.2.0,c,c.1,c.1.2,c.1.2.0,211
d5kina_,SCOPe-ALL,family,c.1.2.0,c,c.1,c.1.2,c.1.2.0,257
d5n2pa_,SCOPe-ALL,family,c.1.2.0,c,c.1,c.1.2,c.1.2.0,241
d5lhfa_,SCOPe-ALL,family,c.1.2.0,c,c.1,c.1.2,c.1.2.0,208
d2tpsa1,SCOPe-ALL,family,c.1.3.1,c,c.1,c.1.3,c.1.3.1,222
d1xi3a_,SCOPe-ALL,family,c.1.3.1,c,c.1,c.1.3,c.1.3.1,206
d3o63a1,SCOPe-ALL,family,c.1.3.0,c,c.1,c.1.3,c.1.3.0,221
d2f6ua1,SCOPe-ALL,family,c.1.4.1,c,c.1,c.1.4,c.1.4.1,231
d1ps9a1,SCOPe-ALL,family,c.1.4.1,c,c.1,c.1.4,c.1.4.1,330
d1ofda2,SCOPe-ALL,family,c.1.4.1,c,c.1,c.1.4,c.1.4.1,809
d4igha_,SCOPe-ALL,family,c.1.4.1,c,c.1,c.1.4,c.1.4.1,363
d1ep3a_,SCOPe-ALL,family,c.1.4.1,c,c.1,c.1.4,c.1.4.1,311
d7m32a4,SCOPe-ALL,family,c.1.4.1,c,c.1,c.1.4,c.1.4.1,312
d1kbia1,SCOPe-ALL,family,c.1.4.1,c,c.1,c.1.4,c.1.4.1,414
d1p0ka_,SCOPe-ALL,family,c.1.4.1,c,c.1,c.1.4,c.1.4.1,329
d1vcfa1,SCOPe-ALL,family,c.1.4.1,c,c.1,c.1.4,c.1.4.1,310
d1p4ca_,SCOPe-ALL,family,c.1.4.1,c,c.1,c.1.4,c.1.4.1,353
d4gbua_,SCOPe-ALL,family,c.1.4.1,c,c.1,c.1.4,c.1.4.1,399
d3vzxa_,SCOPe-ALL,family,c.1.4.1,c,c.1,c.1.4,c.1.4.1,227
d1vyra_,SCOPe-ALL,family,c.1.4.1,c,c.1,c.1.4,c.1.4.1,363
d1vhna1,SCOPe-ALL,family,c.1.4.1,c,c.1,c.1.4,c.1.4.1,304
d1o94a1,SCOPe-ALL,family,c.1.4.1,c,c.1,c.1.4,c.1.4.1,340
d3sgza_,SCOPe-ALL,family,c.1.4.1,c,c.1,c.1.4,c.1.4.1,351
d3i65a_,SCOPe-ALL,family,c.1.4.1,c,c.1,c.1.4,c.1.4.1,378
d2q3oa_,SCOPe-ALL,family,c.1.4.1,c,c.1,c.1.4,c.1.4.1,380
d2djla_,SCOPe-ALL,family,c.1.4.1,c,c.1,c.1.4,c.1.4.1,312
d2nlia_,SCOPe-ALL,family,c.1.4.0,c,c.1,c.1.4,c.1.4.0,368
d5zzra_,SCOPe-ALL,family,c.1.4.0,c,c.1,c.1.4,c.1.4.0,356
d6b8sa1,SCOPe-ALL,family,c.1.4.0,c,c.1,c.1.4,c.1.4.0,346
d3l5la_,SCOPe-ALL,family,c.1.4.0,c,c.1,c.1.4,c.1.4.0,359
d4b5na_,SCOPe-ALL,family,c.1.4.0,c,c.1,c.1.4,c.1.4.0,354
d3sr7a_,SCOPe-ALL,family,c.1.4.0,c,c.1,c.1.4,c.1.4.0,314
d3krua_,SCOPe-ALL,family,c.1.4.0,c,c.1,c.1.4,c.1.4.0,335
d4e2ba_,SCOPe-ALL,family,c.1.4.0,c,c.1,c.1.4,c.1.4.0,378
d1jr1b1,SCOPe-ALL,family,c.1.5.1,c,c.1,c.1.5,c.1.5.1,385
d1mwfa1,SCOPe-ALL,family,c.1.5.1,c,c.1,c.1.5,c.1.5.1,363
d2c6qa1,SCOPe-ALL,family,c.1.5.0,c,c.1,c.1.5,c.1.5.0,327
d6d4ra_,SCOPe-ALL,family,c.1.5.0,c,c.1,c.1.5,c.1.5.0,355
d1bd0a2,SCOPe-ALL,family,c.1.6.1,c,c.1,c.1.6,c.1.6.1,233
d1rcqa2,SCOPe-ALL,family,c.1.6.1,c,c.1,c.1.6,c.1.6.1,226
d1vfha2,SCOPe-ALL,family,c.1.6.1,c,c.1,c.1.6,c.1.6.1,237
d3anua2,SCOPe-ALL,family,c.1.6.1,c,c.1,c.1.6,c.1.6.1,244
d3llxa2,SCOPe-ALL,family,c.1.6.1,c,c.1,c.1.6,c.1.6.1,238
d1knwa2,SCOPe-ALL,family,c.1.6.1,c,c.1,c.1.6,c.1.6.1,247
d1twia2,SCOPe-ALL,family,c.1.6.1,c,c.1,c.1.6,c.1.6.1,264
d1hkva2,SCOPe-ALL,family,c.1.6.1,c,c.1,c.1.6,c.1.6.1,265
d7odca2,SCOPe-ALL,family,c.1.6.1,c,c.1,c.1.6,c.1.6.1,240
d1ct5a_,SCOPe-ALL,family,c.1.6.2,c,c.1,c.1.6,c.1.6.2,244
d1m9ha_,SCOPe-ALL,family,c.1.7.1,c,c.1,c.1.7,c.1.7.1,277
d1gvea_,SCOPe-ALL,family,c.1.7.1,c,c.1,c.1.7,c.1.7.1,324
d1us0a_,SCOPe-ALL,family,c.1.7.1,c,c.1,c.1.7,c.1.7.1,314
d1pyfa1,SCOPe-ALL,family,c.1.7.1,c,c.1,c.1.7,c.1.7.1,309
d1lqaa_,SCOPe-ALL,family,c.1.7.1,c,c.1,c.1.7,c.1.7.1,346
d1zsxa1,SCOPe-ALL,family,c.1.7.1,c,c.1,c.1.7,c.1.7.1,321
d4r9oa_,SCOPe-ALL,family,c.1.7.1,c,c.1,c.1.7,c.1.7.1,293
d1ynpa1,SCOPe-ALL,family,c.1.7.0,c,c.1,c.1.7,c.1.7.0,297
d4ijra_,SCOPe-ALL,family,c.1.7.0,c,c.1,c.1.7,c.1.7.0,328
d3vxga_,SCOPe-ALL,family,c.1.7.0,c,c.1,c.1.7,c.1.7.0,304
d3n6qa_,SCOPe-ALL,family,c.1.7.0,c,c.1,c.1.7,c.1.7.0,337
d3n2ta_,SCOPe-ALL,family,c.1.7.0,c,c.1,c.1.7,c.1.7.0,327
d5jgya_,SCOPe-ALL,family,c.1.7.0,c,c.1,c.1.7,c.1.7.0,307
d7ezia1,SCOPe-ALL,family,c.1.7.0,c,c.1,c.1.7,c.1.7.0,316
d3v0sa1,SCOPe-ALL,family,c.1.7.0,c,c.1,c.1.7,c.1.7.0,305
d5c7ha_,SCOPe-ALL,family,c.1.7.0,c,c.1,c.1.7,c.1.7.0,281
d3up8a1,SCOPe-ALL,family,c.1.7.0,c,c.1,c.1.7,c.1.7.0,275
d6ovqa_,SCOPe-ALL,family,c.1.7.0,c,c.1,c.1.7,c.1.7.0,322
d4giea1,SCOPe-ALL,family,c.1.7.0,c,c.1,c.1.7,c.1.7.0,281
d1lwha2,SCOPe-ALL,family,c.1.8.1,c,c.1,c.1.8,c.1.8.1,391
d1kwga2,SCOPe-ALL,family,c.1.8.1,c,c.1,c.1.8,c.1.8.1,393
d1x1na1,SCOPe-ALL,family,c.1.8.1,c,c.1,c.1.8,c.1.8.1,523
d1g5aa2,SCOPe-ALL,family,c.1.8.1,c,c.1,c.1.8,c.1.8.1,554
d5u3aa1,SCOPe-ALL,family,c.1.8.1,c,c.1,c.1.8,c.1.8.1,403
d1blia2,SCOPe-ALL,family,c.1.8.1,c,c.1,c.1.8,c.1.8.1,391
d1ua7a2,SCOPe-ALL,family,c.1.8.1,c,c.1,c.1.8,c.1.8.1,344
d1wzaa2,SCOPe-ALL,family,c.1.8.1,c,c.1,c.1.8,c.1.8.1,409
d1mxga2,SCOPe-ALL,family,c.1.8.1,c,c.1,c.1.8,c.1.8.1,361
d1vema2,SCOPe-ALL,family,c.1.8.1,c,c.1,c.1.8,c.1.8.1,417
d3bmva4,SCOPe-ALL,family,c.1.8.1,c,c.1,c.1.8,c.1.8.1,406
d3edea2,SCOPe-ALL,family,c.1.8.1,c,c.1,c.1.8,c.1.8.1,422
d3vx0a1,SCOPe-ALL,family,c.1.8.1,c,c.1,c.1.8,c.1.8.1,381
d2bhua3,SCOPe-ALL,family,c.1.8.1,c,c.1,c.1.8,c.1.8.1,420
d1bf2a3,SCOPe-ALL,family,c.1.8.1,c,c.1,c.1.8,c.1.8.1,475
d1gjwa2,SCOPe-ALL,family,c.1.8.1,c,c.1,c.1.8,c.1.8.1,572
d1szna2,SCOPe-ALL,family,c.1.8.1,c,c.1,c.1.8,c.1.8.1,314
d1ht6a2,SCOPe-ALL,family,c.1.8.1,c,c.1,c.1.8,c.1.8.1,347
d4m8ua1,SCOPe-ALL,family,c.1.8.1,c,c.1,c.1.8,c.1.8.1,481
d2xfra_,SCOPe-ALL,family,c.1.8.1,c,c.1,c.1.8,c.1.8.1,487
d6fmea1,SCOPe-ALL,family,c.1.8.1,c,c.1,c.1.8,c.1.8.1,434
d5e6za2,SCOPe-ALL,family,c.1.8.1,c,c.1,c.1.8,c.1.8.1,396
d4do4a1,SCOPe-ALL,family,c.1.8.1,c,c.1,c.1.8,c.1.8.1,292
d6j33a4,SCOPe-ALL,family,c.1.8.1,c,c.1,c.1.8,c.1.8.1,563
d6jqba1,SCOPe-ALL,family,c.1.8.1,c,c.1,c.1.8,c.1.8.1,357
d6m6ta_,SCOPe-ALL,family,c.1.8.1,c,c.1,c.1.8,c.1.8.1,496
d5z0ua2,SCOPe-ALL,family,c.1.8.1,c,c.1,c.1.8,c.1.8.1,421
d1wzla3,SCOPe-ALL,family,c.1.8.1,c,c.1,c.1.8,c.1.8.1,382
d1qw9a2,SCOPe-ALL,family,c.1.8.3,c,c.1,c.1.8,c.1.8.3,367
d1ur4a_,SCOPe-ALL,family,c.1.8.3,c,c.1,c.1.8,c.1.8.3,387
d1hjsa_,SCOPe-ALL,family,c.1.8.3,c,c.1,c.1.8,c.1.8.3,332
d1w91a2,SCOPe-ALL,family,c.1.8.3,c,c.1,c.1.8,c.1.8.3,347
d1jz8a5,SCOPe-ALL,family,c.1.8.3,c,c.1,c.1.8,c.1.8.3,292
d4cu7a3,SCOPe-ALL,family,c.1.8.3,c,c.1,c.1.8,c.1.8.3,332
d1bqca_,SCOPe-ALL,family,c.1.8.3,c,c.1,c.1.8,c.1.8.3,302
d1rh9a1,SCOPe-ALL,family,c.1.8.3,c,c.1,c.1.8,c.1.8.3,370
d1c0da_,SCOPe-ALL,family,c.1.8.3,c,c.1,c.1.8,c.1.8.3,358
d1h1na_,SCOPe-ALL,family,c.1.8.3,c,c.1,c.1.8,c.1.8.3,305
d7a3ha_,SCOPe-ALL,family,c.1.8.3,c,c.1,c.1.8,c.1.8.3,300
d1tvna1,SCOPe-ALL,family,c.1.8.3,c,c.1,c.1.8,c.1.8.3,293
d1ceoa_,SCOPe-ALL,family,c.1.8.3,c,c.1,c.1.8,c.1.8.3,340
d1vjza_,SCOPe-ALL,family,c.1.8.3,c,c.1,c.1.8,c.1.8.3,325
d2vzsa5,SCOPe-ALL,family,c.1.8.3,c,c.1,c.1.8,c.1.8.3,339
d1uuqa_,SCOPe-ALL,family,c.1.8.3,c,c.1,c.1.8,c.1.8.3,410
d2je8a5,SCOPe-ALL,family,c.1.8.3,c,c.1,c.1.8,c.1.8.3,348
d6q6na2,SCOPe-ALL,family,c.1.8.3,c,c.1,c.1.8,c.1.8.3,354
d2y24a2,SCOPe-ALL,family,c.1.8.3,c,c.1,c.1.8,c.1.8.3,277
d4yn5a_,SCOPe-ALL,family,c.1.8.3,c,c.1,c.1.8,c.1.8.3,391
d1odza_,SCOPe-ALL,family,c.1.8.3,c,c.1,c.1.8,c.1.8.3,381
d2cyga1,SCOPe-ALL,family,c.1.8.3,c,c.1,c.1.8,c.1.8.3,312
d1ur1a1,SCOPe-ALL,family,c.1.8.3,c,c.1,c.1.8,c.1.8.3,345
d1xyza_,SCOPe-ALL,family,c.1.8.3,c,c.1,c.1.8,c.1.8.3,320
d1w32a_,SCOPe-ALL,family,c.1.8.3,c,c.1,c.1.8,c.1.8.3,346
d1fxma_,SCOPe-ALL,family,c.1.8.3,c,c.1,c.1.8,c.1.8.3,302
d2v3ga_,SCOPe-ALL,family,c.1.8.3,c,c.1,c.1.8,c.1.8.3,273
d3ziza_,SCOPe-ALL,family,c.1.8.3,c,c.1,c.1.8,c.1.8.3,345
d4m82a_,SCOPe-ALL,family,c.1.8.3,c,c.1,c.1.8,c.1.8.3,393
d1pbga_,SCOPe-ALL,family,c.1.8.4,c,c.1,c.1.8,c.1.8.4,468
d1vffa1,SCOPe-ALL,family,c.1.8.4,c,c.1,c.1.8,c.1.8.4,423
d1uaha_,SCOPe-ALL,family,c.1.8.4,c,c.1,c.1.8,c.1.8.4,426
d1e4mm_,SCOPe-ALL,family,c.1.8.4,c,c.1,c.1.8,c.1.8.4,499
d4ha4a_,SCOPe-ALL,family,c.1.8.4,c,c.1,c.1.8,c.1.8.4,489
d1w9pa1,SCOPe-ALL,family,c.1.8.5,c,c.1,c.1.8,c.1.8.5,334
d1edqa2,SCOPe-ALL,family,c.1.8.5,c,c.1,c.1.8,c.1.8.5,359
d1itxa1,SCOPe-ALL,family,c.1.8.5,c,c.1,c.1.8,c.1.8.5,348
d1goia2,SCOPe-ALL,family,c.1.8.5,c,c.1,c.1.8,c.1.8.5,357
d1vf8a1,SCOPe-ALL,family,c.1.8.5,c,c.1,c.1.8,c.1.8.5,304
d2ebna_,SCOPe-ALL,family,c.1.8.5,c,c.1,c.1.8,c.1.8.5,285
d1eoka_,SCOPe-ALL,family,c.1.8.5,c,c.1,c.1.8,c.1.8.5,282
d1edta_,SCOPe-ALL,family,c.1.8.5,c,c.1,c.1.8,c.1.8.5,265
d1jnda1,SCOPe-ALL,family,c.1.8.5,c,c.1,c.1.8,c.1.8.5,328
d1kfwa1,SCOPe-ALL,family,c.1.8.5,c,c.1,c.1.8,c.1.8.5,375
d1nara_,SCOPe-ALL,family,c.1.8.5,c,c.1,c.1.8,c.1.8.5,289
d1ta3a_,SCOPe-ALL,family,c.1.8.5,c,c.1,c.1.8,c.1.8.5,274
d6cafa_,SCOPe-ALL,family,c.1.8.5,c,c.1,c.1.8,c.1.8.5,288
d1qbaa3,SCOPe-ALL,family,c.1.8.6,c,c.1,c.1.8,c.1.8.6,443
d1nowa1,SCOPe-ALL,family,c.1.8.6,c,c.1,c.1.8,c.1.8.6,353
d1jaka1,SCOPe-ALL,family,c.1.8.6,c,c.1,c.1.8,c.1.8.6,356
d1yhta1,SCOPe-ALL,family,c.1.8.6,c,c.1,c.1.8,c.1.8.6,344
d3abza1,SCOPe-ALL,family,c.1.8.7,c,c.1,c.1.8,c.1.8.7,298
d3wlia1,SCOPe-ALL,family,c.1.8.7,c,c.1,c.1.8,c.1.8.7,388
d2wt3a1,SCOPe-ALL,family,c.1.8.7,c,c.1,c.1.8,c.1.8.7,318
d1sfsa_,SCOPe-ALL,family,c.1.8.8,c,c.1,c.1.8,c.1.8.8,213
d2j8ga2,SCOPe-ALL,family,c.1.8.8,c,c.1,c.1.8,c.1.8.8,189
d1fcqa_,SCOPe-ALL,family,c.1.8.9,c,c.1,c.1.8,c.1.8.9,321
d1gqia1,SCOPe-ALL,family,c.1.8.10,c,c.1,c.1.8,c.1.8.10,561
d2choa2,SCOPe-ALL,family,c.1.8.10,c,c.1,c.1.8,c.1.8.10,310
d2zxda1,SCOPe-ALL,family,c.1.8.11,c,c.1,c.1.8,c.1.8.11,350
d1x7fa2,SCOPe-ALL,family,c.1.8.12,c,c.1,c.1.8,c.1.8.12,244
d2xvla3,SCOPe-ALL,family,c.1.8.13,c,c.1,c.1.8,c.1.8.13,376
d3weoa2,SCOPe-ALL,family,c.1.8.13,c,c.1,c.1.8,c.1.8.13,373
d2g3ma2,SCOPe-ALL,family,c.1.8.13,c,c.1,c.1.8,c.1.8.13,373
d2f2ha4,SCOPe-ALL,family,c.1.8.13,c,c.1,c.1.8,c.1.8.13,338
d6gvda2,SCOPe-ALL,family,c.1.8.13,c,c.1,c.1.8,c.1.8.13,348
d2aama1,SCOPe-ALL,family,c.1.8.15,c,c.1,c.1.8,c.1.8.15,285
d3vupa_,SCOPe-ALL,family,c.1.8.0,c,c.1,c.1.8,c.1.8.0,351
d2waga1,SCOPe-ALL,family,c.1.8.0,c,c.1,c.1.8,c.1.8.0,208
d2uy2a_,SCOPe-ALL,family,c.1.8.0,c,c.1,c.1.8,c.1.8.0,288
d4nf7a1,SCOPe-ALL,family,c.1.8.0,c,c.1,c.1.8,c.1.8.0,361
d5ofka1,SCOPe-ALL,family,c.1.8.0,c,c.1,c.1.8,c.1.8.0,336
d4pmda1,SCOPe-ALL,family,c.1.8.0,c,c.1,c.1.8,c.1.8.0,328
d4cd5a_,SCOPe-ALL,family,c.1.8.0,c,c.1,c.1.8,c.1.8.0,367
d6pz7a_,SCOPe-ALL,family,c.1.8.0,c,c.1,c.1.8,c.1.8.0,330
d4u5ia_,SCOPe-ALL,family,c.1.8.0,c,c.1,c.1.8,c.1.8.0,305
d4ooza1,SCOPe-ALL,family,c.1.8.0,c,c.1,c.1.8,c.1.8.0,363
d5okga_,SCOPe-ALL,family,c.1.8.0,c,c.1,c.1.8,c.1.8.0,475
d3qr3a1,SCOPe-ALL,family,c.1.8.0,c,c.1,c.1.8,c.1.8.0,327
d6q78a_,SCOPe-ALL,family,c.1.8.0,c,c.1,c.1.8,c.1.8.0,374
d3viia_,SCOPe-ALL,family,c.1.8.0,c,c.1,c.1.8,c.1.8.0,472
d7d6aa_,SCOPe-ALL,family,c.1.8.0,c,c.1,c.1.8,c.1.8.0,475
d2jepa_,SCOPe-ALL,family,c.1.8.0,c,c.1,c.1.8,c.1.8.0,363
d3ro8a1,SCOPe-ALL,family,c.1.8.0,c,c.1,c.1.8,c.1.8.0,301
d4f8xa_,SCOPe-ALL,family,c.1.8.0,c,c.1,c.1.8,c.1.8.0,335
d3aysa_,SCOPe-ALL,family,c.1.8.0,c,c.1,c.1.8,c.1.8.0,357
d3l55a_,SCOPe-ALL,family,c.1.8.0,c,c.1,c.1.8,c.1.8.0,345
d4lypa1,SCOPe-ALL,family,c.1.8.0,c,c.1,c.1.8,c.1.8.0,415
d4l3ma_,SCOPe-ALL,family,c.1.8.0,c,c.1,c.1.8,c.1.8.0,357
d6jz2a3,SCOPe-ALL,family,c.1.8.0,c,c.1,c.1.8,c.1.8.0,319
d4gvfa_,SCOPe-ALL,family,c.1.8.0,c,c.1,c.1.8,c.1.8.0,340
d3mu7a_,SCOPe-ALL,family,c.1.8.0,c,c.1,c.1.8,c.1.8.0,273
d6zm8a_,SCOPe-ALL,family,c.1.8.0,c,c.1,c.1.8,c.1.8.0,208
d4ddea1,SCOPe-ALL,family,c.1.8.0,c,c.1,c.1.8,c.1.8.0,477
d4b3la_,SCOPe-ALL,family,c.1.8.0,c,c.1,c.1.8,c.1.8.0,461
d3hjea1,SCOPe-ALL,family,c.1.8.0,c,c.1,c.1.8,c.1.8.0,641
d4b15a_,SCOPe-ALL,family,c.1.8.0,c,c.1,c.1.8,c.1.8.0,266
d2ckra_,SCOPe-ALL,family,c.1.8.0,c,c.1,c.1.8,c.1.8.0,305
d3amca_,SCOPe-ALL,family,c.1.8.0,c,c.1,c.1.8,c.1.8.0,308
d3pz9a_,SCOPe-ALL,family,c.1.8.0,c,c.1,c.1.8,c.1.8.0,357
d3og2a1,SCOPe-ALL,family,c.1.8.0,c,c.1,c.1.8,c.1.8.0,356
d4ee9a_,SCOPe-ALL,family,c.1.8.0,c,c.1,c.1.8,c.1.8.0,321
d4w88a_,SCOPe-ALL,family,c.1.8.0,c,c.1,c.1.8,c.1.8.0,339
d6xrka1,SCOPe-ALL,family,c.1.8.0,c,c.1,c.1.8,c.1.8.0,355
d2nw0a_,SCOPe-ALL,family,c.1.8.0,c,c.1,c.1.8,c.1.8.0,189
d4w7wa1,SCOPe-ALL,family,c.1.8.0,c,c.1,c.1.8,c.1.8.0,311
d4pmza_,SCOPe-ALL,family,c.1.8.0,c,c.1,c.1.8,c.1.8.0,303
d3iara1,SCOPe-ALL,family,c.1.9.1,c,c.1,c.1.9,c.1.9.1,359
d2a3la1,SCOPe-ALL,family,c.1.9.1,c,c.1,c.1.9,c.1.9.1,628
d2pgfa_,SCOPe-ALL,family,c.1.9.1,c,c.1,c.1.9,c.1.9.1,359
d4ep8c2,SCOPe-ALL,family,c.1.9.2,c,c.1,c.1.9,c.1.9.2,386
d3a4ja_,SCOPe-ALL,family,c.1.9.3,c,c.1,c.1.9,c.1.9.3,328
d1bf6a_,SCOPe-ALL,family,c.1.9.3,c,c.1,c.1.9,c.1.9.3,291
d2z26a_,SCOPe-ALL,family,c.1.9.4,c,c.1,c.1.9,c.1.9.4,344
d1ra0a2,SCOPe-ALL,family,c.1.9.5,c,c.1,c.1.9,c.1.9.5,320
d1nfga2,SCOPe-ALL,family,c.1.9.6,c,c.1,c.1.9,c.1.9.6,330
d1gkpa2,SCOPe-ALL,family,c.1.9.6,c,c.1,c.1.9,c.1.9.6,335
d2ftwa2,SCOPe-ALL,family,c.1.9.6,c,c.1,c.1.9,c.1.9.6,334
d2fvka2,SCOPe-ALL,family,c.1.9.6,c,c.1,c.1.9,c.1.9.6,384
d1gkra2,SCOPe-ALL,family,c.1.9.6,c,c.1,c.1.9,c.1.9.6,325
d1xrta2,SCOPe-ALL,family,c.1.9.6,c,c.1,c.1.9,c.1.9.6,310
d1itua_,SCOPe-ALL,family,c.1.9.7,c,c.1,c.1.9,c.1.9.7,369
d2qeea1,SCOPe-ALL,family,c.1.9.8,c,c.1,c.1.9,c.1.9.8,414
d1j5sa1,SCOPe-ALL,family,c.1.9.8,c,c.1,c.1.9,c.1.9.8,450
d2ooda2,SCOPe-ALL,family,c.1.9.9,c,c.1,c.1.9,c.1.9.9,325
d4aqla2,SCOPe-ALL,family,c.1.9.9,c,c.1,c.1.9,c.1.9.9,313
d2paja2,SCOPe-ALL,family,c.1.9.9,c,c.1,c.1.9,c.1.9.9,336
d1p1ma2,SCOPe-ALL,family,c.1.9.9,c,c.1,c.1.9,c.1.9.9,281
d2vhla2,SCOPe-ALL,family,c.1.9.10,c,c.1,c.1.9,c.1.9.10,301
d1yrra2,SCOPe-ALL,family,c.1.9.10,c,c.1,c.1.9,c.1.9.10,297
d1o12a2,SCOPe-ALL,family,c.1.9.10,c,c.1,c.1.9,c.1.9.10,288
d1rk6a3,SCOPe-ALL,family,c.1.9.11,c,c.1,c.1.9,c.1.9.11,358
d1xwya1,SCOPe-ALL,family,c.1.9.12,c,c.1,c.1.9,c.1.9.12,260
d1j6oa1,SCOPe-ALL,family,c.1.9.12,c,c.1,c.1.9,c.1.9.12,256
d1yixa1,SCOPe-ALL,family,c.1.9.12,c,c.1,c.1.9,c.1.9.12,265
d1zzma1,SCOPe-ALL,family,c.1.9.12,c,c.1,c.1.9,c.1.9.12,259
d1po9a2,SCOPe-ALL,family,c.1.9.13,c,c.1,c.1.9,c.1.9.13,284
d2icsa2,SCOPe-ALL,family,c.1.9.14,c,c.1,c.1.9,c.1.9.14,267
d7k13a_,SCOPe-ALL,family,c.1.9.15,c,c.1,c.1.9,c.1.9.15,330
d2ffia1,SCOPe-ALL,family,c.1.9.15,c,c.1,c.1.9,c.1.9.15,271
d2f6ka1,SCOPe-ALL,family,c.1.9.15,c,c.1,c.1.9,c.1.9.15,306
d2imra2,SCOPe-ALL,family,c.1.9.16,c,c.1,c.1.9,c.1.9.16,308
d2puza2,SCOPe-ALL,family,c.1.9.17,c,c.1,c.1.9,c.1.9.17,301
d2p9ba2,SCOPe-ALL,family,c.1.9.17,c,c.1,c.1.9,c.1.9.17,324
d3mkva2,SCOPe-ALL,family,c.1.9.18,c,c.1,c.1.9,c.1.9.18,311
d2qs8a2,SCOPe-ALL,family,c.1.9.18,c,c.1,c.1.9,c.1.9.18,310
d4i6ka_,SCOPe-ALL,family,c.1.9.0,c,c.1,c.1.9,c.1.9.0,267
d3rysa_,SCOPe-ALL,family,c.1.9.0,c,c.1,c.1.9,c.1.9.0,335
d6l0aa_,SCOPe-ALL,family,c.1.9.0,c,c.1,c.1.9,c.1.9.0,363
d3pnua1,SCOPe-ALL,family,c.1.9.0,c,c.1,c.1.9,c.1.9.0,335
d2q01a_,SCOPe-ALL,family,c.1.9.0,c,c.1,c.1.9,c.1.9.0,479
d3gg7a1,SCOPe-ALL,family,c.1.9.0,c,c.1,c.1.9,c.1.9.0,241
d7a19a1,SCOPe-ALL,family,c.1.9.0,c,c.1,c.1.9,c.1.9.0,338
d3tn4a_,SCOPe-ALL,family,c.1.9.0,c,c.1,c.1.9,c.1.9.0,324
d2wm1a_,SCOPe-ALL,family,c.1.9.0,c,c.1,c.1.9,c.1.9.0,332
d2y1ha1,SCOPe-ALL,family,c.1.9.0,c,c.1,c.1.9,c.1.9.0,268
d3ij6a1,SCOPe-ALL,family,c.1.9.0,c,c.1,c.1.9,c.1.9.0,302
d3pnza_,SCOPe-ALL,family,c.1.9.0,c,c.1,c.1.9,c.1.9.0,329
d4if2a_,SCOPe-ALL,family,c.1.9.0,c,c.1,c.1.9,c.1.9.0,324
d4qrna1,SCOPe-ALL,family,c.1.9.0,c,c.1,c.1.9,c.1.9.0,351
d3iaca_,SCOPe-ALL,family,c.1.9.0,c,c.1,c.1.9,c.1.9.0,469
d6n9ma_,SCOPe-ALL,family,c.1.9.0,c,c.1,c.1.9,c.1.9.0,331
d6dxsa1,SCOPe-ALL,family,c.1.9.0,c,c.1,c.1.9,c.1.9.0,340
d5vn5a_,SCOPe-ALL,family,c.1.9.0,c,c.1,c.1.9,c.1.9.0,332
d6l25a1,SCOPe-ALL,family,c.1.9.0,c,c.1,c.1.9,c.1.9.0,254
d5vrka_,SCOPe-ALL,family,c.1.9.0,c,c.1,c.1.9,c.1.9.0,314
d6ijna1,SCOPe-ALL,family,c.1.9.0,c,c.1,c.1.9,c.1.9.0,355
d1n7ka_,SCOPe-ALL,family,c.1.10.1,c,c.1,c.1.10,c.1.10.1,234
d1jcla1,SCOPe-ALL,family,c.1.10.1,c,c.1,c.1.10,c.1.10.1,251
d1vcva1,SCOPe-ALL,family,c.1.10.1,c,c.1,c.1.10,c.1.10.1,226
d1ub3a_,SCOPe-ALL,family,c.1.10.1,c,c.1,c.1.10,c.1.10.1,211
d1xkya1,SCOPe-ALL,family,c.1.10.1,c,c.1,c.1.10,c.1.10.1,292
d3a5fa_,SCOPe-ALL,family,c.1.10.1,c,c.1,c.1.10,c.1.10.1,291
d1xxxa1,SCOPe-ALL,family,c.1.10.1,c,c.1,c.1.10,c.1.10.1,296
d2a4aa1,SCOPe-ALL,family,c.1.10.1,c,c.1,c.1.10,c.1.10.1,256
d3dfqa_,SCOPe-ALL,family,c.1.10.1,c,c.1,c.1.10,c.1.10.1,363
d1wbha1,SCOPe-ALL,family,c.1.10.1,c,c.1,c.1.10,c.1.10.1,213
d1f74a_,SCOPe-ALL,family,c.1.10.1,c,c.1,c.1.10,c.1.10.1,293
d1to3a1,SCOPe-ALL,family,c.1.10.1,c,c.1,c.1.10,c.1.10.1,290
d4cnna_,SCOPe-ALL,family,c.1.10.1,c,c.1,c.1.10,c.1.10.1,251
d1sfla_,SCOPe-ALL,family,c.1.10.1,c,c.1,c.1.10,c.1.10.1,236
d2xfwa1,SCOPe-ALL,family,c.1.10.1,c,c.1,c.1.10,c.1.10.1,296
d3cwna_,SCOPe-ALL,family,c.1.10.1,c,c.1,c.1.10,c.1.10.1,316
d4rz4a1,SCOPe-ALL,family,c.1.10.1,c,c.1,c.1.10,c.1.10.1,219
d2ydaa_,SCOPe-ALL,family,c.1.10.1,c,c.1,c.1.10,c.1.10.1,292
d6yr3a_,SCOPe-ALL,family,c.1.10.1,c,c.1,c.1.10,c.1.10.1,223
d1w8ra_,SCOPe-ALL,family,c.1.10.1,c,c.1,c.1.10,c.1.10.1,250
d1wa3a_,SCOPe-ALL,family,c.1.10.1,c,c.1,c.1.10,c.1.10.1,202
d1dosa_,SCOPe-ALL,family,c.1.10.2,c,c.1,c.1.10,c.1.10.2,358
d1gvfa_,SCOPe-ALL,family,c.1.10.2,c,c.1,c.1.10,c.1.10.2,284
d1h7na_,SCOPe-ALL,family,c.1.10.3,c,c.1,c.1.10,c.1.10.3,340
d1b4ka_,SCOPe-ALL,family,c.1.10.3,c,c.1,c.1.10,c.1.10.3,326
d1n8fa_,SCOPe-ALL,family,c.1.10.4,c,c.1,c.1.10,c.1.10.4,343
d3e0ia_,SCOPe-ALL,family,c.1.10.4,c,c.1,c.1.10,c.1.10.4,263
d1vr6a2,SCOPe-ALL,family,c.1.10.4,c,c.1,c.1.10,c.1.10.4,338
d1sr9a2,SCOPe-ALL,family,c.1.10.5,c,c.1,c.1.10,c.1.10.5,310
d1rqba2,SCOPe-ALL,family,c.1.10.5,c,c.1,c.1.10,c.1.10.5,303
d1vlia2,SCOPe-ALL,family,c.1.10.6,c,c.1,c.1.10,c.1.10.6,295
d2wqpa1,SCOPe-ALL,family,c.1.10.6,c,c.1,c.1.10,c.1.10.6,280
d2fiqa1,SCOPe-ALL,family,c.1.10.7,c,c.1,c.1.10,c.1.10.7,420
d2ypoa_,SCOPe-ALL,family,c.1.10.8,c,c.1,c.1.10,c.1.10.8,462
d3b4ua_,SCOPe-ALL,family,c.1.10.0,c,c.1,c.1.10,c.1.10.0,287
d2r8wa_,SCOPe-ALL,family,c.1.10.0,c,c.1,c.1.10,c.1.10.0,297
d4ur7a_,SCOPe-ALL,family,c.1.10.0,c,c.1,c.1.10,c.1.10.0,303
d2egza_,SCOPe-ALL,family,c.1.10.0,c,c.1,c.1.10,c.1.10.0,219
d7c0da_,SCOPe-ALL,family,c.1.10.0,c,c.1,c.1.10,c.1.10.0,304
d3e96a_,SCOPe-ALL,family,c.1.10.0,c,c.1,c.1.10,c.1.10.0,296
d3m5va_,SCOPe-ALL,family,c.1.10.0,c,c.1,c.1.10,c.1.10.0,298
d5c54a_,SCOPe-ALL,family,c.1.10.0,c,c.1,c.1.10,c.1.10.0,310
d3neva_,SCOPe-ALL,family,c.1.10.0,c,c.1,c.1.10,c.1.10.0,298
d2v82a1,SCOPe-ALL,family,c.1.10.0,c,c.1,c.1.10,c.1.10.0,204
d6ofua_,SCOPe-ALL,family,c.1.10.0,c,c.1,c.1.10,c.1.10.0,278
d3mbda_,SCOPe-ALL,family,c.1.10.0,c,c.1,c.1.10,c.1.10.0,336
d5ui3a_,SCOPe-ALL,family,c.1.10.0,c,c.1,c.1.10,c.1.10.0,305
d2rfga_,SCOPe-ALL,family,c.1.10.0,c,c.1,c.1.10,c.1.10.0,289
d3n9ra_,SCOPe-ALL,family,c.1.10.0,c,c.1,c.1.10,c.1.10.0,307
d3s5oa_,SCOPe-ALL,family,c.1.10.0,c,c.1,c.1.10,c.1.10.0,296
d6arha_,SCOPe-ALL,family,c.1.10.0,c,c.1,c.1.10,c.1.10.0,300
d5h91a_,SCOPe-ALL,family,c.1.10.0,c,c.1,c.1.10,c.1.10.0,217
d2qjga_,SCOPe-ALL,family,c.1.10.0,c,c.1,c.1.10,c.1.10.0,272
d4n4pa_,SCOPe-ALL,family,c.1.10.0,c,c.1,c.1.10,c.1.10.0,296
d5u4na_,SCOPe-ALL,family,c.1.10.0,c,c.1,c.1.10,c.1.10.0,350
d6h4ea_,SCOPe-ALL,family,c.1.10.0,c,c.1,c.1.10,c.1.10.0,295
d3na8a_,SCOPe-ALL,family,c.1.10.0,c,c.1,c.1.10,c.1.10.0,291
d3dz1a1,SCOPe-ALL,family,c.1.10.0,c,c.1,c.1.10,c.1.10.0,299
d3eb2a_,SCOPe-ALL,family,c.1.10.0,c,c.1,c.1.10,c.1.10.0,288
d3l9ca1,SCOPe-ALL,family,c.1.10.0,c,c.1,c.1.10,c.1.10.0,226
d4fhaa_,SCOPe-ALL,family,c.1.10.0,c,c.1,c.1.10,c.1.10.0,310
d4lrsa1,SCOPe-ALL,family,c.1.10.0,c,c.1,c.1.10,c.1.10.0,285
d2pcqa_,SCOPe-ALL,family,c.1.10.0,c,c.1,c.1.10,c.1.10.0,283
d4e38a1,SCOPe-ALL,family,c.1.10.0,c,c.1,c.1.10,c.1.10.0,209
d6rb7a_,SCOPe-ALL,family,c.1.10.0,c,c.1,c.1.10,c.1.10.0,305
d2al1a1,SCOPe-ALL,family,c.1.11.1,c,c.1,c.1.11,c.1.11.1,295
d1kkoa1,SCOPe-ALL,family,c.1.11.2,c,c.1,c.1.11,c.1.11.2,251
d2gdqa1,SCOPe-ALL,family,c.1.11.2,c,c.1,c.1.11,c.1.11.2,256
d1jpma1,SCOPe-ALL,family,c.1.11.2,c,c.1,c.1.11,c.1.11.2,234
d1jpdx1,SCOPe-ALL,family,c.1.11.2,c,c.1,c.1.11,c.1.11.2,208
d1r0ma1,SCOPe-ALL,family,c.1.11.2,c,c.1,c.1.11,c.1.11.2,243
d1r6wa1,SCOPe-ALL,family,c.1.11.2,c,c.1,c.1.11,c.1.11.2,221
d4e6ma2,SCOPe-ALL,family,c.1.11.2,c,c.1,c.1.11,c.1.11.2,278
d1yeya1,SCOPe-ALL,family,c.1.11.2,c,c.1,c.1.11,c.1.11.2,252
d4g8ta2,SCOPe-ALL,family,c.1.11.2,c,c.1,c.1.11,c.1.11.2,309
d4hcha2,SCOPe-ALL,family,c.1.11.2,c,c.1,c.1.11,c.1.11.2,256
d3sbfa2,SCOPe-ALL,family,c.1.11.2,c,c.1,c.1.11,c.1.11.2,284
d4hpna2,SCOPe-ALL,family,c.1.11.0,c,c.1,c.1.11,c.1.11.0,255
d2ps2a2,SCOPe-ALL,family,c.1.11.0,c,c.1,c.1.11,c.1.11.0,240
d4kema2,SCOPe-ALL,family,c.1.11.0,c,c.1,c.1.11,c.1.11.0,249
d2p8ba2,SCOPe-ALL,family,c.1.11.0,c,c.1,c.1.11,c.1.11.0,244
d3ozya2,SCOPe-ALL,family,c.1.11.0,c,c.1,c.1.11,c.1.11.0,255
d3toya2,SCOPe-ALL,family,c.1.11.0,c,c.1,c.1.11,c.1.11.0,228
d3i4ka2,SCOPe-ALL,family,c.1.11.0,c,c.1,c.1.11,c.1.11.0,242
d3q4da2,SCOPe-ALL,family,c.1.11.0,c,c.1,c.1.11,c.1.11.0,244
d3r1za2,SCOPe-ALL,family,c.1.11.0,c,c.1,c.1.11,c.1.11.0,230
d3ik4a2,SCOPe-ALL,family,c.1.11.0,c,c.1,c.1.11,c.1.11.0,229
d4mgga2,SCOPe-ALL,family,c.1.11.0,c,c.1,c.1.11,c.1.11.0,240
d4h83a2,SCOPe-ALL,family,c.1.11.0,c,c.1,c.1.11,c.1.11.0,238
d2poza2,SCOPe-ALL,family,c.1.11.0,c,c.1,c.1.11,c.1.11.0,266
d3rita2,SCOPe-ALL,family,c.1.11.0,c,c.1,c.1.11,c.1.11.0,229
d3dg3a2,SCOPe-ALL,family,c.1.11.0,c,c.1,c.1.11,c.1.11.0,242
d4k8ga2,SCOPe-ALL,family,c.1.11.0,c,c.1,c.1.11,c.1.11.0,291
d3gd6a2,SCOPe-ALL,family,c.1.11.0,c,c.1,c.1.11,c.1.11.0,252
d4h2ha2,SCOPe-ALL,family,c.1.11.0,c,c.1,c.1.11,c.1.11.0,242
d3bjsa2,SCOPe-ALL,family,c.1.11.0,c,c.1,c.1.11,c.1.11.0,245
d3dgba2,SCOPe-ALL,family,c.1.11.0,c,c.1,c.1.11,c.1.11.0,242
d2hzga2,SCOPe-ALL,family,c.1.11.0,c,c.1,c.1.11,c.1.11.0,265
d4m0xa2,SCOPe-ALL,family,c.1.11.0,c,c.1,c.1.11,c.1.11.0,242
d2qdda2,SCOPe-ALL,family,c.1.11.0,c,c.1,c.1.11,c.1.11.0,241
d3i6ea2,SCOPe-ALL,family,c.1.11.0,c,c.1,c.1.11,c.1.11.0,243
d3sjna2,SCOPe-ALL,family,c.1.11.0,c,c.1,c.1.11,c.1.11.0,245
d2pgwa2,SCOPe-ALL,family,c.1.11.0,c,c.1,c.1.11,c.1.11.0,243
d2ovla2,SCOPe-ALL,family,c.1.11.0,c,c.1,c.1.11,c.1.11.0,233
d4dyea2,SCOPe-ALL,family,c.1.11.0,c,c.1,c.1.11,c.1.11.0,255
d4dhga2,SCOPe-ALL,family,c.1.11.0,c,c.1,c.1.11,c.1.11.0,286
d2zada2,SCOPe-ALL,family,c.1.11.0,c,c.1,c.1.11,c.1.11.0,221
d5xd7a2,SCOPe-ALL,family,c.1.11.0,c,c.1,c.1.11,c.1.11.0,232
d3hqna1,SCOPe-ALL,family,c.1.12.1,c,c.1,c.1.12,c.1.12.1,259
d1kbla1,SCOPe-ALL,family,c.1.12.2,c,c.1,c.1.12,c.1.12.2,364
d1jqna_,SCOPe-ALL,family,c.1.12.3,c,c.1,c.1.12,c.1.12.3,880
d1sgja_,SCOPe-ALL,family,c.1.12.5,c,c.1,c.1.12,c.1.12.5,231
d1u5ha_,SCOPe-ALL,family,c.1.12.5,c,c.1,c.1.12,c.1.12.5,223
d1izca_,SCOPe-ALL,family,c.1.12.5,c,c.1,c.1.12,c.1.12.5,299
d1xg4a_,SCOPe-ALL,family,c.1.12.7,c,c.1,c.1.12,c.1.12.7,287
d1s2wa_,SCOPe-ALL,family,c.1.12.7,c,c.1,c.1.12,c.1.12.7,275
d7ebca_,SCOPe-ALL,family,c.1.12.7,c,c.1,c.1.12,c.1.12.7,524
d3lg3a_,SCOPe-ALL,family,c.1.12.7,c,c.1,c.1.12,c.1.12.7,419
d3vava_,SCOPe-ALL,family,c.1.12.8,c,c.1,c.1.12,c.1.12.8,263
d2p10a1,SCOPe-ALL,family,c.1.12.9,c,c.1,c.1.12,c.1.12.9,197
d4mf4a_,SCOPe-ALL,family,c.1.12.0,c,c.1,c.1.12,c.1.12.0,258
d1zlpa_,SCOPe-ALL,family,c.1.12.0,c,c.1,c.1.12,c.1.12.0,284
d3lyea_,SCOPe-ALL,family,c.1.12.0,c,c.1,c.1.12,c.1.12.0,293
d3qz6a1,SCOPe-ALL,family,c.1.12.0,c,c.1,c.1.12,c.1.12.0,258
d2vwsa_,SCOPe-ALL,family,c.1.12.0,c,c.1,c.1.12,c.1.12.0,256
d4tv5a_,SCOPe-ALL,family,c.1.12.0,c,c.1,c.1.12,c.1.12.0,255
d3qlla_,SCOPe-ALL,family,c.1.12.0,c,c.1,c.1.12,c.1.12.0,236
d5vfba_,SCOPe-ALL,family,c.1.13.1,c,c.1,c.1.13,c.1.13.1,724
d1ykwa1,SCOPe-ALL,family,c.1.14.1,c,c.1,c.1.14,c.1.14.1,283
d2d69a1,SCOPe-ALL,family,c.1.14.1,c,c.1,c.1.14,c.1.14.1,291
d5ruba1,SCOPe-ALL,family,c.1.14.1,c,c.1,c.1.14,c.1.14.1,320
d1wdda1,SCOPe-ALL,family,c.1.14.1,c,c.1,c.1.14,c.1.14.1,325
d2oemb2,SCOPe-ALL,family,c.1.14.0,c,c.1,c.1.14,c.1.14.0,293
d2nqha_,SCOPe-ALL,family,c.1.15.1,c,c.1,c.1.15,c.1.15.1,279
d3aala_,SCOPe-ALL,family,c.1.15.1,c,c.1,c.1.15,c.1.15.1,298
d1d8wa_,SCOPe-ALL,family,c.1.15.2,c,c.1,c.1.15,c.1.15.2,416
d3u3ha_,SCOPe-ALL,family,c.1.15.3,c,c.1,c.1.15,c.1.15.3,386
d1i60a_,SCOPe-ALL,family,c.1.15.4,c,c.1,c.1.15,c.1.15.4,278
d2g0wa1,SCOPe-ALL,family,c.1.15.4,c,c.1,c.1.15,c.1.15.4,275
d4hgxa_,SCOPe-ALL,family,c.1.15.4,c,c.1,c.1.15,c.1.15.4,268
d1k77a1,SCOPe-ALL,family,c.1.15.5,c,c.1,c.1.15,c.1.15.5,258
d1tz9a1,SCOPe-ALL,family,c.1.15.6,c,c.1,c.1.15,c.1.15.6,352
d1yx1a1,SCOPe-ALL,family,c.1.15.7,c,c.1,c.1.15,c.1.15.7,250
d5nh6a_,SCOPe-ALL,family,c.1.15.0,c,c.1,c.1.15,c.1.15.0,436
d4hnoa1,SCOPe-ALL,family,c.1.15.0,c,c.1,c.1.15,c.1.15.0,284
d3aama_,SCOPe-ALL,family,c.1.15.0,c,c.1,c.1.15,c.1.15.0,269
d1luca_,SCOPe-ALL,family,c.1.16.1,c,c.1,c.1.16,c.1.16.1,355
d1lucb_,SCOPe-ALL,family,c.1.16.1,c,c.1,c.1.16,c.1.16.1,320
d1nfpa_,SCOPe-ALL,family,c.1.16.2,c,c.1,c.1.16,c.1.16.2,228
d1rhca_,SCOPe-ALL,family,c.1.16.3,c,c.1,c.1.16,c.1.16.3,330
d1ezwa_,SCOPe-ALL,family,c.1.16.3,c,c.1,c.1.16,c.1.16.3,347
d1m41a_,SCOPe-ALL,family,c.1.16.4,c,c.1,c.1.16,c.1.16.4,361
d6aska_,SCOPe-ALL,family,c.1.16.4,c,c.1,c.1.16,c.1.16.4,430
d3raoa1,SCOPe-ALL,family,c.1.16.0,c,c.1,c.1.16,c.1.16.0,347
d5xkca_,SCOPe-ALL,family,c.1.16.0,c,c.1,c.1.16,c.1.16.0,446
d5dqpa_,SCOPe-ALL,family,c.1.16.0,c,c.1,c.1.16,c.1.16.0,427
d3b9oa_,SCOPe-ALL,family,c.1.16.0,c,c.1,c.1.16,c.1.16.0,433
d6lr1a_,SCOPe-ALL,family,c.1.16.0,c,c.1,c.1.16,c.1.16.0,451
d5lxea_,SCOPe-ALL,family,c.1.16.0,c,c.1,c.1.16,c.1.16.0,334
d7bipa_,SCOPe-ALL,family,c.1.16.0,c,c.1,c.1.16,c.1.16.0,351
d2i1oa2,SCOPe-ALL,family,c.1.17.1,c,c.1,c.1.17,c.1.17.1,270
d4mzya2,SCOPe-ALL,family,c.1.17.1,c,c.1,c.1.17,c.1.17.1,348
d1o4ua1,SCOPe-ALL,family,c.1.17.1,c,c.1,c.1.17,c.1.17.1,170
d1ybea1,SCOPe-ALL,family,c.1.17.2,c,c.1,c.1.17,c.1.17.2,266
d1vlpa2,SCOPe-ALL,family,c.1.17.2,c,c.1,c.1.17,c.1.17.2,266
d2im5a2,SCOPe-ALL,family,c.1.17.2,c,c.1,c.1.17,c.1.17.2,254
d4kfna2,SCOPe-ALL,family,c.1.17.2,c,c.1,c.1.17,c.1.17.2,326
d3l0ga2,SCOPe-ALL,family,c.1.17.0,c,c.1,c.1.17,c.1.17.0,167
d1x1oa2,SCOPe-ALL,family,c.1.17.0,c,c.1,c.1.17,c.1.17.0,170
d4hl7a2,SCOPe-ALL,family,c.1.17.0,c,c.1,c.1.17,c.1.17.0,278
d2zkmx4,SCOPe-ALL,family,c.1.18.1,c,c.1,c.1.18,c.1.18.1,349
d2ptda_,SCOPe-ALL,family,c.1.18.2,c,c.1,c.1.18,c.1.18.2,296
d2plca_,SCOPe-ALL,family,c.1.18.2,c,c.1,c.1.18,c.1.18.2,274
d1ydya_,SCOPe-ALL,family,c.1.18.3,c,c.1,c.1.18,c.1.18.3,328
d1zcca1,SCOPe-ALL,family,c.1.18.3,c,c.1,c.1.18,c.1.18.3,240
d1o1za1,SCOPe-ALL,family,c.1.18.3,c,c.1,c.1.18,c.1.18.3,221
d1vd6a_,SCOPe-ALL,family,c.1.18.3,c,c.1,c.1.18,c.1.18.3,218
d3ks6a1,SCOPe-ALL,family,c.1.18.0,c,c.1,c.1.18,c.1.18.0,249
d5t9ce_,SCOPe-ALL,family,c.1.18.0,c,c.1,c.1.18,c.1.18.0,263
d3ch0a1,SCOPe-ALL,family,c.1.18.0,c,c.1,c.1.18,c.1.18.0,271
d3qvqa_,SCOPe-ALL,family,c.1.18.0,c,c.1,c.1.18,c.1.18.0,251
d3no3a1,SCOPe-ALL,family,c.1.18.0,c,c.1,c.1.18,c.1.18.0,237
d2o55a_,SCOPe-ALL,family,c.1.18.0,c,c.1,c.1.18,c.1.18.0,254
d2otda_,SCOPe-ALL,family,c.1.18.0,c,c.1,c.1.18,c.1.18.0,245
d3l12a_,SCOPe-ALL,family,c.1.18.0,c,c.1,c.1.18,c.1.18.0,310
d4oeca_,SCOPe-ALL,family,c.1.18.0,c,c.1,c.1.18,c.1.18.0,248
d1reqa1,SCOPe-ALL,family,c.1.19.1,c,c.1,c.1.19,c.1.19.1,559
d1reqb1,SCOPe-ALL,family,c.1.19.1,c,c.1,c.1.19,c.1.19.1,456
d1ccwb_,SCOPe-ALL,family,c.1.19.2,c,c.1,c.1.19,c.1.19.2,483
d1uc4a_,SCOPe-ALL,family,c.1.19.3,c,c.1,c.1.19,c.1.19.3,551
d1xrsa_,SCOPe-ALL,family,c.1.19.4,c,c.1,c.1.19,c.1.19.4,516
d1iq8a1,SCOPe-ALL,family,c.1.20.1,c,c.1,c.1.20,c.1.20.1,355
d3blda_,SCOPe-ALL,family,c.1.20.1,c,c.1,c.1.20,c.1.20.1,372
d1ad1a_,SCOPe-ALL,family,c.1.21.1,c,c.1,c.1.21,c.1.21.1,264
d3bofa1,SCOPe-ALL,family,c.1.21.2,c,c.1,c.1.21,c.1.21.2,260
d2ycix1,SCOPe-ALL,family,c.1.21.2,c,c.1,c.1.21,c.1.21.2,263
d6ucza_,SCOPe-ALL,family,c.1.21.0,c,c.1,c.1.21,c.1.21.0,265
d2y5sa1,SCOPe-ALL,family,c.1.21.0,c,c.1,c.1.21,c.1.21.0,289
d3tr9a_,SCOPe-ALL,family,c.1.21.0,c,c.1,c.1.21,c.1.21.0,282
d4o1ea1,SCOPe-ALL,family,c.1.21.0,c,c.1,c.1.21,c.1.21.0,266
d6omza_,SCOPe-ALL,family,c.1.21.0,c,c.1,c.1.21,c.1.21.0,274
d2vp8a_,SCOPe-ALL,family,c.1.21.0,c,c.1,c.1.21,c.1.21.0,285
d5visa_,SCOPe-ALL,family,c.1.21.0,c,c.1,c.1.21,c.1.21.0,275
d1r3ra_,SCOPe-ALL,family,c.1.22.1,c,c.1,c.1.22,c.1.22.1,356
d1j93a_,SCOPe-ALL,family,c.1.22.1,c,c.1,c.1.22,c.1.22.1,343
d2ejaa_,SCOPe-ALL,family,c.1.22.0,c,c.1,c.1.22,c.1.22.0,337
d4l6ha1,SCOPe-ALL,family,c.1.22.0,c,c.1,c.1.22,c.1.22.0,403
d4l6ha2,SCOPe-ALL,family,c.1.22.0,c,c.1,c.1.22,c.1.22.0,364
d4ay7a_,SCOPe-ALL,family,c.1.22.0,c,c.1,c.1.22,c.1.22.0,337
d1v93a_,SCOPe-ALL,family,c.1.23.1,c,c.1,c.1.23,c.1.23.1,292
d3fsta_,SCOPe-ALL,family,c.1.23.1,c,c.1,c.1.23,c.1.23.1,292
d1tj2a2,SCOPe-ALL,family,c.1.23.2,c,c.1,c.1.23,c.1.23.2,349
d6fnua1,SCOPe-ALL,family,c.1.23.0,c,c.1,c.1.23,c.1.23.0,301
d1m5wa_,SCOPe-ALL,family,c.1.24.1,c,c.1,c.1.24,c.1.24.1,242
d6w6aa1,SCOPe-ALL,family,c.1.24.0,c,c.1,c.1.24,c.1.24.0,247
d1l2ra_,SCOPe-ALL,family,c.1.25.1,c,c.1,c.1.25,c.1.25.1,457
d4m3pa_,SCOPe-ALL,family,c.1.26.1,c,c.1,c.1.26,c.1.26.1,392
d3bofa2,SCOPe-ALL,family,c.1.26.1,c,c.1,c.1.26,c.1.26.1,300
d1qwga_,SCOPe-ALL,family,c.1.27.1,c,c.1,c.1.27,c.1.27.1,251
d1r30a_,SCOPe-ALL,family,c.1.28.1,c,c.1,c.1.28,c.1.28.1,312
d1olta_,SCOPe-ALL,family,c.1.28.2,c,c.1,c.1.28,c.1.28.2,441
d1tv8a_,SCOPe-ALL,family,c.1.28.3,c,c.1,c.1.28,c.1.28.3,327
d1vkfa_,SCOPe-ALL,family,c.1.29.1,c,c.1,c.1.29,c.1.29.1,172
d1twda_,SCOPe-ALL,family,c.1.30.1,c,c.1,c.1.30,c.1.30.1,247
d1xm3a_,SCOPe-ALL,family,c.1.31.1,c,c.1,c.1.31,c.1.31.1,251
d4n6fa_,SCOPe-ALL,family,c.1.31.0,c,c.1,c.1.31,c.1.31.0,242
d1vpqa1,SCOPe-ALL,family,c.1.32.1,c,c.1,c.1.32,c.1.32.1,259
d1ztva1,SCOPe-ALL,family,c.1.32.1,c,c.1,c.1.32,c.1.32.1,275
d2basa1,SCOPe-ALL,family,c.1.33.1,c,c.1,c.1.33,c.1.33.1,261
d5m17a_,SCOPe-ALL,family,c.1.34.0,c,c.1,c.1.34,c.1.34.0,349
d1h0ka2,SCOPe-ALL,family,c.2.1.1,c,c.2,c.2.1,c.2.1.1,189
d1h2ba2,SCOPe-ALL,family,c.2.1.1,c,c.2,c.2.1,c.2.1.1,172
d1rjwa2,SCOPe-ALL,family,c.2.1.1,c,c.2,c.2.1,c.2.1.1,168
d4dxha2,SCOPe-ALL,family,c.2.1.1,c,c.2,c.2.1,c.2.1.1,176
d1jvba2,SCOPe-ALL,family,c.2.1.1,c,c.2,c.2.1,c.2.1.1,170
d1jqba2,SCOPe-ALL,family,c.2.1.1,c,c.2,c.2.1,c.2.1.1,174
d1f8fa2,SCOPe-ALL,family,c.2.1.1,c,c.2,c.2.1,c.2.1.1,174
d1piwa2,SCOPe-ALL,family,c.2.1.1,c,c.2,c.2.1,c.2.1.1,168
d2vz8ab,SCOPe-ALL,family,c.2.1.1,c,c.2,c.2.1,c.2.1.1,185
d2vz8aa,SCOPe-ALL,family,c.2.1.1,c,c.2,c.2.1,c.2.1.1,169
d1kola2,SCOPe-ALL,family,c.2.1.1,c,c.2,c.2.1,c.2.1.1,195
d1vj0a2,SCOPe-ALL,family,c.2.1.1,c,c.2,c.2.1,c.2.1.1,182
d1uufa2,SCOPe-ALL,family,c.2.1.1,c,c.2,c.2.1,c.2.1.1,168
d1o89a2,SCOPe-ALL,family,c.2.1.1,c,c.2,c.2.1,c.2.1.1,177
d1pl8a2,SCOPe-ALL,family,c.2.1.1,c,c.2,c.2.1,c.2.1.1,171
d1v3va2,SCOPe-ALL,family,c.2.1.1,c,c.2,c.2.1,c.2.1.1,182
d1qora2,SCOPe-ALL,family,c.2.1.1,c,c.2,c.2.1,c.2.1.1,179
d1yb5a2,SCOPe-ALL,family,c.2.1.1,c,c.2,c.2.1,c.2.1.1,174
d1iz0a2,SCOPe-ALL,family,c.2.1.1,c,c.2,c.2.1,c.2.1.1,171
d4okia1,SCOPe-ALL,family,c.2.1.1,c,c.2,c.2.1,c.2.1.1,180
d1gz6a_,SCOPe-ALL,family,c.2.1.2,c,c.2,c.2.1,c.2.1.2,302
d2ew8a1,SCOPe-ALL,family,c.2.1.2,c,c.2,c.2.1,c.2.1.2,247
d1ja9a_,SCOPe-ALL,family,c.2.1.2,c,c.2,c.2.1,c.2.1.2,259
d1xu9a1,SCOPe-ALL,family,c.2.1.2,c,c.2,c.2.1,c.2.1.2,266
d2gdza1,SCOPe-ALL,family,c.2.1.2,c,c.2,c.2.1,c.2.1.2,254
d1yb1a_,SCOPe-ALL,family,c.2.1.2,c,c.2,c.2.1,c.2.1.2,244
d1w6ua_,SCOPe-ALL,family,c.2.1.2,c,c.2,c.2.1,c.2.1.2,294
d1fjha_,SCOPe-ALL,family,c.2.1.2,c,c.2,c.2.1,c.2.1.2,257
d1hxha_,SCOPe-ALL,family,c.2.1.2,c,c.2,c.2.1,c.2.1.2,253
d1fmca_,SCOPe-ALL,family,c.2.1.2,c,c.2,c.2.1,c.2.1.2,255
d1y1pa1,SCOPe-ALL,family,c.2.1.2,c,c.2,c.2.1,c.2.1.2,342
d2bd0a1,SCOPe-ALL,family,c.2.1.2,c,c.2,c.2.1,c.2.1.2,240
d2c07a1,SCOPe-ALL,family,c.2.1.2,c,c.2,c.2.1,c.2.1.2,251
d1x7ga_,SCOPe-ALL,family,c.2.1.2,c,c.2,c.2.1,c.2.1.2,256
d1hdoa_,SCOPe-ALL,family,c.2.1.2,c,c.2,c.2.1,c.2.1.2,205
d1snya1,SCOPe-ALL,family,c.2.1.2,c,c.2,c.2.1,c.2.1.2,247
d1wmaa1,SCOPe-ALL,family,c.2.1.2,c,c.2,c.2.1,c.2.1.2,275
d1rkxa_,SCOPe-ALL,family,c.2.1.2,c,c.2,c.2.1,c.2.1.2,356
d1orra1,SCOPe-ALL,family,c.2.1.2,c,c.2,c.2.1,c.2.1.2,337
d2ag5a1,SCOPe-ALL,family,c.2.1.2,c,c.2,c.2.1,c.2.1.2,245
d1ooea_,SCOPe-ALL,family,c.2.1.2,c,c.2,c.2.1,c.2.1.2,235
d1sbya_,SCOPe-ALL,family,c.2.1.2,c,c.2,c.2.1,c.2.1.2,254
d1kc0a_,SCOPe-ALL,family,c.2.1.2,c,c.2,c.2.1,c.2.1.2,298
d1r6da_,SCOPe-ALL,family,c.2.1.2,c,c.2,c.2.1,c.2.1.2,322
d3oiga1,SCOPe-ALL,family,c.2.1.2,c,c.2,c.2.1,c.2.1.2,258
d2x23a_,SCOPe-ALL,family,c.2.1.2,c,c.2,c.2.1,c.2.1.2,268
d1enoa_,SCOPe-ALL,family,c.2.1.2,c,c.2,c.2.1,c.2.1.2,297
d2fr1a1,SCOPe-ALL,family,c.2.1.2,c,c.2,c.2.1,c.2.1.2,259
d2fr1a2,SCOPe-ALL,family,c.2.1.2,c,c.2,c.2.1,c.2.1.2,209
d1e6ua_,SCOPe-ALL,family,c.2.1.2,c,c.2,c.2.1,c.2.1.2,315
d1n7ha_,SCOPe-ALL,family,c.2.1.2,c,c.2,c.2.1,c.2.1.2,339
d2c5aa1,SCOPe-ALL,family,c.2.1.2,c,c.2,c.2.1,c.2.1.2,363
d1vl8a_,SCOPe-ALL,family,c.2.1.2,c,c.2,c.2.1,c.2.1.2,251
d1geea_,SCOPe-ALL,family,c.2.1.2,c,c.2,c.2.1,c.2.1.2,261
d1zmta_,SCOPe-ALL,family,c.2.1.2,c,c.2,c.2.1,c.2.1.2,252
d1jtva_,SCOPe-ALL,family,c.2.1.2,c,c.2,c.2.1,c.2.1.2,285
d2q46a2,SCOPe-ALL,family,c.2.1.2,c,c.2,c.2.1,c.2.1.2,252
d2a35a1,SCOPe-ALL,family,c.2.1.2,c,c.2,c.2.1,c.2.1.2,210
d1xkqa_,SCOPe-ALL,family,c.2.1.2,c,c.2,c.2.1,c.2.1.2,272
d1iy8a_,SCOPe-ALL,family,c.2.1.2,c,c.2,c.2.1,c.2.1.2,258
d1h5qa_,SCOPe-ALL,family,c.2.1.2,c,c.2,c.2.1,c.2.1.2,260
d1gega_,SCOPe-ALL,family,c.2.1.2,c,c.2,c.2.1,c.2.1.2,255
d1xgka_,SCOPe-ALL,family,c.2.1.2,c,c.2,c.2.1,c.2.1.2,350
d1yxma1,SCOPe-ALL,family,c.2.1.2,c,c.2,c.2.1,c.2.1.2,297
d1yo6a1,SCOPe-ALL,family,c.2.1.2,c,c.2,c.2.1,c.2.1.2,250
d1xg5a1,SCOPe-ALL,family,c.2.1.2,c,c.2,c.2.1,c.2.1.2,255
d5icma1,SCOPe-ALL,family,c.2.1.2,c,c.2,c.2.1,c.2.1.2,252
d2bgka1,SCOPe-ALL,family,c.2.1.2,c,c.2,c.2.1,c.2.1.2,268
d1oaaa_,SCOPe-ALL,family,c.2.1.2,c,c.2,c.2.1,c.2.1.2,259
d1i24a1,SCOPe-ALL,family,c.2.1.2,c,c.2,c.2.1,c.2.1.2,391
d2bkaa1,SCOPe-ALL,family,c.2.1.2,c,c.2,c.2.1,c.2.1.2,232
d1uaya_,SCOPe-ALL,family,c.2.1.2,c,c.2,c.2.1,c.2.1.2,241
d2b69a1,SCOPe-ALL,family,c.2.1.2,c,c.2,c.2.1,c.2.1.2,312
d1sb8a_,SCOPe-ALL,family,c.2.1.2,c,c.2,c.2.1,c.2.1.2,341
d1i3na_,SCOPe-ALL,family,c.2.1.2,c,c.2,c.2.1,c.2.1.2,347
d1gy8a_,SCOPe-ALL,family,c.2.1.2,c,c.2,c.2.1,c.2.1.2,383
d1zema1,SCOPe-ALL,family,c.2.1.2,c,c.2,c.2.1,c.2.1.2,260
d3w8ea_,SCOPe-ALL,family,c.2.1.2,c,c.2,c.2.1,c.2.1.2,260
d5fffa_,SCOPe-ALL,family,c.2.1.2,c,c.2,c.2.1,c.2.1.2,257
d2x6ta_,SCOPe-ALL,family,c.2.1.2,c,c.2,c.2.1,c.2.1.2,307
d3d3wa_,SCOPe-ALL,family,c.2.1.2,c,c.2,c.2.1,c.2.1.2,244
d1zk4a_,SCOPe-ALL,family,c.2.1.2,c,c.2,c.2.1,c.2.1.2,251
d3zv4a_,SCOPe-ALL,family,c.2.1.2,c,c.2,c.2.1,c.2.1.2,275
d4e6pa_,SCOPe-ALL,family,c.2.1.2,c,c.2,c.2.1,c.2.1.2,256
d2egha2,SCOPe-ALL,family,c.2.1.3,c,c.2,c.2.1,c.2.1.3,152
d1t1ra3,SCOPe-ALL,family,c.2.1.3,c,c.2,c.2.1,c.2.1.3,26
d1nvmb1,SCOPe-ALL,family,c.2.1.3,c,c.2,c.2.1,c.2.1.3,158
d1t4ba1,SCOPe-ALL,family,c.2.1.3,c,c.2,c.2.1,c.2.1.3,147
d4r3na1,SCOPe-ALL,family,c.2.1.3,c,c.2,c.2.1,c.2.1.3,156
d1lc0a1,SCOPe-ALL,family,c.2.1.3,c,c.2,c.2.1,c.2.1.3,173
d2dapa1,SCOPe-ALL,family,c.2.1.3,c,c.2,c.2.1,c.2.1.3,171
d1drua1,SCOPe-ALL,family,c.2.1.3,c,c.2,c.2.1,c.2.1.3,161
d1p9la1,SCOPe-ALL,family,c.2.1.3,c,c.2,c.2.1,c.2.1.3,137
d1vm6a3,SCOPe-ALL,family,c.2.1.3,c,c.2,c.2.1,c.2.1.3,129
d2nvwa1,SCOPe-ALL,family,c.2.1.3,c,c.2,c.2.1,c.2.1.3,251
d1qkia1,SCOPe-ALL,family,c.2.1.3,c,c.2,c.2.1,c.2.1.3,204
d1dpga1,SCOPe-ALL,family,c.2.1.3,c,c.2,c.2.1,c.2.1.3,196
d1h6da1,SCOPe-ALL,family,c.2.1.3,c,c.2,c.2.1,c.2.1.3,222
d3cmco1,SCOPe-ALL,family,c.2.1.3,c,c.2,c.2.1,c.2.1.3,172
d2czca2,SCOPe-ALL,family,c.2.1.3,c,c.2,c.2.1,c.2.1.3,173
d1ebua1,SCOPe-ALL,family,c.2.1.3,c,c.2,c.2.1,c.2.1.3,169
d1zh8a1,SCOPe-ALL,family,c.2.1.3,c,c.2,c.2.1,c.2.1.3,182
d1vjpa3,SCOPe-ALL,family,c.2.1.3,c,c.2,c.2.1,c.2.1.3,275
d1j5pa4,SCOPe-ALL,family,c.2.1.3,c,c.2,c.2.1,c.2.1.3,131
d3qvsa1,SCOPe-ALL,family,c.2.1.3,c,c.2,c.2.1,c.2.1.3,288
d1p1ja1,SCOPe-ALL,family,c.2.1.3,c,c.2,c.2.1,c.2.1.3,411
d1gr0a1,SCOPe-ALL,family,c.2.1.3,c,c.2,c.2.1,c.2.1.3,244
d2g17a1,SCOPe-ALL,family,c.2.1.3,c,c.2,c.2.1,c.2.1.3,180
d1vkna1,SCOPe-ALL,family,c.2.1.3,c,c.2,c.2.1,c.2.1.3,177
d2q4ea1,SCOPe-ALL,family,c.2.1.3,c,c.2,c.2.1,c.2.1.3,185
d1xeaa1,SCOPe-ALL,family,c.2.1.3,c,c.2,c.2.1,c.2.1.3,166
d1ff9a1,SCOPe-ALL,family,c.2.1.3,c,c.2,c.2.1,c.2.1.3,183
d2hjsa1,SCOPe-ALL,family,c.2.1.3,c,c.2,c.2.1,c.2.1.3,145
d1tlta1,SCOPe-ALL,family,c.2.1.3,c,c.2,c.2.1,c.2.1.3,165
d1gdha1,SCOPe-ALL,family,c.2.1.4,c,c.2,c.2.1,c.2.1.4,191
d1j4aa1,SCOPe-ALL,family,c.2.1.4,c,c.2,c.2.1,c.2.1.4,197
d2naca1,SCOPe-ALL,family,c.2.1.4,c,c.2,c.2.1,c.2.1.4,188
d1saya1,SCOPe-ALL,family,c.2.1.4,c,c.2,c.2.1,c.2.1.4,168
d1l7da1,SCOPe-ALL,family,c.2.1.4,c,c.2,c.2.1,c.2.1.4,183
d1sc6a1,SCOPe-ALL,family,c.2.1.4,c,c.2,c.2.1,c.2.1.4,188
d1ygya1,SCOPe-ALL,family,c.2.1.4,c,c.2,c.2.1,c.2.1.4,184
d1qp8a1,SCOPe-ALL,family,c.2.1.4,c,c.2,c.2.1,c.2.1.4,181
d1li4a1,SCOPe-ALL,family,c.2.1.4,c,c.2,c.2.1,c.2.1.4,163
d1mx3a1,SCOPe-ALL,family,c.2.1.4,c,c.2,c.2.1,c.2.1.4,193
d1s6ya1,SCOPe-ALL,family,c.2.1.5,c,c.2,c.2.1,c.2.1.5,169
d1hyha1,SCOPe-ALL,family,c.2.1.5,c,c.2,c.2.1,c.2.1.5,146
d1llda1,SCOPe-ALL,family,c.2.1.5,c,c.2,c.2.1,c.2.1.5,143
d1t2da1,SCOPe-ALL,family,c.2.1.5,c,c.2,c.2.1,c.2.1.5,150
d1o6za1,SCOPe-ALL,family,c.2.1.5,c,c.2,c.2.1,c.2.1.5,142
d1nrhx3,SCOPe-ALL,family,c.2.1.5,c,c.2,c.2.1,c.2.1.5,167
d1hyea1,SCOPe-ALL,family,c.2.1.5,c,c.2,c.2.1,c.2.1.5,145
d1jaya_,SCOPe-ALL,family,c.2.1.6,c,c.2,c.2.1,c.2.1.6,212
d1i36a2,SCOPe-ALL,family,c.2.1.6,c,c.2,c.2.1,c.2.1.6,152
d1wdka3,SCOPe-ALL,family,c.2.1.6,c,c.2,c.2.1,c.2.1.6,186
d1mv8a2,SCOPe-ALL,family,c.2.1.6,c,c.2,c.2.1,c.2.1.6,202
d1txga2,SCOPe-ALL,family,c.2.1.6,c,c.2,c.2.1,c.2.1.6,180
d1evya2,SCOPe-ALL,family,c.2.1.6,c,c.2,c.2.1,c.2.1.6,189
d2cvza2,SCOPe-ALL,family,c.2.1.6,c,c.2,c.2.1,c.2.1.6,156
d2i76a2,SCOPe-ALL,family,c.2.1.6,c,c.2,c.2.1,c.2.1.6,153
d1yjqa2,SCOPe-ALL,family,c.2.1.6,c,c.2,c.2.1,c.2.1.6,167
d1lj8a4,SCOPe-ALL,family,c.2.1.6,c,c.2,c.2.1,c.2.1.6,285
d1bg6a2,SCOPe-ALL,family,c.2.1.6,c,c.2,c.2.1,c.2.1.6,184
d2g5ca2,SCOPe-ALL,family,c.2.1.6,c,c.2,c.2.1,c.2.1.6,171
d2pv7a2,SCOPe-ALL,family,c.2.1.6,c,c.2,c.2.1,c.2.1.6,152
d2f1ka2,SCOPe-ALL,family,c.2.1.6,c,c.2,c.2.1,c.2.1.6,165
d1xc2a3,SCOPe-ALL,family,c.2.1.6,c,c.2,c.2.1,c.2.1.6,152
d2ahra2,SCOPe-ALL,family,c.2.1.6,c,c.2,c.2.1,c.2.1.6,152
d1dlja2,SCOPe-ALL,family,c.2.1.6,c,c.2,c.2.1,c.2.1.6,196
d3rqsa1,SCOPe-ALL,family,c.2.1.6,c,c.2,c.2.1,c.2.1.6,193
d1bgva1,SCOPe-ALL,family,c.2.1.7,c,c.2,c.2.1,c.2.1.7,255
d1hwxa4,SCOPe-ALL,family,c.2.1.7,c,c.2,c.2.1,c.2.1.7,293
d1gtma1,SCOPe-ALL,family,c.2.1.7,c,c.2,c.2.1,c.2.1.7,239
d1gpja2,SCOPe-ALL,family,c.2.1.7,c,c.2,c.2.1,c.2.1.7,159
d1vl6a1,SCOPe-ALL,family,c.2.1.7,c,c.2,c.2.1,c.2.1.7,222
d1luaa1,SCOPe-ALL,family,c.2.1.7,c,c.2,c.2.1,c.2.1.7,191
d1edza1,SCOPe-ALL,family,c.2.1.7,c,c.2,c.2.1,c.2.1.7,171
d1pj3a1,SCOPe-ALL,family,c.2.1.7,c,c.2,c.2.1,c.2.1.7,294
d1c1da1,SCOPe-ALL,family,c.2.1.7,c,c.2,c.2.1,c.2.1.7,201
d2hk8a2,SCOPe-ALL,family,c.2.1.7,c,c.2,c.2.1,c.2.1.7,161
d1nyta1,SCOPe-ALL,family,c.2.1.7,c,c.2,c.2.1,c.2.1.7,170
d2egga2,SCOPe-ALL,family,c.2.1.7,c,c.2,c.2.1,c.2.1.7,175
d3dona2,SCOPe-ALL,family,c.2.1.7,c,c.2,c.2.1,c.2.1.7,170
d1npya1,SCOPe-ALL,family,c.2.1.7,c,c.2,c.2.1,c.2.1.7,167
d2csua1,SCOPe-ALL,family,c.2.1.8,c,c.2,c.2.1,c.2.1.8,129
d1y81a1,SCOPe-ALL,family,c.2.1.8,c,c.2,c.2.1,c.2.1.8,116
d2d59a_,SCOPe-ALL,family,c.2.1.8,c,c.2,c.2.1,c.2.1.8,141
d1iuka_,SCOPe-ALL,family,c.2.1.8,c,c.2,c.2.1,c.2.1.8,136
d1oi7a1,SCOPe-ALL,family,c.2.1.8,c,c.2,c.2.1,c.2.1.8,121
d2hmta_,SCOPe-ALL,family,c.2.1.9,c,c.2,c.2.1,c.2.1.9,139
d1lssa_,SCOPe-ALL,family,c.2.1.9,c,c.2,c.2.1,c.2.1.9,132
d2aefa1,SCOPe-ALL,family,c.2.1.9,c,c.2,c.2.1,c.2.1.9,129
d1id1a_,SCOPe-ALL,family,c.2.1.9,c,c.2,c.2.1,c.2.1.9,153
d1kyqa1,SCOPe-ALL,family,c.2.1.11,c,c.2,c.2.1,c.2.1.11,150
d2dt5a2,SCOPe-ALL,family,c.2.1.12,c,c.2,c.2.1,c.2.1.12,134
d1omoa_,SCOPe-ALL,family,c.2.1.13,c,c.2,c.2.1,c.2.1.13,320
d1x7da_,SCOPe-ALL,family,c.2.1.13,c,c.2,c.2.1,c.2.1.13,340
d6vloa1,SCOPe-ALL,family,c.2.1.0,c,c.2,c.2.1,c.2.1.0,317
d4iuya_,SCOPe-ALL,family,c.2.1.0,c,c.2,c.2.1,c.2.1.0,253
d7caxa_,SCOPe-ALL,family,c.2.1.0,c,c.2,c.2.1,c.2.1.0,240
d6pzna1,SCOPe-ALL,family,c.2.1.0,c,c.2,c.2.1,c.2.1.0,244
d4b4ua2,SCOPe-ALL,family,c.2.1.0,c,c.2,c.2.1,c.2.1.0,161
d4e12a1,SCOPe-ALL,family,c.2.1.0,c,c.2,c.2.1,c.2.1.0,189
d3l6ea1,SCOPe-ALL,family,c.2.1.0,c,c.2,c.2.1,c.2.1.0,224
d2z1na_,SCOPe-ALL,family,c.2.1.0,c,c.2,c.2.1,c.2.1.0,260
d5b1ya_,SCOPe-ALL,family,c.2.1.0,c,c.2,c.2.1,c.2.1.0,250
d4imra1,SCOPe-ALL,family,c.2.1.0,c,c.2,c.2.1,c.2.1.0,253
d2p4hx_,SCOPe-ALL,family,c.2.1.0,c,c.2,c.2.1,c.2.1.0,322
d2pk3a_,SCOPe-ALL,family,c.2.1.0,c,c.2,c.2.1,c.2.1.0,309
d7mqva1,SCOPe-ALL,family,c.2.1.0,c,c.2,c.2.1,c.2.1.0,182
d3t4xa1,SCOPe-ALL,family,c.2.1.0,c,c.2,c.2.1,c.2.1.0,264
d1zmoa_,SCOPe-ALL,family,c.2.1.0,c,c.2,c.2.1,c.2.1.0,243
d7do7a1,SCOPe-ALL,family,c.2.1.0,c,c.2,c.2.1,c.2.1.0,255
d3sc6a_,SCOPe-ALL,family,c.2.1.0,c,c.2,c.2.1,c.2.1.0,281
d3icca1,SCOPe-ALL,family,c.2.1.0,c,c.2,c.2.1,c.2.1.0,252
d6zlka_,SCOPe-ALL,family,c.2.1.0,c,c.2,c.2.1,c.2.1.0,315
d5je8a1,SCOPe-ALL,family,c.2.1.0,c,c.2,c.2.1,c.2.1.0,163
d3m2pa1,SCOPe-ALL,family,c.2.1.0,c,c.2,c.2.1,c.2.1.0,292
d4m1qa1,SCOPe-ALL,family,c.2.1.0,c,c.2,c.2.1,c.2.1.0,142
d4nbua_,SCOPe-ALL,family,c.2.1.0,c,c.2,c.2.1,c.2.1.0,242
d3oida1,SCOPe-ALL,family,c.2.1.0,c,c.2,c.2.1,c.2.1.0,248
d3u49a1,SCOPe-ALL,family,c.2.1.0,c,c.2,c.2.1,c.2.1.0,258
d3fefa1,SCOPe-ALL,family,c.2.1.0,c,c.2,c.2.1,c.2.1.0,165
d5gwta_,SCOPe-ALL,family,c.2.1.0,c,c.2,c.2.1,c.2.1.0,243
d3i4fa_,SCOPe-ALL,family,c.2.1.0,c,c.2,c.2.1,c.2.1.0,250
d3nywa1,SCOPe-ALL,family,c.2.1.0,c,c.2,c.2.1,c.2.1.0,238
d3rkua1,SCOPe-ALL,family,c.2.1.0,c,c.2,c.2.1,c.2.1.0,267
d6ow4a_,SCOPe-ALL,family,c.2.1.0,c,c.2,c.2.1,c.2.1.0,278
d2q1sa_,SCOPe-ALL,family,c.2.1.0,c,c.2,c.2.1,c.2.1.0,351
d2pzma1,SCOPe-ALL,family,c.2.1.0,c,c.2,c.2.1,c.2.1.0,309
d5jo9a_,SCOPe-ALL,family,c.2.1.0,c,c.2,c.2.1,c.2.1.0,239
d4nbra1,SCOPe-ALL,family,c.2.1.0,c,c.2,c.2.1,c.2.1.0,265
d5t5qa_,SCOPe-ALL,family,c.2.1.0,c,c.2,c.2.1,c.2.1.0,245
d4onea_,SCOPe-ALL,family,c.2.1.0,c,c.2,c.2.1,c.2.1.0,253
d3n74a_,SCOPe-ALL,family,c.2.1.0,c,c.2,c.2.1,c.2.1.0,252
d4nima_,SCOPe-ALL,family,c.2.1.0,c,c.2,c.2.1,c.2.1.0,267
d5bt9a1,SCOPe-ALL,family,c.2.1.0,c,c.2,c.2.1,c.2.1.0,246
d4x54a_,SCOPe-ALL,family,c.2.1.0,c,c.2,c.2.1,c.2.1.0,238
d4z0ta_,SCOPe-ALL,family,c.2.1.0,c,c.2,c.2.1,c.2.1.0,244
d5er6a1,SCOPe-ALL,family,c.2.1.0,c,c.2,c.2.1,c.2.1.0,250
d4o6va_,SCOPe-ALL,family,c.2.1.0,c,c.2,c.2.1,c.2.1.0,232
d5vpsa1,SCOPe-ALL,family,c.2.1.0,c,c.2,c.2.1,c.2.1.0,259
d5thka_,SCOPe-ALL,family,c.2.1.0,c,c.2,c.2.1,c.2.1.0,255
d5u2wa_,SCOPe-ALL,family,c.2.1.0,c,c.2,c.2.1,c.2.1.0,246
d4lw8a_,SCOPe-ALL,family,c.2.1.0,c,c.2,c.2.1,c.2.1.0,308
d4gvxa_,SCOPe-ALL,family,c.2.1.0,c,c.2,c.2.1,c.2.1.0,258
d5uzxa_,SCOPe-ALL,family,c.2.1.0,c,c.2,c.2.1,c.2.1.0,231
d5unla_,SCOPe-ALL,family,c.2.1.0,c,c.2,c.2.1,c.2.1.0,264
d3slga_,SCOPe-ALL,family,c.2.1.0,c,c.2,c.2.1,c.2.1.0,347
d5idqa1,SCOPe-ALL,family,c.2.1.0,c,c.2,c.2.1,c.2.1.0,225
d5jlaa_,SCOPe-ALL,family,c.2.1.0,c,c.2,c.2.1,c.2.1.0,259
d5jc8a_,SCOPe-ALL,family,c.2.1.0,c,c.2,c.2.1,c.2.1.0,265
d5iz4a_,SCOPe-ALL,family,c.2.1.0,c,c.2,c.2.1,c.2.1.0,259
d7m13a1,SCOPe-ALL,family,c.2.1.0,c,c.2,c.2.1,c.2.1.0,345
d6vo6a_,SCOPe-ALL,family,c.2.1.0,c,c.2,c.2.1,c.2.1.0,311
d5b6ka1,SCOPe-ALL,family,c.2.1.0,c,c.2,c.2.1,c.2.1.0,342
d5mlna_,SCOPe-ALL,family,c.2.1.0,c,c.2,c.2.1,c.2.1.0,237
d3gdfa_,SCOPe-ALL,family,c.2.1.0,c,c.2,c.2.1,c.2.1.0,267
d5epoa_,SCOPe-ALL,family,c.2.1.0,c,c.2,c.2.1,c.2.1.0,261
d4is2a_,SCOPe-ALL,family,c.2.1.0,c,c.2,c.2.1,c.2.1.0,245
d5g4ka_,SCOPe-ALL,family,c.2.1.0,c,c.2,c.2.1,c.2.1.0,264
d3e9na_,SCOPe-ALL,family,c.2.1.0,c,c.2,c.2.1,c.2.1.0,225
d3k96a1,SCOPe-ALL,family,c.2.1.0,c,c.2,c.2.1,c.2.1.0,178
d3tria1,SCOPe-ALL,family,c.2.1.0,c,c.2,c.2.1,c.2.1.0,161
d2v6ba1,SCOPe-ALL,family,c.2.1.0,c,c.2,c.2.1,c.2.1.0,139
d5o3za_,SCOPe-ALL,family,c.2.1.0,c,c.2,c.2.1,c.2.1.0,258
d3f1la_,SCOPe-ALL,family,c.2.1.0,c,c.2,c.2.1,c.2.1.0,245
d3hhpa1,SCOPe-ALL,family,c.2.1.0,c,c.2,c.2.1,c.2.1.0,145
d4im7a1,SCOPe-ALL,family,c.2.1.0,c,c.2,c.2.1,c.2.1.0,276
d2fwmx_,SCOPe-ALL,family,c.2.1.0,c,c.2,c.2.1,c.2.1.0,248
d6pnla1,SCOPe-ALL,family,c.2.1.0,c,c.2,c.2.1,c.2.1.0,332
d6agsa2,SCOPe-ALL,family,c.2.1.0,c,c.2,c.2.1,c.2.1.0,293
d6oz7a_,SCOPe-ALL,family,c.2.1.0,c,c.2,c.2.1,c.2.1.0,252
d6smza1,SCOPe-ALL,family,c.2.1.0,c,c.2,c.2.1,c.2.1.0,162
d4e4ya1,SCOPe-ALL,family,c.2.1.0,c,c.2,c.2.1,c.2.1.0,241
d5ilga1,SCOPe-ALL,family,c.2.1.0,c,c.2,c.2.1,c.2.1.0,260
d7b73a1,SCOPe-ALL,family,c.2.1.0,c,c.2,c.2.1,c.2.1.0,224
d3pdua1,SCOPe-ALL,family,c.2.1.0,c,c.2,c.2.1,c.2.1.0,163
d3ai3a_,SCOPe-ALL,family,c.2.1.0,c,c.2,c.2.1,c.2.1.0,263
d3wj7a_,SCOPe-ALL,family,c.2.1.0,c,c.2,c.2.1,c.2.1.0,330
d3i6ia_,SCOPe-ALL,family,c.2.1.0,c,c.2,c.2.1,c.2.1.0,307
d4wuva_,SCOPe-ALL,family,c.2.1.0,c,c.2,c.2.1,c.2.1.0,280
d3sxpa_,SCOPe-ALL,family,c.2.1.0,c,c.2,c.2.1,c.2.1.0,324
d3phha2,SCOPe-ALL,family,c.2.1.0,c,c.2,c.2.1,c.2.1.0,159
d4gwka1,SCOPe-ALL,family,c.2.1.0,c,c.2,c.2.1,c.2.1.0,176
d2qq5a_,SCOPe-ALL,family,c.2.1.0,c,c.2,c.2.1,c.2.1.0,260
d4fc7a_,SCOPe-ALL,family,c.2.1.0,c,c.2,c.2.1,c.2.1.0,274
d6xp1a1,SCOPe-ALL,family,c.2.1.0,c,c.2,c.2.1,c.2.1.0,164
d6pypa1,SCOPe-ALL,family,c.2.1.0,c,c.2,c.2.1,c.2.1.0,192
d2gf2a1,SCOPe-ALL,family,c.2.1.0,c,c.2,c.2.1,c.2.1.0,161
d4e5ya_,SCOPe-ALL,family,c.2.1.0,c,c.2,c.2.1,c.2.1.0,315
d4cqmb1,SCOPe-ALL,family,c.2.1.0,c,c.2,c.2.1,c.2.1.0,237
d2ydya_,SCOPe-ALL,family,c.2.1.0,c,c.2,c.2.1,c.2.1.0,297
d4piva2,SCOPe-ALL,family,c.2.1.0,c,c.2,c.2.1,c.2.1.0,116
d4piva3,SCOPe-ALL,family,c.2.1.0,c,c.2,c.2.1,c.2.1.0,237
d6qssa1,SCOPe-ALL,family,c.2.1.0,c,c.2,c.2.1,c.2.1.0,146
d6i9wa_,SCOPe-ALL,family,c.2.1.0,c,c.2,c.2.1,c.2.1.0,259
d5u4qa1,SCOPe-ALL,family,c.2.1.0,c,c.2,c.2.1,c.2.1.0,334
d6xnba_,SCOPe-ALL,family,c.2.1.0,c,c.2,c.2.1,c.2.1.0,251
d4h7pa1,SCOPe-ALL,family,c.2.1.0,c,c.2,c.2.1,c.2.1.0,155
d6le3e_,SCOPe-ALL,family,c.2.1.0,c,c.2,c.2.1,c.2.1.0,248
d6uh2a1,SCOPe-ALL,family,c.2.1.0,c,c.2,c.2.1,c.2.1.0,253
d3tnla2,SCOPe-ALL,family,c.2.1.0,c,c.2,c.2.1,c.2.1.0,179
d6r8ga1,SCOPe-ALL,family,c.2.1.0,c,c.2,c.2.1,c.2.1.0,142
d6nkha_,SCOPe-ALL,family,c.2.1.0,c,c.2,c.2.1,c.2.1.0,261
d5bsea1,SCOPe-ALL,family,c.2.1.0,c,c.2,c.2.1,c.2.1.0,167
d5ldga_,SCOPe-ALL,family,c.2.1.0,c,c.2,c.2.1,c.2.1.0,310
d6ihea1,SCOPe-ALL,family,c.2.1.0,c,c.2,c.2.1,c.2.1.0,140
d6dnta_,SCOPe-ALL,family,c.2.1.0,c,c.2,c.2.1,c.2.1.0,310
d6hava1,SCOPe-ALL,family,c.2.1.0,c,c.2,c.2.1,c.2.1.0,242
d6jh7a_,SCOPe-ALL,family,c.2.1.0,c,c.2,c.2.1,c.2.1.0,263
d3tjra_,SCOPe-ALL,family,c.2.1.0,c,c.2,c.2.1,c.2.1.0,278
d3sx2a_,SCOPe-ALL,family,c.2.1.0,c,c.2,c.2.1,c.2.1.0,270
d3r1ia_,SCOPe-ALL,family,c.2.1.0,c,c.2,c.2.1,c.2.1.0,254
d3tzqa_,SCOPe-ALL,family,c.2.1.0,c,c.2,c.2.1,c.2.1.0,261
d5ovka_,SCOPe-ALL,family,c.2.1.0,c,c.2,c.2.1,c.2.1.0,242
d4weca1,SCOPe-ALL,family,c.2.1.0,c,c.2,c.2.1,c.2.1.0,257
d6ci8a1,SCOPe-ALL,family,c.2.1.0,c,c.2,c.2.1,c.2.1.0,259
d3ucxa_,SCOPe-ALL,family,c.2.1.0,c,c.2,c.2.1,c.2.1.0,258
d3o38a_,SCOPe-ALL,family,c.2.1.0,c,c.2,c.2.1,c.2.1.0,261
d4ypoa1,SCOPe-ALL,family,c.2.1.0,c,c.2,c.2.1,c.2.1.0,180
d6ltta_,SCOPe-ALL,family,c.2.1.0,c,c.2,c.2.1,c.2.1.0,311
d5y8ja1,SCOPe-ALL,family,c.2.1.0,c,c.2,c.2.1,c.2.1.0,159
d6hrda1,SCOPe-ALL,family,c.2.1.0,c,c.2,c.2.1,c.2.1.0,187
d4j0ea1,SCOPe-ALL,family,c.2.1.0,c,c.2,c.2.1,c.2.1.0,198
d4al4c1,SCOPe-ALL,family,c.2.1.0,c,c.2,c.2.1,c.2.1.0,159
d2r6ja_,SCOPe-ALL,family,c.2.1.0,c,c.2,c.2.1,c.2.1.0,310
d6yc8a_,SCOPe-ALL,family,c.2.1.0,c,c.2,c.2.1,c.2.1.0,240
d3fr7a1,SCOPe-ALL,family,c.2.1.0,c,c.2,c.2.1,c.2.1.0,222
d6d9ya1,SCOPe-ALL,family,c.2.1.0,c,c.2,c.2.1,c.2.1.0,250
d5dzsa2,SCOPe-ALL,family,c.2.1.0,c,c.2,c.2.1,c.2.1.0,169
d4r1sa_,SCOPe-ALL,family,c.2.1.0,c,c.2,c.2.1,c.2.1.0,319
d2zata_,SCOPe-ALL,family,c.2.1.0,c,c.2,c.2.1,c.2.1.0,251
d2rcya1,SCOPe-ALL,family,c.2.1.0,c,c.2,c.2.1,c.2.1.0,155
d4dlla1,SCOPe-ALL,family,c.2.1.0,c,c.2,c.2.1,c.2.1.0,162
d3fi9a1,SCOPe-ALL,family,c.2.1.0,c,c.2,c.2.1,c.2.1.0,146
d2nwqa_,SCOPe-ALL,family,c.2.1.0,c,c.2,c.2.1,c.2.1.0,249
d2b4qa_,SCOPe-ALL,family,c.2.1.0,c,c.2,c.2.1,c.2.1.0,256
d5wqpa1,SCOPe-ALL,family,c.2.1.0,c,c.2,c.2.1,c.2.1.0,229
d3lf2a_,SCOPe-ALL,family,c.2.1.0,c,c.2,c.2.1,c.2.1.0,263
d2x4ga_,SCOPe-ALL,family,c.2.1.0,c,c.2,c.2.1,c.2.1.0,330
d4yxfa_,SCOPe-ALL,family,c.2.1.0,c,c.2,c.2.1,c.2.1.0,237
d6wjaa_,SCOPe-ALL,family,c.2.1.0,c,c.2,c.2.1,c.2.1.0,307
d5xtfa_,SCOPe-ALL,family,c.2.1.0,c,c.2,c.2.1,c.2.1.0,256
d6m5na_,SCOPe-ALL,family,c.2.1.0,c,c.2,c.2.1,c.2.1.0,259
d3gema_,SCOPe-ALL,family,c.2.1.0,c,c.2,c.2.1,c.2.1.0,232
d6zzoa_,SCOPe-ALL,family,c.2.1.0,c,c.2,c.2.1,c.2.1.0,265
d3ws7a1,SCOPe-ALL,family,c.2.1.0,c,c.2,c.2.1,c.2.1.0,161
d3ko8a_,SCOPe-ALL,family,c.2.1.0,c,c.2,c.2.1,c.2.1.0,311
d4n5ma_,SCOPe-ALL,family,c.2.1.0,c,c.2,c.2.1,c.2.1.0,246
d4bmna1,SCOPe-ALL,family,c.2.1.0,c,c.2,c.2.1,c.2.1.0,249
d4e3za_,SCOPe-ALL,family,c.2.1.0,c,c.2,c.2.1,c.2.1.0,249
d4dqxa1,SCOPe-ALL,family,c.2.1.0,c,c.2,c.2.1,c.2.1.0,254
d3un1a1,SCOPe-ALL,family,c.2.1.0,c,c.2,c.2.1,c.2.1.0,237
d2wsba_,SCOPe-ALL,family,c.2.1.0,c,c.2,c.2.1,c.2.1.0,254
d3uxya_,SCOPe-ALL,family,c.2.1.0,c,c.2,c.2.1,c.2.1.0,241
d3h7aa_,SCOPe-ALL,family,c.2.1.0,c,c.2,c.2.1,c.2.1.0,239
d3nepx1,SCOPe-ALL,family,c.2.1.0,c,c.2,c.2.1,c.2.1.0,142
d4g81a_,SCOPe-ALL,family,c.2.1.0,c,c.2,c.2.1,c.2.1.0,253
d3r3sa_,SCOPe-ALL,family,c.2.1.0,c,c.2,c.2.1,c.2.1.0,292
d3g0oa1,SCOPe-ALL,family,c.2.1.0,c,c.2,c.2.1,c.2.1.0,164
d6pr1a1,SCOPe-ALL,family,c.2.1.0,c,c.2,c.2.1,c.2.1.0,113
d7naya1,SCOPe-ALL,family,c.2.1.0,c,c.2,c.2.1,c.2.1.0,149
d6xexa1,SCOPe-ALL,family,c.2.1.0,c,c.2,c.2.1,c.2.1.0,250
d4h15a1,SCOPe-ALL,family,c.2.1.0,c,c.2,c.2.1,c.2.1.0,259
d3v8ba_,SCOPe-ALL,family,c.2.1.0,c,c.2,c.2.1,c.2.1.0,257
d4yaga_,SCOPe-ALL,family,c.2.1.0,c,c.2,c.2.1,c.2.1.0,271
d3afma_,SCOPe-ALL,family,c.2.1.0,c,c.2,c.2.1,c.2.1.0,258
d3vpxa2,SCOPe-ALL,family,c.2.1.0,c,c.2,c.2.1,c.2.1.0,219
d4mp8a_,SCOPe-ALL,family,c.2.1.0,c,c.2,c.2.1,c.2.1.0,334
d4qeca_,SCOPe-ALL,family,c.2.1.0,c,c.2,c.2.1,c.2.1.0,248
d3keoa2,SCOPe-ALL,family,c.2.1.0,c,c.2,c.2.1,c.2.1.0,131
d4wpga1,SCOPe-ALL,family,c.2.1.0,c,c.2,c.2.1,c.2.1.0,283
d2jaha_,SCOPe-ALL,family,c.2.1.0,c,c.2,c.2.1,c.2.1.0,245
d5yu3a_,SCOPe-ALL,family,c.2.1.0,c,c.2,c.2.1,c.2.1.0,344
d4yqya1,SCOPe-ALL,family,c.2.1.0,c,c.2,c.2.1,c.2.1.0,247
d4fn4a_,SCOPe-ALL,family,c.2.1.0,c,c.2,c.2.1,c.2.1.0,254
d7csha_,SCOPe-ALL,family,c.2.1.0,c,c.2,c.2.1,c.2.1.0,312
d3wgga2,SCOPe-ALL,family,c.2.1.0,c,c.2,c.2.1,c.2.1.0,135
d3tn7a_,SCOPe-ALL,family,c.2.1.0,c,c.2,c.2.1,c.2.1.0,234
d2dtea1,SCOPe-ALL,family,c.2.1.0,c,c.2,c.2.1,c.2.1.0,254
d3ngxa2,SCOPe-ALL,family,c.2.1.0,c,c.2,c.2.1,c.2.1.0,161
d2g1ua_,SCOPe-ALL,family,c.2.1.0,c,c.2,c.2.1,c.2.1.0,137
d1z82a1,SCOPe-ALL,family,c.2.1.0,c,c.2,c.2.1,c.2.1.0,165
d3u95a1,SCOPe-ALL,family,c.2.1.0,c,c.2,c.2.1,c.2.1.0,191
d2ekpa_,SCOPe-ALL,family,c.2.1.0,c,c.2,c.2.1,c.2.1.0,238
d2x9va_,SCOPe-ALL,family,c.2.1.0,c,c.2,c.2.1,c.2.1.0,267
d4cjxa2,SCOPe-ALL,family,c.2.1.0,c,c.2,c.2.1,c.2.1.0,173
d7mf4a2,SCOPe-ALL,family,c.2.1.0,c,c.2,c.2.1,c.2.1.0,292
d5y1fa1,SCOPe-ALL,family,c.2.1.0,c,c.2,c.2.1,c.2.1.0,308
d3rkra_,SCOPe-ALL,family,c.2.1.0,c,c.2,c.2.1,c.2.1.0,237
d3guya1,SCOPe-ALL,family,c.2.1.0,c,c.2,c.2.1,c.2.1.0,219
d3ucea_,SCOPe-ALL,family,c.2.1.0,c,c.2,c.2.1,c.2.1.0,219
d1ps9a2,SCOPe-ALL,family,c.3.1.1,c,c.3,c.3.1,c.3.1.1,162
d7m32a3,SCOPe-ALL,family,c.3.1.1,c,c.3,c.3.1,c.3.1.1,153
d1lqua1,SCOPe-ALL,family,c.3.1.1,c,c.3,c.3.1,c.3.1.1,216
d1o94a2,SCOPe-ALL,family,c.3.1.1,c,c.3,c.3.1,c.3.1.1,156
d1n4wa1,SCOPe-ALL,family,c.3.1.2,c,c.3,c.3.1,c.3.1.2,368
d2voua1,SCOPe-ALL,family,c.3.1.2,c,c.3,c.3.1,c.3.1.2,266
d2gmha1,SCOPe-ALL,family,c.3.1.2,c,c.3,c.3.1,c.3.1.2,381
d1kdga1,SCOPe-ALL,family,c.3.1.2,c,c.3,c.3.1,c.3.1.2,361
d3qvpa1,SCOPe-ALL,family,c.3.1.2,c,c.3,c.3.1,c.3.1.2,386
d1ryia1,SCOPe-ALL,family,c.3.1.2,c,c.3,c.3.1,c.3.1.2,277
d1ju2a1,SCOPe-ALL,family,c.3.1.2,c,c.3,c.3.1,c.3.1.2,352
d2iida1,SCOPe-ALL,family,c.3.1.2,c,c.3,c.3.1,c.3.1.2,371
d2dw4a2,SCOPe-ALL,family,c.3.1.2,c,c.3,c.3.1,c.3.1.2,450
d1s3ea1,SCOPe-ALL,family,c.3.1.2,c,c.3,c.3.1,c.3.1.2,388
d3c96a1,SCOPe-ALL,family,c.3.1.2,c,c.3,c.3.1,c.3.1.2,289
d1pj5a2,SCOPe-ALL,family,c.3.1.2,c,c.3,c.3.1,c.3.1.2,306
d1d7la1,SCOPe-ALL,family,c.3.1.2,c,c.3,c.3.1,c.3.1.2,293
d1pn0a1,SCOPe-ALL,family,c.3.1.2,c,c.3,c.3.1,c.3.1.2,361
d1b37a1,SCOPe-ALL,family,c.3.1.2,c,c.3,c.3.1,c.3.1.2,348
d2ivda1,SCOPe-ALL,family,c.3.1.2,c,c.3,c.3.1,c.3.1.2,348
d1seza1,SCOPe-ALL,family,c.3.1.2,c,c.3,c.3.1,c.3.1.2,374
d2f5va1,SCOPe-ALL,family,c.3.1.2,c,c.3,c.3.1,c.3.1.2,380
d2gf3a1,SCOPe-ALL,family,c.3.1.2,c,c.3,c.3.1,c.3.1.2,282
d1ukvg2,SCOPe-ALL,family,c.3.1.3,c,c.3,c.3.1,c.3.1.3,47
d1d5ta1,SCOPe-ALL,family,c.3.1.3,c,c.3,c.3.1,c.3.1.3,337
d1vg0a1,SCOPe-ALL,family,c.3.1.3,c,c.3,c.3.1,c.3.1.3,492
d1jnra2,SCOPe-ALL,family,c.3.1.4,c,c.3,c.3.1,c.3.1.4,357
d1y0pa2,SCOPe-ALL,family,c.3.1.4,c,c.3,c.3.1,c.3.1.4,321
d1kf6a2,SCOPe-ALL,family,c.3.1.4,c,c.3,c.3.1,c.3.1.4,312
d2bs2a2,SCOPe-ALL,family,c.3.1.4,c,c.3,c.3.1,c.3.1.4,337
d1chua2,SCOPe-ALL,family,c.3.1.4,c,c.3,c.3.1,c.3.1.4,306
d2wu2a1,SCOPe-ALL,family,c.3.1.4,c,c.3,c.3.1,c.3.1.4,331
d1hyua1,SCOPe-ALL,family,c.3.1.5,c,c.3,c.3.1,c.3.1.5,198
d1hyua2,SCOPe-ALL,family,c.3.1.5,c,c.3,c.3.1,c.3.1.5,126
d1m6ia2,SCOPe-ALL,family,c.3.1.5,c,c.3,c.3.1,c.3.1.5,137
d1m6ia1,SCOPe-ALL,family,c.3.1.5,c,c.3,c.3.1,c.3.1.5,214
d3lada2,SCOPe-ALL,family,c.3.1.5,c,c.3,c.3.1,c.3.1.5,119
d1ebda2,SCOPe-ALL,family,c.3.1.5,c,c.3,c.3.1,c.3.1.5,117
d1v59a2,SCOPe-ALL,family,c.3.1.5,c,c.3,c.3.1,c.3.1.5,122
d1ojta2,SCOPe-ALL,family,c.3.1.5,c,c.3,c.3.1,c.3.1.5,125
d1lvla2,SCOPe-ALL,family,c.3.1.5,c,c.3,c.3.1,c.3.1.5,115
d1v59a1,SCOPe-ALL,family,c.3.1.5,c,c.3,c.3.1,c.3.1.5,234
d1xdia1,SCOPe-ALL,family,c.3.1.5,c,c.3,c.3.1,c.3.1.5,234
d1ojta1,SCOPe-ALL,family,c.3.1.5,c,c.3,c.3.1,c.3.1.5,230
d1lvla1,SCOPe-ALL,family,c.3.1.5,c,c.3,c.3.1,c.3.1.5,221
d2gv8a2,SCOPe-ALL,family,c.3.1.5,c,c.3,c.3.1,c.3.1.5,107
d2gv8a1,SCOPe-ALL,family,c.3.1.5,c,c.3,c.3.1,c.3.1.5,336
d1fcda1,SCOPe-ALL,family,c.3.1.5,c,c.3,c.3.1,c.3.1.5,187
d1fcda2,SCOPe-ALL,family,c.3.1.5,c,c.3,c.3.1,c.3.1.5,141
d3dk9a2,SCOPe-ALL,family,c.3.1.5,c,c.3,c.3.1,c.3.1.5,125
d1onfa2,SCOPe-ALL,family,c.3.1.5,c,c.3,c.3.1,c.3.1.5,117
d3dk9a1,SCOPe-ALL,family,c.3.1.5,c,c.3,c.3.1,c.3.1.5,223
d1h6va2,SCOPe-ALL,family,c.3.1.5,c,c.3,c.3.1,c.3.1.5,122
d1h6va1,SCOPe-ALL,family,c.3.1.5,c,c.3,c.3.1,c.3.1.5,236
d1xhca1,SCOPe-ALL,family,c.3.1.5,c,c.3,c.3.1,c.3.1.5,167
d1xhca2,SCOPe-ALL,family,c.3.1.5,c,c.3,c.3.1,c.3.1.5,122
d1nhpa2,SCOPe-ALL,family,c.3.1.5,c,c.3,c.3.1,c.3.1.5,123
d1nhpa1,SCOPe-ALL,family,c.3.1.5,c,c.3,c.3.1,c.3.1.5,199
d1mo9a2,SCOPe-ALL,family,c.3.1.5,c,c.3,c.3.1,c.3.1.5,121
d1mo9a1,SCOPe-ALL,family,c.3.1.5,c,c.3,c.3.1,c.3.1.5,262
d2gqwa2,SCOPe-ALL,family,c.3.1.5,c,c.3,c.3.1,c.3.1.5,121
d2gqwa1,SCOPe-ALL,family,c.3.1.5,c,c.3,c.3.1,c.3.1.5,183
d1w4xa1,SCOPe-ALL,family,c.3.1.5,c,c.3,c.3.1,c.3.1.5,299
d1w4xa2,SCOPe-ALL,family,c.3.1.5,c,c.3,c.3.1,c.3.1.5,235
d1q1ra1,SCOPe-ALL,family,c.3.1.5,c,c.3,c.3.1,c.3.1.5,186
d1trba1,SCOPe-ALL,family,c.3.1.5,c,c.3,c.3.1,c.3.1.5,191
d1trba2,SCOPe-ALL,family,c.3.1.5,c,c.3,c.3.1,c.3.1.5,126
d1vdca2,SCOPe-ALL,family,c.3.1.5,c,c.3,c.3.1,c.3.1.5,130
d1feca2,SCOPe-ALL,family,c.3.1.5,c,c.3,c.3.1,c.3.1.5,117
d1feca1,SCOPe-ALL,family,c.3.1.5,c,c.3,c.3.1,c.3.1.5,241
d1rp0a1,SCOPe-ALL,family,c.3.1.6,c,c.3,c.3.1,c.3.1.6,278
d2cula1,SCOPe-ALL,family,c.3.1.7,c,c.3,c.3.1,c.3.1.7,230
d2i0za1,SCOPe-ALL,family,c.3.1.8,c,c.3,c.3.1,c.3.1.8,252
d2gqfa1,SCOPe-ALL,family,c.3.1.8,c,c.3,c.3.1,c.3.1.8,254
d1ps9a3,SCOPe-ALL,family,c.4.1.1,c,c.4,c.4.1,c.4.1.1,180
d1cjca2,SCOPe-ALL,family,c.4.1.1,c,c.4,c.4.1,c.4.1.1,231
d7m32a2,SCOPe-ALL,family,c.4.1.1,c,c.4,c.4.1,c.4.1.1,197
d1lqua2,SCOPe-ALL,family,c.4.1.1,c,c.4,c.4.1,c.4.1.1,240
d1o94a3,SCOPe-ALL,family,c.4.1.1,c,c.4,c.4.1,c.4.1.1,234
d1an9a1,SCOPe-ALL,family,c.4.1.2,c,c.4,c.4.1,c.4.1.2,248
d1c0pa1,SCOPe-ALL,family,c.4.1.2,c,c.4,c.4.1,c.4.1.2,267
d1i8ta1,SCOPe-ALL,family,c.4.1.3,c,c.4,c.4.1,c.4.1.3,299
d2bi7a1,SCOPe-ALL,family,c.4.1.3,c,c.4,c.4.1,c.4.1.3,315
d1p3da1,SCOPe-ALL,family,c.5.1.1,c,c.5,c.5.1,c.5.1.1,96
d1j6ua1,SCOPe-ALL,family,c.5.1.1,c,c.5,c.5.1,c.5.1.1,88
d2wjpa1,SCOPe-ALL,family,c.5.1.0,c,c.5,c.5.1,c.5.1.0,93
d3eaga1,SCOPe-ALL,family,c.5.1.0,c,c.5,c.5.1,c.5.1.0,92
d1oc7a_,SCOPe-ALL,family,c.6.1.1,c,c.6,c.6.1,c.6.1.1,364
d1dysa_,SCOPe-ALL,family,c.6.1.1,c,c.6,c.6.1,c.6.1.1,345
d2bogx_,SCOPe-ALL,family,c.6.1.1,c,c.6,c.6.1,c.6.1.1,286
d5jx5a_,SCOPe-ALL,family,c.6.1.0,c,c.6,c.6.1,c.6.1.0,322
d3bvxa3,SCOPe-ALL,family,c.6.2.1,c,c.6,c.6.2,c.6.2.1,381
d1k1xa3,SCOPe-ALL,family,c.6.2.2,c,c.6,c.6.2,c.6.2.2,310
d2cc0a1,SCOPe-ALL,family,c.6.2.3,c,c.6,c.6.2,c.6.2.3,192
d2iw0a1,SCOPe-ALL,family,c.6.2.3,c,c.6,c.6.2,c.6.2.3,220
d2c1ia1,SCOPe-ALL,family,c.6.2.3,c,c.6,c.6.2,c.6.2.3,196
d2j13a1,SCOPe-ALL,family,c.6.2.3,c,c.6,c.6.2,c.6.2.3,235
d2c71a1,SCOPe-ALL,family,c.6.2.3,c,c.6,c.6.2,c.6.2.3,204
d2b5dx2,SCOPe-ALL,family,c.6.2.4,c,c.6,c.6.2,c.6.2.4,404
d3p0ba1,SCOPe-ALL,family,c.6.2.4,c,c.6,c.6.2,c.6.2.4,412
d1v6ta_,SCOPe-ALL,family,c.6.2.5,c,c.6,c.6.2,c.6.2.5,254
d3cl6a_,SCOPe-ALL,family,c.6.2.6,c,c.6,c.6.2,c.6.2.6,302
d2nlya1,SCOPe-ALL,family,c.6.2.7,c,c.6,c.6.2,c.6.2.7,224
d2i5ia1,SCOPe-ALL,family,c.6.2.8,c,c.6,c.6.2,c.6.2.8,261
d4m1ba_,SCOPe-ALL,family,c.6.2.0,c,c.6,c.6.2,c.6.2.0,200
d5lfza1,SCOPe-ALL,family,c.6.2.0,c,c.6,c.6.2,c.6.2.0,199
d4l1ga_,SCOPe-ALL,family,c.6.2.0,c,c.6,c.6.2,c.6.2.0,214
d2vyoa_,SCOPe-ALL,family,c.6.2.0,c,c.6,c.6.2,c.6.2.0,206
d2anua1,SCOPe-ALL,family,c.6.3.1,c,c.6,c.6.3,c.6.3.1,229
d1m65a_,SCOPe-ALL,family,c.6.3.1,c,c.6,c.6.3,c.6.3.1,244
d2czva_,SCOPe-ALL,family,c.6.3.2,c,c.6,c.6.3,c.6.3.2,208
d1r9da_,SCOPe-ALL,family,c.7.1.1,c,c.7,c.7.1,c.7.1.1,786
d1h16a_,SCOPe-ALL,family,c.7.1.1,c,c.7,c.7.1,c.7.1.1,759
d2x1ya2,SCOPe-ALL,family,c.7.1.2,c,c.7,c.7.1,c.7.1.2,516
d1peqa2,SCOPe-ALL,family,c.7.1.2,c,c.7,c.7.1,c.7.1.2,525
d1h77a_,SCOPe-ALL,family,c.7.1.3,c,c.7,c.7.1,c.7.1.3,561
d1l1la_,SCOPe-ALL,family,c.7.1.4,c,c.7,c.7.1,c.7.1.4,721
d2ha9a1,SCOPe-ALL,family,c.7.1.5,c,c.7,c.7.1,c.7.1.5,440
d2f3oa_,SCOPe-ALL,family,c.7.1.0,c,c.7,c.7.1,c.7.1.0,773
d6lona_,SCOPe-ALL,family,c.7.1.0,c,c.7,c.7.1,c.7.1.0,804
d6vxca_,SCOPe-ALL,family,c.7.1.0,c,c.7,c.7.1,c.7.1.0,789
d5fava1,SCOPe-ALL,family,c.7.1.0,c,c.7,c.7.1,c.7.1.0,794
d6xs4a_,SCOPe-ALL,family,c.7.1.0,c,c.7,c.7.1,c.7.1.0,810
d1kbla2,SCOPe-ALL,family,c.8.1.1,c,c.8,c.8.1,c.8.1.1,133
d1zyma2,SCOPe-ALL,family,c.8.1.2,c,c.8,c.8.1,c.8.1.2,125
d1fgha1,SCOPe-ALL,family,c.8.2.1,c,c.8,c.8.2,c.8.2.1,226
d1l5ja2,SCOPe-ALL,family,c.8.2.1,c,c.8,c.8.2,c.8.2.1,212
d1v7la_,SCOPe-ALL,family,c.8.2.1,c,c.8,c.8.2,c.8.2.1,162
d2b3ya1,SCOPe-ALL,family,c.8.2.1,c,c.8,c.8.2,c.8.2.1,259
d2gp4a1,SCOPe-ALL,family,c.8.2.2,c,c.8,c.8.2,c.8.2.2,190
d2hi6a1,SCOPe-ALL,family,c.8.2.3,c,c.8,c.8.2,c.8.2.3,131
d1t36b1,SCOPe-ALL,family,c.8.3.1,c,c.8,c.8.3,c.8.3.1,151
d5o5ta2,SCOPe-ALL,family,c.8.4.1,c,c.8,c.8.4,c.8.4.1,233
d3kasa2,SCOPe-ALL,family,c.8.4.1,c,c.8,c.8.4,c.8.4.1,193
d3osxa1,SCOPe-ALL,family,c.8.5.1,c,c.8,c.8.5,c.8.5.1,186
d1gmla_,SCOPe-ALL,family,c.8.5.2,c,c.8,c.8.5,c.8.5.2,169
d1q3qa2,SCOPe-ALL,family,c.8.5.2,c,c.8,c.8.5,c.8.5.2,153
d2d0oa1,SCOPe-ALL,family,c.8.6.1,c,c.8,c.8.6,c.8.6.1,162
d1nxja_,SCOPe-ALL,family,c.8.7.1,c,c.8,c.8.7,c.8.7.1,156
d2b0aa1,SCOPe-ALL,family,c.8.8.1,c,c.8,c.8.8,c.8.8.1,185
d3krva_,SCOPe-ALL,family,c.8.8.1,c,c.8,c.8.8,c.8.8.1,204
d4coga_,SCOPe-ALL,family,c.8.8.0,c,c.8,c.8.8,c.8.8.0,207
d1vpja_,SCOPe-ALL,family,c.8.9.1,c,c.8,c.8.9,c.8.9.1,178
d1zl0a1,SCOPe-ALL,family,c.8.10.1,c,c.8,c.8.10,c.8.10.1,138
d6pqkb_,SCOPe-ALL,family,c.9.1.1,c,c.9,c.9.1,c.9.1.1,90
d5f4ca_,SCOPe-ALL,family,c.9.1.1,c,c.9,c.9.1,c.9.1.1,90
d1vq8y1,SCOPe-ALL,family,c.9.2.1,c,c.9,c.9.2,c.9.2.1,142
d1io0a_,SCOPe-ALL,family,c.10.1.1,c,c.10,c.10.1,c.10.1.1,166
d1pgva_,SCOPe-ALL,family,c.10.1.1,c,c.10,c.10.1,c.10.1.1,167
d2q4gw_,SCOPe-ALL,family,c.10.1.1,c,c.10,c.10.1,c.10.1.1,460
d2ca6a_,SCOPe-ALL,family,c.10.1.2,c,c.10,c.10.1,c.10.1.2,344
d2astb2,SCOPe-ALL,family,c.10.1.3,c,c.10,c.10.1,c.10.1.3,284
d1o6va2,SCOPe-ALL,family,c.10.2.1,c,c.10,c.10.2,c.10.2.1,381
d1d0ba_,SCOPe-ALL,family,c.10.2.1,c,c.10,c.10.2,c.10.2.1,207
d1h6ua2,SCOPe-ALL,family,c.10.2.1,c,c.10,c.10.2,c.10.2.1,227
d1dcea3,SCOPe-ALL,family,c.10.2.2,c,c.10,c.10.2,c.10.2.2,124
d3rw7a2,SCOPe-ALL,family,c.10.2.3,c,c.10,c.10.2,c.10.2.3,160
d5gmkb_,SCOPe-ALL,family,c.10.2.4,c,c.10,c.10.2,c.10.2.4,162
d3p0ya1,SCOPe-ALL,family,c.10.2.5,c,c.10,c.10.2,c.10.2.5,171
d3h3ba1,SCOPe-ALL,family,c.10.2.5,c,c.10,c.10.2,c.10.2.5,165
d1jl5a_,SCOPe-ALL,family,c.10.2.6,c,c.10,c.10.2,c.10.2.6,353
d1xkua_,SCOPe-ALL,family,c.10.2.7,c,c.10,c.10.2,c.10.2.7,305
d1xwdc1,SCOPe-ALL,family,c.10.2.7,c,c.10,c.10.2,c.10.2.7,242
d2ifga3,SCOPe-ALL,family,c.10.2.7,c,c.10,c.10.2,c.10.2.7,156
d1ozna_,SCOPe-ALL,family,c.10.2.7,c,c.10,c.10.2,c.10.2.7,284
d1w8aa_,SCOPe-ALL,family,c.10.2.7,c,c.10,c.10.2,c.10.2.7,192
d1m0za_,SCOPe-ALL,family,c.10.2.7,c,c.10,c.10.2,c.10.2.7,266
d1ogqa_,SCOPe-ALL,family,c.10.2.8,c,c.10,c.10.2,c.10.2.8,313
d4xsqa_,SCOPe-ALL,family,c.10.2.0,c,c.10,c.10.2,c.10.2.0,174
d4wp6a_,SCOPe-ALL,family,c.10.2.0,c,c.10,c.10.2,c.10.2.0,164
d6f4ja_,SCOPe-ALL,family,c.10.2.0,c,c.10,c.10.2,c.10.2.0,175
d2v9tb_,SCOPe-ALL,family,c.10.2.0,c,c.10,c.10.2,c.10.2.0,210
d4cnca_,SCOPe-ALL,family,c.10.2.0,c,c.10,c.10.2,c.10.2.0,285
d2xwtc_,SCOPe-ALL,family,c.10.2.0,c,c.10,c.10.2,c.10.2.0,234
d5y30a_,SCOPe-ALL,family,c.10.2.0,c,c.10,c.10.2,c.10.2.0,182
d2wfha_,SCOPe-ALL,family,c.10.2.0,c,c.10,c.10.2,c.10.2.0,181
d5my6a3,SCOPe-ALL,family,c.10.2.0,c,c.10,c.10.2,c.10.2.0,166
d2hr7a1,SCOPe-ALL,family,c.10.2.0,c,c.10,c.10.2,c.10.2.0,153
d2hr7a3,SCOPe-ALL,family,c.10.2.0,c,c.10,c.10.2,c.10.2.0,158
d4rcab_,SCOPe-ALL,family,c.10.2.0,c,c.10,c.10.2,c.10.2.0,241
d2o6qa_,SCOPe-ALL,family,c.10.2.0,c,c.10,c.10.2,c.10.2.0,270
d1xeua1,SCOPe-ALL,family,c.10.2.0,c,c.10,c.10.2,c.10.2.0,182
d6tl8a_,SCOPe-ALL,family,c.10.2.0,c,c.10,c.10.2,c.10.2.0,263
d6bxda_,SCOPe-ALL,family,c.10.2.0,c,c.10,c.10.2,c.10.2.0,192
d5yxma_,SCOPe-ALL,family,c.10.3.1,c,c.10,c.10.3,c.10.3.1,194
d1vq8l1,SCOPe-ALL,family,c.12.1.1,c,c.12,c.12.1,c.12.1.1,150
d2j01p1,SCOPe-ALL,family,c.12.1.1,c,c.12,c.12.1,c.12.1.1,146
d1vq8o1,SCOPe-ALL,family,c.12.1.1,c,c.12,c.12.1,c.12.1.1,115
d1r5la2,SCOPe-ALL,family,c.13.1.1,c,c.13,c.13.1,c.13.1.1,185
d6slda2,SCOPe-ALL,family,c.13.1.0,c,c.13,c.13.1,c.13.1.0,216
d4uyba2,SCOPe-ALL,family,c.13.1.0,c,c.13,c.13.1,c.13.1.0,199
d1h4xa_,SCOPe-ALL,family,c.13.2.1,c,c.13,c.13.2,c.13.2.1,111
d1th8b_,SCOPe-ALL,family,c.13.2.1,c,c.13,c.13.2,c.13.2.1,115
d1vc1a_,SCOPe-ALL,family,c.13.2.1,c,c.13,c.13.2,c.13.2.1,110
d2ooka1,SCOPe-ALL,family,c.13.2.2,c,c.13,c.13.2,c.13.2.2,125
d6m37b_,SCOPe-ALL,family,c.13.2.0,c,c.13,c.13.2,c.13.2.0,101
d2f6ia1,SCOPe-ALL,family,c.14.1.1,c,c.14,c.14.1,c.14.1.1,188
d6w9ta_,SCOPe-ALL,family,c.14.1.1,c,c.14,c.14.1,c.14.1.1,195
d1j7xa_,SCOPe-ALL,family,c.14.1.2,c,c.14,c.14.1,c.14.1.2,302
d1fc6a4,SCOPe-ALL,family,c.14.1.2,c,c.14,c.14.1,c.14.1.2,295
d1k32a4,SCOPe-ALL,family,c.14.1.2,c,c.14,c.14.1,c.14.1.2,292
d1nzya_,SCOPe-ALL,family,c.14.1.3,c,c.14,c.14.1,c.14.1.3,269
d2a7ka1,SCOPe-ALL,family,c.14.1.3,c,c.14,c.14.1,c.14.1.3,230
d1hnua_,SCOPe-ALL,family,c.14.1.3,c,c.14,c.14.1,c.14.1.3,263
d1sg4a1,SCOPe-ALL,family,c.14.1.3,c,c.14,c.14.1,c.14.1.3,249
d1dcia_,SCOPe-ALL,family,c.14.1.3,c,c.14,c.14.1,c.14.1.3,275
d1wdka4,SCOPe-ALL,family,c.14.1.3,c,c.14,c.14.1,c.14.1.3,310
d6n96a_,SCOPe-ALL,family,c.14.1.3,c,c.14,c.14.1,c.14.1.3,260
d2f6qa1,SCOPe-ALL,family,c.14.1.3,c,c.14,c.14.1,c.14.1.3,245
d1wz8a1,SCOPe-ALL,family,c.14.1.3,c,c.14,c.14.1,c.14.1.3,263
d2gtra_,SCOPe-ALL,family,c.14.1.3,c,c.14,c.14.1,c.14.1.3,258
d4qiia_,SCOPe-ALL,family,c.14.1.3,c,c.14,c.14.1,c.14.1.3,300
d2f9yb1,SCOPe-ALL,family,c.14.1.4,c,c.14,c.14.1,c.14.1.4,263
d3gf3a2,SCOPe-ALL,family,c.14.1.4,c,c.14,c.14.1,c.14.1.4,296
d3gf3a1,SCOPe-ALL,family,c.14.1.4,c,c.14,c.14.1,c.14.1.4,289
d1on3a1,SCOPe-ALL,family,c.14.1.4,c,c.14,c.14.1,c.14.1.4,253
d1on3a2,SCOPe-ALL,family,c.14.1.4,c,c.14,c.14.1,c.14.1.4,264
d3fdua1,SCOPe-ALL,family,c.14.1.0,c,c.14,c.14.1,c.14.1.0,246
d4moua_,SCOPe-ALL,family,c.14.1.0,c,c.14,c.14.1,c.14.1.0,265
d3peaa_,SCOPe-ALL,family,c.14.1.0,c,c.14,c.14.1,c.14.1.0,257
d3hp0a_,SCOPe-ALL,family,c.14.1.0,c,c.14,c.14.1,c.14.1.0,250
d4kd6a_,SCOPe-ALL,family,c.14.1.0,c,c.14,c.14.1,c.14.1.0,227
d4jcsa1,SCOPe-ALL,family,c.14.1.0,c,c.14,c.14.1,c.14.1.0,264
d4jota1,SCOPe-ALL,family,c.14.1.0,c,c.14,c.14.1,c.14.1.0,253
d2ppya_,SCOPe-ALL,family,c.14.1.0,c,c.14,c.14.1,c.14.1.0,264
d3tdca1,SCOPe-ALL,family,c.14.1.0,c,c.14,c.14.1,c.14.1.0,324
d3tdca2,SCOPe-ALL,family,c.14.1.0,c,c.14,c.14.1,c.14.1.0,409
d5c9ga1,SCOPe-ALL,family,c.14.1.0,c,c.14,c.14.1,c.14.1.0,259
d3i47a1,SCOPe-ALL,family,c.14.1.0,c,c.14,c.14.1,c.14.1.0,257
d2q35a1,SCOPe-ALL,family,c.14.1.0,c,c.14,c.14.1,c.14.1.0,241
d4k2na1,SCOPe-ALL,family,c.14.1.0,c,c.14,c.14.1,c.14.1.0,259
d4k3wa_,SCOPe-ALL,family,c.14.1.0,c,c.14,c.14.1,c.14.1.0,265
d3qxza1,SCOPe-ALL,family,c.14.1.0,c,c.14,c.14.1,c.14.1.0,258
d3tlfa_,SCOPe-ALL,family,c.14.1.0,c,c.14,c.14.1,c.14.1.0,267
d3rrva_,SCOPe-ALL,family,c.14.1.0,c,c.14,c.14.1,c.14.1.0,253
d3oc7a_,SCOPe-ALL,family,c.14.1.0,c,c.14,c.14.1,c.14.1.0,262
d4lk5a_,SCOPe-ALL,family,c.14.1.0,c,c.14,c.14.1,c.14.1.0,250
d3moya_,SCOPe-ALL,family,c.14.1.0,c,c.14,c.14.1,c.14.1.0,258
d3myba_,SCOPe-ALL,family,c.14.1.0,c,c.14,c.14.1,c.14.1.0,259
d3pe8a_,SCOPe-ALL,family,c.14.1.0,c,c.14,c.14.1,c.14.1.0,228
d4qfea1,SCOPe-ALL,family,c.14.1.0,c,c.14,c.14.1,c.14.1.0,228
d5e0nx_,SCOPe-ALL,family,c.14.1.0,c,c.14,c.14.1,c.14.1.0,236
d5dufa1,SCOPe-ALL,family,c.14.1.0,c,c.14,c.14.1,c.14.1.0,243
d6wyia_,SCOPe-ALL,family,c.14.1.0,c,c.14,c.14.1,c.14.1.0,262
d5jbxa_,SCOPe-ALL,family,c.14.1.0,c,c.14,c.14.1,c.14.1.0,258
d2j5ga_,SCOPe-ALL,family,c.14.1.0,c,c.14,c.14.1,c.14.1.0,249
d4og1a_,SCOPe-ALL,family,c.14.1.0,c,c.14,c.14.1,c.14.1.0,268
d4wcza_,SCOPe-ALL,family,c.14.1.0,c,c.14,c.14.1,c.14.1.0,249
d4jwva1,SCOPe-ALL,family,c.14.1.0,c,c.14,c.14.1,c.14.1.0,255
d4hnka_,SCOPe-ALL,family,c.14.1.0,c,c.14,c.14.1,c.14.1.0,183
d4jfca_,SCOPe-ALL,family,c.14.1.0,c,c.14,c.14.1,c.14.1.0,257
d7bora_,SCOPe-ALL,family,c.14.1.0,c,c.14,c.14.1,c.14.1.0,247
d3laoa_,SCOPe-ALL,family,c.14.1.0,c,c.14,c.14.1,c.14.1.0,223
d5wyda_,SCOPe-ALL,family,c.14.1.0,c,c.14,c.14.1,c.14.1.0,262
d5yloa_,SCOPe-ALL,family,c.14.1.0,c,c.14,c.14.1,c.14.1.0,235
d7m1la_,SCOPe-ALL,family,c.14.1.0,c,c.14,c.14.1,c.14.1.0,188
d2j5ia_,SCOPe-ALL,family,c.14.1.0,c,c.14,c.14.1,c.14.1.0,248
d4izba_,SCOPe-ALL,family,c.14.1.0,c,c.14,c.14.1,c.14.1.0,245
d2f9ia1,SCOPe-ALL,family,c.14.1.0,c,c.14,c.14.1,c.14.1.0,314
d3h0ua1,SCOPe-ALL,family,c.14.1.0,c,c.14,c.14.1,c.14.1.0,276
d3gkba1,SCOPe-ALL,family,c.14.1.0,c,c.14,c.14.1,c.14.1.0,273
d5o34a_,SCOPe-ALL,family,c.14.1.0,c,c.14,c.14.1,c.14.1.0,229
d4jyla1,SCOPe-ALL,family,c.14.1.0,c,c.14,c.14.1,c.14.1.0,243
d3gowa_,SCOPe-ALL,family,c.14.1.0,c,c.14,c.14.1,c.14.1.0,254
d4k29a_,SCOPe-ALL,family,c.14.1.0,c,c.14,c.14.1,c.14.1.0,269
d3pc8a_,SCOPe-ALL,family,c.15.1.1,c,c.15,c.15.1,c.15.1.1,97
d3pc7a_,SCOPe-ALL,family,c.15.1.2,c,c.15,c.15.1,c.15.1.2,81
d1t15a1,SCOPe-ALL,family,c.15.1.3,c,c.15,c.15.1,c.15.1.3,109
d1t15a2,SCOPe-ALL,family,c.15.1.3,c,c.15,c.15.1,c.15.1.3,102
d1kzyc1,SCOPe-ALL,family,c.15.1.4,c,c.15,c.15.1,c.15.1.4,153
d1kzyc2,SCOPe-ALL,family,c.15.1.4,c,c.15,c.15.1,c.15.1.4,106
d1wf6a1,SCOPe-ALL,family,c.15.1.5,c,c.15,c.15.1,c.15.1.5,119
d2ebua1,SCOPe-ALL,family,c.15.1.0,c,c.15,c.15.1,c.15.1.0,105
d1nqua_,SCOPe-ALL,family,c.16.1.1,c,c.16,c.16.1,c.16.1.1,154
d1di0a_,SCOPe-ALL,family,c.16.1.1,c,c.16,c.16.1,c.16.1.1,148
d1kz1a_,SCOPe-ALL,family,c.16.1.1,c,c.16,c.16.1,c.16.1.1,150
d1m72a_,SCOPe-ALL,family,c.17.1.1,c,c.17,c.17.1,c.17.1.1,256
d1jxqa1,SCOPe-ALL,family,c.17.1.1,c,c.17,c.17.1,c.17.1.1,277
d3h11a_,SCOPe-ALL,family,c.17.1.1,c,c.17,c.17.1,c.17.1.1,244
d1cvra2,SCOPe-ALL,family,c.17.1.2,c,c.17,c.17.1,c.17.1.2,350
d3od5a_,SCOPe-ALL,family,c.17.1.0,c,c.17,c.17.1,c.17.1.0,261
d2hxma2,SCOPe-ALL,family,c.18.1.1,c,c.18,c.18.1,c.18.1.1,220
d2c53a_,SCOPe-ALL,family,c.18.1.1,c,c.18,c.18.1,c.18.1.1,228
d1wywa_,SCOPe-ALL,family,c.18.1.2,c,c.18,c.18.1,c.18.1.2,216
d1muga_,SCOPe-ALL,family,c.18.1.2,c,c.18,c.18.1,c.18.1.2,165
d1vk2a_,SCOPe-ALL,family,c.18.1.2,c,c.18,c.18.1,c.18.1.2,191
d1oe4a_,SCOPe-ALL,family,c.18.1.3,c,c.18,c.18.1,c.18.1.3,245
d2q07a2,SCOPe-ALL,family,c.18.1.4,c,c.18,c.18.1,c.18.1.4,150
d4wpka1,SCOPe-ALL,family,c.18.1.0,c,c.18,c.18.1,c.18.1.0,227
d2hg4a6,SCOPe-ALL,family,c.19.1.1,c,c.19,c.19.1,c.19.1.1,257
d2vz8a4,SCOPe-ALL,family,c.19.1.1,c,c.19,c.19.1,c.19.1.1,256
d1mlaa1,SCOPe-ALL,family,c.19.1.1,c,c.19,c.19.1,c.19.1.1,236
d1nm2a1,SCOPe-ALL,family,c.19.1.1,c,c.19,c.19.1,c.19.1.1,253
d2vz8a3,SCOPe-ALL,family,c.19.1.1,c,c.19,c.19.1,c.19.1.1,61
d1cjya2,SCOPe-ALL,family,c.19.1.2,c,c.19,c.19.1,c.19.1.2,580
d4pk9a_,SCOPe-ALL,family,c.19.1.3,c,c.19,c.19.1,c.19.1.3,359
d1g7sa3,SCOPe-ALL,family,c.20.1.1,c,c.20,c.20.1,c.20.1.1,131
d1j3aa_,SCOPe-ALL,family,c.21.1.1,c,c.21,c.21.1,c.21.1.1,142
d2j01n1,SCOPe-ALL,family,c.21.1.1,c,c.21,c.21.1,c.21.1.1,139
d2qame1,SCOPe-ALL,family,c.22.1.1,c,c.22,c.22.1,c.22.1.1,201
d1vq8c1,SCOPe-ALL,family,c.22.1.1,c,c.22,c.22.1,c.22.1.1,246
d1dmga_,SCOPe-ALL,family,c.22.1.1,c,c.22,c.22.1,c.22.1.1,225
d2j01f1,SCOPe-ALL,family,c.22.1.1,c,c.22,c.22.1,c.22.1.1,208
d1m5ta_,SCOPe-ALL,family,c.23.1.1,c,c.23,c.23.1,c.23.1.1,123
d1jbea_,SCOPe-ALL,family,c.23.1.1,c,c.23,c.23.1,c.23.1.1,128
d1p6qa_,SCOPe-ALL,family,c.23.1.1,c,c.23,c.23.1,c.23.1.1,129
d2b4aa1,SCOPe-ALL,family,c.23.1.1,c,c.23,c.23.1,c.23.1.1,118
d1a04a2,SCOPe-ALL,family,c.23.1.1,c,c.23,c.23.1,c.23.1.1,138
d2mska_,SCOPe-ALL,family,c.23.1.1,c,c.23,c.23.1,c.23.1.1,124
d1kgsa2,SCOPe-ALL,family,c.23.1.1,c,c.23,c.23.1,c.23.1.1,122
d1s8na_,SCOPe-ALL,family,c.23.1.1,c,c.23,c.23.1,c.23.1.1,190
d1k68a_,SCOPe-ALL,family,c.23.1.1,c,c.23,c.23.1,c.23.1.1,140
d1k66a1,SCOPe-ALL,family,c.23.1.1,c,c.23,c.23.1,c.23.1.1,148
d1w25a1,SCOPe-ALL,family,c.23.1.1,c,c.23,c.23.1,c.23.1.1,139
d1w25a2,SCOPe-ALL,family,c.23.1.1,c,c.23,c.23.1,c.23.1.1,153
d2ayxa1,SCOPe-ALL,family,c.23.1.1,c,c.23,c.23.1,c.23.1.1,133
d1dz3a_,SCOPe-ALL,family,c.23.1.1,c,c.23,c.23.1,c.23.1.1,123
d3q15c_,SCOPe-ALL,family,c.23.1.1,c,c.23,c.23.1,c.23.1.1,116
d1zgza1,SCOPe-ALL,family,c.23.1.1,c,c.23,c.23.1,c.23.1.1,120
d1ny5a1,SCOPe-ALL,family,c.23.1.1,c,c.23,c.23.1,c.23.1.1,137
d1l5za1,SCOPe-ALL,family,c.23.1.1,c,c.23,c.23.1,c.23.1.1,142
d1dbwa_,SCOPe-ALL,family,c.23.1.1,c,c.23,c.23.1,c.23.1.1,123
d2r25b_,SCOPe-ALL,family,c.23.1.1,c,c.23,c.23.1,c.23.1.1,133
d2jbaa_,SCOPe-ALL,family,c.23.1.1,c,c.23,c.23.1,c.23.1.1,125
d1dcfa_,SCOPe-ALL,family,c.23.1.2,c,c.23,c.23.1,c.23.1.2,134
d1qo0d_,SCOPe-ALL,family,c.23.1.3,c,c.23,c.23.1,c.23.1.3,189
d1orda1,SCOPe-ALL,family,c.23.1.4,c,c.23,c.23.1,c.23.1.4,107
d1r8ja2,SCOPe-ALL,family,c.23.1.5,c,c.23,c.23.1,c.23.1.5,134
d2ayxa2,SCOPe-ALL,family,c.23.1.6,c,c.23,c.23.1,c.23.1.6,117
d1y7pa1,SCOPe-ALL,family,c.23.1.7,c,c.23,c.23.1,c.23.1.7,139
d7ccia1,SCOPe-ALL,family,c.23.1.0,c,c.23,c.23.1,c.23.1.0,130
d2jrla_,SCOPe-ALL,family,c.23.1.0,c,c.23,c.23.1,c.23.1.0,121
d3c97a_,SCOPe-ALL,family,c.23.1.0,c,c.23,c.23.1,c.23.1.0,120
d3cz5a_,SCOPe-ALL,family,c.23.1.0,c,c.23,c.23.1,c.23.1.0,141
d2qr3a1,SCOPe-ALL,family,c.23.1.0,c,c.23,c.23.1,c.23.1.0,124
d5kbxb_,SCOPe-ALL,family,c.23.1.0,c,c.23,c.23.1,c.23.1.0,161
d3ltea_,SCOPe-ALL,family,c.23.1.0,c,c.23,c.23.1,c.23.1.0,118
d4d6ya_,SCOPe-ALL,family,c.23.1.0,c,c.23,c.23.1,c.23.1.0,121
d5t3ya_,SCOPe-ALL,family,c.23.1.0,c,c.23,c.23.1,c.23.1.0,125
d5tqja_,SCOPe-ALL,family,c.23.1.0,c,c.23,c.23.1,c.23.1.0,124
d3rqia_,SCOPe-ALL,family,c.23.1.0,c,c.23,c.23.1,c.23.1.0,173
d3h5ia_,SCOPe-ALL,family,c.23.1.0,c,c.23,c.23.1,c.23.1.0,125
d6tnea_,SCOPe-ALL,family,c.23.1.0,c,c.23,c.23.1,c.23.1.0,120
d3t6ka_,SCOPe-ALL,family,c.23.1.0,c,c.23,c.23.1,c.23.1.0,122
d2qzja_,SCOPe-ALL,family,c.23.1.0,c,c.23,c.23.1,c.23.1.0,121
d3cu5a1,SCOPe-ALL,family,c.23.1.0,c,c.23,c.23.1,c.23.1.0,128
d3jtea1,SCOPe-ALL,family,c.23.1.0,c,c.23,c.23.1,c.23.1.0,125
d3luaa1,SCOPe-ALL,family,c.23.1.0,c,c.23,c.23.1,c.23.1.0,124
d3eqza1,SCOPe-ALL,family,c.23.1.0,c,c.23,c.23.1,c.23.1.0,123
d6xvud_,SCOPe-ALL,family,c.23.1.0,c,c.23,c.23.1,c.23.1.0,141
d3cg0a1,SCOPe-ALL,family,c.23.1.0,c,c.23,c.23.1,c.23.1.0,125
d2zaya_,SCOPe-ALL,family,c.23.1.0,c,c.23,c.23.1,c.23.1.0,123
d4xlta1,SCOPe-ALL,family,c.23.1.0,c,c.23,c.23.1,c.23.1.0,129
d6wsha1,SCOPe-ALL,family,c.23.1.0,c,c.23,c.23.1,c.23.1.0,189
d2n9ua1,SCOPe-ALL,family,c.23.1.0,c,c.23,c.23.1,c.23.1.0,125
d7l9ca_,SCOPe-ALL,family,c.23.1.0,c,c.23,c.23.1,c.23.1.0,127
d5i4ca_,SCOPe-ALL,family,c.23.1.0,c,c.23,c.23.1,c.23.1.0,131
d6onta_,SCOPe-ALL,family,c.23.1.0,c,c.23,c.23.1,c.23.1.0,121
d6swla_,SCOPe-ALL,family,c.23.1.0,c,c.23,c.23.1,c.23.1.0,133
d3khta_,SCOPe-ALL,family,c.23.1.0,c,c.23,c.23.1,c.23.1.0,132
d2plna1,SCOPe-ALL,family,c.23.1.0,c,c.23,c.23.1,c.23.1.0,114
d3w9sa_,SCOPe-ALL,family,c.23.1.0,c,c.23,c.23.1,c.23.1.0,116
d2qv0a_,SCOPe-ALL,family,c.23.1.0,c,c.23,c.23.1,c.23.1.0,122
d4nica_,SCOPe-ALL,family,c.23.1.0,c,c.23,c.23.1,c.23.1.0,117
d5lwka_,SCOPe-ALL,family,c.23.1.0,c,c.23,c.23.1,c.23.1.0,122
d2qvga_,SCOPe-ALL,family,c.23.1.0,c,c.23,c.23.1,c.23.1.0,129
d4q7ea_,SCOPe-ALL,family,c.23.1.0,c,c.23,c.23.1,c.23.1.0,125
d3hzha_,SCOPe-ALL,family,c.23.1.0,c,c.23,c.23.1,c.23.1.0,134
d6ekgy_,SCOPe-ALL,family,c.23.1.0,c,c.23,c.23.1,c.23.1.0,121
d3c3ma1,SCOPe-ALL,family,c.23.1.0,c,c.23,c.23.1,c.23.1.0,121
d3crna1,SCOPe-ALL,family,c.23.1.0,c,c.23,c.23.1,c.23.1.0,121
d3cg4a_,SCOPe-ALL,family,c.23.1.0,c,c.23,c.23.1,c.23.1.0,126
d3i42a1,SCOPe-ALL,family,c.23.1.0,c,c.23,c.23.1,c.23.1.0,116
d3eula_,SCOPe-ALL,family,c.23.1.0,c,c.23,c.23.1,c.23.1.0,123
d3nhma_,SCOPe-ALL,family,c.23.1.0,c,c.23,c.23.1,c.23.1.0,120
d2gkga_,SCOPe-ALL,family,c.23.1.0,c,c.23,c.23.1,c.23.1.0,122
d2rjna_,SCOPe-ALL,family,c.23.1.0,c,c.23,c.23.1,c.23.1.0,135
d3n53a1,SCOPe-ALL,family,c.23.1.0,c,c.23,c.23.1,c.23.1.0,126
d3grca_,SCOPe-ALL,family,c.23.1.0,c,c.23,c.23.1,c.23.1.0,125
d3ktoa_,SCOPe-ALL,family,c.23.1.0,c,c.23,c.23.1,c.23.1.0,122
d7c1ja_,SCOPe-ALL,family,c.23.1.0,c,c.23,c.23.1,c.23.1.0,122
d3hv2a_,SCOPe-ALL,family,c.23.1.0,c,c.23,c.23.1,c.23.1.0,136
d3hdva_,SCOPe-ALL,family,c.23.1.0,c,c.23,c.23.1,c.23.1.0,120
d2jk1a_,SCOPe-ALL,family,c.23.1.0,c,c.23,c.23.1,c.23.1.0,138
d3kyjb1,SCOPe-ALL,family,c.23.1.0,c,c.23,c.23.1,c.23.1.0,133
d3kcna1,SCOPe-ALL,family,c.23.1.0,c,c.23,c.23.1,c.23.1.0,134
d4zyla_,SCOPe-ALL,family,c.23.1.0,c,c.23,c.23.1,c.23.1.0,143
d3heba1,SCOPe-ALL,family,c.23.1.0,c,c.23,c.23.1,c.23.1.0,140
d2qsja1,SCOPe-ALL,family,c.23.1.0,c,c.23,c.23.1,c.23.1.0,130
d6m8oa_,SCOPe-ALL,family,c.23.1.0,c,c.23,c.23.1,c.23.1.0,118
d5dcla_,SCOPe-ALL,family,c.23.1.0,c,c.23,c.23.1,c.23.1.0,117
d4e7pa1,SCOPe-ALL,family,c.23.1.0,c,c.23,c.23.1,c.23.1.0,130
d4lzla_,SCOPe-ALL,family,c.23.1.0,c,c.23,c.23.1,c.23.1.0,123
d3gt7a_,SCOPe-ALL,family,c.23.1.0,c,c.23,c.23.1,c.23.1.0,138
d4euka_,SCOPe-ALL,family,c.23.1.0,c,c.23,c.23.1,c.23.1.0,147
d3a0ua_,SCOPe-ALL,family,c.23.1.0,c,c.23,c.23.1,c.23.1.0,115
d3gl9a_,SCOPe-ALL,family,c.23.1.0,c,c.23,c.23.1,c.23.1.0,120
d3nnsa_,SCOPe-ALL,family,c.23.1.0,c,c.23,c.23.1,c.23.1.0,117
d3t8ya_,SCOPe-ALL,family,c.23.1.0,c,c.23,c.23.1,c.23.1.0,134
d2qxya1,SCOPe-ALL,family,c.23.1.0,c,c.23,c.23.1,c.23.1.0,118
d4h60a1,SCOPe-ALL,family,c.23.1.0,c,c.23,c.23.1,c.23.1.0,119
d3cfya1,SCOPe-ALL,family,c.23.1.0,c,c.23,c.23.1,c.23.1.0,127
d3hdga1,SCOPe-ALL,family,c.23.1.0,c,c.23,c.23.1,c.23.1.0,123
d2j67a_,SCOPe-ALL,family,c.23.2.1,c,c.23,c.23.2,c.23.2.1,149
d4eo7a1,SCOPe-ALL,family,c.23.2.0,c,c.23,c.23.2,c.23.2.0,140
d1t3ga_,SCOPe-ALL,family,c.23.2.0,c,c.23,c.23.2,c.23.2.0,159
d4w8ga_,SCOPe-ALL,family,c.23.2.0,c,c.23,c.23.2,c.23.2.0,125
d1eiwa_,SCOPe-ALL,family,c.23.3.1,c,c.23,c.23.3,c.23.3.1,111
d2csua2,SCOPe-ALL,family,c.23.4.1,c,c.23,c.23.4,c.23.4.1,161
d2csua3,SCOPe-ALL,family,c.23.4.1,c,c.23,c.23.4,c.23.4.1,163
d1oi7a2,SCOPe-ALL,family,c.23.4.1,c,c.23,c.23.4,c.23.4.1,167
d6xrub2,SCOPe-ALL,family,c.23.4.1,c,c.23,c.23.4,c.23.4.1,148
d5nula_,SCOPe-ALL,family,c.23.5.1,c,c.23,c.23.5,c.23.5.1,138
d1j8qa_,SCOPe-ALL,family,c.23.5.1,c,c.23,c.23.5,c.23.5.1,147
d5ljpa_,SCOPe-ALL,family,c.23.5.1,c,c.23,c.23.5,c.23.5.1,168
d1bvyf_,SCOPe-ALL,family,c.23.5.1,c,c.23,c.23.5,c.23.5.1,152
d2q9ua2,SCOPe-ALL,family,c.23.5.1,c,c.23,c.23.5,c.23.5.1,159
d1vmea1,SCOPe-ALL,family,c.23.5.1,c,c.23,c.23.5,c.23.5.1,148
d1e5da1,SCOPe-ALL,family,c.23.5.1,c,c.23,c.23.5,c.23.5.1,152
d1tlla2,SCOPe-ALL,family,c.23.5.2,c,c.23,c.23.5,c.23.5.2,202
d1ykga1,SCOPe-ALL,family,c.23.5.2,c,c.23,c.23.5,c.23.5.2,146
d2z98a_,SCOPe-ALL,family,c.23.5.3,c,c.23,c.23.5,c.23.5.3,200
d4fgla_,SCOPe-ALL,family,c.23.5.3,c,c.23,c.23.5,c.23.5.3,230
d1rtta_,SCOPe-ALL,family,c.23.5.4,c,c.23,c.23.5,c.23.5.4,174
d1t0ia_,SCOPe-ALL,family,c.23.5.4,c,c.23,c.23.5,c.23.5.4,185
d7bx9a_,SCOPe-ALL,family,c.23.5.4,c,c.23,c.23.5,c.23.5.4,168
d2q62a_,SCOPe-ALL,family,c.23.5.4,c,c.23,c.23.5,c.23.5.4,220
d1sqsa_,SCOPe-ALL,family,c.23.5.5,c,c.23,c.23.5,c.23.5.5,232
d1rlia_,SCOPe-ALL,family,c.23.5.6,c,c.23,c.23.5,c.23.5.6,179
d1rlja1,SCOPe-ALL,family,c.23.5.7,c,c.23,c.23.5,c.23.5.7,126
d2arka1,SCOPe-ALL,family,c.23.5.8,c,c.23,c.23.5,c.23.5.8,184
d1ydga1,SCOPe-ALL,family,c.23.5.8,c,c.23,c.23.5,c.23.5.8,199
d3zhoa_,SCOPe-ALL,family,c.23.5.8,c,c.23,c.23.5,c.23.5.8,197
d3d7na_,SCOPe-ALL,family,c.23.5.0,c,c.23,c.23.5,c.23.5.0,183
d6fsga_,SCOPe-ALL,family,c.23.5.0,c,c.23,c.23.5,c.23.5.0,147
d4oxxa_,SCOPe-ALL,family,c.23.5.0,c,c.23,c.23.5,c.23.5.0,153
d2m6sa_,SCOPe-ALL,family,c.23.5.0,c,c.23,c.23.5,c.23.5.0,149
d2hnba_,SCOPe-ALL,family,c.23.5.0,c,c.23,c.23.5,c.23.5.0,147
d4d02a2,SCOPe-ALL,family,c.23.5.0,c,c.23,c.23.5,c.23.5.0,151
d6ohka1,SCOPe-ALL,family,c.23.5.0,c,c.23,c.23.5,c.23.5.0,167
d3qe2a1,SCOPe-ALL,family,c.23.5.0,c,c.23,c.23.5,c.23.5.0,171
d4h2da_,SCOPe-ALL,family,c.23.5.0,c,c.23,c.23.5,c.23.5.0,158
d3fjoa1,SCOPe-ALL,family,c.23.5.0,c,c.23,c.23.5,c.23.5.0,173
d5wida_,SCOPe-ALL,family,c.23.5.0,c,c.23,c.23.5,c.23.5.0,144
d2ohha2,SCOPe-ALL,family,c.23.5.0,c,c.23,c.23.5,c.23.5.0,149
d3u7ra1,SCOPe-ALL,family,c.23.5.0,c,c.23,c.23.5,c.23.5.0,181
d5b3ka_,SCOPe-ALL,family,c.23.5.0,c,c.23,c.23.5,c.23.5.0,150
d5ljla1,SCOPe-ALL,family,c.23.5.0,c,c.23,c.23.5,c.23.5.0,146
d3hlya_,SCOPe-ALL,family,c.23.5.0,c,c.23,c.23.5,c.23.5.0,145
d1xrsb1,SCOPe-ALL,family,c.23.6.1,c,c.23,c.23.6,c.23.6.1,160
d1ccwa_,SCOPe-ALL,family,c.23.6.1,c,c.23,c.23.6,c.23.6.1,137
d3bula2,SCOPe-ALL,family,c.23.6.1,c,c.23,c.23.6,c.23.6.1,156
d1reqa2,SCOPe-ALL,family,c.23.6.1,c,c.23,c.23.6,c.23.6.1,168
d1reqb2,SCOPe-ALL,family,c.23.6.1,c,c.23,c.23.6,c.23.6.1,163
d3orsa1,SCOPe-ALL,family,c.23.8.0,c,c.23,c.23.8,c.23.8.0,160
d3rg8a_,SCOPe-ALL,family,c.23.8.0,c,c.23,c.23.8,c.23.8.0,155
d1esda_,SCOPe-ALL,family,c.23.10.1,c,c.23,c.23.10,c.23.10.1,302
d1flca2,SCOPe-ALL,family,c.23.10.2,c,c.23,c.23.10,c.23.10.2,272
d1es9a_,SCOPe-ALL,family,c.23.10.3,c,c.23,c.23.10,c.23.10.3,212
d2hsja1,SCOPe-ALL,family,c.23.10.3,c,c.23,c.23.10,c.23.10.3,211
d1k7ca_,SCOPe-ALL,family,c.23.10.4,c,c.23,c.23.10,c.23.10.4,233
d1yzfa1,SCOPe-ALL,family,c.23.10.5,c,c.23,c.23.10,c.23.10.5,195
d5tifa1,SCOPe-ALL,family,c.23.10.5,c,c.23,c.23.10,c.23.10.5,180
d1z8ha_,SCOPe-ALL,family,c.23.10.6,c,c.23,c.23.10,c.23.10.6,202
d1zmba1,SCOPe-ALL,family,c.23.10.7,c,c.23,c.23.10,c.23.10.7,282
d2apja1,SCOPe-ALL,family,c.23.10.7,c,c.23,c.23.10,c.23.10.7,244
d2o14a2,SCOPe-ALL,family,c.23.10.8,c,c.23,c.23.10,c.23.10.8,208
d3bzwa1,SCOPe-ALL,family,c.23.10.9,c,c.23,c.23.10,c.23.10.9,248
d3dc7a1,SCOPe-ALL,family,c.23.10.9,c,c.23,c.23.10,c.23.10.9,207
d3rjta1,SCOPe-ALL,family,c.23.10.0,c,c.23,c.23.10,c.23.10.0,213
d7c2aa_,SCOPe-ALL,family,c.23.10.0,c,c.23,c.23.10,c.23.10.0,190
d4iyja_,SCOPe-ALL,family,c.23.10.0,c,c.23,c.23.10,c.23.10.0,211
d6xpga_,SCOPe-ALL,family,c.23.10.0,c,c.23,c.23.10,c.23.10.0,198
d4rsha_,SCOPe-ALL,family,c.23.10.0,c,c.23,c.23.10,c.23.10.0,175
d4q9aa_,SCOPe-ALL,family,c.23.10.0,c,c.23,c.23.10,c.23.10.0,219
d4rw0a1,SCOPe-ALL,family,c.23.10.0,c,c.23,c.23.10,c.23.10.0,182
d3abza2,SCOPe-ALL,family,c.23.11.1,c,c.23,c.23.11,c.23.11.1,250
d2wt3a2,SCOPe-ALL,family,c.23.11.1,c,c.23,c.23.11,c.23.11.1,280
d3wlia2,SCOPe-ALL,family,c.23.11.0,c,c.23,c.23.11,c.23.11.0,214
d1dxya2,SCOPe-ALL,family,c.23.12.1,c,c.23,c.23.12,c.23.12.1,132
d1gdha2,SCOPe-ALL,family,c.23.12.1,c,c.23,c.23.12,c.23.12.1,130
d1j4aa2,SCOPe-ALL,family,c.23.12.1,c,c.23,c.23.12,c.23.12.1,135
d2naca2,SCOPe-ALL,family,c.23.12.1,c,c.23,c.23.12,c.23.12.1,187
d1sc6a2,SCOPe-ALL,family,c.23.12.1,c,c.23,c.23.12,c.23.12.1,133
d1ygya2,SCOPe-ALL,family,c.23.12.1,c,c.23,c.23.12,c.23.12.1,131
d1qp8a2,SCOPe-ALL,family,c.23.12.1,c,c.23,c.23.12,c.23.12.1,122
d1mx3a2,SCOPe-ALL,family,c.23.12.1,c,c.23,c.23.12,c.23.12.1,133
d1saya2,SCOPe-ALL,family,c.23.12.2,c,c.23,c.23.12,c.23.12.2,194
d1l7da2,SCOPe-ALL,family,c.23.12.2,c,c.23,c.23.12,c.23.12.2,195
d1li4a2,SCOPe-ALL,family,c.23.12.3,c,c.23,c.23.12,c.23.12.3,268
d1h05a_,SCOPe-ALL,family,c.23.13.1,c,c.23,c.23.13,c.23.13.1,144
d6hsaa1,SCOPe-ALL,family,c.23.13.0,c,c.23,c.23.13,c.23.13.0,142
d1f8ya_,SCOPe-ALL,family,c.23.14.1,c,c.23,c.23.14,c.23.14.1,156
d2f62a2,SCOPe-ALL,family,c.23.14.1,c,c.23,c.23.14,c.23.14.1,152
d1s2la_,SCOPe-ALL,family,c.23.14.1,c,c.23,c.23.14,c.23.14.1,167
d1t1ja1,SCOPe-ALL,family,c.23.14.2,c,c.23,c.23.14,c.23.14.2,118
d3f6ya_,SCOPe-ALL,family,c.23.14.3,c,c.23,c.23.14,c.23.14.3,235
d1isia_,SCOPe-ALL,family,c.23.14.3,c,c.23,c.23.14,c.23.14.3,250
d3i9la_,SCOPe-ALL,family,c.23.14.3,c,c.23,c.23.14,c.23.14.3,251
d6evsa_,SCOPe-ALL,family,c.23.14.0,c,c.23,c.23.14,c.23.14.0,137
d1vi6a_,SCOPe-ALL,family,c.23.15.1,c,c.23,c.23.15,c.23.15.1,193
d1fjgb_,SCOPe-ALL,family,c.23.15.1,c,c.23,c.23.15,c.23.15.1,237
d1i7qb_,SCOPe-ALL,family,c.23.16.1,c,c.23,c.23.16,c.23.16.1,192
d1qdlb_,SCOPe-ALL,family,c.23.16.1,c,c.23,c.23.16,c.23.16.1,195
d1t36b2,SCOPe-ALL,family,c.23.16.1,c,c.23,c.23.16,c.23.16.1,228
d1vcoa1,SCOPe-ALL,family,c.23.16.1,c,c.23,c.23.16,c.23.16.1,250
d1t3ta2,SCOPe-ALL,family,c.23.16.1,c,c.23,c.23.16,c.23.16.1,262
d1l9xa_,SCOPe-ALL,family,c.23.16.1,c,c.23,c.23.16,c.23.16.1,288
d1jvna2,SCOPe-ALL,family,c.23.16.1,c,c.23,c.23.16,c.23.16.1,229
d7ac8b_,SCOPe-ALL,family,c.23.16.1,c,c.23,c.23.16,c.23.16.1,202
d1ka9h_,SCOPe-ALL,family,c.23.16.1,c,c.23,c.23.16,c.23.16.1,195
d1wl8a1,SCOPe-ALL,family,c.23.16.1,c,c.23,c.23.16,c.23.16.1,188
d1gpma2,SCOPe-ALL,family,c.23.16.1,c,c.23,c.23.16,c.23.16.1,205
d1o1ya1,SCOPe-ALL,family,c.23.16.1,c,c.23,c.23.16,c.23.16.1,226
d2nv0a_,SCOPe-ALL,family,c.23.16.1,c,c.23,c.23.16,c.23.16.1,195
d2abwa1,SCOPe-ALL,family,c.23.16.1,c,c.23,c.23.16,c.23.16.1,218
d2rk3a_,SCOPe-ALL,family,c.23.16.2,c,c.23,c.23.16,c.23.16.2,187
d1u9ca_,SCOPe-ALL,family,c.23.16.2,c,c.23,c.23.16,c.23.16.2,221
d1n57a_,SCOPe-ALL,family,c.23.16.2,c,c.23,c.23.16,c.23.16.2,279
d2fexa1,SCOPe-ALL,family,c.23.16.2,c,c.23,c.23.16,c.23.16.2,188
d2ab0a1,SCOPe-ALL,family,c.23.16.2,c,c.23,c.23.16,c.23.16.2,195
d1vhqa_,SCOPe-ALL,family,c.23.16.2,c,c.23,c.23.16,c.23.16.2,217
d4lrua1,SCOPe-ALL,family,c.23.16.2,c,c.23,c.23.16,c.23.16.2,236
d3l18a1,SCOPe-ALL,family,c.23.16.2,c,c.23,c.23.16,c.23.16.2,166
d1sy7a1,SCOPe-ALL,family,c.23.16.3,c,c.23,c.23.16,c.23.16.3,184
d1fy2a_,SCOPe-ALL,family,c.23.16.4,c,c.23,c.23.16,c.23.16.4,229
d1kwga3,SCOPe-ALL,family,c.23.16.5,c,c.23,c.23.16,c.23.16.5,197
d1t0ba_,SCOPe-ALL,family,c.23.16.6,c,c.23,c.23.16,c.23.16.6,240
d1zl0a2,SCOPe-ALL,family,c.23.16.7,c,c.23,c.23.16,c.23.16.7,167
d2gk3a1,SCOPe-ALL,family,c.23.16.9,c,c.23,c.23.16,c.23.16.9,246
d3mgka_,SCOPe-ALL,family,c.23.16.0,c,c.23,c.23.16,c.23.16.0,199
d2vrna_,SCOPe-ALL,family,c.23.16.0,c,c.23,c.23.16,c.23.16.0,185
d3l3ba_,SCOPe-ALL,family,c.23.16.0,c,c.23,c.23.16,c.23.16.0,216
d3ttva2,SCOPe-ALL,family,c.23.16.0,c,c.23,c.23.16,c.23.16.0,156
d6lfka2,SCOPe-ALL,family,c.23.16.0,c,c.23,c.23.16,c.23.16.0,156
d7cbea_,SCOPe-ALL,family,c.23.16.0,c,c.23,c.23.16,c.23.16.0,295
d4gdha_,SCOPe-ALL,family,c.23.16.0,c,c.23,c.23.16,c.23.16.0,190
d4p5pa_,SCOPe-ALL,family,c.23.16.0,c,c.23,c.23.16,c.23.16.0,225
d2vpia1,SCOPe-ALL,family,c.23.16.0,c,c.23,c.23.16,c.23.16.0,195
d4k2ha_,SCOPe-ALL,family,c.23.16.0,c,c.23,c.23.16,c.23.16.0,185
d4y1ra1,SCOPe-ALL,family,c.23.16.0,c,c.23,c.23.16,c.23.16.0,170
d4ogga1,SCOPe-ALL,family,c.23.16.0,c,c.23,c.23.16,c.23.16.0,188
d4xlla_,SCOPe-ALL,family,c.23.16.0,c,c.23,c.23.16,c.23.16.0,184
d4guda1,SCOPe-ALL,family,c.23.16.0,c,c.23,c.23.16,c.23.16.0,200
d1ou0a_,SCOPe-ALL,family,c.23.17.1,c,c.23,c.23.17,c.23.17.1,190
d4au1a_,SCOPe-ALL,family,c.23.17.1,c,c.23,c.23.17,c.23.17.1,208
d1t36a2,SCOPe-ALL,family,c.24.1.1,c,c.24,c.24.1,c.24.1.1,138
d1vmda1,SCOPe-ALL,family,c.24.1.2,c,c.24,c.24.1,c.24.1.2,149
d2xw6a1,SCOPe-ALL,family,c.24.1.2,c,c.24,c.24.1,c.24.1.2,128
d1pkxa1,SCOPe-ALL,family,c.24.1.3,c,c.24,c.24.1,c.24.1.3,198
d1zcza1,SCOPe-ALL,family,c.24.1.3,c,c.24,c.24.1,c.24.1.3,157
d3w5ha2,SCOPe-ALL,family,c.25.1.1,c,c.25,c.25.1,c.25.1.1,147
d1fdra2,SCOPe-ALL,family,c.25.1.1,c,c.25,c.25.1,c.25.1.1,148
d2qdxa2,SCOPe-ALL,family,c.25.1.1,c,c.25,c.25.1,c.25.1.1,158
d1qfja2,SCOPe-ALL,family,c.25.1.1,c,c.25,c.25.1,c.25.1.1,135
d1krha2,SCOPe-ALL,family,c.25.1.2,c,c.25,c.25.1,c.25.1.2,133
d1tvca2,SCOPe-ALL,family,c.25.1.2,c,c.25,c.25.1,c.25.1.2,141
d2piaa2,SCOPe-ALL,family,c.25.1.2,c,c.25,c.25.1,c.25.1.2,120
d1ep3b2,SCOPe-ALL,family,c.25.1.3,c,c.25,c.25.1,c.25.1.3,160
d1f20a2,SCOPe-ALL,family,c.25.1.4,c,c.25,c.25.1,c.25.1.4,165
d3qfta2,SCOPe-ALL,family,c.25.1.0,c,c.25,c.25.1,c.25.1.0,159
d2rc5a2,SCOPe-ALL,family,c.25.1.0,c,c.25,c.25.1,c.25.1.0,156
d3lo8a2,SCOPe-ALL,family,c.25.1.0,c,c.25,c.25.1,c.25.1.0,160
d5tr9a2,SCOPe-ALL,family,c.25.1.0,c,c.25,c.25.1,c.25.1.0,153
d3ozua3,SCOPe-ALL,family,c.25.1.0,c,c.25,c.25.1,c.25.1.0,142
d4eh1a2,SCOPe-ALL,family,c.25.1.0,c,c.25,c.25.1,c.25.1.0,128
d1f7ua2,SCOPe-ALL,family,c.26.1.1,c,c.26,c.26.1,c.26.1.1,348
d1iq0a2,SCOPe-ALL,family,c.26.1.1,c,c.26,c.26.1,c.26.1.1,370
d1irxa2,SCOPe-ALL,family,c.26.1.1,c,c.26,c.26.1,c.26.1.1,317
d1u0bb2,SCOPe-ALL,family,c.26.1.1,c,c.26,c.26.1,c.26.1.1,315
d2zlza_,SCOPe-ALL,family,c.26.1.1,c,c.26,c.26.1,c.26.1.1,296
d1j09a2,SCOPe-ALL,family,c.26.1.1,c,c.26,c.26.1,c.26.1.1,305
d1ffya3,SCOPe-ALL,family,c.26.1.1,c,c.26,c.26.1,c.26.1.1,451
d1ilea3,SCOPe-ALL,family,c.26.1.1,c,c.26,c.26.1,c.26.1.1,453
d1h3na3,SCOPe-ALL,family,c.26.1.1,c,c.26,c.26.1,c.26.1.1,495
d1pfva2,SCOPe-ALL,family,c.26.1.1,c,c.26,c.26.1,c.26.1.1,351
d1rqga2,SCOPe-ALL,family,c.26.1.1,c,c.26,c.26.1,c.26.1.1,362
d1i6ma_,SCOPe-ALL,family,c.26.1.1,c,c.26,c.26.1,c.26.1.1,326
d1r6ta2,SCOPe-ALL,family,c.26.1.1,c,c.26,c.26.1,c.26.1.1,385
d1n3la_,SCOPe-ALL,family,c.26.1.1,c,c.26,c.26.1,c.26.1.1,339
d1h3fa1,SCOPe-ALL,family,c.26.1.1,c,c.26,c.26.1,c.26.1.1,343
d1ivsa4,SCOPe-ALL,family,c.26.1.1,c,c.26,c.26.1,c.26.1.1,426
d1x8xa_,SCOPe-ALL,family,c.26.1.1,c,c.26,c.26.1,c.26.1.1,322
d2zp1a1,SCOPe-ALL,family,c.26.1.1,c,c.26,c.26.1,c.26.1.1,306
d2d5ba2,SCOPe-ALL,family,c.26.1.1,c,c.26,c.26.1,c.26.1.1,348
d1coza_,SCOPe-ALL,family,c.26.1.2,c,c.26,c.26.1,c.26.1.2,126
d1nupa_,SCOPe-ALL,family,c.26.1.3,c,c.26,c.26.1,c.26.1.3,233
d1mrza2,SCOPe-ALL,family,c.26.1.3,c,c.26,c.26.1,c.26.1.3,157
d1k4ma_,SCOPe-ALL,family,c.26.1.3,c,c.26,c.26.1,c.26.1.3,213
d1ej2a_,SCOPe-ALL,family,c.26.1.3,c,c.26,c.26.1,c.26.1.3,167
d2h29a_,SCOPe-ALL,family,c.26.1.3,c,c.26,c.26.1,c.26.1.3,188
d3rbaa_,SCOPe-ALL,family,c.26.1.3,c,c.26,c.26.1,c.26.1.3,157
d1lw7a1,SCOPe-ALL,family,c.26.1.3,c,c.26,c.26.1,c.26.1.3,163
d3mlba_,SCOPe-ALL,family,c.26.1.3,c,c.26,c.26.1,c.26.1.3,189
d3cova_,SCOPe-ALL,family,c.26.1.4,c,c.26,c.26.1,c.26.1.4,286
d1g8fa2,SCOPe-ALL,family,c.26.1.5,c,c.26,c.26.1,c.26.1.5,221
d1jhda2,SCOPe-ALL,family,c.26.1.5,c,c.26,c.26.1,c.26.1.5,223
d3a04a_,SCOPe-ALL,family,c.26.1.0,c,c.26,c.26.1,c.26.1.0,367
d4wsoa_,SCOPe-ALL,family,c.26.1.0,c,c.26,c.26.1,c.26.1.0,227
d4g6za1,SCOPe-ALL,family,c.26.1.0,c,c.26,c.26.1,c.26.1.0,302
d3mxta1,SCOPe-ALL,family,c.26.1.0,c,c.26,c.26.1,c.26.1.0,282
d3tzla_,SCOPe-ALL,family,c.26.1.0,c,c.26,c.26.1,c.26.1.0,319
d6ncra_,SCOPe-ALL,family,c.26.1.0,c,c.26,c.26.1,c.26.1.0,342
d1yi8a_,SCOPe-ALL,family,c.26.1.0,c,c.26,c.26.1,c.26.1.0,331
d3hzra_,SCOPe-ALL,family,c.26.1.0,c,c.26,c.26.1,c.26.1.0,374
d3nd5a_,SCOPe-ALL,family,c.26.1.0,c,c.26,c.26.1,c.26.1.0,158
d3n8ha1,SCOPe-ALL,family,c.26.1.0,c,c.26,c.26.1,c.26.1.0,261
d3nv7a_,SCOPe-ALL,family,c.26.1.0,c,c.26,c.26.1,c.26.1.0,155
d2qjfa2,SCOPe-ALL,family,c.26.1.0,c,c.26,c.26.1,c.26.1.0,230
d2pida_,SCOPe-ALL,family,c.26.1.0,c,c.26,c.26.1,c.26.1.0,337
d4ybra1,SCOPe-ALL,family,c.26.1.0,c,c.26,c.26.1,c.26.1.0,197
d4zcra_,SCOPe-ALL,family,c.26.1.0,c,c.26,c.26.1,c.26.1.0,137
d5llta1,SCOPe-ALL,family,c.26.1.0,c,c.26,c.26.1,c.26.1.0,203
d3vgja_,SCOPe-ALL,family,c.26.1.0,c,c.26,c.26.1,c.26.1.0,353
d3op1a1,SCOPe-ALL,family,c.26.1.0,c,c.26,c.26.1,c.26.1.0,185
d1yula_,SCOPe-ALL,family,c.26.1.0,c,c.26,c.26.1,c.26.1.0,210
d5bnza1,SCOPe-ALL,family,c.26.1.0,c,c.26,c.26.1,c.26.1.0,333
d5x3da_,SCOPe-ALL,family,c.26.1.0,c,c.26,c.26.1,c.26.1.0,126
d3h05a_,SCOPe-ALL,family,c.26.1.0,c,c.26,c.26.1,c.26.1.0,166
d1k92a1,SCOPe-ALL,family,c.26.2.1,c,c.26,c.26.2,c.26.2.1,188
d1ct9a1,SCOPe-ALL,family,c.26.2.1,c,c.26,c.26.2,c.26.2.1,324
d1q15a1,SCOPe-ALL,family,c.26.2.1,c,c.26,c.26.2,c.26.2.1,296
d1m1za1,SCOPe-ALL,family,c.26.2.1,c,c.26,c.26.2,c.26.2.1,297
d1kqpa_,SCOPe-ALL,family,c.26.2.1,c,c.26,c.26.2,c.26.2.1,271
d1xnga1,SCOPe-ALL,family,c.26.2.1,c,c.26,c.26.2,c.26.2.1,255
d3rk1a_,SCOPe-ALL,family,c.26.2.1,c,c.26,c.26.2,c.26.2.1,225
d2pg3a1,SCOPe-ALL,family,c.26.2.1,c,c.26,c.26.2,c.26.2.1,230
d1sura_,SCOPe-ALL,family,c.26.2.2,c,c.26,c.26.2,c.26.2.2,215
d1zuna1,SCOPe-ALL,family,c.26.2.2,c,c.26,c.26.2,c.26.2.2,211
d1efva1,SCOPe-ALL,family,c.26.2.3,c,c.26,c.26.2,c.26.2.3,188
d1o97d1,SCOPe-ALL,family,c.26.2.3,c,c.26,c.26.2,c.26.2.3,192
d1efpa1,SCOPe-ALL,family,c.26.2.3,c,c.26,c.26.2,c.26.2.3,183
d1efvb_,SCOPe-ALL,family,c.26.2.3,c,c.26,c.26.2,c.26.2.3,252
d1o97c_,SCOPe-ALL,family,c.26.2.3,c,c.26,c.26.2,c.26.2.3,261
d1mjha_,SCOPe-ALL,family,c.26.2.4,c,c.26,c.26.2,c.26.2.4,160
d1q77a1,SCOPe-ALL,family,c.26.2.4,c,c.26,c.26.2,c.26.2.4,135
d1tq8a1,SCOPe-ALL,family,c.26.2.4,c,c.26,c.26.2,c.26.2.4,145
d2iela1,SCOPe-ALL,family,c.26.2.4,c,c.26,c.26.2,c.26.2.4,134
d2gm3a1,SCOPe-ALL,family,c.26.2.4,c,c.26,c.26.2,c.26.2.4,171
d1jmva_,SCOPe-ALL,family,c.26.2.4,c,c.26,c.26.2,c.26.2.4,140
d2z08a_,SCOPe-ALL,family,c.26.2.4,c,c.26,c.26.2,c.26.2.4,137
d1wy5a1,SCOPe-ALL,family,c.26.2.5,c,c.26,c.26.2,c.26.2.5,216
d1ni5a1,SCOPe-ALL,family,c.26.2.5,c,c.26,c.26.2,c.26.2.5,226
d1vbka1,SCOPe-ALL,family,c.26.2.6,c,c.26,c.26.2,c.26.2.6,132
d2c5sa1,SCOPe-ALL,family,c.26.2.6,c,c.26,c.26.2,c.26.2.6,218
d4l2ib_,SCOPe-ALL,family,c.26.2.0,c,c.26,c.26.2,c.26.2.0,263
d3loqa1,SCOPe-ALL,family,c.26.2.0,c,c.26,c.26.2,c.26.2.0,144
d3loqa2,SCOPe-ALL,family,c.26.2.0,c,c.26,c.26.2,c.26.2.0,126
d4wnya1,SCOPe-ALL,family,c.26.2.0,c,c.26,c.26.2,c.26.2.0,147
d3fiua_,SCOPe-ALL,family,c.26.2.0,c,c.26,c.26.2,c.26.2.0,244
d3hgma_,SCOPe-ALL,family,c.26.2.0,c,c.26,c.26.2,c.26.2.0,147
d3fdxa1,SCOPe-ALL,family,c.26.2.0,c,c.26,c.26.2,c.26.2.0,140
d3s3ta1,SCOPe-ALL,family,c.26.2.0,c,c.26,c.26.2,c.26.2.0,143
d4xfja1,SCOPe-ALL,family,c.26.2.0,c,c.26,c.26.2,c.26.2.0,171
d3tnja_,SCOPe-ALL,family,c.26.2.0,c,c.26,c.26.2,c.26.2.0,146
d2dpla1,SCOPe-ALL,family,c.26.2.0,c,c.26,c.26.2,c.26.2.0,189
d2e18a_,SCOPe-ALL,family,c.26.2.0,c,c.26,c.26.2,c.26.2.0,256
d2duma_,SCOPe-ALL,family,c.26.2.0,c,c.26,c.26.2,c.26.2.0,157
d1mv8a3,SCOPe-ALL,family,c.26.3.1,c,c.26,c.26.3,c.26.3.1,136
d1dlja3,SCOPe-ALL,family,c.26.3.1,c,c.26,c.26.3,c.26.3.1,108
d1k8ea2,SCOPe-ALL,family,c.27.1.1,c,c.27,c.27.1,c.27.1.1,273
d2elca2,SCOPe-ALL,family,c.27.1.1,c,c.27,c.27.1,c.27.1.1,264
d4eada2,SCOPe-ALL,family,c.27.1.1,c,c.27,c.27.1,c.27.1.1,265
d1np7a2,SCOPe-ALL,family,c.28.1.1,c,c.28,c.28.1,c.28.1.1,204
d1u3da2,SCOPe-ALL,family,c.28.1.1,c,c.28,c.28.1,c.28.1.1,185
d1dnpa2,SCOPe-ALL,family,c.28.1.1,c,c.28,c.28.1,c.28.1.1,200
d1owla2,SCOPe-ALL,family,c.28.1.1,c,c.28,c.28.1,c.28.1.1,202
d1iqra2,SCOPe-ALL,family,c.28.1.1,c,c.28,c.28.1,c.28.1.1,170
d6ptza1,SCOPe-ALL,family,c.28.1.0,c,c.28,c.28.1,c.28.1.0,205
d2wq7a1,SCOPe-ALL,family,c.28.1.0,c,c.28,c.28.1,c.28.1.0,214
d1w96a2,SCOPe-ALL,family,c.30.1.1,c,c.30,c.30.1,c.30.1.1,170
d2w70a1,SCOPe-ALL,family,c.30.1.1,c,c.30,c.30.1,c.30.1.1,114
d1t36a3,SCOPe-ALL,family,c.30.1.1,c,c.30,c.30.1,c.30.1.1,127
d1gsoa2,SCOPe-ALL,family,c.30.1.1,c,c.30,c.30.1,c.30.1.1,105
d1vkza2,SCOPe-ALL,family,c.30.1.1,c,c.30,c.30.1,c.30.1.1,90
d1kjqa2,SCOPe-ALL,family,c.30.1.1,c,c.30,c.30.1,c.30.1.1,111
d3etja2,SCOPe-ALL,family,c.30.1.1,c,c.30,c.30.1,c.30.1.1,78
d3r23a2,SCOPe-ALL,family,c.30.1.2,c,c.30,c.30.1,c.30.1.2,93
d1ehia1,SCOPe-ALL,family,c.30.1.2,c,c.30,c.30.1,c.30.1.2,132
d1gsaa1,SCOPe-ALL,family,c.30.1.3,c,c.30,c.30.1,c.30.1.3,122
d1m0wa1,SCOPe-ALL,family,c.30.1.4,c,c.30,c.30.1,c.30.1.4,108
d1i7na1,SCOPe-ALL,family,c.30.1.5,c,c.30,c.30.1,c.30.1.5,102
d2io8a1,SCOPe-ALL,family,c.30.1.7,c,c.30,c.30.1,c.30.1.7,118
d2r85a1,SCOPe-ALL,family,c.30.1.8,c,c.30,c.30.1,c.30.1.8,99
d5s5df1,SCOPe-ALL,family,c.30.1.9,c,c.30,c.30.1,c.30.1.9,76
d5nrha1,SCOPe-ALL,family,c.30.1.0,c,c.30,c.30.1,c.30.1.0,100
d3lp8a1,SCOPe-ALL,family,c.30.1.0,c,c.30,c.30.1,c.30.1.0,101
d4fu0a1,SCOPe-ALL,family,c.30.1.0,c,c.30,c.30.1,c.30.1.0,137
d3q1ka1,SCOPe-ALL,family,c.30.1.0,c,c.30,c.30.1,c.30.1.0,138
d3k3pa1,SCOPe-ALL,family,c.30.1.0,c,c.30,c.30.1,c.30.1.0,124
d2zdha1,SCOPe-ALL,family,c.30.1.0,c,c.30,c.30.1,c.30.1.0,114
d3vpda1,SCOPe-ALL,family,c.30.1.0,c,c.30,c.30.1,c.30.1.0,88
d6dgia1,SCOPe-ALL,family,c.30.1.0,c,c.30,c.30.1,c.30.1.0,115
d6xxja_,SCOPe-ALL,family,c.31.1.1,c,c.31,c.31.1,c.31.1.1,356
d1o97d2,SCOPe-ALL,family,c.31.1.2,c,c.31,c.31.1,c.31.1.2,123
d1jsca1,SCOPe-ALL,family,c.31.1.3,c,c.31,c.31.1,c.31.1.3,181
d1ybha1,SCOPe-ALL,family,c.31.1.3,c,c.31,c.31.1,c.31.1.3,179
d2fn3a1,SCOPe-ALL,family,c.31.1.3,c,c.31,c.31.1,c.31.1.3,160
d2ihta1,SCOPe-ALL,family,c.31.1.3,c,c.31,c.31.1,c.31.1.3,177
d1ozha1,SCOPe-ALL,family,c.31.1.3,c,c.31,c.31.1,c.31.1.3,179
d1ovma1,SCOPe-ALL,family,c.31.1.3,c,c.31,c.31.1,c.31.1.3,161
d2ji7a1,SCOPe-ALL,family,c.31.1.3,c,c.31,c.31.1,c.31.1.3,175
d1zpda1,SCOPe-ALL,family,c.31.1.3,c,c.31,c.31.1,c.31.1.3,175
d1d4oa_,SCOPe-ALL,family,c.31.1.4,c,c.31,c.31.1,c.31.1.4,177
d1m2ka1,SCOPe-ALL,family,c.31.1.5,c,c.31,c.31.1,c.31.1.5,245
d1yc5a1,SCOPe-ALL,family,c.31.1.5,c,c.31,c.31.1,c.31.1.5,245
d6eo0a1,SCOPe-ALL,family,c.31.1.5,c,c.31,c.31.1,c.31.1.5,271
d1ytla1,SCOPe-ALL,family,c.31.1.6,c,c.31,c.31.1,c.31.1.6,158
d2vk8a2,SCOPe-ALL,family,c.31.1.0,c,c.31,c.31.1,c.31.1.0,179
d4bn4a_,SCOPe-ALL,family,c.31.1.0,c,c.31,c.31.1,c.31.1.0,272
d4kxqa1,SCOPe-ALL,family,c.31.1.0,c,c.31,c.31.1,c.31.1.0,277
d4fega2,SCOPe-ALL,family,c.31.1.0,c,c.31,c.31.1,c.31.1.0,183
d5oj7a1,SCOPe-ALL,family,c.31.1.0,c,c.31,c.31.1,c.31.1.0,284
d6rvqa1,SCOPe-ALL,family,c.32.1.1,c,c.32,c.32.1,c.32.1.1,197
d3ryca1,SCOPe-ALL,family,c.32.1.1,c,c.32,c.32.1,c.32.1.1,245
d3cb2a1,SCOPe-ALL,family,c.32.1.0,c,c.32,c.32.1,c.32.1.0,245
d1j2ra_,SCOPe-ALL,family,c.33.1.3,c,c.33,c.33.1,c.33.1.3,188
d1nbaa_,SCOPe-ALL,family,c.33.1.3,c,c.33,c.33.1,c.33.1.3,253
d1ilwa_,SCOPe-ALL,family,c.33.1.3,c,c.33,c.33.1,c.33.1.3,179
d1yaca_,SCOPe-ALL,family,c.33.1.3,c,c.33,c.33.1,c.33.1.3,204
d2wtaa_,SCOPe-ALL,family,c.33.1.0,c,c.33,c.33.1,c.33.1.0,212
d3hb7a1,SCOPe-ALL,family,c.33.1.0,c,c.33,c.33.1,c.33.1.0,184
d3uaoa_,SCOPe-ALL,family,c.33.1.0,c,c.33,c.33.1,c.33.1.0,200
d3oqpa_,SCOPe-ALL,family,c.33.1.0,c,c.33,c.33.1,c.33.1.0,208
d3mcwa_,SCOPe-ALL,family,c.33.1.0,c,c.33,c.33.1,c.33.1.0,195
d3hu5a_,SCOPe-ALL,family,c.33.1.0,c,c.33,c.33.1,c.33.1.0,190
d5hwha_,SCOPe-ALL,family,c.33.1.0,c,c.33,c.33.1,c.33.1.0,175
d3gbca_,SCOPe-ALL,family,c.33.1.0,c,c.33,c.33.1,c.33.1.0,185
d2b34a_,SCOPe-ALL,family,c.33.1.0,c,c.33,c.33.1,c.33.1.0,192
d3lqya_,SCOPe-ALL,family,c.33.1.0,c,c.33,c.33.1,c.33.1.0,189
d4l07a_,SCOPe-ALL,family,c.33.1.0,c,c.33,c.33.1,c.33.1.0,208
d4h17a1,SCOPe-ALL,family,c.33.1.0,c,c.33,c.33.1,c.33.1.0,196
d3irva_,SCOPe-ALL,family,c.33.1.0,c,c.33,c.33.1,c.33.1.0,213
d6xk1a_,SCOPe-ALL,family,c.33.1.0,c,c.33,c.33.1,c.33.1.0,226
d3o94a_,SCOPe-ALL,family,c.33.1.0,c,c.33,c.33.1,c.33.1.0,189
d3kl2a1,SCOPe-ALL,family,c.33.1.0,c,c.33,c.33.1,c.33.1.0,202
d3eefa_,SCOPe-ALL,family,c.33.1.0,c,c.33,c.33.1,c.33.1.0,173
d1yzva_,SCOPe-ALL,family,c.33.1.0,c,c.33,c.33.1,c.33.1.0,195
d3tg2a_,SCOPe-ALL,family,c.33.1.0,c,c.33,c.33.1,c.33.1.0,205
d1mvla_,SCOPe-ALL,family,c.34.1.1,c,c.34,c.34.1,c.34.1.1,182
d1g5qa_,SCOPe-ALL,family,c.34.1.1,c,c.34,c.34.1,c.34.1.1,174
d1p3y1_,SCOPe-ALL,family,c.34.1.1,c,c.34,c.34.1,c.34.1.1,183
d1sbza_,SCOPe-ALL,family,c.34.1.1,c,c.34,c.34.1,c.34.1.1,186
d3zqua_,SCOPe-ALL,family,c.34.1.0,c,c.34,c.34.1,c.34.1.0,207
d7cfua_,SCOPe-ALL,family,c.34.1.0,c,c.34,c.34.1,c.34.1.0,183
d1jsca2,SCOPe-ALL,family,c.36.1.5,c,c.36,c.36.1,c.36.1.5,188
d2ihta2,SCOPe-ALL,family,c.36.1.5,c,c.36,c.36.1,c.36.1.5,187
d1ozha2,SCOPe-ALL,family,c.36.1.5,c,c.36,c.36.1,c.36.1.5,181
d2ji7a2,SCOPe-ALL,family,c.36.1.5,c,c.36,c.36.1,c.36.1.5,188
d1zpda2,SCOPe-ALL,family,c.36.1.5,c,c.36,c.36.1,c.36.1.5,186
d1l8aa2,SCOPe-ALL,family,c.36.1.6,c,c.36,c.36.1,c.36.1.6,230
d1x7yb1,SCOPe-ALL,family,c.36.1.7,c,c.36,c.36.1,c.36.1.7,191
d2ozlb1,SCOPe-ALL,family,c.36.1.7,c,c.36,c.36.1,c.36.1.7,190
d2c42a1,SCOPe-ALL,family,c.36.1.8,c,c.36,c.36.1,c.36.1.8,257
d1jsca3,SCOPe-ALL,family,c.36.1.9,c,c.36,c.36.1,c.36.1.9,188
d2ihta3,SCOPe-ALL,family,c.36.1.9,c,c.36,c.36.1,c.36.1.9,199
d1ozha3,SCOPe-ALL,family,c.36.1.9,c,c.36,c.36.1,c.36.1.9,191
d1ovma3,SCOPe-ALL,family,c.36.1.9,c,c.36,c.36.1,c.36.1.9,196
d2ji7a3,SCOPe-ALL,family,c.36.1.9,c,c.36,c.36.1,c.36.1.9,196
d1zpda3,SCOPe-ALL,family,c.36.1.9,c,c.36,c.36.1,c.36.1.9,204
d1l8aa1,SCOPe-ALL,family,c.36.1.10,c,c.36,c.36.1,c.36.1.10,415
d1qs0a_,SCOPe-ALL,family,c.36.1.11,c,c.36,c.36.1,c.36.1.11,407
d1x7ya_,SCOPe-ALL,family,c.36.1.11,c,c.36,c.36.1,c.36.1.11,394
d1umda_,SCOPe-ALL,family,c.36.1.11,c,c.36,c.36.1,c.36.1.11,362
d2ozla1,SCOPe-ALL,family,c.36.1.11,c,c.36,c.36.1,c.36.1.11,361
d2c42a2,SCOPe-ALL,family,c.36.1.12,c,c.36,c.36.1,c.36.1.12,447
d2vk8a1,SCOPe-ALL,family,c.36.1.0,c,c.36,c.36.1,c.36.1.0,180
d2vk8a3,SCOPe-ALL,family,c.36.1.0,c,c.36,c.36.1,c.36.1.0,203
d4fega1,SCOPe-ALL,family,c.36.1.0,c,c.36,c.36.1,c.36.1.0,174
d4fega3,SCOPe-ALL,family,c.36.1.0,c,c.36,c.36.1,c.36.1.0,226
d2fn3a2,SCOPe-ALL,family,c.36.1.0,c,c.36,c.36.1,c.36.1.0,180
d2fn3a3,SCOPe-ALL,family,c.36.1.0,c,c.36,c.36.1,c.36.1.0,184
d5xvta1,SCOPe-ALL,family,c.36.1.0,c,c.36,c.36.1,c.36.1.0,332
d5xvta2,SCOPe-ALL,family,c.36.1.0,c,c.36,c.36.1,c.36.1.0,197
d1yj5a2,SCOPe-ALL,family,c.37.1.1,c,c.37,c.37.1,c.37.1.1,172
d1akya1,SCOPe-ALL,family,c.37.1.1,c,c.37,c.37.1,c.37.1.1,181
d2ak3a1,SCOPe-ALL,family,c.37.1.1,c,c.37,c.37.1,c.37.1.1,190
d2cdna2,SCOPe-ALL,family,c.37.1.1,c,c.37,c.37.1,c.37.1.1,181
d1ckea_,SCOPe-ALL,family,c.37.1.1,c,c.37,c.37.1,c.37.1.1,225
d2h92a_,SCOPe-ALL,family,c.37.1.1,c,c.37,c.37.1,c.37.1.1,216
d1p5zb_,SCOPe-ALL,family,c.37.1.1,c,c.37,c.37.1,c.37.1.1,241
d1deka_,SCOPe-ALL,family,c.37.1.1,c,c.37,c.37.1,c.37.1.1,241
d2vp4a_,SCOPe-ALL,family,c.37.1.1,c,c.37,c.37.1,c.37.1.1,198
d1jjva_,SCOPe-ALL,family,c.37.1.1,c,c.37,c.37.1,c.37.1.1,205
d2grja1,SCOPe-ALL,family,c.37.1.1,c,c.37,c.37.1,c.37.1.1,176
d1uf9a_,SCOPe-ALL,family,c.37.1.1,c,c.37,c.37.1,c.37.1.1,191
d1gkya_,SCOPe-ALL,family,c.37.1.1,c,c.37,c.37.1,c.37.1.1,186
d1kgda_,SCOPe-ALL,family,c.37.1.1,c,c.37,c.37.1,c.37.1.1,178
d1t0hb_,SCOPe-ALL,family,c.37.1.1,c,c.37,c.37.1,c.37.1.1,219
d1ly1a_,SCOPe-ALL,family,c.37.1.1,c,c.37,c.37.1,c.37.1.1,152
d1y63a_,SCOPe-ALL,family,c.37.1.1,c,c.37,c.37.1,c.37.1.1,174
d1p6xa1,SCOPe-ALL,family,c.37.1.1,c,c.37,c.37.1,c.37.1.1,330
d4jbya_,SCOPe-ALL,family,c.37.1.1,c,c.37,c.37.1,c.37.1.1,330
d1osna_,SCOPe-ALL,family,c.37.1.1,c,c.37,c.37.1,c.37.1.1,331
d1nn5a_,SCOPe-ALL,family,c.37.1.1,c,c.37,c.37.1,c.37.1.1,209
d1gsia_,SCOPe-ALL,family,c.37.1.1,c,c.37,c.37.1,c.37.1.1,208
d1lw7a2,SCOPe-ALL,family,c.37.1.1,c,c.37,c.37.1,c.37.1.1,192
d1ukza_,SCOPe-ALL,family,c.37.1.1,c,c.37,c.37.1,c.37.1.1,196
d3kb2a1,SCOPe-ALL,family,c.37.1.1,c,c.37,c.37.1,c.37.1.1,164
d3tvta2,SCOPe-ALL,family,c.37.1.1,c,c.37,c.37.1,c.37.1.1,195
d3iija1,SCOPe-ALL,family,c.37.1.1,c,c.37,c.37.1,c.37.1.1,172
d6pspa_,SCOPe-ALL,family,c.37.1.1,c,c.37,c.37.1,c.37.1.1,191
d1viaa_,SCOPe-ALL,family,c.37.1.2,c,c.37,c.37.1,c.37.1.2,161
d1e6ca_,SCOPe-ALL,family,c.37.1.2,c,c.37,c.37.1,c.37.1.2,170
d1kaga_,SCOPe-ALL,family,c.37.1.2,c,c.37,c.37.1,c.37.1.2,169
d2iyva2,SCOPe-ALL,family,c.37.1.2,c,c.37,c.37.1,c.37.1.2,175
d1qhna_,SCOPe-ALL,family,c.37.1.3,c,c.37,c.37.1,c.37.1.3,178
d1m7ga_,SCOPe-ALL,family,c.37.1.4,c,c.37,c.37.1,c.37.1.4,208
d1nsta_,SCOPe-ALL,family,c.37.1.5,c,c.37,c.37.1,c.37.1.5,301
d1j99a_,SCOPe-ALL,family,c.37.1.5,c,c.37,c.37.1,c.37.1.5,284
d1q44a_,SCOPe-ALL,family,c.37.1.5,c,c.37,c.37.1,c.37.1.5,320
d1fmja_,SCOPe-ALL,family,c.37.1.5,c,c.37,c.37.1,c.37.1.5,342
d1texa_,SCOPe-ALL,family,c.37.1.5,c,c.37,c.37.1,c.37.1.5,265
d2zptx_,SCOPe-ALL,family,c.37.1.5,c,c.37,c.37.1,c.37.1.5,288
d1rz3a_,SCOPe-ALL,family,c.37.1.6,c,c.37,c.37.1,c.37.1.6,198
d1odfa_,SCOPe-ALL,family,c.37.1.6,c,c.37,c.37.1,c.37.1.6,286
d1a7ja_,SCOPe-ALL,family,c.37.1.6,c,c.37,c.37.1,c.37.1.6,288
d1uj2a_,SCOPe-ALL,family,c.37.1.6,c,c.37,c.37.1,c.37.1.6,213
d4gi7a_,SCOPe-ALL,family,c.37.1.6,c,c.37,c.37.1,c.37.1.6,309
d1bifa1,SCOPe-ALL,family,c.37.1.7,c,c.37,c.37.1,c.37.1.7,213
d1j2ia1,SCOPe-ALL,family,c.37.1.8,c,c.37,c.37.1,c.37.1.8,164
d1zd9a1,SCOPe-ALL,family,c.37.1.8,c,c.37,c.37.1,c.37.1.8,165
d2akab1,SCOPe-ALL,family,c.37.1.8,c,c.37,c.37.1,c.37.1.8,299
d3b82a1,SCOPe-ALL,family,c.37.1.8,c,c.37,c.37.1,c.37.1.8,342
d2b7ca3,SCOPe-ALL,family,c.37.1.8,c,c.37,c.37.1,c.37.1.8,236
d2dy1a2,SCOPe-ALL,family,c.37.1.8,c,c.37,c.37.1,c.37.1.8,267
d4ac9a4,SCOPe-ALL,family,c.37.1.8,c,c.37,c.37.1,c.37.1.8,179
d2cxxa1,SCOPe-ALL,family,c.37.1.8,c,c.37,c.37.1,c.37.1.8,184
d1wxqa1,SCOPe-ALL,family,c.37.1.8,c,c.37,c.37.1,c.37.1.8,319
d3seaa_,SCOPe-ALL,family,c.37.1.8,c,c.37,c.37.1,c.37.1.8,167
d1egaa1,SCOPe-ALL,family,c.37.1.8,c,c.37,c.37.1,c.37.1.8,179
d1wf3a1,SCOPe-ALL,family,c.37.1.8,c,c.37,c.37.1,c.37.1.8,178
d1g7sa4,SCOPe-ALL,family,c.37.1.8,c,c.37,c.37.1,c.37.1.8,227
d1f5na2,SCOPe-ALL,family,c.37.1.8,c,c.37,c.37.1,c.37.1.8,277
d1udxa2,SCOPe-ALL,family,c.37.1.8,c,c.37,c.37.1,c.37.1.8,180
d1mkya1,SCOPe-ALL,family,c.37.1.8,c,c.37,c.37.1,c.37.1.8,171
d1mkya2,SCOPe-ALL,family,c.37.1.8,c,c.37,c.37.1,c.37.1.8,186
d1svia_,SCOPe-ALL,family,c.37.1.8,c,c.37,c.37.1,c.37.1.8,195
d1puia_,SCOPe-ALL,family,c.37.1.8,c,c.37,c.37.1,c.37.1.8,188
d1t9ha2,SCOPe-ALL,family,c.37.1.8,c,c.37,c.37.1,c.37.1.8,231
d1z06a1,SCOPe-ALL,family,c.37.1.8,c,c.37,c.37.1,c.37.1.8,165
d1r2qa_,SCOPe-ALL,family,c.37.1.8,c,c.37,c.37.1,c.37.1.8,170
d1wmsa_,SCOPe-ALL,family,c.37.1.8,c,c.37,c.37.1,c.37.1.8,174
d6v6ua_,SCOPe-ALL,family,c.37.1.8,c,c.37,c.37.1,c.37.1.8,179
d1f6ba_,SCOPe-ALL,family,c.37.1.8,c,c.37,c.37.1,c.37.1.8,186
d1nrjb_,SCOPe-ALL,family,c.37.1.8,c,c.37,c.37.1,c.37.1.8,209
d2fh5b1,SCOPe-ALL,family,c.37.1.8,c,c.37,c.37.1,c.37.1.8,207
d1zunb3,SCOPe-ALL,family,c.37.1.8,c,c.37,c.37.1,c.37.1.8,222
d1svsa1,SCOPe-ALL,family,c.37.1.8,c,c.37,c.37.1,c.37.1.8,196
d2gj8a_,SCOPe-ALL,family,c.37.1.8,c,c.37,c.37.1,c.37.1.8,161
d2iwra_,SCOPe-ALL,family,c.37.1.8,c,c.37,c.37.1,c.37.1.8,176
d3gj0a1,SCOPe-ALL,family,c.37.1.8,c,c.37,c.37.1,c.37.1.8,206
d3q72a_,SCOPe-ALL,family,c.37.1.8,c,c.37,c.37.1,c.37.1.8,166
d4d0ga_,SCOPe-ALL,family,c.37.1.8,c,c.37,c.37.1,c.37.1.8,167
d2wica_,SCOPe-ALL,family,c.37.1.8,c,c.37,c.37.1,c.37.1.8,264
d4lv5b_,SCOPe-ALL,family,c.37.1.8,c,c.37,c.37.1,c.37.1.8,398
d3x1xa_,SCOPe-ALL,family,c.37.1.8,c,c.37,c.37.1,c.37.1.8,166
d4rd4a1,SCOPe-ALL,family,c.37.1.8,c,c.37,c.37.1,c.37.1.8,205
d3defa_,SCOPe-ALL,family,c.37.1.8,c,c.37,c.37.1,c.37.1.8,245
d2c78a3,SCOPe-ALL,family,c.37.1.8,c,c.37,c.37.1,c.37.1.8,204
d1ry6a_,SCOPe-ALL,family,c.37.1.9,c,c.37,c.37.1,c.37.1.9,330
d1sdma_,SCOPe-ALL,family,c.37.1.9,c,c.37,c.37.1,c.37.1.9,364
d1f9va_,SCOPe-ALL,family,c.37.1.9,c,c.37,c.37.1,c.37.1.9,342
d1qvia2,SCOPe-ALL,family,c.37.1.9,c,c.37,c.37.1,c.37.1.9,785
d1w7ja2,SCOPe-ALL,family,c.37.1.9,c,c.37,c.37.1,c.37.1.9,730
d1ihua1,SCOPe-ALL,family,c.37.1.10,c,c.37,c.37.1,c.37.1.10,296
d1ihua2,SCOPe-ALL,family,c.37.1.10,c,c.37,c.37.1,c.37.1.10,276
d1yrba2,SCOPe-ALL,family,c.37.1.10,c,c.37,c.37.1,c.37.1.10,245
d1g3qa_,SCOPe-ALL,family,c.37.1.10,c,c.37,c.37.1,c.37.1.10,237
d1vcoa2,SCOPe-ALL,family,c.37.1.10,c,c.37,c.37.1,c.37.1.10,272
d1byia_,SCOPe-ALL,family,c.37.1.10,c,c.37,c.37.1,c.37.1.10,224
d1ls1a2,SCOPe-ALL,family,c.37.1.10,c,c.37,c.37.1,c.37.1.10,207
d2g0ta1,SCOPe-ALL,family,c.37.1.10,c,c.37,c.37.1,c.37.1.10,338
d4ixna1,SCOPe-ALL,family,c.37.1.10,c,c.37,c.37.1,c.37.1.10,223
d2qm8a_,SCOPe-ALL,family,c.37.1.10,c,c.37,c.37.1,c.37.1.10,326
d1xjca_,SCOPe-ALL,family,c.37.1.10,c,c.37,c.37.1,c.37.1.10,165
d1np6a_,SCOPe-ALL,family,c.37.1.10,c,c.37,c.37.1,c.37.1.10,170
d6n4la_,SCOPe-ALL,family,c.37.1.10,c,c.37,c.37.1,c.37.1.10,283
d6n9ba2,SCOPe-ALL,family,c.37.1.10,c,c.37,c.37.1,c.37.1.10,213
d4ioja_,SCOPe-ALL,family,c.37.1.10,c,c.37,c.37.1,c.37.1.10,557
d1vdza1,SCOPe-ALL,family,c.37.1.11,c,c.37,c.37.1,c.37.1.11,304
d1cbua_,SCOPe-ALL,family,c.37.1.11,c,c.37,c.37.1,c.37.1.11,180
d1g5ta_,SCOPe-ALL,family,c.37.1.11,c,c.37,c.37.1,c.37.1.11,157
d1gl6a_,SCOPe-ALL,family,c.37.1.11,c,c.37,c.37.1,c.37.1.11,431
d2i3ba1,SCOPe-ALL,family,c.37.1.11,c,c.37,c.37.1,c.37.1.11,189
d2jdia3,SCOPe-ALL,family,c.37.1.11,c,c.37,c.37.1,c.37.1.11,285
d2jdid3,SCOPe-ALL,family,c.37.1.11,c,c.37,c.37.1,c.37.1.11,276
d2dpya2,SCOPe-ALL,family,c.37.1.11,c,c.37,c.37.1,c.37.1.11,273
d1tf7a1,SCOPe-ALL,family,c.37.1.11,c,c.37,c.37.1,c.37.1.11,242
d1tf7a2,SCOPe-ALL,family,c.37.1.11,c,c.37,c.37.1,c.37.1.11,242
d2z43a_,SCOPe-ALL,family,c.37.1.11,c,c.37,c.37.1,c.37.1.11,252
d1p9ra1,SCOPe-ALL,family,c.37.1.11,c,c.37,c.37.1,c.37.1.11,399
d1cr1a_,SCOPe-ALL,family,c.37.1.11,c,c.37,c.37.1,c.37.1.11,277
d1nlfa_,SCOPe-ALL,family,c.37.1.11,c,c.37,c.37.1,c.37.1.11,274
d1g6oa_,SCOPe-ALL,family,c.37.1.11,c,c.37,c.37.1,c.37.1.11,323
d1ye8a1,SCOPe-ALL,family,c.37.1.11,c,c.37,c.37.1,c.37.1.11,178
d1u94a1,SCOPe-ALL,family,c.37.1.11,c,c.37,c.37.1,c.37.1.11,263
d2vhja_,SCOPe-ALL,family,c.37.1.11,c,c.37,c.37.1,c.37.1.11,300
d2qi9c_,SCOPe-ALL,family,c.37.1.12,c,c.37,c.37.1,c.37.1.12,248
d1b0ua1,SCOPe-ALL,family,c.37.1.12,c,c.37,c.37.1,c.37.1.12,254
d1ji0a_,SCOPe-ALL,family,c.37.1.12,c,c.37,c.37.1,c.37.1.12,240
d1qhla_,SCOPe-ALL,family,c.37.1.12,c,c.37,c.37.1,c.37.1.12,222
d6wbsa_,SCOPe-ALL,family,c.37.1.12,c,c.37,c.37.1,c.37.1.12,215
d1wb9a2,SCOPe-ALL,family,c.37.1.12,c,c.37,c.37.1,c.37.1.12,234
d1oxxk2,SCOPe-ALL,family,c.37.1.12,c,c.37,c.37.1,c.37.1.12,242
d2ff7a2,SCOPe-ALL,family,c.37.1.12,c,c.37,c.37.1,c.37.1.12,241
d1g6ha_,SCOPe-ALL,family,c.37.1.12,c,c.37,c.37.1,c.37.1.12,254
d2onka1,SCOPe-ALL,family,c.37.1.12,c,c.37,c.37.1,c.37.1.12,240
d1mv5a_,SCOPe-ALL,family,c.37.1.12,c,c.37,c.37.1,c.37.1.12,242
d2wmfa1,SCOPe-ALL,family,c.37.1.12,c,c.37,c.37.1,c.37.1.12,391
d1sgwa1,SCOPe-ALL,family,c.37.1.12,c,c.37,c.37.1,c.37.1.12,199
d1vpla_,SCOPe-ALL,family,c.37.1.12,c,c.37,c.37.1,c.37.1.12,238
d3tuic1,SCOPe-ALL,family,c.37.1.12,c,c.37,c.37.1,c.37.1.12,240
d2ixea_,SCOPe-ALL,family,c.37.1.12,c,c.37,c.37.1,c.37.1.12,251
d1a1va2,SCOPe-ALL,family,c.37.1.14,c,c.37,c.37.1,c.37.1.14,299
d1a1va1,SCOPe-ALL,family,c.37.1.14,c,c.37,c.37.1,c.37.1.14,136
d1yksa2,SCOPe-ALL,family,c.37.1.14,c,c.37,c.37.1,c.37.1.14,299
d1yksa1,SCOPe-ALL,family,c.37.1.14,c,c.37,c.37.1,c.37.1.14,138
d5y4za1,SCOPe-ALL,family,c.37.1.14,c,c.37,c.37.1,c.37.1.14,304
d1g8fa3,SCOPe-ALL,family,c.37.1.15,c,c.37,c.37.1,c.37.1.15,122
d1m8pa3,SCOPe-ALL,family,c.37.1.15,c,c.37,c.37.1,c.37.1.15,183
d1gkub1,SCOPe-ALL,family,c.37.1.16,c,c.37,c.37.1,c.37.1.16,232
d1gkub2,SCOPe-ALL,family,c.37.1.16,c,c.37,c.37.1,c.37.1.16,248
d1ko5a_,SCOPe-ALL,family,c.37.1.17,c,c.37,c.37.1,c.37.1.17,172
d1htwa_,SCOPe-ALL,family,c.37.1.18,c,c.37,c.37.1,c.37.1.18,158
d4qqwa2,SCOPe-ALL,family,c.37.1.19,c,c.37,c.37.1,c.37.1.19,288
d4qqwa3,SCOPe-ALL,family,c.37.1.19,c,c.37,c.37.1,c.37.1.19,271
d1uaaa1,SCOPe-ALL,family,c.37.1.19,c,c.37,c.37.1,c.37.1.19,306
d1uaaa2,SCOPe-ALL,family,c.37.1.19,c,c.37,c.37.1,c.37.1.19,333
d2fz4a1,SCOPe-ALL,family,c.37.1.19,c,c.37,c.37.1,c.37.1.19,206
d1w36d2,SCOPe-ALL,family,c.37.1.19,c,c.37,c.37.1,c.37.1.19,246
d1w36d1,SCOPe-ALL,family,c.37.1.19,c,c.37,c.37.1,c.37.1.19,359
d1w36b1,SCOPe-ALL,family,c.37.1.19,c,c.37,c.37.1,c.37.1.19,485
d1w36b2,SCOPe-ALL,family,c.37.1.19,c,c.37,c.37.1,c.37.1.19,395
d1w36c1,SCOPe-ALL,family,c.37.1.19,c,c.37,c.37.1,c.37.1.19,347
d1w36c2,SCOPe-ALL,family,c.37.1.19,c,c.37,c.37.1,c.37.1.19,470
d2p6ra3,SCOPe-ALL,family,c.37.1.19,c,c.37,c.37.1,c.37.1.19,202
d2p6ra4,SCOPe-ALL,family,c.37.1.19,c,c.37,c.37.1,c.37.1.19,201
d1z5za1,SCOPe-ALL,family,c.37.1.19,c,c.37,c.37.1,c.37.1.19,244
d1z63a1,SCOPe-ALL,family,c.37.1.19,c,c.37,c.37.1,c.37.1.19,230
d1qdea_,SCOPe-ALL,family,c.37.1.19,c,c.37,c.37.1,c.37.1.19,212
d1c4oa2,SCOPe-ALL,family,c.37.1.19,c,c.37,c.37.1,c.37.1.19,174
d1c4oa1,SCOPe-ALL,family,c.37.1.19,c,c.37,c.37.1,c.37.1.19,408
d4pj3a4,SCOPe-ALL,family,c.37.1.19,c,c.37,c.37.1,c.37.1.19,248
d3jb9x4,SCOPe-ALL,family,c.37.1.19,c,c.37,c.37.1,c.37.1.19,240
d4pj3a3,SCOPe-ALL,family,c.37.1.19,c,c.37,c.37.1,c.37.1.19,550
d3jb9x3,SCOPe-ALL,family,c.37.1.19,c,c.37,c.37.1,c.37.1.19,503
d1q0ua_,SCOPe-ALL,family,c.37.1.19,c,c.37,c.37.1,c.37.1.19,209
d1wp9a2,SCOPe-ALL,family,c.37.1.19,c,c.37,c.37.1,c.37.1.19,286
d1wp9a1,SCOPe-ALL,family,c.37.1.19,c,c.37,c.37.1,c.37.1.19,200
d1z3ix1,SCOPe-ALL,family,c.37.1.19,c,c.37,c.37.1,c.37.1.19,346
d1z3ix2,SCOPe-ALL,family,c.37.1.19,c,c.37,c.37.1,c.37.1.19,298
d1gm5a4,SCOPe-ALL,family,c.37.1.19,c,c.37,c.37.1,c.37.1.19,206
d1gm5a3,SCOPe-ALL,family,c.37.1.19,c,c.37,c.37.1,c.37.1.19,264
d1oywa2,SCOPe-ALL,family,c.37.1.19,c,c.37,c.37.1,c.37.1.19,206
d1oywa3,SCOPe-ALL,family,c.37.1.19,c,c.37,c.37.1,c.37.1.19,200
d1t6na_,SCOPe-ALL,family,c.37.1.19,c,c.37,c.37.1,c.37.1.19,207
d1t5ia_,SCOPe-ALL,family,c.37.1.19,c,c.37,c.37.1,c.37.1.19,168
d2eyqa3,SCOPe-ALL,family,c.37.1.19,c,c.37,c.37.1,c.37.1.19,233
d2eyqa5,SCOPe-ALL,family,c.37.1.19,c,c.37,c.37.1,c.37.1.19,211
d1tf5a4,SCOPe-ALL,family,c.37.1.19,c,c.37,c.37.1,c.37.1.19,175
d1tf5a3,SCOPe-ALL,family,c.37.1.19,c,c.37,c.37.1,c.37.1.19,274
d2gk6a3,SCOPe-ALL,family,c.37.1.19,c,c.37,c.37.1,c.37.1.19,209
d2gk6a1,SCOPe-ALL,family,c.37.1.19,c,c.37,c.37.1,c.37.1.19,318
d6p66a2,SCOPe-ALL,family,c.37.1.19,c,c.37,c.37.1,c.37.1.19,209
d3hjha1,SCOPe-ALL,family,c.37.1.19,c,c.37,c.37.1,c.37.1.19,344
d3hjha2,SCOPe-ALL,family,c.37.1.19,c,c.37,c.37.1,c.37.1.19,102
d2j0sa2,SCOPe-ALL,family,c.37.1.19,c,c.37,c.37.1,c.37.1.19,168
d1lv7a_,SCOPe-ALL,family,c.37.1.20,c,c.37,c.37.1,c.37.1.20,256
d2fnaa2,SCOPe-ALL,family,c.37.1.20,c,c.37,c.37.1,c.37.1.20,283
d1qzma_,SCOPe-ALL,family,c.37.1.20,c,c.37,c.37.1,c.37.1.20,94
d1g8pa_,SCOPe-ALL,family,c.37.1.20,c,c.37,c.37.1,c.37.1.20,333
d1fnna2,SCOPe-ALL,family,c.37.1.20,c,c.37,c.37.1,c.37.1.20,276
d1w5sa2,SCOPe-ALL,family,c.37.1.20,c,c.37,c.37.1,c.37.1.20,287
d2a5yb3,SCOPe-ALL,family,c.37.1.20,c,c.37,c.37.1,c.37.1.20,277
d1l8qa2,SCOPe-ALL,family,c.37.1.20,c,c.37,c.37.1,c.37.1.20,213
d1r6bx3,SCOPe-ALL,family,c.37.1.20,c,c.37,c.37.1,c.37.1.20,315
d1um8a_,SCOPe-ALL,family,c.37.1.20,c,c.37,c.37.1,c.37.1.20,364
d1a5ta2,SCOPe-ALL,family,c.37.1.20,c,c.37,c.37.1,c.37.1.20,207
d1njfa_,SCOPe-ALL,family,c.37.1.20,c,c.37,c.37.1,c.37.1.20,239
d1jqlb_,SCOPe-ALL,family,c.37.1.20,c,c.37,c.37.1,c.37.1.20,140
d2gnoa2,SCOPe-ALL,family,c.37.1.20,c,c.37,c.37.1,c.37.1.20,198
d1d2na_,SCOPe-ALL,family,c.37.1.20,c,c.37,c.37.1,c.37.1.20,246
d1in4a2,SCOPe-ALL,family,c.37.1.20,c,c.37,c.37.1,c.37.1.20,238
d1g41a_,SCOPe-ALL,family,c.37.1.20,c,c.37,c.37.1,c.37.1.20,443
d1svma_,SCOPe-ALL,family,c.37.1.20,c,c.37,c.37.1,c.37.1.20,362
d4cr2h3,SCOPe-ALL,family,c.37.1.20,c,c.37,c.37.1,c.37.1.20,100
d4cr2i2,SCOPe-ALL,family,c.37.1.20,c,c.37,c.37.1,c.37.1.20,272
d4cr2i3,SCOPe-ALL,family,c.37.1.20,c,c.37,c.37.1,c.37.1.20,61
d4cr2l3,SCOPe-ALL,family,c.37.1.20,c,c.37,c.37.1,c.37.1.20,62
d4cr2m3,SCOPe-ALL,family,c.37.1.20,c,c.37,c.37.1,c.37.1.20,90
d4cr2j3,SCOPe-ALL,family,c.37.1.20,c,c.37,c.37.1,c.37.1.20,61
d1s9ha1,SCOPe-ALL,family,c.37.1.20,c,c.37,c.37.1,c.37.1.20,266
d1iqpa2,SCOPe-ALL,family,c.37.1.20,c,c.37,c.37.1,c.37.1.20,231
d1sxja2,SCOPe-ALL,family,c.37.1.20,c,c.37,c.37.1,c.37.1.20,253
d1sxje2,SCOPe-ALL,family,c.37.1.20,c,c.37,c.37.1,c.37.1.20,252
d1tuea1,SCOPe-ALL,family,c.37.1.20,c,c.37,c.37.1,c.37.1.20,202
d2p65a_,SCOPe-ALL,family,c.37.1.20,c,c.37,c.37.1,c.37.1.20,185
d1gvnb_,SCOPe-ALL,family,c.37.1.21,c,c.37,c.37.1,c.37.1.21,273
d1ofux_,SCOPe-ALL,family,c.37.1.22,c,c.37,c.37.1,c.37.1.22,119
d1rifa_,SCOPe-ALL,family,c.37.1.23,c,c.37,c.37.1,c.37.1.23,282
d1w4ra1,SCOPe-ALL,family,c.37.1.24,c,c.37,c.37.1,c.37.1.24,133
d1zp6a1,SCOPe-ALL,family,c.37.1.25,c,c.37,c.37.1,c.37.1.25,176
d2bdta1,SCOPe-ALL,family,c.37.1.25,c,c.37,c.37.1,c.37.1.25,176
d2ze5a_,SCOPe-ALL,family,c.37.1.26,c,c.37,c.37.1,c.37.1.26,227
d3exaa1,SCOPe-ALL,family,c.37.1.26,c,c.37,c.37.1,c.37.1.26,313
d3ja832,SCOPe-ALL,family,c.37.1.27,c,c.37,c.37.1,c.37.1.27,405
d4lcba_,SCOPe-ALL,family,c.37.1.0,c,c.37,c.37.1,c.37.1.0,270
d2yvua_,SCOPe-ALL,family,c.37.1.0,c,c.37,c.37.1,c.37.1.0,179
d3lnca_,SCOPe-ALL,family,c.37.1.0,c,c.37,c.37.1,c.37.1.0,210
d2pcja_,SCOPe-ALL,family,c.37.1.0,c,c.37,c.37.1,c.37.1.0,223
d4s35a_,SCOPe-ALL,family,c.37.1.0,c,c.37,c.37.1,c.37.1.0,195
d6m96a1,SCOPe-ALL,family,c.37.1.0,c,c.37,c.37.1,c.37.1.0,236
d4v03a_,SCOPe-ALL,family,c.37.1.0,c,c.37,c.37.1,c.37.1.0,247
d2f1ra1,SCOPe-ALL,family,c.37.1.0,c,c.37,c.37.1,c.37.1.0,158
d4m9da_,SCOPe-ALL,family,c.37.1.0,c,c.37,c.37.1,c.37.1.0,423
d2hjva_,SCOPe-ALL,family,c.37.1.0,c,c.37,c.37.1,c.37.1.0,158
d5x4ba_,SCOPe-ALL,family,c.37.1.0,c,c.37,c.37.1,c.37.1.0,162
d3peya1,SCOPe-ALL,family,c.37.1.0,c,c.37,c.37.1,c.37.1.0,196
d3peya2,SCOPe-ALL,family,c.37.1.0,c,c.37,c.37.1,c.37.1.0,195
d2xaua1,SCOPe-ALL,family,c.37.1.0,c,c.37,c.37.1,c.37.1.0,268
d2xaua2,SCOPe-ALL,family,c.37.1.0,c,c.37,c.37.1,c.37.1.0,184
d7luya_,SCOPe-ALL,family,c.37.1.0,c,c.37,c.37.1,c.37.1.0,207
d4zo4a1,SCOPe-ALL,family,c.37.1.0,c,c.37,c.37.1,c.37.1.0,200
d5zuia2,SCOPe-ALL,family,c.37.1.0,c,c.37,c.37.1,c.37.1.0,320
d6qpqa1,SCOPe-ALL,family,c.37.1.0,c,c.37,c.37.1,c.37.1.0,450
d3ea0a1,SCOPe-ALL,family,c.37.1.0,c,c.37,c.37.1,c.37.1.0,239
d3gfoa_,SCOPe-ALL,family,c.37.1.0,c,c.37,c.37.1,c.37.1.0,251
d3tr0a_,SCOPe-ALL,family,c.37.1.0,c,c.37,c.37.1,c.37.1.0,201
d3ld9b1,SCOPe-ALL,family,c.37.1.0,c,c.37,c.37.1,c.37.1.0,201
d7l4aa1,SCOPe-ALL,family,c.37.1.0,c,c.37,c.37.1,c.37.1.0,220
d5c1ta1,SCOPe-ALL,family,c.37.1.0,c,c.37,c.37.1,c.37.1.0,156
d5c1ta2,SCOPe-ALL,family,c.37.1.0,c,c.37,c.37.1,c.37.1.0,159
d4p32a_,SCOPe-ALL,family,c.37.1.0,c,c.37,c.37.1,c.37.1.0,234
d3lfua1,SCOPe-ALL,family,c.37.1.0,c,c.37,c.37.1,c.37.1.0,313
d3lfua2,SCOPe-ALL,family,c.37.1.0,c,c.37,c.37.1,c.37.1.0,332
d2yjtd_,SCOPe-ALL,family,c.37.1.0,c,c.37,c.37.1,c.37.1.0,170
d4rkfa_,SCOPe-ALL,family,c.37.1.0,c,c.37,c.37.1,c.37.1.0,171
d5nt7b_,SCOPe-ALL,family,c.37.1.0,c,c.37,c.37.1,c.37.1.0,159
d3dc4a1,SCOPe-ALL,family,c.37.1.0,c,c.37,c.37.1,c.37.1.0,315
d3w5ja1,SCOPe-ALL,family,c.37.1.0,c,c.37,c.37.1,c.37.1.0,196
d4rvca_,SCOPe-ALL,family,c.37.1.0,c,c.37,c.37.1,c.37.1.0,240
d2lkca1,SCOPe-ALL,family,c.37.1.0,c,c.37,c.37.1,c.37.1.0,174
d5h68a_,SCOPe-ALL,family,c.37.1.0,c,c.37,c.37.1,c.37.1.0,337
d2vvga_,SCOPe-ALL,family,c.37.1.0,c,c.37,c.37.1,c.37.1.0,347
d6ui4a_,SCOPe-ALL,family,c.37.1.0,c,c.37,c.37.1,c.37.1.0,692
d2yc4c_,SCOPe-ALL,family,c.37.1.0,c,c.37,c.37.1,c.37.1.0,198
d2nq2c_,SCOPe-ALL,family,c.37.1.0,c,c.37,c.37.1,c.37.1.0,251
d3hr7a_,SCOPe-ALL,family,c.37.1.0,c,c.37,c.37.1,c.37.1.0,162
d2hxsa1,SCOPe-ALL,family,c.37.1.0,c,c.37,c.37.1,c.37.1.0,174
d3bera_,SCOPe-ALL,family,c.37.1.0,c,c.37,c.37.1,c.37.1.0,220
d2cbza1,SCOPe-ALL,family,c.37.1.0,c,c.37,c.37.1,c.37.1.0,230
d2oxca_,SCOPe-ALL,family,c.37.1.0,c,c.37,c.37.1,c.37.1.0,205
d4a14a_,SCOPe-ALL,family,c.37.1.0,c,c.37,c.37.1,c.37.1.0,336
d6xkga_,SCOPe-ALL,family,c.37.1.0,c,c.37,c.37.1,c.37.1.0,260
d6ojfa_,SCOPe-ALL,family,c.37.1.0,c,c.37,c.37.1,c.37.1.0,188
d6hh2a_,SCOPe-ALL,family,c.37.1.0,c,c.37,c.37.1,c.37.1.0,174
d5gvra_,SCOPe-ALL,family,c.37.1.0,c,c.37,c.37.1,c.37.1.0,234
d4crwb_,SCOPe-ALL,family,c.37.1.0,c,c.37,c.37.1,c.37.1.0,158
d3d8ba_,SCOPe-ALL,family,c.37.1.0,c,c.37,c.37.1,c.37.1.0,301
d3c5ca_,SCOPe-ALL,family,c.37.1.0,c,c.37,c.37.1,c.37.1.0,167
d3dkpa1,SCOPe-ALL,family,c.37.1.0,c,c.37,c.37.1,c.37.1.0,240
d2nr8a_,SCOPe-ALL,family,c.37.1.0,c,c.37,c.37.1,c.37.1.0,336
d6d71a_,SCOPe-ALL,family,c.37.1.0,c,c.37,c.37.1,c.37.1.0,172
d2i4ia3,SCOPe-ALL,family,c.37.1.0,c,c.37,c.37.1,c.37.1.0,239
d1zd1a_,SCOPe-ALL,family,c.37.1.0,c,c.37,c.37.1,c.37.1.0,272
d6g2va_,SCOPe-ALL,family,c.37.1.0,c,c.37,c.37.1,c.37.1.0,266
d2pl3a1,SCOPe-ALL,family,c.37.1.0,c,c.37,c.37.1,c.37.1.0,232
d2p5sa_,SCOPe-ALL,family,c.37.1.0,c,c.37,c.37.1,c.37.1.0,170
d6uk1a_,SCOPe-ALL,family,c.37.1.0,c,c.37,c.37.1,c.37.1.0,229
d3iuya1,SCOPe-ALL,family,c.37.1.0,c,c.37,c.37.1,c.37.1.0,227
d2g2jc_,SCOPe-ALL,family,c.37.1.0,c,c.37,c.37.1,c.37.1.0,168
d6bzra_,SCOPe-ALL,family,c.37.1.0,c,c.37,c.37.1,c.37.1.0,242
d6id0c1,SCOPe-ALL,family,c.37.1.0,c,c.37,c.37.1,c.37.1.0,384
d4ttra_,SCOPe-ALL,family,c.37.1.0,c,c.37,c.37.1,c.37.1.0,201
d4hzia_,SCOPe-ALL,family,c.37.1.0,c,c.37,c.37.1,c.37.1.0,259
d3taua_,SCOPe-ALL,family,c.37.1.0,c,c.37,c.37.1,c.37.1.0,200
d2c61a1,SCOPe-ALL,family,c.37.1.0,c,c.37,c.37.1,c.37.1.0,275
d1z2aa_,SCOPe-ALL,family,c.37.1.0,c,c.37,c.37.1,c.37.1.0,164
d3tbka1,SCOPe-ALL,family,c.37.1.0,c,c.37,c.37.1,c.37.1.0,216
d3tbka2,SCOPe-ALL,family,c.37.1.0,c,c.37,c.37.1,c.37.1.0,339
d5x2ba_,SCOPe-ALL,family,c.37.1.0,c,c.37,c.37.1,c.37.1.0,281
d3r20a_,SCOPe-ALL,family,c.37.1.0,c,c.37,c.37.1,c.37.1.0,217
d2jaqa_,SCOPe-ALL,family,c.37.1.0,c,c.37,c.37.1,c.37.1.0,201
d7dtka_,SCOPe-ALL,family,c.37.1.0,c,c.37,c.37.1,c.37.1.0,203
d5ee0a1,SCOPe-ALL,family,c.37.1.0,c,c.37,c.37.1,c.37.1.0,288
d5ep2a1,SCOPe-ALL,family,c.37.1.0,c,c.37,c.37.1,c.37.1.0,247
d2yoga_,SCOPe-ALL,family,c.37.1.0,c,c.37,c.37.1,c.37.1.0,207
d1z6ga_,SCOPe-ALL,family,c.37.1.0,c,c.37,c.37.1,c.37.1.0,191
d6z4wa_,SCOPe-ALL,family,c.37.1.0,c,c.37,c.37.1,c.37.1.0,230
d4edha_,SCOPe-ALL,family,c.37.1.0,c,c.37,c.37.1,c.37.1.0,208
d4r7ya2,SCOPe-ALL,family,c.37.1.0,c,c.37,c.37.1,c.37.1.0,346
d3enda_,SCOPe-ALL,family,c.37.1.0,c,c.37,c.37.1,c.37.1.0,268
d5x7ka_,SCOPe-ALL,family,c.37.1.0,c,c.37,c.37.1,c.37.1.0,243
d2ihya1,SCOPe-ALL,family,c.37.1.0,c,c.37,c.37.1,c.37.1.0,259
d4hlca_,SCOPe-ALL,family,c.37.1.0,c,c.37,c.37.1,c.37.1.0,202
d6g15a_,SCOPe-ALL,family,c.37.1.0,c,c.37,c.37.1,c.37.1.0,292
d4d6ga1,SCOPe-ALL,family,c.37.1.0,c,c.37,c.37.1,c.37.1.0,418
d2z0ma1,SCOPe-ALL,family,c.37.1.0,c,c.37,c.37.1,c.37.1.0,192
d2z0ma2,SCOPe-ALL,family,c.37.1.0,c,c.37,c.37.1,c.37.1.0,139
d2plra_,SCOPe-ALL,family,c.37.1.0,c,c.37,c.37.1,c.37.1.0,212
d3a1wa1,SCOPe-ALL,family,c.37.1.0,c,c.37,c.37.1,c.37.1.0,161
d3cnla_,SCOPe-ALL,family,c.37.1.0,c,c.37,c.37.1,c.37.1.0,243
d3pr1a_,SCOPe-ALL,family,c.37.1.0,c,c.37,c.37.1,c.37.1.0,192
d3l0ob2,SCOPe-ALL,family,c.37.1.0,c,c.37,c.37.1,c.37.1.0,284
d4q7ka_,SCOPe-ALL,family,c.37.1.0,c,c.37,c.37.1,c.37.1.0,218
d7ckja_,SCOPe-ALL,family,c.37.1.0,c,c.37,c.37.1,c.37.1.0,208
d2d2ea_,SCOPe-ALL,family,c.37.1.0,c,c.37,c.37.1,c.37.1.0,244
d2dbya1,SCOPe-ALL,family,c.37.1.0,c,c.37,c.37.1,c.37.1.0,283
d3mwja_,SCOPe-ALL,family,c.37.1.0,c,c.37,c.37.1,c.37.1.0,207
d1wcv1_,SCOPe-ALL,family,c.37.1.0,c,c.37,c.37.1,c.37.1.0,244
d4basa_,SCOPe-ALL,family,c.37.1.0,c,c.37,c.37.1,c.37.1.0,176
d3mg9a1,SCOPe-ALL,family,c.37.1.0,c,c.37,c.37.1,c.37.1.0,286
d5tv2a1,SCOPe-ALL,family,c.37.1.0,c,c.37,c.37.1,c.37.1.0,288
d5xz2a_,SCOPe-ALL,family,c.37.1.0,c,c.37,c.37.1,c.37.1.0,192
d5y4za2,SCOPe-ALL,family,c.37.1.0,c,c.37,c.37.1,c.37.1.0,136
d1nrza_,SCOPe-ALL,family,c.38.1.1,c,c.38,c.38.1,c.38.1.1,163
d3eyea_,SCOPe-ALL,family,c.38.1.0,c,c.38,c.38.1,c.38.1.0,153
d5t5da_,SCOPe-ALL,family,c.38.1.0,c,c.38,c.38.1,c.38.1.0,155
d3p3va_,SCOPe-ALL,family,c.38.1.0,c,c.38,c.38.1,c.38.1.0,162
d3lfja1,SCOPe-ALL,family,c.38.1.0,c,c.38,c.38.1,c.38.1.0,165
d4kqia_,SCOPe-ALL,family,c.39.1.1,c,c.39,c.39.1,c.39.1.1,340
d1wx1a_,SCOPe-ALL,family,c.39.1.1,c,c.39,c.39.1,c.39.1.1,335
d4hdra_,SCOPe-ALL,family,c.39.1.0,c,c.39,c.39.1,c.39.1.0,339
d4hdrb_,SCOPe-ALL,family,c.39.1.0,c,c.39,c.39.1,c.39.1.0,335
d1chda_,SCOPe-ALL,family,c.40.1.1,c,c.40,c.40.1,c.40.1.1,198
d1wmda2,SCOPe-ALL,family,c.41.1.1,c,c.41,c.41.1,c.41.1.1,318
d1r6va1,SCOPe-ALL,family,c.41.1.1,c,c.41,c.41.1,c.41.1.1,331
d6u26b1,SCOPe-ALL,family,c.41.1.1,c,c.41,c.41.1,c.41.1.1,297
d1gcia_,SCOPe-ALL,family,c.41.1.1,c,c.41,c.41.1,c.41.1.1,269
d2pwaa_,SCOPe-ALL,family,c.41.1.1,c,c.41,c.41.1,c.41.1.1,279
d6yd4a1,SCOPe-ALL,family,c.41.1.1,c,c.41,c.41.1,c.41.1.1,334
d1y9za_,SCOPe-ALL,family,c.41.1.1,c,c.41,c.41.1,c.41.1.1,435
d1t1ga_,SCOPe-ALL,family,c.41.1.2,c,c.41,c.41.1,c.41.1.2,357
d1ga6a_,SCOPe-ALL,family,c.41.1.2,c,c.41,c.41.1,c.41.1.2,369
d6f9ma_,SCOPe-ALL,family,c.41.1.0,c,c.41,c.41.1,c.41.1.0,308
d3zxya1,SCOPe-ALL,family,c.41.1.0,c,c.41,c.41.1,c.41.1.0,280
d1woha1,SCOPe-ALL,family,c.42.1.1,c,c.42,c.42.1,c.42.1.1,302
d3gmza_,SCOPe-ALL,family,c.42.1.1,c,c.42,c.42.1,c.42.1.1,315
d1xfka_,SCOPe-ALL,family,c.42.1.1,c,c.42,c.42.1,c.42.1.1,324
d1gq6a_,SCOPe-ALL,family,c.42.1.1,c,c.42,c.42.1,c.42.1.1,301
d4myla_,SCOPe-ALL,family,c.42.1.1,c,c.42,c.42.1,c.42.1.1,297
d1c3pa_,SCOPe-ALL,family,c.42.1.2,c,c.42,c.42.1,c.42.1.2,372
d5vi6a_,SCOPe-ALL,family,c.42.1.2,c,c.42,c.42.1,c.42.1.2,361
d3lhla_,SCOPe-ALL,family,c.42.1.0,c,c.42,c.42.1,c.42.1.0,276
d5zeea_,SCOPe-ALL,family,c.42.1.0,c,c.42,c.42.1,c.42.1.0,295
d7lola_,SCOPe-ALL,family,c.42.1.0,c,c.42,c.42.1,c.42.1.0,294
d4g3ha_,SCOPe-ALL,family,c.42.1.0,c,c.42,c.42.1,c.42.1.0,311
d3nioa_,SCOPe-ALL,family,c.42.1.0,c,c.42,c.42.1,c.42.1.0,316
d3pzla_,SCOPe-ALL,family,c.42.1.0,c,c.42,c.42.1,c.42.1.0,290
d2ef5a_,SCOPe-ALL,family,c.42.1.0,c,c.42,c.42.1,c.42.1.0,290
d6thva_,SCOPe-ALL,family,c.42.1.0,c,c.42,c.42.1,c.42.1.0,357
d3claa_,SCOPe-ALL,family,c.43.1.1,c,c.43,c.43.1,c.43.1.1,213
d1dpba_,SCOPe-ALL,family,c.43.1.1,c,c.43,c.43.1,c.43.1.1,243
d1scza_,SCOPe-ALL,family,c.43.1.1,c,c.43,c.43.1,c.43.1.1,233
d1q9ja1,SCOPe-ALL,family,c.43.1.2,c,c.43,c.43.1,c.43.1.2,175
d1q9ja2,SCOPe-ALL,family,c.43.1.2,c,c.43,c.43.1,c.43.1.2,238
d1l5aa1,SCOPe-ALL,family,c.43.1.2,c,c.43,c.43.1,c.43.1.2,174
d1l5aa2,SCOPe-ALL,family,c.43.1.2,c,c.43,c.43.1,c.43.1.2,250
d1t1ua2,SCOPe-ALL,family,c.43.1.3,c,c.43,c.43.1,c.43.1.3,215
d1t1ua1,SCOPe-ALL,family,c.43.1.3,c,c.43,c.43.1,c.43.1.3,382
d1xmca2,SCOPe-ALL,family,c.43.1.3,c,c.43,c.43.1,c.43.1.3,218
d1xmca1,SCOPe-ALL,family,c.43.1.3,c,c.43,c.43.1,c.43.1.3,382
d2e1va1,SCOPe-ALL,family,c.43.1.4,c,c.43,c.43.1,c.43.1.4,236
d2e1va2,SCOPe-ALL,family,c.43.1.4,c,c.43,c.43.1,c.43.1.4,209
d2bgha1,SCOPe-ALL,family,c.43.1.4,c,c.43,c.43.1,c.43.1.4,207
d2bgha2,SCOPe-ALL,family,c.43.1.4,c,c.43,c.43.1,c.43.1.4,211
d2i9da_,SCOPe-ALL,family,c.43.1.0,c,c.43,c.43.1,c.43.1.0,214
d2ii3a_,SCOPe-ALL,family,c.43.1.0,c,c.43,c.43.1,c.43.1.0,234
d6ct00_,SCOPe-ALL,family,c.43.1.0,c,c.43,c.43.1,c.43.1.0,231
d3maea_,SCOPe-ALL,family,c.43.1.0,c,c.43,c.43.1,c.43.1.0,234
d3l60a_,SCOPe-ALL,family,c.43.1.0,c,c.43,c.43.1,c.43.1.0,229
d2deba1,SCOPe-ALL,family,c.43.1.0,c,c.43,c.43.1,c.43.1.0,218
d2h4ta3,SCOPe-ALL,family,c.43.1.0,c,c.43,c.43.1,c.43.1.0,409
d1y1la_,SCOPe-ALL,family,c.44.1.1,c,c.44,c.44.1,c.44.1.1,124
d1jf8a_,SCOPe-ALL,family,c.44.1.1,c,c.44,c.44.1,c.44.1.1,130
d7kh8a1,SCOPe-ALL,family,c.44.1.1,c,c.44,c.44.1,c.44.1.1,154
d4etna1,SCOPe-ALL,family,c.44.1.0,c,c.44,c.44.1,c.44.1.0,147
d2gi4a1,SCOPe-ALL,family,c.44.1.0,c,c.44,c.44.1,c.44.1.0,151
d3rh0a_,SCOPe-ALL,family,c.44.1.0,c,c.44,c.44.1,c.44.1.0,128
d3jvia1,SCOPe-ALL,family,c.44.1.0,c,c.44,c.44.1,c.44.1.0,157
d1u2pa_,SCOPe-ALL,family,c.44.1.0,c,c.44,c.44.1,c.44.1.0,156
d3rofa1,SCOPe-ALL,family,c.44.1.0,c,c.44,c.44.1,c.44.1.0,152
d5gota1,SCOPe-ALL,family,c.44.1.0,c,c.44,c.44.1,c.44.1.0,145
d2myna_,SCOPe-ALL,family,c.44.1.0,c,c.44,c.44.1,c.44.1.0,131
d6u1pa_,SCOPe-ALL,family,c.44.1.0,c,c.44,c.44.1,c.44.1.0,149
d7dhfa1,SCOPe-ALL,family,c.44.1.0,c,c.44,c.44.1,c.44.1.0,145
d1iiba_,SCOPe-ALL,family,c.44.2.1,c,c.44,c.44.2,c.44.2.1,103
d1vkra_,SCOPe-ALL,family,c.44.2.1,c,c.44,c.44.2,c.44.2.1,97
d2r48a1,SCOPe-ALL,family,c.44.2.2,c,c.44,c.44.2,c.44.2.2,103
d2kyra_,SCOPe-ALL,family,c.44.2.0,c,c.44,c.44.2,c.44.2.0,108
d4tn5a_,SCOPe-ALL,family,c.44.2.0,c,c.44,c.44.2,c.44.2.0,113
d1yvua3,SCOPe-ALL,family,c.44.3.1,c,c.44,c.44.3,c.44.3.1,173
d1u04a3,SCOPe-ALL,family,c.44.3.1,c,c.44,c.44.3,c.44.3.1,221
d2bgga2,SCOPe-ALL,family,c.44.3.1,c,c.44,c.44.3,c.44.3.1,160
d4krea2,SCOPe-ALL,family,c.44.3.0,c,c.44,c.44.3,c.44.3.0,165
d4g0xa1,SCOPe-ALL,family,c.44.3.0,c,c.44,c.44.3,c.44.3.0,146
d4g0ma_,SCOPe-ALL,family,c.44.3.0,c,c.44,c.44.3,c.44.3.0,135
d1fpza_,SCOPe-ALL,family,c.45.1.1,c,c.45,c.45.1,c.45.1.1,176
d1i9sa_,SCOPe-ALL,family,c.45.1.1,c,c.45,c.45.1,c.45.1.1,194
d1d5ra2,SCOPe-ALL,family,c.45.1.1,c,c.45,c.45.1,c.45.1.1,174
d1ohea1,SCOPe-ALL,family,c.45.1.1,c,c.45,c.45.1,c.45.1.1,157
d1ohea2,SCOPe-ALL,family,c.45.1.1,c,c.45,c.45.1,c.45.1.1,182
d1rxda_,SCOPe-ALL,family,c.45.1.1,c,c.45,c.45.1,c.45.1.1,152
d2f4da_,SCOPe-ALL,family,c.45.1.1,c,c.45,c.45.1,c.45.1.1,180
d6byfa1,SCOPe-ALL,family,c.45.1.1,c,c.45,c.45.1,c.45.1.1,166
d4yaaa_,SCOPe-ALL,family,c.45.1.2,c,c.45,c.45.1,c.45.1.2,282
d1g4wr2,SCOPe-ALL,family,c.45.1.2,c,c.45,c.45.1,c.45.1.2,243
d2f71a_,SCOPe-ALL,family,c.45.1.2,c,c.45,c.45.1,c.45.1.2,297
d1wcha_,SCOPe-ALL,family,c.45.1.2,c,c.45,c.45.1,c.45.1.2,308
d1zsqa2,SCOPe-ALL,family,c.45.1.3,c,c.45,c.45.1,c.45.1.3,387
d2pt0a_,SCOPe-ALL,family,c.45.1.4,c,c.45,c.45.1,c.45.1.4,313
d1ywfa1,SCOPe-ALL,family,c.45.1.5,c,c.45,c.45.1,c.45.1.5,272
d2j16a_,SCOPe-ALL,family,c.45.1.0,c,c.45,c.45.1,c.45.1.0,142
d3s4ea1,SCOPe-ALL,family,c.45.1.0,c,c.45,c.45.1,c.45.1.0,142
d7c8sa1,SCOPe-ALL,family,c.45.1.0,c,c.45,c.45.1,c.45.1.0,154
d2h4va1,SCOPe-ALL,family,c.45.1.0,c,c.45,c.45.1,c.45.1.0,292
d4ri5a1,SCOPe-ALL,family,c.45.1.0,c,c.45,c.45.1,c.45.1.0,281
d1zzwa_,SCOPe-ALL,family,c.45.1.0,c,c.45,c.45.1,c.45.1.0,147
d4ikca1,SCOPe-ALL,family,c.45.1.0,c,c.45,c.45.1,c.45.1.0,279
d3zm1a1,SCOPe-ALL,family,c.45.1.0,c,c.45,c.45.1,c.45.1.0,278
d1zc0a_,SCOPe-ALL,family,c.45.1.0,c,c.45,c.45.1,c.45.1.0,290
d2r0ba_,SCOPe-ALL,family,c.45.1.0,c,c.45,c.45.1,c.45.1.0,151
d2wgpa_,SCOPe-ALL,family,c.45.1.0,c,c.45,c.45.1,c.45.1.0,168
d2oc3a_,SCOPe-ALL,family,c.45.1.0,c,c.45,c.45.1,c.45.1.0,288
d2nt2a_,SCOPe-ALL,family,c.45.1.0,c,c.45,c.45.1,c.45.1.0,142
d2bzla_,SCOPe-ALL,family,c.45.1.0,c,c.45,c.45.1,c.45.1.0,290
d4hrfa1,SCOPe-ALL,family,c.45.1.0,c,c.45,c.45.1,c.45.1.0,151
d6uzta2,SCOPe-ALL,family,c.45.1.0,c,c.45,c.45.1,c.45.1.0,293
d2i1ya_,SCOPe-ALL,family,c.45.1.0,c,c.45,c.45.1,c.45.1.0,287
d2nlka2,SCOPe-ALL,family,c.45.1.0,c,c.45,c.45.1,c.45.1.0,245
d2g6za1,SCOPe-ALL,family,c.45.1.0,c,c.45,c.45.1,c.45.1.0,143
d2hcma1,SCOPe-ALL,family,c.45.1.0,c,c.45,c.45.1,c.45.1.0,157
d6krwa_,SCOPe-ALL,family,c.45.1.0,c,c.45,c.45.1,c.45.1.0,306
d5z5ba1,SCOPe-ALL,family,c.45.1.0,c,c.45,c.45.1,c.45.1.0,147
d4az1a_,SCOPe-ALL,family,c.45.1.0,c,c.45,c.45.1,c.45.1.0,298
d2a2ka_,SCOPe-ALL,family,c.46.1.1,c,c.46,c.46.1,c.46.1.1,175
d1t3ka_,SCOPe-ALL,family,c.46.1.1,c,c.46,c.46.1,c.46.1.1,132
d1hzma_,SCOPe-ALL,family,c.46.1.1,c,c.46,c.46.1,c.46.1.1,154
d1urha1,SCOPe-ALL,family,c.46.1.2,c,c.46,c.46.1,c.46.1.2,147
d1urha2,SCOPe-ALL,family,c.46.1.2,c,c.46,c.46.1,c.46.1.2,120
d1okga1,SCOPe-ALL,family,c.46.1.2,c,c.46,c.46.1,c.46.1.2,156
d1okga2,SCOPe-ALL,family,c.46.1.2,c,c.46,c.46.1,c.46.1.2,139
d1rhsa1,SCOPe-ALL,family,c.46.1.2,c,c.46,c.46.1,c.46.1.2,149
d1rhsa2,SCOPe-ALL,family,c.46.1.2,c,c.46,c.46.1,c.46.1.2,144
d1e0ca1,SCOPe-ALL,family,c.46.1.2,c,c.46,c.46.1,c.46.1.2,135
d1e0ca2,SCOPe-ALL,family,c.46.1.2,c,c.46,c.46.1,c.46.1.2,136
d1uara1,SCOPe-ALL,family,c.46.1.2,c,c.46,c.46.1,c.46.1.2,143
d1uara2,SCOPe-ALL,family,c.46.1.2,c,c.46,c.46.1,c.46.1.2,141
d1yt8a1,SCOPe-ALL,family,c.46.1.2,c,c.46,c.46.1,c.46.1.2,136
d1yt8a2,SCOPe-ALL,family,c.46.1.2,c,c.46,c.46.1,c.46.1.2,101
d1yt8a3,SCOPe-ALL,family,c.46.1.2,c,c.46,c.46.1,c.46.1.2,157
d1yt8a4,SCOPe-ALL,family,c.46.1.2,c,c.46,c.46.1,c.46.1.2,130
d1qxna1,SCOPe-ALL,family,c.46.1.3,c,c.46,c.46.1,c.46.1.3,129
d1gmxa_,SCOPe-ALL,family,c.46.1.3,c,c.46,c.46.1,c.46.1.3,108
d1tq1a_,SCOPe-ALL,family,c.46.1.3,c,c.46,c.46.1,c.46.1.3,119
d2gwfa2,SCOPe-ALL,family,c.46.1.4,c,c.46,c.46.1,c.46.1.4,135
d1zmaa1,SCOPe-ALL,family,c.47.1.1,c,c.47,c.47.1,c.47.1.1,115
d1nm3a1,SCOPe-ALL,family,c.47.1.1,c,c.47,c.47.1,c.47.1.1,74
d1abaa_,SCOPe-ALL,family,c.47.1.1,c,c.47,c.47.1,c.47.1.1,87
d1egra_,SCOPe-ALL,family,c.47.1.1,c,c.47,c.47.1,c.47.1.1,85
d1z6na1,SCOPe-ALL,family,c.47.1.1,c,c.47,c.47.1,c.47.1.1,166
d1ttza1,SCOPe-ALL,family,c.47.1.1,c,c.47,c.47.1,c.47.1.1,71
d1fo5a_,SCOPe-ALL,family,c.47.1.1,c,c.47,c.47.1,c.47.1.1,85
d1iloa_,SCOPe-ALL,family,c.47.1.1,c,c.47,c.47.1,c.47.1.1,77
d2fwha_,SCOPe-ALL,family,c.47.1.1,c,c.47,c.47.1,c.47.1.1,117
d4oo4a_,SCOPe-ALL,family,c.47.1.1,c,c.47,c.47.1,c.47.1.1,105
d1thxa_,SCOPe-ALL,family,c.47.1.1,c,c.47,c.47.1,c.47.1.1,108
d4j56e1,SCOPe-ALL,family,c.47.1.1,c,c.47,c.47.1,c.47.1.1,103
d1f9ma_,SCOPe-ALL,family,c.47.1.1,c,c.47,c.47.1,c.47.1.1,112
d2f51a1,SCOPe-ALL,family,c.47.1.1,c,c.47,c.47.1,c.47.1.1,110
d1r26a1,SCOPe-ALL,family,c.47.1.1,c,c.47,c.47.1,c.47.1.1,105
d1sena_,SCOPe-ALL,family,c.47.1.1,c,c.47,c.47.1,c.47.1.1,135
d1gh2a_,SCOPe-ALL,family,c.47.1.1,c,c.47,c.47.1,c.47.1.1,107
d1wjka1,SCOPe-ALL,family,c.47.1.1,c,c.47,c.47.1,c.47.1.1,87
d2i4aa_,SCOPe-ALL,family,c.47.1.1,c,c.47,c.47.1,c.47.1.1,107
d4rqra1,SCOPe-ALL,family,c.47.1.1,c,c.47,c.47.1,c.47.1.1,105
d3zywa1,SCOPe-ALL,family,c.47.1.1,c,c.47,c.47.1,c.47.1.1,101
d4hs1a1,SCOPe-ALL,family,c.47.1.1,c,c.47,c.47.1,c.47.1.1,78
d1wmja_,SCOPe-ALL,family,c.47.1.1,c,c.47,c.47.1,c.47.1.1,122
d1hyua3,SCOPe-ALL,family,c.47.1.2,c,c.47,c.47.1,c.47.1.2,102
d1hyua4,SCOPe-ALL,family,c.47.1.2,c,c.47,c.47.1,c.47.1.2,96
d2b5ea1,SCOPe-ALL,family,c.47.1.2,c,c.47,c.47.1,c.47.1.2,140
d2b5ea2,SCOPe-ALL,family,c.47.1.2,c,c.47,c.47.1,c.47.1.2,98
d2b5ea3,SCOPe-ALL,family,c.47.1.2,c,c.47,c.47.1,c.47.1.2,125
d2kp2a1,SCOPe-ALL,family,c.47.1.2,c,c.47,c.47.1,c.47.1.2,128
d2bjxa_,SCOPe-ALL,family,c.47.1.2,c,c.47,c.47.1,c.47.1.2,110
d1a8la1,SCOPe-ALL,family,c.47.1.2,c,c.47,c.47.1,c.47.1.2,119
d3us3a1,SCOPe-ALL,family,c.47.1.3,c,c.47,c.47.1,c.47.1.3,126
d3us3a2,SCOPe-ALL,family,c.47.1.3,c,c.47,c.47.1,c.47.1.3,102
d3us3a3,SCOPe-ALL,family,c.47.1.3,c,c.47,c.47.1,c.47.1.3,125
d1k0ma2,SCOPe-ALL,family,c.47.1.5,c,c.47,c.47.1,c.47.1.5,86
d1k3la2,SCOPe-ALL,family,c.47.1.5,c,c.47,c.47.1,c.47.1.5,79
d1v2aa2,SCOPe-ALL,family,c.47.1.5,c,c.47,c.47.1,c.47.1.5,83
d2a2ra2,SCOPe-ALL,family,c.47.1.5,c,c.47,c.47.1,c.47.1.5,77
d7jr8a1,SCOPe-ALL,family,c.47.1.5,c,c.47,c.47.1,c.47.1.5,75
d2gsqa2,SCOPe-ALL,family,c.47.1.5,c,c.47,c.47.1,c.47.1.5,75
d1oyja2,SCOPe-ALL,family,c.47.1.5,c,c.47,c.47.1,c.47.1.5,84
d1nhya2,SCOPe-ALL,family,c.47.1.5,c,c.47,c.47.1,c.47.1.5,75
d1zgma1,SCOPe-ALL,family,c.47.1.5,c,c.47,c.47.1,c.47.1.5,87
d2pbja2,SCOPe-ALL,family,c.47.1.5,c,c.47,c.47.1,c.47.1.5,113
d2trcp_,SCOPe-ALL,family,c.47.1.6,c,c.47,c.47.1,c.47.1.6,217
d1g7ea_,SCOPe-ALL,family,c.47.1.7,c,c.47,c.47.1,c.47.1.7,122
d2c0ga2,SCOPe-ALL,family,c.47.1.7,c,c.47,c.47.1,c.47.1.7,122
d1qgva_,SCOPe-ALL,family,c.47.1.8,c,c.47,c.47.1,c.47.1.8,137
d1eeja1,SCOPe-ALL,family,c.47.1.9,c,c.47,c.47.1,c.47.1.9,156
d1v58a1,SCOPe-ALL,family,c.47.1.9,c,c.47,c.47.1,c.47.1.9,169
d1xiya1,SCOPe-ALL,family,c.47.1.10,c,c.47,c.47.1,c.47.1.10,179
d2bmxa1,SCOPe-ALL,family,c.47.1.10,c,c.47,c.47.1,c.47.1.10,169
d1n8ja_,SCOPe-ALL,family,c.47.1.10,c,c.47,c.47.1,c.47.1.10,186
d2f8aa1,SCOPe-ALL,family,c.47.1.10,c,c.47,c.47.1,c.47.1.10,184
d1jfua_,SCOPe-ALL,family,c.47.1.10,c,c.47,c.47.1,c.47.1.10,176
d2h30a_,SCOPe-ALL,family,c.47.1.10,c,c.47,c.47.1,c.47.1.10,151
d2a4va1,SCOPe-ALL,family,c.47.1.10,c,c.47,c.47.1,c.47.1.10,156
d1pn0a2,SCOPe-ALL,family,c.47.1.10,c,c.47,c.47.1,c.47.1.10,201
d2cvba1,SCOPe-ALL,family,c.47.1.10,c,c.47,c.47.1,c.47.1.10,187
d1xvwa1,SCOPe-ALL,family,c.47.1.10,c,c.47,c.47.1,c.47.1.10,153
d1lu4a_,SCOPe-ALL,family,c.47.1.10,c,c.47,c.47.1,c.47.1.10,134
d3hvva_,SCOPe-ALL,family,c.47.1.10,c,c.47,c.47.1,c.47.1.10,167
d1st9a_,SCOPe-ALL,family,c.47.1.10,c,c.47,c.47.1,c.47.1.10,137
d2b5xa1,SCOPe-ALL,family,c.47.1.10,c,c.47,c.47.1,c.47.1.10,143
d1knga_,SCOPe-ALL,family,c.47.1.10,c,c.47,c.47.1,c.47.1.10,144
d2b7ka_,SCOPe-ALL,family,c.47.1.10,c,c.47,c.47.1,c.47.1.10,169
d1wp0a1,SCOPe-ALL,family,c.47.1.10,c,c.47,c.47.1,c.47.1.10,160
d1o8xa_,SCOPe-ALL,family,c.47.1.10,c,c.47,c.47.1,c.47.1.10,144
d2zcta_,SCOPe-ALL,family,c.47.1.10,c,c.47,c.47.1,c.47.1.10,240
d2v2ga_,SCOPe-ALL,family,c.47.1.10,c,c.47,c.47.1,c.47.1.10,220
d2b1ka_,SCOPe-ALL,family,c.47.1.10,c,c.47,c.47.1,c.47.1.10,149
d3mnga_,SCOPe-ALL,family,c.47.1.10,c,c.47,c.47.1,c.47.1.10,161
d1m2da_,SCOPe-ALL,family,c.47.1.11,c,c.47,c.47.1,c.47.1.11,101
d1j9ba_,SCOPe-ALL,family,c.47.1.12,c,c.47,c.47.1,c.47.1.12,138
d1rw1a_,SCOPe-ALL,family,c.47.1.12,c,c.47,c.47.1,c.47.1.12,114
d1z3ea1,SCOPe-ALL,family,c.47.1.12,c,c.47,c.47.1,c.47.1.12,114
d1fvka_,SCOPe-ALL,family,c.47.1.13,c,c.47,c.47.1,c.47.1.13,188
d1z6ma1,SCOPe-ALL,family,c.47.1.13,c,c.47,c.47.1,c.47.1.13,172
d3rppa_,SCOPe-ALL,family,c.47.1.13,c,c.47,c.47.1,c.47.1.13,220
d4dvca1,SCOPe-ALL,family,c.47.1.13,c,c.47,c.47.1,c.47.1.13,182
d1t1va_,SCOPe-ALL,family,c.47.1.14,c,c.47,c.47.1,c.47.1.14,93
d1t4za1,SCOPe-ALL,family,c.47.1.15,c,c.47,c.47.1,c.47.1.15,100
d1wwja_,SCOPe-ALL,family,c.47.1.15,c,c.47,c.47.1,c.47.1.15,99
d1woua_,SCOPe-ALL,family,c.47.1.16,c,c.47,c.47.1,c.47.1.16,119
d1xg8a1,SCOPe-ALL,family,c.47.1.17,c,c.47,c.47.1,c.47.1.17,101
d1wpia1,SCOPe-ALL,family,c.47.1.18,c,c.47,c.47.1,c.47.1.18,133
d2axoa1,SCOPe-ALL,family,c.47.1.19,c,c.47,c.47.1,c.47.1.19,225
d2qgva_,SCOPe-ALL,family,c.47.1.20,c,c.47,c.47.1,c.47.1.20,121
d3iam2_,SCOPe-ALL,family,c.47.1.21,c,c.47,c.47.1,c.47.1.21,179
d1s3aa1,SCOPe-ALL,family,c.47.1.22,c,c.47,c.47.1,c.47.1.22,85
d2fa8a1,SCOPe-ALL,family,c.47.1.23,c,c.47,c.47.1,c.47.1.23,86
d2a2pa1,SCOPe-ALL,family,c.47.1.23,c,c.47,c.47.1,c.47.1.23,120
d2a4ha1,SCOPe-ALL,family,c.47.1.23,c,c.47,c.47.1,c.47.1.23,117
d2dlxa1,SCOPe-ALL,family,c.47.1.24,c,c.47,c.47.1,c.47.1.24,140
d2hlsa1,SCOPe-ALL,family,c.47.1.0,c,c.47,c.47.1,c.47.1.0,122
d2hlsa2,SCOPe-ALL,family,c.47.1.0,c,c.47,c.47.1,c.47.1.0,110
d4tr1a1,SCOPe-ALL,family,c.47.1.0,c,c.47,c.47.1,c.47.1.0,85
d6riva1,SCOPe-ALL,family,c.47.1.0,c,c.47,c.47.1,c.47.1.0,84
d4hdea1,SCOPe-ALL,family,c.47.1.0,c,c.47,c.47.1,c.47.1.0,167
d2yzha1,SCOPe-ALL,family,c.47.1.0,c,c.47,c.47.1,c.47.1.0,168
d2ayta1,SCOPe-ALL,family,c.47.1.0,c,c.47,c.47.1,c.47.1.0,121
d2ayta2,SCOPe-ALL,family,c.47.1.0,c,c.47,c.47.1,c.47.1.0,108
d3ic4a1,SCOPe-ALL,family,c.47.1.0,c,c.47,c.47.1,c.47.1.0,82
d5abra_,SCOPe-ALL,family,c.47.1.0,c,c.47,c.47.1,c.47.1.0,104
d3zita_,SCOPe-ALL,family,c.47.1.0,c,c.47,c.47.1,c.47.1.0,74
d3erwa_,SCOPe-ALL,family,c.47.1.0,c,c.47,c.47.1,c.47.1.0,134
d3eura1,SCOPe-ALL,family,c.47.1.0,c,c.47,c.47.1,c.47.1.0,139
d3ewla1,SCOPe-ALL,family,c.47.1.0,c,c.47,c.47.1,c.47.1.0,135
d3gkxa_,SCOPe-ALL,family,c.47.1.0,c,c.47,c.47.1,c.47.1.0,117
d3hxsa_,SCOPe-ALL,family,c.47.1.0,c,c.47,c.47.1,c.47.1.0,117
d2ls5a1,SCOPe-ALL,family,c.47.1.0,c,c.47,c.47.1,c.47.1.0,148
d3fw2a1,SCOPe-ALL,family,c.47.1.0,c,c.47,c.47.1,c.47.1.0,147
d2kuca1,SCOPe-ALL,family,c.47.1.0,c,c.47,c.47.1,c.47.1.0,119
d4grfa1,SCOPe-ALL,family,c.47.1.0,c,c.47,c.47.1,c.47.1.0,138
d4ka0a_,SCOPe-ALL,family,c.47.1.0,c,c.47,c.47.1,c.47.1.0,143
d3ctga_,SCOPe-ALL,family,c.47.1.0,c,c.47,c.47.1,c.47.1.0,108
d3cmia_,SCOPe-ALL,family,c.47.1.0,c,c.47,c.47.1,c.47.1.0,161
d3l4na_,SCOPe-ALL,family,c.47.1.0,c,c.47,c.47.1,c.47.1.0,113
d2m80a_,SCOPe-ALL,family,c.47.1.0,c,c.47,c.47.1,c.47.1.0,109
d4zbda1,SCOPe-ALL,family,c.47.1.0,c,c.47,c.47.1,c.47.1.0,89
d4f0ba1,SCOPe-ALL,family,c.47.1.0,c,c.47,c.47.1,c.47.1.0,96
d3hd5a1,SCOPe-ALL,family,c.47.1.0,c,c.47,c.47.1,c.47.1.0,181
d4wbja_,SCOPe-ALL,family,c.47.1.0,c,c.47,c.47.1,c.47.1.0,157
d4mf5a1,SCOPe-ALL,family,c.47.1.0,c,c.47,c.47.1,c.47.1.0,103
d4i2ua1,SCOPe-ALL,family,c.47.1.0,c,c.47,c.47.1,c.47.1.0,104
d3or5a_,SCOPe-ALL,family,c.47.1.0,c,c.47,c.47.1,c.47.1.0,145
d3gl3a1,SCOPe-ALL,family,c.47.1.0,c,c.47,c.47.1,c.47.1.0,139
d3keba_,SCOPe-ALL,family,c.47.1.0,c,c.47,c.47.1,c.47.1.0,175
d3hcza1,SCOPe-ALL,family,c.47.1.0,c,c.47,c.47.1,c.47.1.0,145
d3gnja1,SCOPe-ALL,family,c.47.1.0,c,c.47,c.47.1,c.47.1.0,108
d4hi7a1,SCOPe-ALL,family,c.47.1.0,c,c.47,c.47.1,c.47.1.0,85
d5zf2a_,SCOPe-ALL,family,c.47.1.0,c,c.47,c.47.1,c.47.1.0,103
d3c7ma_,SCOPe-ALL,family,c.47.1.0,c,c.47,c.47.1,c.47.1.0,195
d2wcia_,SCOPe-ALL,family,c.47.1.0,c,c.47,c.47.1,c.47.1.0,113
d2wb9a1,SCOPe-ALL,family,c.47.1.0,c,c.47,c.47.1,c.47.1.0,83
d2vima_,SCOPe-ALL,family,c.47.1.0,c,c.47,c.47.1,c.47.1.0,104
d3msza1,SCOPe-ALL,family,c.47.1.0,c,c.47,c.47.1,c.47.1.0,85
d6wegc1,SCOPe-ALL,family,c.47.1.0,c,c.47,c.47.1,c.47.1.0,76
d6zmua_,SCOPe-ALL,family,c.47.1.0,c,c.47,c.47.1,c.47.1.0,107
d2ywia_,SCOPe-ALL,family,c.47.1.0,c,c.47,c.47.1,c.47.1.0,190
d3hdca1,SCOPe-ALL,family,c.47.1.0,c,c.47,c.47.1,c.47.1.0,147
d3kcma1,SCOPe-ALL,family,c.47.1.0,c,c.47,c.47.1,c.47.1.0,138
d6kila1,SCOPe-ALL,family,c.47.1.0,c,c.47,c.47.1,c.47.1.0,110
d6bkva1,SCOPe-ALL,family,c.47.1.0,c,c.47,c.47.1,c.47.1.0,105
d3wgea1,SCOPe-ALL,family,c.47.1.0,c,c.47,c.47.1,c.47.1.0,107
d6hn3a1,SCOPe-ALL,family,c.47.1.0,c,c.47,c.47.1,c.47.1.0,166
d4in0a_,SCOPe-ALL,family,c.47.1.0,c,c.47,c.47.1,c.47.1.0,141
d4ef0a1,SCOPe-ALL,family,c.47.1.0,c,c.47,c.47.1,c.47.1.0,114
d3q18a1,SCOPe-ALL,family,c.47.1.0,c,c.47,c.47.1,c.47.1.0,99
d2pn8a1,SCOPe-ALL,family,c.47.1.0,c,c.47,c.47.1,c.47.1.0,186
d3ph9a_,SCOPe-ALL,family,c.47.1.0,c,c.47,c.47.1,c.47.1.0,133
d1w4va1,SCOPe-ALL,family,c.47.1.0,c,c.47,c.47.1,c.47.1.0,107
d1u6ta1,SCOPe-ALL,family,c.47.1.0,c,c.47,c.47.1,c.47.1.0,113
d2c3na1,SCOPe-ALL,family,c.47.1.0,c,c.47,c.47.1,c.47.1.0,78
d2wz9a_,SCOPe-ALL,family,c.47.1.0,c,c.47,c.47.1,c.47.1.0,120
d3idva1,SCOPe-ALL,family,c.47.1.0,c,c.47,c.47.1,c.47.1.0,117
d3h8qa1,SCOPe-ALL,family,c.47.1.0,c,c.47,c.47.1,c.47.1.0,106
d3kija_,SCOPe-ALL,family,c.47.1.0,c,c.47,c.47.1,c.47.1.0,171
d3wgda1,SCOPe-ALL,family,c.47.1.0,c,c.47,c.47.1,c.47.1.0,109
d1x5ca1,SCOPe-ALL,family,c.47.1.0,c,c.47,c.47.1,c.47.1.0,108
d2dj0a1,SCOPe-ALL,family,c.47.1.0,c,c.47,c.47.1,c.47.1.0,124
d1x5ea1,SCOPe-ALL,family,c.47.1.0,c,c.47,c.47.1,c.47.1.0,113
d6dxna1,SCOPe-ALL,family,c.47.1.0,c,c.47,c.47.1,c.47.1.0,189
d4jrra1,SCOPe-ALL,family,c.47.1.0,c,c.47,c.47.1,c.47.1.0,184
d3hz4a_,SCOPe-ALL,family,c.47.1.0,c,c.47,c.47.1,c.47.1.0,120
d2cz2a1,SCOPe-ALL,family,c.47.1.0,c,c.47,c.47.1,c.47.1.0,84
d2dc5a1,SCOPe-ALL,family,c.47.1.0,c,c.47,c.47.1,c.47.1.0,84
d3apsa_,SCOPe-ALL,family,c.47.1.0,c,c.47,c.47.1,c.47.1.0,114
d2lqoa1,SCOPe-ALL,family,c.47.1.0,c,c.47,c.47.1,c.47.1.0,84
d5epfa1,SCOPe-ALL,family,c.47.1.0,c,c.47,c.47.1,c.47.1.0,153
d4hoja1,SCOPe-ALL,family,c.47.1.0,c,c.47,c.47.1,c.47.1.0,77
d3dvwa_,SCOPe-ALL,family,c.47.1.0,c,c.47,c.47.1,c.47.1.0,191
d2l5oa1,SCOPe-ALL,family,c.47.1.0,c,c.47,c.47.1,c.47.1.0,142
d5j9ca1,SCOPe-ALL,family,c.47.1.0,c,c.47,c.47.1,c.47.1.0,166
d5d9wa1,SCOPe-ALL,family,c.47.1.0,c,c.47,c.47.1,c.47.1.0,85
d3cxga1,SCOPe-ALL,family,c.47.1.0,c,c.47,c.47.1,c.47.1.0,113
d4kjfa_,SCOPe-ALL,family,c.47.1.0,c,c.47,c.47.1,c.47.1.0,106
d4o32a1,SCOPe-ALL,family,c.47.1.0,c,c.47,c.47.1,c.47.1.0,88
d4evma_,SCOPe-ALL,family,c.47.1.0,c,c.47,c.47.1,c.47.1.0,138
d5nyka_,SCOPe-ALL,family,c.47.1.0,c,c.47,c.47.1,c.47.1.0,118
d2e7pd_,SCOPe-ALL,family,c.47.1.0,c,c.47,c.47.1,c.47.1.0,101
d3d22a1,SCOPe-ALL,family,c.47.1.0,c,c.47,c.47.1,c.47.1.0,116
d2m72a1,SCOPe-ALL,family,c.47.1.0,c,c.47,c.47.1,c.47.1.0,145
d4zl8a_,SCOPe-ALL,family,c.47.1.0,c,c.47,c.47.1,c.47.1.0,187
d3m8na1,SCOPe-ALL,family,c.47.1.0,c,c.47,c.47.1,c.47.1.0,79
d5y4ta1,SCOPe-ALL,family,c.47.1.0,c,c.47,c.47.1,c.47.1.0,113
d3l9va_,SCOPe-ALL,family,c.47.1.0,c,c.47,c.47.1,c.47.1.0,182
d4kh7a1,SCOPe-ALL,family,c.47.1.0,c,c.47,c.47.1,c.47.1.0,79
d3ir4a1,SCOPe-ALL,family,c.47.1.0,c,c.47,c.47.1,c.47.1.0,75
d3vfia_,SCOPe-ALL,family,c.47.1.0,c,c.47,c.47.1,c.47.1.0,104
d5zfga1,SCOPe-ALL,family,c.47.1.0,c,c.47,c.47.1,c.47.1.0,86
d4ruva_,SCOPe-ALL,family,c.47.1.0,c,c.47,c.47.1,c.47.1.0,106
d5um7a_,SCOPe-ALL,family,c.47.1.0,c,c.47,c.47.1,c.47.1.0,140
d3fz4a1,SCOPe-ALL,family,c.47.1.0,c,c.47,c.47.1,c.47.1.0,117
d3tcoa_,SCOPe-ALL,family,c.47.1.0,c,c.47,c.47.1,c.47.1.0,106
d3drna_,SCOPe-ALL,family,c.47.1.0,c,c.47,c.47.1,c.47.1.0,152
d2e0qa_,SCOPe-ALL,family,c.47.1.0,c,c.47,c.47.1,c.47.1.0,104
d4g2ea1,SCOPe-ALL,family,c.47.1.0,c,c.47,c.47.1,c.47.1.0,155
d4mjea_,SCOPe-ALL,family,c.47.1.0,c,c.47,c.47.1,c.47.1.0,99
d3rhba_,SCOPe-ALL,family,c.47.1.0,c,c.47,c.47.1,c.47.1.0,100
d7bzkb_,SCOPe-ALL,family,c.47.1.0,c,c.47,c.47.1,c.47.1.0,102
d6g62a1,SCOPe-ALL,family,c.47.1.0,c,c.47,c.47.1,c.47.1.0,112
d6lywa_,SCOPe-ALL,family,c.47.1.0,c,c.47,c.47.1,c.47.1.0,121
d6f05a1,SCOPe-ALL,family,c.47.1.0,c,c.47,c.47.1,c.47.1.0,79
d2lsta1,SCOPe-ALL,family,c.47.1.0,c,c.47,c.47.1,c.47.1.0,119
d3h79a_,SCOPe-ALL,family,c.47.1.0,c,c.47,c.47.1,c.47.1.0,115
d2myga1,SCOPe-ALL,family,c.47.1.0,c,c.47,c.47.1,c.47.1.0,95
d2ltka1,SCOPe-ALL,family,c.47.1.0,c,c.47,c.47.1,c.47.1.0,109
d3feua1,SCOPe-ALL,family,c.47.1.0,c,c.47,c.47.1,c.47.1.0,182
d5k2ia1,SCOPe-ALL,family,c.47.1.0,c,c.47,c.47.1,c.47.1.0,153
d6x0ba_,SCOPe-ALL,family,c.47.1.0,c,c.47,c.47.1,c.47.1.0,116
d4hz2a1,SCOPe-ALL,family,c.47.1.0,c,c.47,c.47.1,c.47.1.0,79
d3ixra1,SCOPe-ALL,family,c.47.1.0,c,c.47,c.47.1,c.47.1.0,158
d2rema_,SCOPe-ALL,family,c.47.1.0,c,c.47,c.47.1,c.47.1.0,190
d4gcia1,SCOPe-ALL,family,c.47.1.0,c,c.47,c.47.1,c.47.1.0,81
d1qmha1,SCOPe-ALL,family,c.47.2.1,c,c.47,c.47.2,c.47.2.1,95
d1l8aa3,SCOPe-ALL,family,c.48.1.1,c,c.48,c.48.1,c.48.1.1,186
d1x7yb2,SCOPe-ALL,family,c.48.1.2,c,c.48,c.48.1,c.48.1.2,138
d1umdb2,SCOPe-ALL,family,c.48.1.2,c,c.48,c.48.1,c.48.1.2,137
d2ozlb2,SCOPe-ALL,family,c.48.1.2,c,c.48,c.48.1,c.48.1.2,138
d2c42a3,SCOPe-ALL,family,c.48.1.3,c,c.48,c.48.1,c.48.1.3,157
d6tj8a3,SCOPe-ALL,family,c.48.1.0,c,c.48,c.48.1,c.48.1.0,136
d4c7va3,SCOPe-ALL,family,c.48.1.0,c,c.48,c.48.1,c.48.1.0,136
d5xvta3,SCOPe-ALL,family,c.48.1.0,c,c.48,c.48.1,c.48.1.0,146
d1a3xa3,SCOPe-ALL,family,c.49.1.1,c,c.49,c.49.1,c.49.1.1,134
d1e0ta3,SCOPe-ALL,family,c.49.1.1,c,c.49,c.49.1,c.49.1.1,117
d2g50a3,SCOPe-ALL,family,c.49.1.1,c,c.49,c.49.1,c.49.1.1,135
d3hqna3,SCOPe-ALL,family,c.49.1.1,c,c.49,c.49.1,c.49.1.1,141
d1vp8a1,SCOPe-ALL,family,c.49.1.2,c,c.49,c.49.1,c.49.1.2,189
d2jdig_,SCOPe-ALL,family,c.49.2.1,c,c.49,c.49.2,c.49.2.1,273
d1fs0g_,SCOPe-ALL,family,c.49.2.1,c,c.49,c.49.2,c.49.2.1,230
d5ik2g_,SCOPe-ALL,family,c.49.2.0,c,c.49,c.49.2,c.49.2.0,285
d6rdps_,SCOPe-ALL,family,c.49.2.0,c,c.49,c.49.2,c.49.2.0,277
d1lama2,SCOPe-ALL,family,c.50.1.1,c,c.50,c.50.1,c.50.1.1,159
d1gyta1,SCOPe-ALL,family,c.50.1.1,c,c.50,c.50.1,c.50.1.1,178
d1yd9a1,SCOPe-ALL,family,c.50.1.2,c,c.50,c.50.1,c.50.1.2,188
d1vhua_,SCOPe-ALL,family,c.50.1.2,c,c.50,c.50.1,c.50.1.2,192
d1njra_,SCOPe-ALL,family,c.50.1.2,c,c.50,c.50.1,c.50.1.2,264
d2fg1a2,SCOPe-ALL,family,c.50.1.2,c,c.50,c.50.1,c.50.1.2,155
d7kr0a_,SCOPe-ALL,family,c.50.1.2,c,c.50,c.50.1,c.50.1.2,169
d7kg8a_,SCOPe-ALL,family,c.50.1.3,c,c.50,c.50.1,c.50.1.3,512
d3ewoa1,SCOPe-ALL,family,c.50.1.0,c,c.50,c.50.1,c.50.1.0,174
d5o2da_,SCOPe-ALL,family,c.50.1.0,c,c.50,c.50.1,c.50.1.0,189
d4d86a1,SCOPe-ALL,family,c.50.1.0,c,c.50,c.50.1,c.50.1.0,184
d3ewra_,SCOPe-ALL,family,c.50.1.0,c,c.50,c.50.1,c.50.1.0,167
d5laua1,SCOPe-ALL,family,c.50.1.0,c,c.50,c.50.1,c.50.1.0,184
d2dx6a_,SCOPe-ALL,family,c.50.1.0,c,c.50,c.50.1,c.50.1.0,158
d1atia1,SCOPe-ALL,family,c.51.1.1,c,c.51,c.51.1,c.51.1.1,111
d1kmma1,SCOPe-ALL,family,c.51.1.1,c,c.51,c.51.1,c.51.1.1,99
d1qe0a1,SCOPe-ALL,family,c.51.1.1,c,c.51,c.51.1,c.51.1.1,95
d1wu7a1,SCOPe-ALL,family,c.51.1.1,c,c.51,c.51.1,c.51.1.1,97
d1h4vb1,SCOPe-ALL,family,c.51.1.1,c,c.51,c.51.1,c.51.1.1,96
d1v95a1,SCOPe-ALL,family,c.51.1.1,c,c.51,c.51.1,c.51.1.1,117
d1hc7a1,SCOPe-ALL,family,c.51.1.1,c,c.51,c.51.1,c.51.1.1,127
d1g5ia1,SCOPe-ALL,family,c.51.1.1,c,c.51,c.51.1,c.51.1.1,117
d2cxha1,SCOPe-ALL,family,c.51.1.2,c,c.51,c.51.1,c.51.1.2,180
d1w94a1,SCOPe-ALL,family,c.51.1.2,c,c.51,c.51.1,c.51.1.2,154
d3uh0a2,SCOPe-ALL,family,c.51.1.0,c,c.51,c.51.1,c.51.1.0,122
d4hwsa2,SCOPe-ALL,family,c.51.1.0,c,c.51,c.51.1,c.51.1.0,110
d4hwta2,SCOPe-ALL,family,c.51.1.0,c,c.51,c.51.1,c.51.1.0,108
d2hqsa2,SCOPe-ALL,family,c.51.2.1,c,c.51,c.51.2,c.51.2.1,139
d7mx5a1,SCOPe-ALL,family,c.51.2.0,c,c.51,c.51.2,c.51.2.0,129
d1uc4b_,SCOPe-ALL,family,c.51.3.1,c,c.51,c.51.3,c.51.3.1,178
d2d0ob1,SCOPe-ALL,family,c.51.3.2,c,c.51,c.51.3,c.51.3.2,108
d1nbwb_,SCOPe-ALL,family,c.51.3.2,c,c.51,c.51.3,c.51.3.2,113
d1k7ka1,SCOPe-ALL,family,c.51.4.1,c,c.51,c.51.4,c.51.4.1,198
d2cara1,SCOPe-ALL,family,c.51.4.1,c,c.51,c.51.4,c.51.4.1,194
d1vp2a_,SCOPe-ALL,family,c.51.4.1,c,c.51,c.51.4,c.51.4.1,189
d1v7ra_,SCOPe-ALL,family,c.51.4.1,c,c.51,c.51.4,c.51.4.1,186
d2amha1,SCOPe-ALL,family,c.51.4.2,c,c.51,c.51.4,c.51.4.2,201
d1ex2a_,SCOPe-ALL,family,c.51.4.2,c,c.51,c.51.4,c.51.4.2,185
d1u14a1,SCOPe-ALL,family,c.51.4.3,c,c.51,c.51.4,c.51.4.3,168
d4oo0a_,SCOPe-ALL,family,c.51.4.0,c,c.51,c.51.4,c.51.4.0,208
d4jhca_,SCOPe-ALL,family,c.51.4.0,c,c.51,c.51.4,c.51.4.0,192
d2a9sa1,SCOPe-ALL,family,c.51.5.1,c,c.51,c.51.5,c.51.5.1,167
d2i9ia1,SCOPe-ALL,family,c.51.6.1,c,c.51,c.51.6,c.51.6.1,221
d2iqia1,SCOPe-ALL,family,c.51.6.2,c,c.51,c.51.6,c.51.6.2,178
d1ckqa_,SCOPe-ALL,family,c.52.1.1,c,c.52,c.52.1,c.52.1.1,261
d1sx5a_,SCOPe-ALL,family,c.52.1.2,c,c.52,c.52.1,c.52.1.2,244
d1bama_,SCOPe-ALL,family,c.52.1.3,c,c.52,c.52.1,c.52.1.3,213
d1dmua_,SCOPe-ALL,family,c.52.1.4,c,c.52,c.52.1,c.52.1.4,299
d1d2ia_,SCOPe-ALL,family,c.52.1.5,c,c.52,c.52.1,c.52.1.5,223
d3pvia_,SCOPe-ALL,family,c.52.1.6,c,c.52,c.52.1,c.52.1.6,156
d1knva_,SCOPe-ALL,family,c.52.1.7,c,c.52,c.52.1,c.52.1.7,290
d1cfra_,SCOPe-ALL,family,c.52.1.7,c,c.52,c.52.1,c.52.1.7,283
d1d02a_,SCOPe-ALL,family,c.52.1.8,c,c.52,c.52.1,c.52.1.8,197
d1ev7a_,SCOPe-ALL,family,c.52.1.9,c,c.52,c.52.1,c.52.1.9,302
d1fiua_,SCOPe-ALL,family,c.52.1.10,c,c.52,c.52.1,c.52.1.10,286
d1dc1a_,SCOPe-ALL,family,c.52.1.11,c,c.52,c.52.1,c.52.1.11,319
d2foka4,SCOPe-ALL,family,c.52.1.12,c,c.52,c.52.1,c.52.1.12,193
d3sm4a_,SCOPe-ALL,family,c.52.1.13,c,c.52,c.52.1,c.52.1.13,225
d1azoa_,SCOPe-ALL,family,c.52.1.14,c,c.52,c.52.1,c.52.1.14,226
d1vsra_,SCOPe-ALL,family,c.52.1.15,c,c.52,c.52.1,c.52.1.15,134
d1t0fa2,SCOPe-ALL,family,c.52.1.16,c,c.52,c.52.1,c.52.1.16,162
d1m0da_,SCOPe-ALL,family,c.52.1.17,c,c.52,c.52.1,c.52.1.17,129
d1gefa_,SCOPe-ALL,family,c.52.1.18,c,c.52,c.52.1,c.52.1.18,120
d1hh1a_,SCOPe-ALL,family,c.52.1.18,c,c.52,c.52.1,c.52.1.18,132
d1ob8a_,SCOPe-ALL,family,c.52.1.18,c,c.52,c.52.1,c.52.1.18,124
d3e40a_,SCOPe-ALL,family,c.52.1.19,c,c.52,c.52.1,c.52.1.19,257
d2a1ia1,SCOPe-ALL,family,c.52.1.20,c,c.52,c.52.1,c.52.1.20,129
d1j24a_,SCOPe-ALL,family,c.52.1.20,c,c.52,c.52.1,c.52.1.20,133
d2bgwa2,SCOPe-ALL,family,c.52.1.20,c,c.52,c.52.1,c.52.1.20,133
d1sdoa_,SCOPe-ALL,family,c.52.1.21,c,c.52,c.52.1,c.52.1.21,203
d1na6a2,SCOPe-ALL,family,c.52.1.22,c,c.52,c.52.1,c.52.1.22,220
d1sa3a_,SCOPe-ALL,family,c.52.1.23,c,c.52,c.52.1,c.52.1.23,262
d1w36b3,SCOPe-ALL,family,c.52.1.24,c,c.52,c.52.1,c.52.1.24,276
d1w36c3,SCOPe-ALL,family,c.52.1.25,c,c.52,c.52.1,c.52.1.25,304
d1xmxa1,SCOPe-ALL,family,c.52.1.26,c,c.52,c.52.1,c.52.1.26,383
d1wdja_,SCOPe-ALL,family,c.52.1.27,c,c.52,c.52.1,c.52.1.27,186
d2fcoa_,SCOPe-ALL,family,c.52.1.28,c,c.52,c.52.1,c.52.1.28,171
d1wtea_,SCOPe-ALL,family,c.52.1.29,c,c.52,c.52.1,c.52.1.29,272
d1y88a2,SCOPe-ALL,family,c.52.1.30,c,c.52,c.52.1,c.52.1.30,118
d1y0ka1,SCOPe-ALL,family,c.52.1.31,c,c.52,c.52.1,c.52.1.31,209
d2inba1,SCOPe-ALL,family,c.52.1.32,c,c.52,c.52.1,c.52.1.32,135
d2ot9a1,SCOPe-ALL,family,c.52.1.33,c,c.52,c.52.1,c.52.1.33,179
d2g3wa1,SCOPe-ALL,family,c.52.1.33,c,c.52,c.52.1,c.52.1.33,179
d5d9aa1,SCOPe-ALL,family,c.52.1.34,c,c.52,c.52.1,c.52.1.34,173
d4m5ra1,SCOPe-ALL,family,c.52.1.34,c,c.52,c.52.1,c.52.1.34,196
d6fs8a1,SCOPe-ALL,family,c.52.1.34,c,c.52,c.52.1,c.52.1.34,192
d4qbla_,SCOPe-ALL,family,c.52.1.35,c,c.52,c.52.1,c.52.1.35,140
d4qboa1,SCOPe-ALL,family,c.52.1.35,c,c.52,c.52.1,c.52.1.35,90
d4qbna_,SCOPe-ALL,family,c.52.1.35,c,c.52,c.52.1,c.52.1.35,93
d4i43b3,SCOPe-ALL,family,c.52.1.36,c,c.52,c.52.1,c.52.1.36,186
d2wcwa_,SCOPe-ALL,family,c.52.1.0,c,c.52,c.52.1,c.52.1.0,126
d3c0ua1,SCOPe-ALL,family,c.52.1.0,c,c.52,c.52.1,c.52.1.0,179
d1r0va1,SCOPe-ALL,family,c.52.2.1,c,c.52,c.52.2,c.52.2.1,78
d1r0va2,SCOPe-ALL,family,c.52.2.1,c,c.52,c.52.2,c.52.2.1,91
d1a79a1,SCOPe-ALL,family,c.52.2.1,c,c.52,c.52.2,c.52.2.1,97
d2gw6a1,SCOPe-ALL,family,c.52.2.1,c,c.52,c.52.2,c.52.2.1,122
d1dzfa1,SCOPe-ALL,family,c.52.3.1,c,c.52,c.52.3,c.52.3.1,139
d2czra1,SCOPe-ALL,family,c.52.4.1,c,c.52,c.52.4,c.52.4.1,218
d2gm5a_,SCOPe-ALL,family,c.53.1.1,c,c.53,c.53.1,c.53.1.1,127
d3bvpa1,SCOPe-ALL,family,c.53.1.0,c,c.53,c.53.1,c.53.1.0,133
d3pkza_,SCOPe-ALL,family,c.53.1.0,c,c.53,c.53.1,c.53.1.0,124
d3guva_,SCOPe-ALL,family,c.53.1.0,c,c.53,c.53.1,c.53.1.0,151
d1g5ca_,SCOPe-ALL,family,c.53.2.1,c,c.53,c.53.2,c.53.2.1,169
d1ekja_,SCOPe-ALL,family,c.53.2.1,c,c.53,c.53.2,c.53.2.1,210
d1ddza2,SCOPe-ALL,family,c.53.2.1,c,c.53,c.53.2,c.53.2.1,239
d3qy1a_,SCOPe-ALL,family,c.53.2.1,c,c.53,c.53.2,c.53.2.1,215
d3teoa_,SCOPe-ALL,family,c.53.2.0,c,c.53,c.53.2,c.53.2.0,202
d3eyxa_,SCOPe-ALL,family,c.53.2.0,c,c.53,c.53.2,c.53.2.0,205
d3ucja_,SCOPe-ALL,family,c.53.2.0,c,c.53,c.53.2,c.53.2.0,222
d1ylka1,SCOPe-ALL,family,c.53.2.0,c,c.53,c.53.2,c.53.2.0,162
d7coia_,SCOPe-ALL,family,c.53.2.0,c,c.53,c.53.2,c.53.2.0,209
d3lasa_,SCOPe-ALL,family,c.53.2.0,c,c.53,c.53.2,c.53.2.0,166
d5swca1,SCOPe-ALL,family,c.53.2.0,c,c.53,c.53.2,c.53.2.0,220
d6y04a_,SCOPe-ALL,family,c.53.2.0,c,c.53,c.53.2,c.53.2.0,182
d6gwua_,SCOPe-ALL,family,c.53.2.0,c,c.53,c.53.2,c.53.2.0,208
d1pdoa_,SCOPe-ALL,family,c.54.1.1,c,c.54,c.54.1,c.54.1.1,129
d2iaca_,SCOPe-ALL,family,c.54.1.1,c,c.54,c.54.1,c.54.1.1,132
d3ct6a1,SCOPe-ALL,family,c.54.1.2,c,c.54,c.54.1,c.54.1.2,123
d3b48a1,SCOPe-ALL,family,c.54.1.2,c,c.54,c.54.1,c.54.1.2,132
d3ipra_,SCOPe-ALL,family,c.54.1.0,c,c.54,c.54.1,c.54.1.0,137
d3mtqa1,SCOPe-ALL,family,c.54.1.0,c,c.54,c.54.1,c.54.1.0,134
d6fmga_,SCOPe-ALL,family,c.54.1.0,c,c.54,c.54.1,c.54.1.0,140
d4tkza_,SCOPe-ALL,family,c.54.1.0,c,c.54,c.54.1,c.54.1.0,130
d5t3ua1,SCOPe-ALL,family,c.54.1.0,c,c.54,c.54.1,c.54.1.0,133
d3lfha_,SCOPe-ALL,family,c.54.1.0,c,c.54,c.54.1,c.54.1.0,129
d2fxua1,SCOPe-ALL,family,c.55.1.1,c,c.55,c.55.1,c.55.1.1,143
d2fxua2,SCOPe-ALL,family,c.55.1.1,c,c.55,c.55.1,c.55.1.1,225
d1k8ka2,SCOPe-ALL,family,c.55.1.1,c,c.55,c.55.1,c.55.1.1,258
d4a2ba1,SCOPe-ALL,family,c.55.1.1,c,c.55,c.55.1,c.55.1.1,193
d4a2ba2,SCOPe-ALL,family,c.55.1.1,c,c.55,c.55.1,c.55.1.1,193
d2zgya1,SCOPe-ALL,family,c.55.1.1,c,c.55,c.55.1,c.55.1.1,157
d2zgya2,SCOPe-ALL,family,c.55.1.1,c,c.55,c.55.1,c.55.1.1,163
d3i33a1,SCOPe-ALL,family,c.55.1.1,c,c.55,c.55.1,c.55.1.1,184
d3i33a2,SCOPe-ALL,family,c.55.1.1,c,c.55,c.55.1,c.55.1.1,195
d1saza1,SCOPe-ALL,family,c.55.1.2,c,c.55,c.55.1,c.55.1.2,172
d1saza2,SCOPe-ALL,family,c.55.1.2,c,c.55,c.55.1,c.55.1.2,203
d3h3no2,SCOPe-ALL,family,c.55.1.4,c,c.55,c.55.1,c.55.1.4,248
d2p3ra3,SCOPe-ALL,family,c.55.1.4,c,c.55,c.55.1,c.55.1.4,252
d1huxa_,SCOPe-ALL,family,c.55.1.5,c,c.55,c.55.1,c.55.1.5,259
d1zbsa1,SCOPe-ALL,family,c.55.1.5,c,c.55,c.55.1,c.55.1.5,176
d1zbsa2,SCOPe-ALL,family,c.55.1.5,c,c.55,c.55.1,c.55.1.5,107
d2ch5a1,SCOPe-ALL,family,c.55.1.5,c,c.55,c.55.1,c.55.1.5,227
d2ch5a2,SCOPe-ALL,family,c.55.1.5,c,c.55,c.55.1,c.55.1.5,117
d1zc6a2,SCOPe-ALL,family,c.55.1.5,c,c.55,c.55.1,c.55.1.5,171
d1zc6a1,SCOPe-ALL,family,c.55.1.5,c,c.55,c.55.1,c.55.1.5,114
d2d0oa2,SCOPe-ALL,family,c.55.1.6,c,c.55,c.55.1,c.55.1.6,242
d2d0oa3,SCOPe-ALL,family,c.55.1.6,c,c.55,c.55.1,c.55.1.6,203
d1q18a2,SCOPe-ALL,family,c.55.1.7,c,c.55,c.55.1,c.55.1.7,210
d1q18a1,SCOPe-ALL,family,c.55.1.7,c,c.55,c.55.1,c.55.1.7,110
d1t6ca1,SCOPe-ALL,family,c.55.1.8,c,c.55,c.55.1,c.55.1.8,126
d1t6ca2,SCOPe-ALL,family,c.55.1.8,c,c.55,c.55.1,c.55.1.8,180
d1u6za2,SCOPe-ALL,family,c.55.1.8,c,c.55,c.55.1,c.55.1.8,124
d1u6za3,SCOPe-ALL,family,c.55.1.8,c,c.55,c.55.1,c.55.1.8,177
d2a6aa1,SCOPe-ALL,family,c.55.1.9,c,c.55,c.55.1,c.55.1.9,103
d2a6aa2,SCOPe-ALL,family,c.55.1.9,c,c.55,c.55.1,c.55.1.9,90
d2gupa1,SCOPe-ALL,family,c.55.1.10,c,c.55,c.55.1,c.55.1.10,114
d2gupa2,SCOPe-ALL,family,c.55.1.10,c,c.55,c.55.1,c.55.1.10,175
d1woqa1,SCOPe-ALL,family,c.55.1.10,c,c.55,c.55.1,c.55.1.10,129
d1woqa2,SCOPe-ALL,family,c.55.1.10,c,c.55,c.55.1,c.55.1.10,124
d3bp8a2,SCOPe-ALL,family,c.55.1.10,c,c.55,c.55.1,c.55.1.10,129
d2hoea2,SCOPe-ALL,family,c.55.1.10,c,c.55,c.55.1,c.55.1.10,169
d2hoea3,SCOPe-ALL,family,c.55.1.10,c,c.55,c.55.1,c.55.1.10,128
d2aa4a1,SCOPe-ALL,family,c.55.1.10,c,c.55,c.55.1,c.55.1.10,119
d2aa4a2,SCOPe-ALL,family,c.55.1.10,c,c.55,c.55.1,c.55.1.10,170
d3epqa1,SCOPe-ALL,family,c.55.1.10,c,c.55,c.55.1,c.55.1.10,118
d3epqa2,SCOPe-ALL,family,c.55.1.10,c,c.55,c.55.1,c.55.1.10,175
d2ap1a1,SCOPe-ALL,family,c.55.1.10,c,c.55,c.55.1,c.55.1.10,186
d2ap1a2,SCOPe-ALL,family,c.55.1.10,c,c.55,c.55.1,c.55.1.10,117
d1z05a2,SCOPe-ALL,family,c.55.1.10,c,c.55,c.55.1,c.55.1.10,197
d1z05a3,SCOPe-ALL,family,c.55.1.10,c,c.55,c.55.1,c.55.1.10,128
d2bh1a2,SCOPe-ALL,family,c.55.1.11,c,c.55,c.55.1,c.55.1.11,144
d2fsja1,SCOPe-ALL,family,c.55.1.12,c,c.55,c.55.1,c.55.1.12,161
d2fsja2,SCOPe-ALL,family,c.55.1.12,c,c.55,c.55.1,c.55.1.12,164
d2nrha1,SCOPe-ALL,family,c.55.1.13,c,c.55,c.55.1,c.55.1.13,81
d2nrha2,SCOPe-ALL,family,c.55.1.13,c,c.55,c.55.1,c.55.1.13,126
d2f9wa1,SCOPe-ALL,family,c.55.1.13,c,c.55,c.55.1,c.55.1.13,134
d2f9wa2,SCOPe-ALL,family,c.55.1.13,c,c.55,c.55.1,c.55.1.13,114
d3bexa1,SCOPe-ALL,family,c.55.1.13,c,c.55,c.55.1,c.55.1.13,118
d3bexa2,SCOPe-ALL,family,c.55.1.13,c,c.55,c.55.1,c.55.1.13,127
d5jica1,SCOPe-ALL,family,c.55.1.14,c,c.55,c.55.1,c.55.1.14,266
d3cj1a2,SCOPe-ALL,family,c.55.1.15,c,c.55,c.55.1,c.55.1.15,283
d3cj1a1,SCOPe-ALL,family,c.55.1.15,c,c.55,c.55.1,c.55.1.15,143
d2h3gx2,SCOPe-ALL,family,c.55.1.0,c,c.55,c.55.1,c.55.1.0,132
d3cera1,SCOPe-ALL,family,c.55.1.0,c,c.55,c.55.1,c.55.1.0,129
d4czga1,SCOPe-ALL,family,c.55.1.0,c,c.55,c.55.1,c.55.1.0,141
d4czga2,SCOPe-ALL,family,c.55.1.0,c,c.55,c.55.1,c.55.1.0,185
d4gnia1,SCOPe-ALL,family,c.55.1.0,c,c.55,c.55.1,c.55.1.0,184
d4gnia2,SCOPe-ALL,family,c.55.1.0,c,c.55,c.55.1,c.55.1.0,201
d4h0pa1,SCOPe-ALL,family,c.55.1.0,c,c.55,c.55.1,c.55.1.0,205
d4h0pa2,SCOPe-ALL,family,c.55.1.0,c,c.55,c.55.1,c.55.1.0,221
d3mdqa1,SCOPe-ALL,family,c.55.1.0,c,c.55,c.55.1,c.55.1.0,125
d3mdqa2,SCOPe-ALL,family,c.55.1.0,c,c.55,c.55.1,c.55.1.0,187
d6ksra1,SCOPe-ALL,family,c.55.1.0,c,c.55,c.55.1,c.55.1.0,232
d6ksra2,SCOPe-ALL,family,c.55.1.0,c,c.55,c.55.1,c.55.1.0,235
d4h0oa1,SCOPe-ALL,family,c.55.1.0,c,c.55,c.55.1,c.55.1.0,187
d4h0oa2,SCOPe-ALL,family,c.55.1.0,c,c.55,c.55.1,c.55.1.0,204
d6pbza2,SCOPe-ALL,family,c.55.1.0,c,c.55,c.55.1,c.55.1.0,171
d5ncka2,SCOPe-ALL,family,c.55.1.0,c,c.55,c.55.1,c.55.1.0,168
d3f9ma1,SCOPe-ALL,family,c.55.1.0,c,c.55,c.55.1,c.55.1.0,207
d3f9ma2,SCOPe-ALL,family,c.55.1.0,c,c.55,c.55.1,c.55.1.0,240
d6pe6a1,SCOPe-ALL,family,c.55.1.0,c,c.55,c.55.1,c.55.1.0,145
d6pe6a2,SCOPe-ALL,family,c.55.1.0,c,c.55,c.55.1,c.55.1.0,213
d6gfaa1,SCOPe-ALL,family,c.55.1.0,c,c.55,c.55.1,c.55.1.0,189
d6gfaa2,SCOPe-ALL,family,c.55.1.0,c,c.55,c.55.1,c.55.1.0,189
d5tkwa1,SCOPe-ALL,family,c.55.1.0,c,c.55,c.55.1,c.55.1.0,149
d5tkwa2,SCOPe-ALL,family,c.55.1.0,c,c.55,c.55.1,c.55.1.0,87
d3djca1,SCOPe-ALL,family,c.55.1.0,c,c.55,c.55.1,c.55.1.0,121
d3djcc2,SCOPe-ALL,family,c.55.1.0,c,c.55,c.55.1,c.55.1.0,134
d4htla1,SCOPe-ALL,family,c.55.1.0,c,c.55,c.55.1,c.55.1.0,119
d4htla2,SCOPe-ALL,family,c.55.1.0,c,c.55,c.55.1,c.55.1.0,172
d3o4wa1,SCOPe-ALL,family,c.55.1.0,c,c.55,c.55.1,c.55.1.0,222
d3o4wa2,SCOPe-ALL,family,c.55.1.0,c,c.55,c.55.1,c.55.1.0,262
d6r2na1,SCOPe-ALL,family,c.55.1.0,c,c.55,c.55.1,c.55.1.0,218
d6r2na2,SCOPe-ALL,family,c.55.1.0,c,c.55,c.55.1,c.55.1.0,257
d4ijna1,SCOPe-ALL,family,c.55.1.0,c,c.55,c.55.1,c.55.1.0,176
d2w40a1,SCOPe-ALL,family,c.55.1.0,c,c.55,c.55.1,c.55.1.0,254
d2w40a2,SCOPe-ALL,family,c.55.1.0,c,c.55,c.55.1,c.55.1.0,247
d3sk3a1,SCOPe-ALL,family,c.55.1.0,c,c.55,c.55.1,c.55.1.0,197
d3sk3a2,SCOPe-ALL,family,c.55.1.0,c,c.55,c.55.1,c.55.1.0,201
d3zeua1,SCOPe-ALL,family,c.55.1.0,c,c.55,c.55.1,c.55.1.0,107
d3zeua2,SCOPe-ALL,family,c.55.1.0,c,c.55,c.55.1,c.55.1.0,123
d7bvza1,SCOPe-ALL,family,c.55.1.0,c,c.55,c.55.1,c.55.1.0,141
d7bvza2,SCOPe-ALL,family,c.55.1.0,c,c.55,c.55.1,c.55.1.0,191
d6q27a1,SCOPe-ALL,family,c.55.1.0,c,c.55,c.55.1,c.55.1.0,122
d6q27a2,SCOPe-ALL,family,c.55.1.0,c,c.55,c.55.1,c.55.1.0,163
d2bh1a1,SCOPe-ALL,family,c.55.1.0,c,c.55,c.55.1,c.55.1.0,94
d4phtx2,SCOPe-ALL,family,c.55.1.0,c,c.55,c.55.1,c.55.1.0,90
d1wl6a1,SCOPe-ALL,family,c.55.2.1,c,c.55,c.55.2,c.55.2.1,176
d1pv9a1,SCOPe-ALL,family,c.55.2.1,c,c.55,c.55.2,c.55.2.1,117
d1chma1,SCOPe-ALL,family,c.55.2.1,c,c.55,c.55.2,c.55.2.1,155
d1zbfa1,SCOPe-ALL,family,c.55.3.1,c,c.55,c.55.3,c.55.3.1,132
d1i39a_,SCOPe-ALL,family,c.55.3.1,c,c.55,c.55.3,c.55.3.1,200
d1ekea_,SCOPe-ALL,family,c.55.3.1,c,c.55,c.55.3,c.55.3.1,225
d2etja1,SCOPe-ALL,family,c.55.3.1,c,c.55,c.55.3,c.55.3.1,221
d1jl1a_,SCOPe-ALL,family,c.55.3.1,c,c.55,c.55.3,c.55.3.1,152
d2lsna1,SCOPe-ALL,family,c.55.3.1,c,c.55,c.55.3,c.55.3.1,161
d3l3ua_,SCOPe-ALL,family,c.55.3.2,c,c.55,c.55.3,c.55.3.2,151
d3s3na2,SCOPe-ALL,family,c.55.3.2,c,c.55,c.55.3,c.55.3.2,209
d1cz9a_,SCOPe-ALL,family,c.55.3.2,c,c.55,c.55.3,c.55.3.2,139
d5cz1a1,SCOPe-ALL,family,c.55.3.2,c,c.55,c.55.3,c.55.3.2,159
d1bcoa2,SCOPe-ALL,family,c.55.3.3,c,c.55,c.55.3,c.55.3.3,223
d1musa1,SCOPe-ALL,family,c.55.3.4,c,c.55,c.55.3,c.55.3.4,473
d3mwpa1,SCOPe-ALL,family,c.55.3.5,c,c.55,c.55.3,c.55.3.5,198
d3ncia1,SCOPe-ALL,family,c.55.3.5,c,c.55,c.55.3,c.55.3.5,375
d1q8ia1,SCOPe-ALL,family,c.55.3.5,c,c.55,c.55.3,c.55.3.5,388
d1s5ja1,SCOPe-ALL,family,c.55.3.5,c,c.55,c.55.3,c.55.3.5,410
d2py5a1,SCOPe-ALL,family,c.55.3.5,c,c.55,c.55.3,c.55.3.5,183
d1kfsa1,SCOPe-ALL,family,c.55.3.5,c,c.55,c.55.3,c.55.3.5,195
d3py8a1,SCOPe-ALL,family,c.55.3.5,c,c.55,c.55.3,c.55.3.5,129
d1x9ma1,SCOPe-ALL,family,c.55.3.5,c,c.55,c.55.3,c.55.3.5,204
d1w0ha_,SCOPe-ALL,family,c.55.3.5,c,c.55,c.55.3,c.55.3.5,200
d2qxfa_,SCOPe-ALL,family,c.55.3.5,c,c.55,c.55.3,c.55.3.5,468
d2hbja2,SCOPe-ALL,family,c.55.3.5,c,c.55,c.55.3,c.55.3.5,292
d2q3sa2,SCOPe-ALL,family,c.55.3.5,c,c.55,c.55.3,c.55.3.5,205
d1wlja_,SCOPe-ALL,family,c.55.3.5,c,c.55,c.55.3,c.55.3.5,173
d1j54a_,SCOPe-ALL,family,c.55.3.5,c,c.55,c.55.3,c.55.3.5,174
d2igia_,SCOPe-ALL,family,c.55.3.5,c,c.55,c.55.3,c.55.3.5,180
d1yt3a3,SCOPe-ALL,family,c.55.3.5,c,c.55,c.55.3,c.55.3.5,193
d3mxma_,SCOPe-ALL,family,c.55.3.5,c,c.55,c.55.3,c.55.3.5,229
d4kb1a_,SCOPe-ALL,family,c.55.3.5,c,c.55,c.55.3,c.55.3.5,208
d4ep4a_,SCOPe-ALL,family,c.55.3.6,c,c.55,c.55.3,c.55.3.6,166
d6lw3a_,SCOPe-ALL,family,c.55.3.6,c,c.55,c.55.3,c.55.3.6,153
d1kcfa2,SCOPe-ALL,family,c.55.3.7,c,c.55,c.55.3,c.55.3.7,218
d1nu0a_,SCOPe-ALL,family,c.55.3.8,c,c.55,c.55.3,c.55.3.8,138
d1vhxa1,SCOPe-ALL,family,c.55.3.8,c,c.55,c.55.3,c.55.3.8,137
d1iv0a_,SCOPe-ALL,family,c.55.3.8,c,c.55,c.55.3,c.55.3.8,98
d1uoca_,SCOPe-ALL,family,c.55.3.9,c,c.55,c.55.3,c.55.3.9,286
d1zupa1,SCOPe-ALL,family,c.55.3.11,c,c.55,c.55.3,c.55.3.11,301
d2bw3a2,SCOPe-ALL,family,c.55.3.12,c,c.55,c.55.3,c.55.3.12,447
d3bzca5,SCOPe-ALL,family,c.55.3.13,c,c.55,c.55.3,c.55.3.13,149
d4jk8a_,SCOPe-ALL,family,c.55.3.14,c,c.55,c.55.3,c.55.3.14,220
d1yvua4,SCOPe-ALL,family,c.55.3.15,c,c.55,c.55.3,c.55.3.15,219
d1u04a4,SCOPe-ALL,family,c.55.3.15,c,c.55,c.55.3,c.55.3.15,226
d2bgga3,SCOPe-ALL,family,c.55.3.15,c,c.55,c.55.3,c.55.3.15,257
d4ogca1,SCOPe-ALL,family,c.55.3.16,c,c.55,c.55.3,c.55.3.16,237
d5axwa1,SCOPe-ALL,family,c.55.3.16,c,c.55,c.55.3,c.55.3.16,245
d4oo8a1,SCOPe-ALL,family,c.55.3.16,c,c.55,c.55.3,c.55.3.16,305
d4wwxb2,SCOPe-ALL,family,c.55.3.17,c,c.55,c.55.3,c.55.3.17,384
d5id6a1,SCOPe-ALL,family,c.55.3.18,c,c.55,c.55.3,c.55.3.18,293
d3kkra1,SCOPe-ALL,family,c.55.3.0,c,c.55,c.55.3,c.55.3.0,149
d6nqia_,SCOPe-ALL,family,c.55.3.0,c,c.55,c.55.3,c.55.3.0,209
d2p51a_,SCOPe-ALL,family,c.55.3.0,c,c.55,c.55.3,c.55.3.0,255
d4dqqa1,SCOPe-ALL,family,c.55.3.0,c,c.55,c.55.3,c.55.3.0,172
d4krea3,SCOPe-ALL,family,c.55.3.0,c,c.55,c.55.3,c.55.3.0,282
d2qk9a1,SCOPe-ALL,family,c.55.3.0,c,c.55,c.55.3,c.55.3.0,151
d4i7ga2,SCOPe-ALL,family,c.55.3.0,c,c.55,c.55.3,c.55.3.0,125
d6qbta_,SCOPe-ALL,family,c.55.3.0,c,c.55,c.55.3,c.55.3.0,156
d4ahca1,SCOPe-ALL,family,c.55.3.0,c,c.55,c.55.3,c.55.3.0,347
d2ehga_,SCOPe-ALL,family,c.55.3.0,c,c.55,c.55.3,c.55.3.0,149
d3u3ga_,SCOPe-ALL,family,c.55.3.0,c,c.55,c.55.3,c.55.3.0,140
d3p1ga_,SCOPe-ALL,family,c.55.3.0,c,c.55,c.55.3,c.55.3.0,157
d1vq8n1,SCOPe-ALL,family,c.55.4.1,c,c.55,c.55.4,c.55.4.1,186
d2j01s1,SCOPe-ALL,family,c.55.4.1,c,c.55,c.55.4,c.55.4.1,86
d1fjgk_,SCOPe-ALL,family,c.55.4.1,c,c.55,c.55.4,c.55.4.1,119
d2qi2a2,SCOPe-ALL,family,c.55.4.2,c,c.55,c.55.4,c.55.4.2,117
d2vgna2,SCOPe-ALL,family,c.55.4.2,c,c.55,c.55.4,c.55.4.2,142
d1dt9a1,SCOPe-ALL,family,c.55.4.2,c,c.55,c.55.4,c.55.4.2,134
d4af1a2,SCOPe-ALL,family,c.55.4.0,c,c.55,c.55.4,c.55.4.0,133
d1rdua_,SCOPe-ALL,family,c.55.5.1,c,c.55,c.55.5,c.55.5.1,116
d1o13a_,SCOPe-ALL,family,c.55.5.1,c,c.55,c.55.5,c.55.5.1,107
d1p90a_,SCOPe-ALL,family,c.55.5.2,c,c.55,c.55.5,c.55.5.2,123
d2wfba1,SCOPe-ALL,family,c.55.5.0,c,c.55,c.55.5,c.55.5.0,117
d2yx6a_,SCOPe-ALL,family,c.55.5.0,c,c.55,c.55.5,c.55.5.0,115
d1wb9a3,SCOPe-ALL,family,c.55.6.1,c,c.55,c.55.6,c.55.6.1,153
d1ewqa3,SCOPe-ALL,family,c.55.6.1,c,c.55,c.55.6,c.55.6.1,146
d1sfea2,SCOPe-ALL,family,c.55.7.1,c,c.55,c.55.7,c.55.7.1,81
d1mgta2,SCOPe-ALL,family,c.55.7.1,c,c.55,c.55.7,c.55.7.1,88
d3l00a1,SCOPe-ALL,family,c.55.7.0,c,c.55,c.55.7,c.55.7.0,87
d1cfza_,SCOPe-ALL,family,c.56.1.1,c,c.56,c.56.1,c.56.1.1,162
d1c8ba_,SCOPe-ALL,family,c.56.1.2,c,c.56,c.56.1,c.56.1.2,371
d1je0a_,SCOPe-ALL,family,c.56.2.1,c,c.56,c.56.2,c.56.2.1,234
d1ybfa_,SCOPe-ALL,family,c.56.2.1,c,c.56,c.56.2,c.56.2.1,246
d1t8sa_,SCOPe-ALL,family,c.56.2.1,c,c.56,c.56.2,c.56.2.1,477
d4rj2a_,SCOPe-ALL,family,c.56.2.1,c,c.56,c.56.2,c.56.2.1,237
d1g2oa_,SCOPe-ALL,family,c.56.2.1,c,c.56,c.56.2,c.56.2.1,262
d1vmka_,SCOPe-ALL,family,c.56.2.1,c,c.56,c.56.2,c.56.2.1,265
d1odka_,SCOPe-ALL,family,c.56.2.1,c,c.56,c.56.2,c.56.2.1,234
d5m2ta_,SCOPe-ALL,family,c.56.2.1,c,c.56,c.56.2,c.56.2.1,251
d2b94a1,SCOPe-ALL,family,c.56.2.1,c,c.56,c.56.2,c.56.2.1,244
d4f1wa_,SCOPe-ALL,family,c.56.2.1,c,c.56,c.56.2,c.56.2.1,231
d3t94a_,SCOPe-ALL,family,c.56.2.1,c,c.56,c.56.2,c.56.2.1,270
d5b7ga_,SCOPe-ALL,family,c.56.2.0,c,c.56,c.56.2,c.56.2.0,249
d5ko6a_,SCOPe-ALL,family,c.56.2.0,c,c.56,c.56.2,c.56.2.0,285
d5cyfa_,SCOPe-ALL,family,c.56.2.0,c,c.56,c.56.2,c.56.2.0,290
d4l0ma1,SCOPe-ALL,family,c.56.2.0,c,c.56,c.56.2,c.56.2.0,236
d4oy3a1,SCOPe-ALL,family,c.56.2.0,c,c.56,c.56.2,c.56.2.0,229
d3eufa_,SCOPe-ALL,family,c.56.2.0,c,c.56,c.56.2,c.56.2.0,293
d2h8ga_,SCOPe-ALL,family,c.56.2.0,c,c.56,c.56.2,c.56.2.0,246
d4mcha1,SCOPe-ALL,family,c.56.2.0,c,c.56,c.56.2,c.56.2.0,242
d3odga_,SCOPe-ALL,family,c.56.2.0,c,c.56,c.56.2,c.56.2.0,273
d1ryba_,SCOPe-ALL,family,c.56.3.1,c,c.56,c.56.3,c.56.3.1,191
d7csna1,SCOPe-ALL,family,c.56.3.0,c,c.56,c.56.3,c.56.3.0,193
d4qt4a_,SCOPe-ALL,family,c.56.3.0,c,c.56,c.56.3,c.56.3.0,189
d5zx8a1,SCOPe-ALL,family,c.56.3.0,c,c.56,c.56.3,c.56.3.0,182
d1iu8a_,SCOPe-ALL,family,c.56.4.1,c,c.56,c.56.4,c.56.4.1,206
d5z48a1,SCOPe-ALL,family,c.56.4.0,c,c.56,c.56.4,c.56.4.0,210
d3giua_,SCOPe-ALL,family,c.56.4.0,c,c.56,c.56.4,c.56.4.0,212
d1jqga1,SCOPe-ALL,family,c.56.5.1,c,c.56,c.56.5,c.56.5.1,317
d1m4la_,SCOPe-ALL,family,c.56.5.1,c,c.56,c.56.5,c.56.5.1,307
d1h8la2,SCOPe-ALL,family,c.56.5.1,c,c.56,c.56.5,c.56.5.1,301
d4gm5a_,SCOPe-ALL,family,c.56.5.2,c,c.56,c.56.5,c.56.5.2,323
d1lama1,SCOPe-ALL,family,c.56.5.3,c,c.56,c.56.5,c.56.5.3,325
d1z2la1,SCOPe-ALL,family,c.56.5.4,c,c.56,c.56.5,c.56.5.4,294
d1rtqa_,SCOPe-ALL,family,c.56.5.4,c,c.56,c.56.5,c.56.5.4,291
d1lfwa1,SCOPe-ALL,family,c.56.5.4,c,c.56,c.56.5,c.56.5.4,273
d1yloa2,SCOPe-ALL,family,c.56.5.4,c,c.56,c.56.5,c.56.5.4,265
d1cg2a1,SCOPe-ALL,family,c.56.5.4,c,c.56,c.56.5,c.56.5.4,277
d2grea2,SCOPe-ALL,family,c.56.5.4,c,c.56,c.56.5,c.56.5.4,234
d2fvga2,SCOPe-ALL,family,c.56.5.4,c,c.56,c.56.5,c.56.5.4,256
d1y0ya3,SCOPe-ALL,family,c.56.5.4,c,c.56,c.56.5,c.56.5.4,256
d1vhea2,SCOPe-ALL,family,c.56.5.4,c,c.56,c.56.5,c.56.5.4,270
d2q43a1,SCOPe-ALL,family,c.56.5.4,c,c.56,c.56.5,c.56.5.4,274
d1fnoa4,SCOPe-ALL,family,c.56.5.4,c,c.56,c.56.5,c.56.5.4,296
d1r3na1,SCOPe-ALL,family,c.56.5.4,c,c.56,c.56.5,c.56.5.4,323
d1y7ea2,SCOPe-ALL,family,c.56.5.4,c,c.56,c.56.5,c.56.5.4,323
d1ysja1,SCOPe-ALL,family,c.56.5.4,c,c.56,c.56.5,c.56.5.4,262
d1vhoa2,SCOPe-ALL,family,c.56.5.4,c,c.56,c.56.5,c.56.5.4,249
d1vgya1,SCOPe-ALL,family,c.56.5.4,c,c.56,c.56.5,c.56.5.4,263
d1tkja_,SCOPe-ALL,family,c.56.5.4,c,c.56,c.56.5,c.56.5.4,277
d5o5ta1,SCOPe-ALL,family,c.56.5.5,c,c.56,c.56.5,c.56.5.5,307
d3kasa1,SCOPe-ALL,family,c.56.5.5,c,c.56,c.56.5,c.56.5.5,296
d1xova2,SCOPe-ALL,family,c.56.5.6,c,c.56,c.56.5,c.56.5.6,180
d1jwqa_,SCOPe-ALL,family,c.56.5.6,c,c.56,c.56.5,c.56.5.6,179
d1yw4a1,SCOPe-ALL,family,c.56.5.7,c,c.56,c.56.5,c.56.5.7,331
d1yw6a1,SCOPe-ALL,family,c.56.5.7,c,c.56,c.56.5,c.56.5.7,322
d2bcoa1,SCOPe-ALL,family,c.56.5.7,c,c.56,c.56.5,c.56.5.7,339
d2q4za_,SCOPe-ALL,family,c.56.5.7,c,c.56,c.56.5,c.56.5.7,307
d2afwa_,SCOPe-ALL,family,c.56.5.8,c,c.56,c.56.5,c.56.5.8,329
d2odfa1,SCOPe-ALL,family,c.56.5.9,c,c.56,c.56.5,c.56.5.9,252
d2q7sa1,SCOPe-ALL,family,c.56.5.9,c,c.56,c.56.5,c.56.5.9,280
d6zeqa_,SCOPe-ALL,family,c.56.5.0,c,c.56,c.56.5,c.56.5.0,301
d5emia1,SCOPe-ALL,family,c.56.5.0,c,c.56,c.56.5,c.56.5.0,178
d4rn7a1,SCOPe-ALL,family,c.56.5.0,c,c.56,c.56.5,c.56.5.0,183
d1boub_,SCOPe-ALL,family,c.56.6.1,c,c.56,c.56.6,c.56.6.1,298
d2pw6a1,SCOPe-ALL,family,c.56.6.1,c,c.56,c.56.6,c.56.6.1,258
d1yqea1,SCOPe-ALL,family,c.56.7.1,c,c.56,c.56.7,c.56.7.1,278
d2gfqa1,SCOPe-ALL,family,c.56.7.1,c,c.56,c.56.7,c.56.7.1,286
d2p90a1,SCOPe-ALL,family,c.56.8.1,c,c.56,c.56.8,c.56.8.1,269
d1y5ea1,SCOPe-ALL,family,c.57.1.1,c,c.57,c.57.1,c.57.1.1,155
d1mkza1,SCOPe-ALL,family,c.57.1.1,c,c.57,c.57.1,c.57.1.1,168
d1di6a_,SCOPe-ALL,family,c.57.1.1,c,c.57,c.57.1,c.57.1.1,190
d1uuya_,SCOPe-ALL,family,c.57.1.1,c,c.57,c.57.1,c.57.1.1,161
d2g2ca1,SCOPe-ALL,family,c.57.1.1,c,c.57,c.57.1,c.57.1.1,163
d1uz5a3,SCOPe-ALL,family,c.57.1.2,c,c.57,c.57.1,c.57.1.2,148
d1wu2a3,SCOPe-ALL,family,c.57.1.2,c,c.57,c.57.1,c.57.1.2,144
d3tcra_,SCOPe-ALL,family,c.57.1.0,c,c.57,c.57.1,c.57.1.0,158
d3pzya_,SCOPe-ALL,family,c.57.1.0,c,c.57,c.57.1,c.57.1.0,154
d6fgca2,SCOPe-ALL,family,c.57.1.0,c,c.57,c.57.1,c.57.1.0,155
d2pjka_,SCOPe-ALL,family,c.57.1.0,c,c.57,c.57.1,c.57.1.0,166
d1bgva2,SCOPe-ALL,family,c.58.1.1,c,c.58,c.58.1,c.58.1.1,194
d1hwxa3,SCOPe-ALL,family,c.58.1.1,c,c.58,c.58.1,c.58.1.1,208
d1gtma2,SCOPe-ALL,family,c.58.1.1,c,c.58,c.58.1,c.58.1.1,178
d1c1da2,SCOPe-ALL,family,c.58.1.1,c,c.58,c.58.1,c.58.1.1,148
d1edza2,SCOPe-ALL,family,c.58.1.2,c,c.58,c.58.1,c.58.1.2,146
d1a4ia2,SCOPe-ALL,family,c.58.1.2,c,c.58,c.58.1,c.58.1.2,125
d5o2aa1,SCOPe-ALL,family,c.58.1.2,c,c.58,c.58.1,c.58.1.2,121
d1vl6a2,SCOPe-ALL,family,c.58.1.3,c,c.58,c.58.1,c.58.1.3,154
d1llqa2,SCOPe-ALL,family,c.58.1.3,c,c.58,c.58.1,c.58.1.3,294
d1luaa2,SCOPe-ALL,family,c.58.1.4,c,c.58,c.58.1,c.58.1.4,96
d1nyta2,SCOPe-ALL,family,c.58.1.5,c,c.58,c.58.1,c.58.1.5,101
d1npya2,SCOPe-ALL,family,c.58.1.5,c,c.58,c.58.1,c.58.1.5,102
d4b4ua1,SCOPe-ALL,family,c.58.1.0,c,c.58,c.58.1,c.58.1.0,121
d3tnla1,SCOPe-ALL,family,c.58.1.0,c,c.58,c.58.1,c.58.1.0,109
d5dzsa1,SCOPe-ALL,family,c.58.1.0,c,c.58,c.58.1,c.58.1.0,100
d3vpxa1,SCOPe-ALL,family,c.58.1.0,c,c.58,c.58.1,c.58.1.0,133
d3ngxa1,SCOPe-ALL,family,c.58.1.0,c,c.58,c.58.1,c.58.1.0,114
d4cjxa1,SCOPe-ALL,family,c.58.1.0,c,c.58,c.58.1,c.58.1.0,124
d7mf4a1,SCOPe-ALL,family,c.58.1.0,c,c.58,c.58.1,c.58.1.0,255
d1p3da2,SCOPe-ALL,family,c.59.1.1,c,c.59,c.59.1,c.59.1.1,152
d1j6ua2,SCOPe-ALL,family,c.59.1.1,c,c.59,c.59.1,c.59.1.1,151
d1e8ca2,SCOPe-ALL,family,c.59.1.1,c,c.59,c.59.1,c.59.1.1,157
d2gc6a1,SCOPe-ALL,family,c.59.1.2,c,c.59,c.59.1,c.59.1.2,129
d1o5za1,SCOPe-ALL,family,c.59.1.2,c,c.59,c.59.1,c.59.1.2,137
d2wjpa3,SCOPe-ALL,family,c.59.1.0,c,c.59,c.59.1,c.59.1.0,140
d4cvka3,SCOPe-ALL,family,c.59.1.0,c,c.59,c.59.1,c.59.1.0,132
d1v37a_,SCOPe-ALL,family,c.60.1.1,c,c.60,c.60.1,c.60.1.1,171
d1h2ea_,SCOPe-ALL,family,c.60.1.1,c,c.60,c.60.1,c.60.1.1,207
d1e58a_,SCOPe-ALL,family,c.60.1.1,c,c.60,c.60.1,c.60.1.1,247
d1qwoa_,SCOPe-ALL,family,c.60.1.2,c,c.60,c.60.1,c.60.1.2,435
d1qfxa_,SCOPe-ALL,family,c.60.1.2,c,c.60,c.60.1,c.60.1.2,447
d1nd6a_,SCOPe-ALL,family,c.60.1.2,c,c.60,c.60.1,c.60.1.2,342
d3ntla1,SCOPe-ALL,family,c.60.1.2,c,c.60,c.60.1,c.60.1.2,387
d1bifa2,SCOPe-ALL,family,c.60.1.4,c,c.60,c.60.1,c.60.1.4,219
d5zkka_,SCOPe-ALL,family,c.60.1.0,c,c.60,c.60.1,c.60.1.0,197
d4arua_,SCOPe-ALL,family,c.60.1.0,c,c.60,c.60.1,c.60.1.0,410
d4ij5a_,SCOPe-ALL,family,c.60.1.0,c,c.60,c.60.1,c.60.1.0,211
d2wnha1,SCOPe-ALL,family,c.60.1.0,c,c.60,c.60.1,c.60.1.0,393
d2a6pa_,SCOPe-ALL,family,c.60.1.0,c,c.60,c.60.1,c.60.1.0,193
d6nrua_,SCOPe-ALL,family,c.60.1.0,c,c.60,c.60.1,c.60.1.0,202
d3e9da_,SCOPe-ALL,family,c.60.1.0,c,c.60,c.60.1,c.60.1.0,250
d1g2qa_,SCOPe-ALL,family,c.61.1.1,c,c.61,c.61.1,c.61.1.1,178
d1l1qa1,SCOPe-ALL,family,c.61.1.1,c,c.61,c.61.1,c.61.1.1,179
d1ecfa1,SCOPe-ALL,family,c.61.1.1,c,c.61,c.61.1,c.61.1.1,243
d1dqna_,SCOPe-ALL,family,c.61.1.1,c,c.61,c.61.1,c.61.1.1,230
d5jsqa_,SCOPe-ALL,family,c.61.1.1,c,c.61,c.61.1,c.61.1.1,195
d1fsga1,SCOPe-ALL,family,c.61.1.1,c,c.61,c.61.1,c.61.1.1,230
d2aeea1,SCOPe-ALL,family,c.61.1.1,c,c.61,c.61.1,c.61.1.1,208
d1vdma1,SCOPe-ALL,family,c.61.1.1,c,c.61,c.61.1,c.61.1.1,153
d1p41a2,SCOPe-ALL,family,c.61.1.1,c,c.61,c.61.1,c.61.1.1,202
d1wd5a_,SCOPe-ALL,family,c.61.1.1,c,c.61,c.61.1,c.61.1.1,208
d1vcha1,SCOPe-ALL,family,c.61.1.1,c,c.61,c.61.1,c.61.1.1,174
d1xtta1,SCOPe-ALL,family,c.61.1.1,c,c.61,c.61.1,c.61.1.1,215
d1bd3a_,SCOPe-ALL,family,c.61.1.1,c,c.61,c.61.1,c.61.1.1,224
d4p82a1,SCOPe-ALL,family,c.61.1.1,c,c.61,c.61.1,c.61.1.1,178
d6w1ia1,SCOPe-ALL,family,c.61.1.1,c,c.61,c.61.1,c.61.1.1,189
d2jbha_,SCOPe-ALL,family,c.61.1.1,c,c.61,c.61.1,c.61.1.1,219
d2geba1,SCOPe-ALL,family,c.61.1.1,c,c.61,c.61.1,c.61.1.1,180
d6kp5a_,SCOPe-ALL,family,c.61.1.1,c,c.61,c.61.1,c.61.1.1,148
d1u9ya1,SCOPe-ALL,family,c.61.1.2,c,c.61,c.61.1,c.61.1.2,155
d1u9ya2,SCOPe-ALL,family,c.61.1.2,c,c.61,c.61.1,c.61.1.2,129
d2e55a_,SCOPe-ALL,family,c.61.1.0,c,c.61,c.61.1,c.61.1.0,208
d2ps1a_,SCOPe-ALL,family,c.61.1.0,c,c.61,c.61.1,c.61.1.0,224
d4ohca_,SCOPe-ALL,family,c.61.1.0,c,c.61,c.61.1,c.61.1.0,221
d2dy0a_,SCOPe-ALL,family,c.61.1.0,c,c.61,c.61.1,c.61.1.0,182
d2ehja1,SCOPe-ALL,family,c.61.1.0,c,c.61,c.61.1,c.61.1.0,207
d2wnsa_,SCOPe-ALL,family,c.61.1.0,c,c.61,c.61.1,c.61.1.0,197
d2h06a2,SCOPe-ALL,family,c.61.1.0,c,c.61,c.61.1,c.61.1.0,153
d5eswa1,SCOPe-ALL,family,c.61.1.0,c,c.61,c.61.1,c.61.1.0,188
d6nfea1,SCOPe-ALL,family,c.61.1.0,c,c.61,c.61.1,c.61.1.0,161
d6nfea2,SCOPe-ALL,family,c.61.1.0,c,c.61,c.61.1,c.61.1.0,143
d5mp7a2,SCOPe-ALL,family,c.61.1.0,c,c.61,c.61.1,c.61.1.0,148
d5voga1,SCOPe-ALL,family,c.61.1.0,c,c.61,c.61.1,c.61.1.0,174
d6lbpa2,SCOPe-ALL,family,c.61.1.0,c,c.61,c.61.1,c.61.1.0,225
d3lrta1,SCOPe-ALL,family,c.61.1.0,c,c.61,c.61.1,c.61.1.0,155
d3lrta2,SCOPe-ALL,family,c.61.1.0,c,c.61,c.61.1,c.61.1.0,129
d5zgoa_,SCOPe-ALL,family,c.61.1.0,c,c.61,c.61.1,c.61.1.0,178
d5vn4a1,SCOPe-ALL,family,c.61.1.0,c,c.61,c.61.1,c.61.1.0,235
d1shux_,SCOPe-ALL,family,c.62.1.1,c,c.62,c.62.1,c.62.1.1,181
d1rrka2,SCOPe-ALL,family,c.62.1.1,c,c.62,c.62.1,c.62.1.1,210
d1mf7a1,SCOPe-ALL,family,c.62.1.1,c,c.62,c.62.1,c.62.1.1,192
d5hgja_,SCOPe-ALL,family,c.62.1.1,c,c.62,c.62.1,c.62.1.1,194
d1txvb6,SCOPe-ALL,family,c.62.1.1,c,c.62,c.62.1,c.62.1.1,248
d1mjna_,SCOPe-ALL,family,c.62.1.1,c,c.62,c.62.1,c.62.1.1,179
d2x5na_,SCOPe-ALL,family,c.62.1.1,c,c.62,c.62.1,c.62.1.1,192
d1ijba_,SCOPe-ALL,family,c.62.1.1,c,c.62,c.62.1,c.62.1.1,202
d1atza_,SCOPe-ALL,family,c.62.1.1,c,c.62,c.62.1,c.62.1.1,184
d1m2oa3,SCOPe-ALL,family,c.62.1.2,c,c.62,c.62.1,c.62.1.2,271
d1pd0a3,SCOPe-ALL,family,c.62.1.2,c,c.62,c.62.1,c.62.1.2,252
d1jeya2,SCOPe-ALL,family,c.62.1.3,c,c.62,c.62.1,c.62.1.3,220
d1jeyb2,SCOPe-ALL,family,c.62.1.4,c,c.62,c.62.1,c.62.1.4,236
d1yvra2,SCOPe-ALL,family,c.62.1.5,c,c.62,c.62.1,c.62.1.5,174
d3zqka_,SCOPe-ALL,family,c.62.1.0,c,c.62,c.62.1,c.62.1.0,181
d2odpa1,SCOPe-ALL,family,c.62.1.0,c,c.62,c.62.1,c.62.1.0,219
d4igia_,SCOPe-ALL,family,c.62.1.0,c,c.62,c.62.1,c.62.1.0,197
d2c42a4,SCOPe-ALL,family,c.64.1.1,c,c.64,c.64.1,c.64.1.1,253
d2bw0a2,SCOPe-ALL,family,c.65.1.1,c,c.65,c.65.1,c.65.1.1,203
d4ew1a1,SCOPe-ALL,family,c.65.1.1,c,c.65,c.65.1,c.65.1.1,201
d1xg9a3,SCOPe-ALL,family,c.65.1.1,c,c.65,c.65.1,c.65.1.1,164
d1fmta2,SCOPe-ALL,family,c.65.1.1,c,c.65,c.65.1,c.65.1.1,206
d2blna2,SCOPe-ALL,family,c.65.1.1,c,c.65,c.65.1,c.65.1.1,203
d3p9xa1,SCOPe-ALL,family,c.65.1.0,c,c.65,c.65.1,c.65.1.0,187
d5cjja1,SCOPe-ALL,family,c.65.1.0,c,c.65,c.65.1,c.65.1.0,188
d3tqra_,SCOPe-ALL,family,c.65.1.0,c,c.65,c.65.1,c.65.1.0,212
d5p9va_,SCOPe-ALL,family,c.66.1.1,c,c.66,c.66.1,c.66.1.1,213
d3c3ya_,SCOPe-ALL,family,c.66.1.1,c,c.66,c.66.1,c.66.1.1,225
d1ej0a_,SCOPe-ALL,family,c.66.1.2,c,c.66,c.66.1,c.66.1.2,180
d1nt2a_,SCOPe-ALL,family,c.66.1.3,c,c.66,c.66.1,c.66.1.3,209
d1g8aa_,SCOPe-ALL,family,c.66.1.3,c,c.66,c.66.1,c.66.1.3,227
d1dusa_,SCOPe-ALL,family,c.66.1.4,c,c.66,c.66.1,c.66.1.4,194
d3thra_,SCOPe-ALL,family,c.66.1.5,c,c.66,c.66.1,c.66.1.5,292
d3smqa_,SCOPe-ALL,family,c.66.1.6,c,c.66,c.66.1,c.66.1.6,305
d6dvra_,SCOPe-ALL,family,c.66.1.6,c,c.66,c.66.1,c.66.1.6,337
d1i1na_,SCOPe-ALL,family,c.66.1.7,c,c.66,c.66.1,c.66.1.7,224
d1jg1a_,SCOPe-ALL,family,c.66.1.7,c,c.66,c.66.1,c.66.1.7,215
d1vbfa_,SCOPe-ALL,family,c.66.1.7,c,c.66,c.66.1,c.66.1.7,224
d1dl5a1,SCOPe-ALL,family,c.66.1.7,c,c.66,c.66.1,c.66.1.7,213
d1af7a2,SCOPe-ALL,family,c.66.1.8,c,c.66,c.66.1,c.66.1.8,193
d1booa_,SCOPe-ALL,family,c.66.1.11,c,c.66,c.66.1,c.66.1.11,320
d1nw7a_,SCOPe-ALL,family,c.66.1.11,c,c.66,c.66.1,c.66.1.11,279
d1g60a_,SCOPe-ALL,family,c.66.1.11,c,c.66,c.66.1,c.66.1.11,256
d5eeha2,SCOPe-ALL,family,c.66.1.12,c,c.66,c.66.1,c.66.1.12,253
d1fpqa2,SCOPe-ALL,family,c.66.1.12,c,c.66,c.66.1,c.66.1.12,244
d1fp2a2,SCOPe-ALL,family,c.66.1.12,c,c.66,c.66.1,c.66.1.12,244
d2b25a1,SCOPe-ALL,family,c.66.1.13,c,c.66,c.66.1,c.66.1.13,324
d1yb2a1,SCOPe-ALL,family,c.66.1.13,c,c.66,c.66.1,c.66.1.13,250
d1o54a1,SCOPe-ALL,family,c.66.1.13,c,c.66,c.66.1,c.66.1.13,262
d1i9ga_,SCOPe-ALL,family,c.66.1.13,c,c.66,c.66.1,c.66.1.13,264
d4iwna_,SCOPe-ALL,family,c.66.1.14,c,c.66,c.66.1,c.66.1.14,229
d2a14a1,SCOPe-ALL,family,c.66.1.15,c,c.66,c.66.1,c.66.1.15,257
d2g72a_,SCOPe-ALL,family,c.66.1.15,c,c.66,c.66.1,c.66.1.15,264
d3orha_,SCOPe-ALL,family,c.66.1.16,c,c.66,c.66.1,c.66.1.16,230
d1jq3a_,SCOPe-ALL,family,c.66.1.17,c,c.66,c.66.1,c.66.1.17,295
d1uira_,SCOPe-ALL,family,c.66.1.17,c,c.66,c.66.1,c.66.1.17,312
d2e5wa_,SCOPe-ALL,family,c.66.1.17,c,c.66,c.66.1,c.66.1.17,280
d2o57a1,SCOPe-ALL,family,c.66.1.18,c,c.66,c.66.1,c.66.1.18,282
d7l9ua_,SCOPe-ALL,family,c.66.1.18,c,c.66,c.66.1,c.66.1.18,284
d2aota_,SCOPe-ALL,family,c.66.1.19,c,c.66,c.66.1,c.66.1.19,288
d1xdza1,SCOPe-ALL,family,c.66.1.20,c,c.66,c.66.1,c.66.1.20,238
d1jsxa_,SCOPe-ALL,family,c.66.1.20,c,c.66,c.66.1,c.66.1.20,207
d5epea_,SCOPe-ALL,family,c.66.1.21,c,c.66,c.66.1,c.66.1.21,248
d1l3ia_,SCOPe-ALL,family,c.66.1.22,c,c.66,c.66.1,c.66.1.22,186
d1n2xa2,SCOPe-ALL,family,c.66.1.23,c,c.66,c.66.1,c.66.1.23,187
d1zq9a1,SCOPe-ALL,family,c.66.1.24,c,c.66,c.66.1,c.66.1.24,278
d1qama_,SCOPe-ALL,family,c.66.1.24,c,c.66,c.66.1,c.66.1.24,235
d1i4wa_,SCOPe-ALL,family,c.66.1.24,c,c.66,c.66.1,c.66.1.24,322
d1vpta_,SCOPe-ALL,family,c.66.1.25,c,c.66,c.66.1,c.66.1.25,297
d6w4ha1,SCOPe-ALL,family,c.66.1.25,c,c.66,c.66.1,c.66.1.25,298
d3eeoa_,SCOPe-ALL,family,c.66.1.26,c,c.66,c.66.1,c.66.1.26,327
d3pt9a3,SCOPe-ALL,family,c.66.1.26,c,c.66,c.66.1,c.66.1.26,464
d3ubta_,SCOPe-ALL,family,c.66.1.26,c,c.66,c.66.1,c.66.1.26,328
d2ih2a1,SCOPe-ALL,family,c.66.1.27,c,c.66,c.66.1,c.66.1.27,223
d2dpma_,SCOPe-ALL,family,c.66.1.28,c,c.66,c.66.1,c.66.1.28,275
d1q0sa_,SCOPe-ALL,family,c.66.1.28,c,c.66,c.66.1,c.66.1.28,259
d2g1pa_,SCOPe-ALL,family,c.66.1.28,c,c.66,c.66.1,c.66.1.28,268
d1o9ga_,SCOPe-ALL,family,c.66.1.29,c,c.66,c.66.1,c.66.1.29,249
d2b3ta_,SCOPe-ALL,family,c.66.1.30,c,c.66,c.66.1,c.66.1.30,276
d1sg9a_,SCOPe-ALL,family,c.66.1.30,c,c.66,c.66.1,c.66.1.30,274
d1u2za_,SCOPe-ALL,family,c.66.1.31,c,c.66,c.66.1,c.66.1.31,406
d3qowa_,SCOPe-ALL,family,c.66.1.31,c,c.66,c.66.1,c.66.1.31,327
d1wy7a1,SCOPe-ALL,family,c.66.1.32,c,c.66,c.66.1,c.66.1.32,201
d1ne2a_,SCOPe-ALL,family,c.66.1.32,c,c.66,c.66.1,c.66.1.32,197
d1p91a_,SCOPe-ALL,family,c.66.1.33,c,c.66,c.66.1,c.66.1.33,268
d1ri5a_,SCOPe-ALL,family,c.66.1.34,c,c.66,c.66.1,c.66.1.34,252
d2gb4a_,SCOPe-ALL,family,c.66.1.36,c,c.66,c.66.1,c.66.1.36,231
d1pjza_,SCOPe-ALL,family,c.66.1.36,c,c.66,c.66.1,c.66.1.36,201
d1rjda1,SCOPe-ALL,family,c.66.1.37,c,c.66,c.66.1,c.66.1.37,327
d2b9ea1,SCOPe-ALL,family,c.66.1.38,c,c.66,c.66.1,c.66.1.38,293
d1sqga2,SCOPe-ALL,family,c.66.1.38,c,c.66,c.66.1,c.66.1.38,284
d2nxca1,SCOPe-ALL,family,c.66.1.39,c,c.66,c.66.1,c.66.1.39,254
d1uwva2,SCOPe-ALL,family,c.66.1.40,c,c.66,c.66.1,c.66.1.40,358
d2avna1,SCOPe-ALL,family,c.66.1.41,c,c.66,c.66.1,c.66.1.41,246
d1vl5a_,SCOPe-ALL,family,c.66.1.41,c,c.66,c.66.1,c.66.1.41,231
d2p7ia_,SCOPe-ALL,family,c.66.1.41,c,c.66,c.66.1,c.66.1.41,225
d1xxla1,SCOPe-ALL,family,c.66.1.41,c,c.66,c.66.1,c.66.1.41,227
d1vlma1,SCOPe-ALL,family,c.66.1.41,c,c.66,c.66.1,c.66.1.41,207
d1xtpa1,SCOPe-ALL,family,c.66.1.42,c,c.66,c.66.1,c.66.1.42,250
d5cvda1,SCOPe-ALL,family,c.66.1.42,c,c.66,c.66.1,c.66.1.42,223
d1wzna1,SCOPe-ALL,family,c.66.1.43,c,c.66,c.66.1,c.66.1.43,251
d1ve3a1,SCOPe-ALL,family,c.66.1.43,c,c.66,c.66.1,c.66.1.43,226
d1y8ca_,SCOPe-ALL,family,c.66.1.43,c,c.66,c.66.1,c.66.1.43,246
d2xvma1,SCOPe-ALL,family,c.66.1.44,c,c.66,c.66.1,c.66.1.44,197
d2f8la1,SCOPe-ALL,family,c.66.1.45,c,c.66,c.66.1,c.66.1.45,328
d2ar0a1,SCOPe-ALL,family,c.66.1.45,c,c.66,c.66.1,c.66.1.45,524
d2okca1,SCOPe-ALL,family,c.66.1.45,c,c.66,c.66.1,c.66.1.45,425
d2fpoa1,SCOPe-ALL,family,c.66.1.46,c,c.66,c.66.1,c.66.1.46,183
d1ws6a1,SCOPe-ALL,family,c.66.1.46,c,c.66,c.66.1,c.66.1.46,171
d2fhpa1,SCOPe-ALL,family,c.66.1.46,c,c.66,c.66.1,c.66.1.46,182
d2frna_,SCOPe-ALL,family,c.66.1.47,c,c.66,c.66.1,c.66.1.47,260
d6wlca1,SCOPe-ALL,family,c.66.1.48,c,c.66,c.66.1,c.66.1.48,190
d3gu3a_,SCOPe-ALL,family,c.66.1.49,c,c.66,c.66.1,c.66.1.49,276
d2bm8a1,SCOPe-ALL,family,c.66.1.50,c,c.66,c.66.1,c.66.1.50,232
d3ldfa2,SCOPe-ALL,family,c.66.1.51,c,c.66,c.66.1,c.66.1.51,317
d1wxxa2,SCOPe-ALL,family,c.66.1.51,c,c.66,c.66.1,c.66.1.51,318
d2igta1,SCOPe-ALL,family,c.66.1.51,c,c.66,c.66.1,c.66.1.51,309
d1zkda1,SCOPe-ALL,family,c.66.1.52,c,c.66,c.66.1,c.66.1.52,365
d1yzha1,SCOPe-ALL,family,c.66.1.53,c,c.66,c.66.1,c.66.1.53,204
d2h00a1,SCOPe-ALL,family,c.66.1.54,c,c.66,c.66.1,c.66.1.54,250
d2oyra1,SCOPe-ALL,family,c.66.1.55,c,c.66,c.66.1,c.66.1.55,250
d2py6a1,SCOPe-ALL,family,c.66.1.56,c,c.66,c.66.1,c.66.1.56,395
d2uyoa_,SCOPe-ALL,family,c.66.1.57,c,c.66,c.66.1,c.66.1.57,297
d2dula1,SCOPe-ALL,family,c.66.1.58,c,c.66,c.66.1,c.66.1.58,375
d2oo3a1,SCOPe-ALL,family,c.66.1.59,c,c.66,c.66.1,c.66.1.59,271
d4e2za_,SCOPe-ALL,family,c.66.1.60,c,c.66,c.66.1,c.66.1.60,405
d3tosa_,SCOPe-ALL,family,c.66.1.61,c,c.66,c.66.1,c.66.1.61,251
d2wk1a_,SCOPe-ALL,family,c.66.1.61,c,c.66,c.66.1,c.66.1.61,249
d6uvqa_,SCOPe-ALL,family,c.66.1.0,c,c.66,c.66.1,c.66.1.0,257
d4pcaa1,SCOPe-ALL,family,c.66.1.0,c,c.66,c.66.1,c.66.1.0,218
d3ftda_,SCOPe-ALL,family,c.66.1.0,c,c.66,c.66.1,c.66.1.0,240
d2yvla_,SCOPe-ALL,family,c.66.1.0,c,c.66,c.66.1,c.66.1.0,247
d3duwa_,SCOPe-ALL,family,c.66.1.0,c,c.66,c.66.1,c.66.1.0,220
d2gpya_,SCOPe-ALL,family,c.66.1.0,c,c.66,c.66.1,c.66.1.0,210
d6ifta_,SCOPe-ALL,family,c.66.1.0,c,c.66,c.66.1,c.66.1.0,292
d3uzua_,SCOPe-ALL,family,c.66.1.0,c,c.66,c.66.1,c.66.1.0,262
d7m6ba_,SCOPe-ALL,family,c.66.1.0,c,c.66,c.66.1,c.66.1.0,266
d6lyia_,SCOPe-ALL,family,c.66.1.0,c,c.66,c.66.1,c.66.1.0,342
d6c8ra1,SCOPe-ALL,family,c.66.1.0,c,c.66,c.66.1,c.66.1.0,355
d2efja_,SCOPe-ALL,family,c.66.1.0,c,c.66,c.66.1,c.66.1.0,377
d3qv2a_,SCOPe-ALL,family,c.66.1.0,c,c.66,c.66.1,c.66.1.0,320
d6qe0a1,SCOPe-ALL,family,c.66.1.0,c,c.66,c.66.1,c.66.1.0,280
d3lbfa_,SCOPe-ALL,family,c.66.1.0,c,c.66,c.66.1,c.66.1.0,207
d3o4fa_,SCOPe-ALL,family,c.66.1.0,c,c.66,c.66.1,c.66.1.0,285
d3d2la_,SCOPe-ALL,family,c.66.1.0,c,c.66,c.66.1,c.66.1.0,238
d4h0na_,SCOPe-ALL,family,c.66.1.0,c,c.66,c.66.1,c.66.1.0,331
d6fdfa_,SCOPe-ALL,family,c.66.1.0,c,c.66,c.66.1,c.66.1.0,325
d3e05a_,SCOPe-ALL,family,c.66.1.0,c,c.66,c.66.1,c.66.1.0,191
d3c3pa1,SCOPe-ALL,family,c.66.1.0,c,c.66,c.66.1,c.66.1.0,209
d2cmga_,SCOPe-ALL,family,c.66.1.0,c,c.66,c.66.1,c.66.1.0,262
d5heka_,SCOPe-ALL,family,c.66.1.0,c,c.66,c.66.1,c.66.1.0,232
d3ieia_,SCOPe-ALL,family,c.66.1.0,c,c.66,c.66.1,c.66.1.0,310
d6h2ua1,SCOPe-ALL,family,c.66.1.0,c,c.66,c.66.1,c.66.1.0,207
d2nyua_,SCOPe-ALL,family,c.66.1.0,c,c.66,c.66.1,c.66.1.0,189
d4piva1,SCOPe-ALL,family,c.66.1.0,c,c.66,c.66.1,c.66.1.0,298
d4s1ta1,SCOPe-ALL,family,c.66.1.0,c,c.66,c.66.1,c.66.1.0,191
d4e70a2,SCOPe-ALL,family,c.66.1.0,c,c.66,c.66.1,c.66.1.0,256
d6bq6a_,SCOPe-ALL,family,c.66.1.0,c,c.66,c.66.1,c.66.1.0,291
d3ajda_,SCOPe-ALL,family,c.66.1.0,c,c.66,c.66.1,c.66.1.0,266
d3grua_,SCOPe-ALL,family,c.66.1.0,c,c.66,c.66.1,c.66.1.0,263
d2yxda_,SCOPe-ALL,family,c.66.1.0,c,c.66,c.66.1,c.66.1.0,180
d5h02a_,SCOPe-ALL,family,c.66.1.0,c,c.66,c.66.1,c.66.1.0,252
d4c08a_,SCOPe-ALL,family,c.66.1.0,c,c.66,c.66.1,c.66.1.0,328
d5fwaa_,SCOPe-ALL,family,c.66.1.0,c,c.66,c.66.1,c.66.1.0,339
d5x7fa_,SCOPe-ALL,family,c.66.1.0,c,c.66,c.66.1,c.66.1.0,205
d5lhma1,SCOPe-ALL,family,c.66.1.0,c,c.66,c.66.1,c.66.1.0,214
d6i6mb2,SCOPe-ALL,family,c.66.1.0,c,c.66,c.66.1,c.66.1.0,245
d2i7ca_,SCOPe-ALL,family,c.66.1.0,c,c.66,c.66.1,c.66.1.0,281
d2plwa_,SCOPe-ALL,family,c.66.1.0,c,c.66,c.66.1,c.66.1.0,198
d2pbfa_,SCOPe-ALL,family,c.66.1.0,c,c.66,c.66.1,c.66.1.0,219
d4ymha_,SCOPe-ALL,family,c.66.1.0,c,c.66,c.66.1,c.66.1.0,239
d3mb5a1,SCOPe-ALL,family,c.66.1.0,c,c.66,c.66.1,c.66.1.0,253
d3njra1,SCOPe-ALL,family,c.66.1.0,c,c.66,c.66.1,c.66.1.0,183
d4jxja_,SCOPe-ALL,family,c.66.1.0,c,c.66,c.66.1,c.66.1.0,246
d5zzwa_,SCOPe-ALL,family,c.66.1.0,c,c.66,c.66.1,c.66.1.0,400
d3ntva_,SCOPe-ALL,family,c.66.1.0,c,c.66,c.66.1,c.66.1.0,211
d4rv9a1,SCOPe-ALL,family,c.66.1.0,c,c.66,c.66.1,c.66.1.0,415
d6qmma_,SCOPe-ALL,family,c.66.1.0,c,c.66,c.66.1,c.66.1.0,281
d3r0qa_,SCOPe-ALL,family,c.66.1.0,c,c.66,c.66.1,c.66.1.0,350
d3doua1,SCOPe-ALL,family,c.66.1.0,c,c.66,c.66.1,c.66.1.0,180
d3futa_,SCOPe-ALL,family,c.66.1.0,c,c.66,c.66.1,c.66.1.0,264
d2pwya_,SCOPe-ALL,family,c.66.1.0,c,c.66,c.66.1,c.66.1.0,251
d6dnzb_,SCOPe-ALL,family,c.66.1.0,c,c.66,c.66.1,c.66.1.0,319
d3evfa_,SCOPe-ALL,family,c.66.1.0,c,c.66,c.66.1,c.66.1.0,261
d2gb3a1,SCOPe-ALL,family,c.67.1.1,c,c.67,c.67.1,c.67.1.1,389
d5toqa1,SCOPe-ALL,family,c.67.1.1,c,c.67,c.67.1,c.67.1.1,413
d1v2da_,SCOPe-ALL,family,c.67.1.1,c,c.67,c.67.1,c.67.1.1,368
d1fg7a_,SCOPe-ALL,family,c.67.1.1,c,c.67,c.67.1,c.67.1.1,354
d2f8ja2,SCOPe-ALL,family,c.67.1.1,c,c.67,c.67.1,c.67.1.1,334
d1lc5a_,SCOPe-ALL,family,c.67.1.1,c,c.67,c.67.1,c.67.1.1,355
d1svva_,SCOPe-ALL,family,c.67.1.1,c,c.67,c.67.1,c.67.1.1,340
d1jg8a_,SCOPe-ALL,family,c.67.1.1,c,c.67,c.67.1,c.67.1.1,343
d1v72a1,SCOPe-ALL,family,c.67.1.1,c,c.67,c.67.1,c.67.1.1,345
d1xi9a1,SCOPe-ALL,family,c.67.1.1,c,c.67,c.67.1,c.67.1.1,394
d1u08a_,SCOPe-ALL,family,c.67.1.1,c,c.67,c.67.1,c.67.1.1,382
d1bw0a_,SCOPe-ALL,family,c.67.1.1,c,c.67,c.67.1,c.67.1.1,412
d4f5la1,SCOPe-ALL,family,c.67.1.1,c,c.67,c.67.1,c.67.1.1,395
d2hoxa_,SCOPe-ALL,family,c.67.1.1,c,c.67,c.67.1,c.67.1.1,425
d3fvsa_,SCOPe-ALL,family,c.67.1.1,c,c.67,c.67.1,c.67.1.1,419
d2ez2a_,SCOPe-ALL,family,c.67.1.2,c,c.67,c.67.1,c.67.1.2,456
d2bkwa1,SCOPe-ALL,family,c.67.1.3,c,c.67,c.67.1,c.67.1.3,382
d1vjoa_,SCOPe-ALL,family,c.67.1.3,c,c.67,c.67.1,c.67.1.3,377
d1c7na_,SCOPe-ALL,family,c.67.1.3,c,c.67,c.67.1,c.67.1.3,394
d1cl1a_,SCOPe-ALL,family,c.67.1.3,c,c.67,c.67.1,c.67.1.3,391
d1ibja_,SCOPe-ALL,family,c.67.1.3,c,c.67,c.67.1,c.67.1.3,380
d1cs1a_,SCOPe-ALL,family,c.67.1.3,c,c.67,c.67.1,c.67.1.3,384
d1i43a_,SCOPe-ALL,family,c.67.1.3,c,c.67,c.67.1,c.67.1.3,396
d1elua_,SCOPe-ALL,family,c.67.1.3,c,c.67,c.67.1,c.67.1.3,381
d1qz9a_,SCOPe-ALL,family,c.67.1.3,c,c.67,c.67.1,c.67.1.3,404
d1d2fa_,SCOPe-ALL,family,c.67.1.3,c,c.67,c.67.1,c.67.1.3,361
d1eg5a_,SCOPe-ALL,family,c.67.1.3,c,c.67,c.67.1,c.67.1.3,376
d1iuga_,SCOPe-ALL,family,c.67.1.3,c,c.67,c.67.1,c.67.1.3,348
d6uxea1,SCOPe-ALL,family,c.67.1.3,c,c.67,c.67.1,c.67.1.3,400
d6mfba_,SCOPe-ALL,family,c.67.1.3,c,c.67,c.67.1,c.67.1.3,384
d3piua_,SCOPe-ALL,family,c.67.1.4,c,c.67,c.67.1,c.67.1.4,416
d1b9ha_,SCOPe-ALL,family,c.67.1.4,c,c.67,c.67.1,c.67.1.4,384
d1sffa_,SCOPe-ALL,family,c.67.1.4,c,c.67,c.67.1,c.67.1.4,425
d4zsya_,SCOPe-ALL,family,c.67.1.4,c,c.67,c.67.1,c.67.1.4,461
d1vefa1,SCOPe-ALL,family,c.67.1.4,c,c.67,c.67.1,c.67.1.4,387
d1o69a_,SCOPe-ALL,family,c.67.1.4,c,c.67,c.67.1,c.67.1.4,374
d1w23a_,SCOPe-ALL,family,c.67.1.4,c,c.67,c.67.1,c.67.1.4,360
d1bs0a_,SCOPe-ALL,family,c.67.1.4,c,c.67,c.67.1,c.67.1.4,383
d2fnua_,SCOPe-ALL,family,c.67.1.4,c,c.67,c.67.1,c.67.1.4,373
d1zoda_,SCOPe-ALL,family,c.67.1.4,c,c.67,c.67.1,c.67.1.4,431
d2bwpa_,SCOPe-ALL,family,c.67.1.4,c,c.67,c.67.1,c.67.1.4,398
d5hdma_,SCOPe-ALL,family,c.67.1.4,c,c.67,c.67.1,c.67.1.4,428
d2dkja_,SCOPe-ALL,family,c.67.1.4,c,c.67,c.67.1,c.67.1.4,402
d1orda2,SCOPe-ALL,family,c.67.1.5,c,c.67,c.67.1,c.67.1.5,462
d1pmma_,SCOPe-ALL,family,c.67.1.6,c,c.67,c.67.1,c.67.1.6,450
d1wyua_,SCOPe-ALL,family,c.67.1.7,c,c.67,c.67.1,c.67.1.7,437
d1wyub_,SCOPe-ALL,family,c.67.1.7,c,c.67,c.67.1,c.67.1.7,473
d2aeua1,SCOPe-ALL,family,c.67.1.8,c,c.67,c.67.1,c.67.1.8,366
d2e7ja_,SCOPe-ALL,family,c.67.1.9,c,c.67,c.67.1,c.67.1.9,364
d2z67a1,SCOPe-ALL,family,c.67.1.9,c,c.67,c.67.1,c.67.1.9,434
d3bcba_,SCOPe-ALL,family,c.67.1.9,c,c.67,c.67.1,c.67.1.9,445
d4zwva1,SCOPe-ALL,family,c.67.1.0,c,c.67,c.67.1,c.67.1.0,369
d3n5ma1,SCOPe-ALL,family,c.67.1.0,c,c.67,c.67.1,c.67.1.0,449
d4hvka_,SCOPe-ALL,family,c.67.1.0,c,c.67,c.67.1,c.67.1.0,377
d3ju7a_,SCOPe-ALL,family,c.67.1.0,c,c.67,c.67.1,c.67.1.0,368
d2c81a_,SCOPe-ALL,family,c.67.1.0,c,c.67,c.67.1,c.67.1.0,409
d5g0aa_,SCOPe-ALL,family,c.67.1.0,c,c.67,c.67.1,c.67.1.0,468
d3doda_,SCOPe-ALL,family,c.67.1.0,c,c.67,c.67.1,c.67.1.0,446
d6l1oa_,SCOPe-ALL,family,c.67.1.0,c,c.67,c.67.1,c.67.1.0,393
d6jixa_,SCOPe-ALL,family,c.67.1.0,c,c.67,c.67.1,c.67.1.0,447
d4lc3a_,SCOPe-ALL,family,c.67.1.0,c,c.67,c.67.1,c.67.1.0,378
d3p1ta_,SCOPe-ALL,family,c.67.1.0,c,c.67,c.67.1,c.67.1.0,322
d3nx3a_,SCOPe-ALL,family,c.67.1.0,c,c.67,c.67.1,c.67.1.0,388
d3geta1,SCOPe-ALL,family,c.67.1.0,c,c.67,c.67.1,c.67.1.0,364
d4oc9a_,SCOPe-ALL,family,c.67.1.0,c,c.67,c.67.1,c.67.1.0,421
d3dr4a1,SCOPe-ALL,family,c.67.1.0,c,c.67,c.67.1,c.67.1.0,346
d4a6ra_,SCOPe-ALL,family,c.67.1.0,c,c.67,c.67.1,c.67.1.0,426
d6rl5a_,SCOPe-ALL,family,c.67.1.0,c,c.67,c.67.1,c.67.1.0,417
d3ftba_,SCOPe-ALL,family,c.67.1.0,c,c.67,c.67.1,c.67.1.0,334
d4dgta_,SCOPe-ALL,family,c.67.1.0,c,c.67,c.67.1,c.67.1.0,387
d3fdba1,SCOPe-ALL,family,c.67.1.0,c,c.67,c.67.1,c.67.1.0,376
d3cq5a_,SCOPe-ALL,family,c.67.1.0,c,c.67,c.67.1,c.67.1.0,364
d3uwca_,SCOPe-ALL,family,c.67.1.0,c,c.67,c.67.1,c.67.1.0,371
d7bxpa_,SCOPe-ALL,family,c.67.1.0,c,c.67,c.67.1,c.67.1.0,399
d3ffra1,SCOPe-ALL,family,c.67.1.0,c,c.67,c.67.1,c.67.1.0,361
d5z0qa_,SCOPe-ALL,family,c.67.1.0,c,c.67,c.67.1,c.67.1.0,376
d4lw2a1,SCOPe-ALL,family,c.67.1.0,c,c.67,c.67.1,c.67.1.0,398
d3b8xa_,SCOPe-ALL,family,c.67.1.0,c,c.67,c.67.1,c.67.1.0,386
d4adba_,SCOPe-ALL,family,c.67.1.0,c,c.67,c.67.1,c.67.1.0,400
d4cvqa_,SCOPe-ALL,family,c.67.1.0,c,c.67,c.67.1,c.67.1.0,404
d3f0ha1,SCOPe-ALL,family,c.67.1.0,c,c.67,c.67.1,c.67.1.0,356
d6lxua_,SCOPe-ALL,family,c.67.1.0,c,c.67,c.67.1,c.67.1.0,391
d3hdoa1,SCOPe-ALL,family,c.67.1.0,c,c.67,c.67.1,c.67.1.0,349
d7n63a1,SCOPe-ALL,family,c.67.1.0,c,c.67,c.67.1,c.67.1.0,361
d3ezsa1,SCOPe-ALL,family,c.67.1.0,c,c.67,c.67.1,c.67.1.0,373
d4e1oa1,SCOPe-ALL,family,c.67.1.0,c,c.67,c.67.1,c.67.1.0,476
d6d0aa1,SCOPe-ALL,family,c.67.1.0,c,c.67,c.67.1,c.67.1.0,425
d6tora_,SCOPe-ALL,family,c.67.1.0,c,c.67,c.67.1,c.67.1.0,412
d3dyda_,SCOPe-ALL,family,c.67.1.0,c,c.67,c.67.1,c.67.1.0,404
d6blga_,SCOPe-ALL,family,c.67.1.0,c,c.67,c.67.1,c.67.1.0,376
d4ysna1,SCOPe-ALL,family,c.67.1.0,c,c.67,c.67.1,c.67.1.0,442
d3dzza_,SCOPe-ALL,family,c.67.1.0,c,c.67,c.67.1,c.67.1.0,386
d6c9ea_,SCOPe-ALL,family,c.67.1.0,c,c.67,c.67.1,c.67.1.0,405
d3ffha1,SCOPe-ALL,family,c.67.1.0,c,c.67,c.67.1,c.67.1.0,360
d3gjua1,SCOPe-ALL,family,c.67.1.0,c,c.67,c.67.1,c.67.1.0,457
d4uqva_,SCOPe-ALL,family,c.67.1.0,c,c.67,c.67.1,c.67.1.0,429
d2z61a_,SCOPe-ALL,family,c.67.1.0,c,c.67,c.67.1,c.67.1.0,369
d4u1tb_,SCOPe-ALL,family,c.67.1.0,c,c.67,c.67.1,c.67.1.0,379
d4wyda_,SCOPe-ALL,family,c.67.1.0,c,c.67,c.67.1,c.67.1.0,430
d3ndna_,SCOPe-ALL,family,c.67.1.0,c,c.67,c.67.1,c.67.1.0,401
d2jjfa_,SCOPe-ALL,family,c.67.1.0,c,c.67,c.67.1,c.67.1.0,435
d4isya1,SCOPe-ALL,family,c.67.1.0,c,c.67,c.67.1,c.67.1.0,386
d2fyfa_,SCOPe-ALL,family,c.67.1.0,c,c.67,c.67.1,c.67.1.0,369
d4r5za1,SCOPe-ALL,family,c.67.1.0,c,c.67,c.67.1,c.67.1.0,352
d3jtxa1,SCOPe-ALL,family,c.67.1.0,c,c.67,c.67.1,c.67.1.0,395
d6khoa_,SCOPe-ALL,family,c.67.1.0,c,c.67,c.67.1,c.67.1.0,494
d6onna1,SCOPe-ALL,family,c.67.1.0,c,c.67,c.67.1,c.67.1.0,394
d3k7ya_,SCOPe-ALL,family,c.67.1.0,c,c.67,c.67.1,c.67.1.0,405
d3fkda_,SCOPe-ALL,family,c.67.1.0,c,c.67,c.67.1,c.67.1.0,326
d3nu8a_,SCOPe-ALL,family,c.67.1.0,c,c.67,c.67.1,c.67.1.0,358
d5i90a_,SCOPe-ALL,family,c.67.1.0,c,c.67,c.67.1,c.67.1.0,390
d7e7ga_,SCOPe-ALL,family,c.67.1.0,c,c.67,c.67.1,c.67.1.0,362
d2x5da_,SCOPe-ALL,family,c.67.1.0,c,c.67,c.67.1,c.67.1.0,380
d4uhoa_,SCOPe-ALL,family,c.67.1.0,c,c.67,c.67.1,c.67.1.0,435
d5lhaa_,SCOPe-ALL,family,c.67.1.0,c,c.67,c.67.1,c.67.1.0,447
d2cy8a_,SCOPe-ALL,family,c.67.1.0,c,c.67,c.67.1,c.67.1.0,445
d3aowa_,SCOPe-ALL,family,c.67.1.0,c,c.67,c.67.1,c.67.1.0,404
d2dr1a_,SCOPe-ALL,family,c.67.1.0,c,c.67,c.67.1,c.67.1.0,381
d3euca_,SCOPe-ALL,family,c.67.1.0,c,c.67,c.67.1,c.67.1.0,365
d5m49a_,SCOPe-ALL,family,c.67.1.0,c,c.67,c.67.1,c.67.1.0,434
d4wbta1,SCOPe-ALL,family,c.67.1.0,c,c.67,c.67.1,c.67.1.0,370
d3i5ta_,SCOPe-ALL,family,c.67.1.0,c,c.67,c.67.1,c.67.1.0,449
d3h14a1,SCOPe-ALL,family,c.67.1.0,c,c.67,c.67.1,c.67.1.0,379
d3a2ba_,SCOPe-ALL,family,c.67.1.0,c,c.67,c.67.1,c.67.1.0,392
d6hbsa_,SCOPe-ALL,family,c.67.1.0,c,c.67,c.67.1,c.67.1.0,413
d2o1ba_,SCOPe-ALL,family,c.67.1.0,c,c.67,c.67.1,c.67.1.0,383
d6qp1a1,SCOPe-ALL,family,c.67.1.0,c,c.67,c.67.1,c.67.1.0,396
d5uida_,SCOPe-ALL,family,c.67.1.0,c,c.67,c.67.1,c.67.1.0,380
d3l8aa_,SCOPe-ALL,family,c.67.1.0,c,c.67,c.67.1,c.67.1.0,382
d4my5a_,SCOPe-ALL,family,c.67.1.0,c,c.67,c.67.1,c.67.1.0,390
d6ewja_,SCOPe-ALL,family,c.67.1.0,c,c.67,c.67.1,c.67.1.0,399
d6ssda_,SCOPe-ALL,family,c.67.1.0,c,c.67,c.67.1,c.67.1.0,424
d4zm3a_,SCOPe-ALL,family,c.67.1.0,c,c.67,c.67.1,c.67.1.0,407
d2eo5a_,SCOPe-ALL,family,c.67.1.0,c,c.67,c.67.1,c.67.1.0,418
d3ei9a1,SCOPe-ALL,family,c.67.1.0,c,c.67,c.67.1,c.67.1.0,408
d5wmka_,SCOPe-ALL,family,c.67.1.0,c,c.67,c.67.1,c.67.1.0,403
d5b89a1,SCOPe-ALL,family,c.67.1.0,c,c.67,c.67.1,c.67.1.0,397
d2doua_,SCOPe-ALL,family,c.67.1.0,c,c.67,c.67.1,c.67.1.0,372
d4noga_,SCOPe-ALL,family,c.67.1.0,c,c.67,c.67.1,c.67.1.0,422
d6m4ja_,SCOPe-ALL,family,c.67.1.0,c,c.67,c.67.1,c.67.1.0,347
d4e3ra_,SCOPe-ALL,family,c.67.1.0,c,c.67,c.67.1,c.67.1.0,452
d6fyqa_,SCOPe-ALL,family,c.67.1.0,c,c.67,c.67.1,c.67.1.0,443
d3ri6a_,SCOPe-ALL,family,c.67.1.0,c,c.67,c.67.1,c.67.1.0,406
d4xb6b_,SCOPe-ALL,family,c.67.2.1,c,c.67,c.67.2,c.67.2.1,194
d2h1qa2,SCOPe-ALL,family,c.67.3.1,c,c.67,c.67.3,c.67.3.1,251
d1qg8a_,SCOPe-ALL,family,c.68.1.1,c,c.68,c.68.1,c.68.1.1,255
d2fy7a1,SCOPe-ALL,family,c.68.1.2,c,c.68,c.68.1,c.68.1.2,273
d1g9ra_,SCOPe-ALL,family,c.68.1.4,c,c.68,c.68.1,c.68.1.4,282
d2icya2,SCOPe-ALL,family,c.68.1.5,c,c.68,c.68.1,c.68.1.5,379
d1jvga_,SCOPe-ALL,family,c.68.1.5,c,c.68,c.68.1,c.68.1.5,516
d1yp2a2,SCOPe-ALL,family,c.68.1.6,c,c.68,c.68.1,c.68.1.6,307
d1fxoa_,SCOPe-ALL,family,c.68.1.6,c,c.68,c.68.1,c.68.1.6,292
d1v82a_,SCOPe-ALL,family,c.68.1.7,c,c.68,c.68.1,c.68.1.7,252
d2e8ba_,SCOPe-ALL,family,c.68.1.8,c,c.68,c.68.1,c.68.1.8,185
d1e5ka_,SCOPe-ALL,family,c.68.1.8,c,c.68,c.68.1,c.68.1.8,188
d6gx2a1,SCOPe-ALL,family,c.68.1.9,c,c.68,c.68.1,c.68.1.9,291
d1fo8a_,SCOPe-ALL,family,c.68.1.10,c,c.68,c.68.1,c.68.1.10,343
d1inja_,SCOPe-ALL,family,c.68.1.13,c,c.68,c.68.1,c.68.1.13,224
d2yc3a1,SCOPe-ALL,family,c.68.1.13,c,c.68,c.68.1,c.68.1.13,225
d1vpaa1,SCOPe-ALL,family,c.68.1.13,c,c.68,c.68.1,c.68.1.13,219
d1qwja_,SCOPe-ALL,family,c.68.1.13,c,c.68,c.68.1,c.68.1.13,228
d6ckma_,SCOPe-ALL,family,c.68.1.13,c,c.68,c.68.1,c.68.1.13,225
d1jyka1,SCOPe-ALL,family,c.68.1.13,c,c.68,c.68.1,c.68.1.13,225
d1tzfa1,SCOPe-ALL,family,c.68.1.13,c,c.68,c.68.1,c.68.1.13,256
d1w55a1,SCOPe-ALL,family,c.68.1.13,c,c.68,c.68.1,c.68.1.13,205
d3oama_,SCOPe-ALL,family,c.68.1.13,c,c.68,c.68.1,c.68.1.13,252
d3u2ua1,SCOPe-ALL,family,c.68.1.14,c,c.68,c.68.1,c.68.1.14,262
d1omza_,SCOPe-ALL,family,c.68.1.15,c,c.68,c.68.1,c.68.1.15,265
d1s4na_,SCOPe-ALL,family,c.68.1.16,c,c.68,c.68.1,c.68.1.16,339
d1xhba2,SCOPe-ALL,family,c.68.1.17,c,c.68,c.68.1,c.68.1.17,328
d2bo4a1,SCOPe-ALL,family,c.68.1.18,c,c.68,c.68.1,c.68.1.18,381
d2dpwa1,SCOPe-ALL,family,c.68.1.19,c,c.68,c.68.1,c.68.1.19,231
d2cu2a2,SCOPe-ALL,family,c.68.1.20,c,c.68,c.68.1,c.68.1.20,268
d2i5ea1,SCOPe-ALL,family,c.68.1.21,c,c.68,c.68.1,c.68.1.21,208
d2vk9a1,SCOPe-ALL,family,c.68.1.22,c,c.68,c.68.1,c.68.1.22,540
d4kt7a1,SCOPe-ALL,family,c.68.1.0,c,c.68,c.68.1,c.68.1.0,230
d3tzta1,SCOPe-ALL,family,c.68.1.0,c,c.68,c.68.1,c.68.1.0,273
d5ddta_,SCOPe-ALL,family,c.68.1.0,c,c.68,c.68.1,c.68.1.0,232
d4dmva_,SCOPe-ALL,family,c.68.1.0,c,c.68,c.68.1,c.68.1.0,537
d4aa7a1,SCOPe-ALL,family,c.68.1.0,c,c.68,c.68.1,c.68.1.0,20
d4myba_,SCOPe-ALL,family,c.68.1.0,c,c.68,c.68.1,c.68.1.0,227
d2v0ha1,SCOPe-ALL,family,c.68.1.0,c,c.68,c.68.1,c.68.1.0,248
d2xwla1,SCOPe-ALL,family,c.68.1.0,c,c.68,c.68.1,c.68.1.0,218
d4g3qa1,SCOPe-ALL,family,c.68.1.0,c,c.68,c.68.1,c.68.1.0,258
d6mw8a_,SCOPe-ALL,family,c.68.1.0,c,c.68,c.68.1,c.68.1.0,259
d6xhta_,SCOPe-ALL,family,c.68.1.0,c,c.68,c.68.1,c.68.1.0,233
d6ifda_,SCOPe-ALL,family,c.68.1.0,c,c.68,c.68.1,c.68.1.0,226
d2yqca_,SCOPe-ALL,family,c.68.1.0,c,c.68,c.68.1,c.68.1.0,484
d6xyua_,SCOPe-ALL,family,c.69.1.1,c,c.69,c.69.1,c.69.1.1,571
d1ea5a_,SCOPe-ALL,family,c.69.1.1,c,c.69,c.69.1,c.69.1.1,532
d2bcea_,SCOPe-ALL,family,c.69.1.1,c,c.69,c.69.1,c.69.1.1,579
d1c7ja_,SCOPe-ALL,family,c.69.1.1,c,c.69,c.69.1,c.69.1.1,485
d5a7ga_,SCOPe-ALL,family,c.69.1.1,c,c.69,c.69.1,c.69.1.1,532
d3c8da2,SCOPe-ALL,family,c.69.1.2,c,c.69,c.69.1,c.69.1.2,247
d1jjfa_,SCOPe-ALL,family,c.69.1.2,c,c.69,c.69.1,c.69.1.2,255
d1lzka_,SCOPe-ALL,family,c.69.1.2,c,c.69,c.69.1,c.69.1.2,317
d2pbla1,SCOPe-ALL,family,c.69.1.2,c,c.69,c.69.1,c.69.1.2,261
d1wb4a2,SCOPe-ALL,family,c.69.1.2,c,c.69,c.69.1,c.69.1.2,275
d4mqla_,SCOPe-ALL,family,c.69.1.3,c,c.69,c.69.1,c.69.1.3,282
d4bcda2,SCOPe-ALL,family,c.69.1.4,c,c.69,c.69.1,c.69.1.4,280
d4ci9a1,SCOPe-ALL,family,c.69.1.5,c,c.69,c.69.1,c.69.1.5,452
d1ac5a_,SCOPe-ALL,family,c.69.1.5,c,c.69,c.69.1,c.69.1.5,483
d1wpxa_,SCOPe-ALL,family,c.69.1.5,c,c.69,c.69.1,c.69.1.5,421
d6v7na1,SCOPe-ALL,family,c.69.1.6,c,c.69,c.69.1,c.69.1.6,370
d1wm1a_,SCOPe-ALL,family,c.69.1.7,c,c.69,c.69.1,c.69.1.7,313
d1mtza_,SCOPe-ALL,family,c.69.1.7,c,c.69,c.69.1,c.69.1.7,290
d1mj5a1,SCOPe-ALL,family,c.69.1.8,c,c.69,c.69.1,c.69.1.8,295
d1b6ga_,SCOPe-ALL,family,c.69.1.8,c,c.69,c.69.1,c.69.1.8,310
d1dina_,SCOPe-ALL,family,c.69.1.9,c,c.69,c.69.1,c.69.1.9,233
d2pu6a_,SCOPe-ALL,family,c.69.1.10,c,c.69,c.69.1,c.69.1.10,283
d1c4xa_,SCOPe-ALL,family,c.69.1.10,c,c.69,c.69.1,c.69.1.10,281
d1j1ia_,SCOPe-ALL,family,c.69.1.10,c,c.69,c.69.1,c.69.1.10,268
d1uk8a_,SCOPe-ALL,family,c.69.1.10,c,c.69,c.69.1,c.69.1.10,271
d1ehya1,SCOPe-ALL,family,c.69.1.11,c,c.69,c.69.1,c.69.1.11,292
d3g02a1,SCOPe-ALL,family,c.69.1.11,c,c.69,c.69.1,c.69.1.11,392
d5ak4a2,SCOPe-ALL,family,c.69.1.11,c,c.69,c.69.1,c.69.1.11,321
d1a8qa_,SCOPe-ALL,family,c.69.1.12,c,c.69,c.69.1,c.69.1.12,274
d1brta_,SCOPe-ALL,family,c.69.1.12,c,c.69,c.69.1,c.69.1.12,277
d1thta_,SCOPe-ALL,family,c.69.1.13,c,c.69,c.69.1,c.69.1.13,302
d1ei9a_,SCOPe-ALL,family,c.69.1.13,c,c.69,c.69.1,c.69.1.13,279
d1pjaa_,SCOPe-ALL,family,c.69.1.13,c,c.69,c.69.1,c.69.1.13,268
d1fj2a1,SCOPe-ALL,family,c.69.1.14,c,c.69,c.69.1,c.69.1.14,224
d2h1ia1,SCOPe-ALL,family,c.69.1.14,c,c.69,c.69.1,c.69.1.14,202
d1auoa_,SCOPe-ALL,family,c.69.1.14,c,c.69,c.69.1,c.69.1.14,218
d2r8ba1,SCOPe-ALL,family,c.69.1.14,c,c.69,c.69.1,c.69.1.14,203
d3b5ea1,SCOPe-ALL,family,c.69.1.14,c,c.69,c.69.1,c.69.1.14,209
d1qlwa_,SCOPe-ALL,family,c.69.1.15,c,c.69,c.69.1,c.69.1.15,318
d1ukca_,SCOPe-ALL,family,c.69.1.17,c,c.69,c.69.1,c.69.1.17,517
d1uwca1,SCOPe-ALL,family,c.69.1.17,c,c.69,c.69.1,c.69.1.17,260
d5a71a_,SCOPe-ALL,family,c.69.1.17,c,c.69,c.69.1,c.69.1.17,316
d3tgla_,SCOPe-ALL,family,c.69.1.17,c,c.69,c.69.1,c.69.1.17,265
d6xoka_,SCOPe-ALL,family,c.69.1.17,c,c.69,c.69.1,c.69.1.17,269
d1llfa_,SCOPe-ALL,family,c.69.1.17,c,c.69,c.69.1,c.69.1.17,534
d1ispa_,SCOPe-ALL,family,c.69.1.18,c,c.69,c.69.1,c.69.1.18,179
d4hs9a_,SCOPe-ALL,family,c.69.1.18,c,c.69,c.69.1,c.69.1.18,287
d4fkba_,SCOPe-ALL,family,c.69.1.18,c,c.69,c.69.1,c.69.1.18,387
d1ys1x_,SCOPe-ALL,family,c.69.1.18,c,c.69,c.69.1,c.69.1.18,320
d1bu8a2,SCOPe-ALL,family,c.69.1.19,c,c.69,c.69.1,c.69.1.19,338
d3c6xa_,SCOPe-ALL,family,c.69.1.20,c,c.69,c.69.1,c.69.1.20,256
d2b9va2,SCOPe-ALL,family,c.69.1.21,c,c.69,c.69.1,c.69.1.21,385
d1lnsa3,SCOPe-ALL,family,c.69.1.21,c,c.69,c.69.1,c.69.1.21,405
d3idaa1,SCOPe-ALL,family,c.69.1.21,c,c.69,c.69.1,c.69.1.21,348
d1xkta1,SCOPe-ALL,family,c.69.1.22,c,c.69,c.69.1,c.69.1.22,285
d2h7xa_,SCOPe-ALL,family,c.69.1.22,c,c.69,c.69.1,c.69.1.22,284
d1jmkc_,SCOPe-ALL,family,c.69.1.22,c,c.69,c.69.1,c.69.1.22,230
d1imja_,SCOPe-ALL,family,c.69.1.23,c,c.69,c.69.1,c.69.1.23,208
d1xfda2,SCOPe-ALL,family,c.69.1.24,c,c.69,c.69.1,c.69.1.24,258
d1odtc_,SCOPe-ALL,family,c.69.1.25,c,c.69,c.69.1,c.69.1.25,317
d4nmwa_,SCOPe-ALL,family,c.69.1.26,c,c.69,c.69.1,c.69.1.26,254
d1ufoa_,SCOPe-ALL,family,c.69.1.27,c,c.69,c.69.1,c.69.1.27,238
d1q0ra_,SCOPe-ALL,family,c.69.1.28,c,c.69,c.69.1,c.69.1.28,297
d1tqha_,SCOPe-ALL,family,c.69.1.29,c,c.69,c.69.1,c.69.1.29,242
d1g66a_,SCOPe-ALL,family,c.69.1.30,c,c.69,c.69.1,c.69.1.30,207
d3qpaa_,SCOPe-ALL,family,c.69.1.30,c,c.69,c.69.1,c.69.1.30,197
d1uxoa_,SCOPe-ALL,family,c.69.1.31,c,c.69,c.69.1,c.69.1.31,186
d1vkha1,SCOPe-ALL,family,c.69.1.32,c,c.69,c.69.1,c.69.1.32,261
d2hu7a2,SCOPe-ALL,family,c.69.1.33,c,c.69,c.69.1,c.69.1.33,260
d4flma_,SCOPe-ALL,family,c.69.1.34,c,c.69,c.69.1,c.69.1.34,299
d1r3da1,SCOPe-ALL,family,c.69.1.35,c,c.69,c.69.1,c.69.1.35,262
d2i3da1,SCOPe-ALL,family,c.69.1.36,c,c.69,c.69.1,c.69.1.36,218
d2fuka1,SCOPe-ALL,family,c.69.1.36,c,c.69,c.69.1,c.69.1.36,218
d2d81a1,SCOPe-ALL,family,c.69.1.37,c,c.69,c.69.1,c.69.1.37,318
d2gzsa_,SCOPe-ALL,family,c.69.1.38,c,c.69,c.69.1,c.69.1.38,265
d2dsta1,SCOPe-ALL,family,c.69.1.39,c,c.69,c.69.1,c.69.1.39,122
d2vaxa_,SCOPe-ALL,family,c.69.1.40,c,c.69,c.69.1,c.69.1.40,376
d2b61a1,SCOPe-ALL,family,c.69.1.40,c,c.69,c.69.1,c.69.1.40,357
d2jbwa1,SCOPe-ALL,family,c.69.1.41,c,c.69,c.69.1,c.69.1.41,358
d6tuza_,SCOPe-ALL,family,c.69.1.42,c,c.69,c.69.1,c.69.1.42,365
d3wi7a_,SCOPe-ALL,family,c.69.1.0,c,c.69,c.69.1,c.69.1.0,291
d5frda1,SCOPe-ALL,family,c.69.1.0,c,c.69,c.69.1,c.69.1.0,252
d3i1ia_,SCOPe-ALL,family,c.69.1.0,c,c.69,c.69.1,c.69.1.0,373
d4inza_,SCOPe-ALL,family,c.69.1.0,c,c.69,c.69.1,c.69.1.0,286
d3rm3a_,SCOPe-ALL,family,c.69.1.0,c,c.69,c.69.1,c.69.1.0,249
d2cb9a_,SCOPe-ALL,family,c.69.1.0,c,c.69,c.69.1,c.69.1.0,219
d4zwna1,SCOPe-ALL,family,c.69.1.0,c,c.69,c.69.1,c.69.1.0,309
d5w15a1,SCOPe-ALL,family,c.69.1.0,c,c.69,c.69.1,c.69.1.0,267
d4x00a_,SCOPe-ALL,family,c.69.1.0,c,c.69,c.69.1,c.69.1.0,273
d7jqya_,SCOPe-ALL,family,c.69.1.0,c,c.69,c.69.1,c.69.1.0,293
d7jqza_,SCOPe-ALL,family,c.69.1.0,c,c.69,c.69.1,c.69.1.0,294
d2xuaa_,SCOPe-ALL,family,c.69.1.0,c,c.69,c.69.1,c.69.1.0,260
d5a62a_,SCOPe-ALL,family,c.69.1.0,c,c.69,c.69.1,c.69.1.0,272
d4pw0a_,SCOPe-ALL,family,c.69.1.0,c,c.69,c.69.1,c.69.1.0,275
d5w1ua_,SCOPe-ALL,family,c.69.1.0,c,c.69,c.69.1,c.69.1.0,536
d4i3fa1,SCOPe-ALL,family,c.69.1.0,c,c.69,c.69.1,c.69.1.0,282
d4h0ca1,SCOPe-ALL,family,c.69.1.0,c,c.69,c.69.1,c.69.1.0,207
d7ci0a_,SCOPe-ALL,family,c.69.1.0,c,c.69,c.69.1,c.69.1.0,309
d4zv9a1,SCOPe-ALL,family,c.69.1.0,c,c.69,c.69.1,c.69.1.0,235
d5h3ha_,SCOPe-ALL,family,c.69.1.0,c,c.69,c.69.1,c.69.1.0,268
d3wj2a_,SCOPe-ALL,family,c.69.1.0,c,c.69,c.69.1,c.69.1.0,303
d4f21a1,SCOPe-ALL,family,c.69.1.0,c,c.69,c.69.1,c.69.1.0,222
d3pe6a_,SCOPe-ALL,family,c.69.1.0,c,c.69,c.69.1,c.69.1.0,289
d3fcxa_,SCOPe-ALL,family,c.69.1.0,c,c.69,c.69.1,c.69.1.0,282
d2ocga_,SCOPe-ALL,family,c.69.1.0,c,c.69,c.69.1,c.69.1.0,254
d3u0va_,SCOPe-ALL,family,c.69.1.0,c,c.69,c.69.1,c.69.1.0,222
d4a5sa2,SCOPe-ALL,family,c.69.1.0,c,c.69,c.69.1,c.69.1.0,258
d5uroa1,SCOPe-ALL,family,c.69.1.0,c,c.69,c.69.1,c.69.1.0,335
d6eqea1,SCOPe-ALL,family,c.69.1.0,c,c.69,c.69.1,c.69.1.0,262
d3dkra_,SCOPe-ALL,family,c.69.1.0,c,c.69,c.69.1,c.69.1.0,241
d3og9a_,SCOPe-ALL,family,c.69.1.0,c,c.69,c.69.1,c.69.1.0,206
d2xe4a1,SCOPe-ALL,family,c.69.1.0,c,c.69,c.69.1,c.69.1.0,275
d3stya_,SCOPe-ALL,family,c.69.1.0,c,c.69,c.69.1,c.69.1.0,258
d6avya_,SCOPe-ALL,family,c.69.1.0,c,c.69,c.69.1,c.69.1.0,231
d3kxpa_,SCOPe-ALL,family,c.69.1.0,c,c.69,c.69.1,c.69.1.0,268
d5w8oa_,SCOPe-ALL,family,c.69.1.0,c,c.69,c.69.1,c.69.1.0,358
d7ld8a1,SCOPe-ALL,family,c.69.1.0,c,c.69,c.69.1,c.69.1.0,261
d6eica_,SCOPe-ALL,family,c.69.1.0,c,c.69,c.69.1,c.69.1.0,277
d3bixa1,SCOPe-ALL,family,c.69.1.0,c,c.69,c.69.1,c.69.1.0,559
d3qvma_,SCOPe-ALL,family,c.69.1.0,c,c.69,c.69.1,c.69.1.0,273
d6tj2a_,SCOPe-ALL,family,c.69.1.0,c,c.69,c.69.1,c.69.1.0,243
d4q34a_,SCOPe-ALL,family,c.69.1.0,c,c.69,c.69.1,c.69.1.0,321
d3g7na_,SCOPe-ALL,family,c.69.1.0,c,c.69,c.69.1,c.69.1.0,258
d4uhca1,SCOPe-ALL,family,c.69.1.0,c,c.69,c.69.1,c.69.1.0,274
d3kdaa1,SCOPe-ALL,family,c.69.1.0,c,c.69,c.69.1,c.69.1.0,295
d5efza_,SCOPe-ALL,family,c.69.1.0,c,c.69,c.69.1,c.69.1.0,347
d6f9oa1,SCOPe-ALL,family,c.69.1.0,c,c.69,c.69.1,c.69.1.0,303
d2psfa_,SCOPe-ALL,family,c.69.1.0,c,c.69,c.69.1,c.69.1.0,307
d4wy8a1,SCOPe-ALL,family,c.69.1.0,c,c.69,c.69.1,c.69.1.0,317
d4fhza1,SCOPe-ALL,family,c.69.1.0,c,c.69,c.69.1,c.69.1.0,219
d4rnca1,SCOPe-ALL,family,c.69.1.0,c,c.69,c.69.1,c.69.1.0,280
d3r40a_,SCOPe-ALL,family,c.69.1.0,c,c.69,c.69.1,c.69.1.0,297
d4nvra_,SCOPe-ALL,family,c.69.1.0,c,c.69,c.69.1,c.69.1.0,302
d2xmza_,SCOPe-ALL,family,c.69.1.0,c,c.69,c.69.1,c.69.1.0,266
d6kxha_,SCOPe-ALL,family,c.69.1.0,c,c.69,c.69.1,c.69.1.0,293
d3vvma_,SCOPe-ALL,family,c.69.1.0,c,c.69,c.69.1,c.69.1.0,374
d3wj1a_,SCOPe-ALL,family,c.69.1.0,c,c.69,c.69.1,c.69.1.0,304
d4v2ia_,SCOPe-ALL,family,c.69.1.0,c,c.69,c.69.1,c.69.1.0,315
d3w06a_,SCOPe-ALL,family,c.69.1.0,c,c.69,c.69.1,c.69.1.0,267
d6avxa_,SCOPe-ALL,family,c.69.1.0,c,c.69,c.69.1,c.69.1.0,208
d5hk8a_,SCOPe-ALL,family,c.69.1.0,c,c.69,c.69.1,c.69.1.0,251
d3fcya_,SCOPe-ALL,family,c.69.1.0,c,c.69,c.69.1,c.69.1.0,317
d3bdia1,SCOPe-ALL,family,c.69.1.0,c,c.69,c.69.1,c.69.1.0,206
d5mifa_,SCOPe-ALL,family,c.69.1.0,c,c.69,c.69.1,c.69.1.0,314
d7at0a_,SCOPe-ALL,family,c.69.1.0,c,c.69,c.69.1,c.69.1.0,295
d4j7aa_,SCOPe-ALL,family,c.69.1.0,c,c.69,c.69.1,c.69.1.0,355
d5hc0a_,SCOPe-ALL,family,c.69.1.0,c,c.69,c.69.1,c.69.1.0,341
d5jkja_,SCOPe-ALL,family,c.69.1.0,c,c.69,c.69.1,c.69.1.0,370
d7c4da1,SCOPe-ALL,family,c.69.1.0,c,c.69,c.69.1,c.69.1.0,260
d6ieya1,SCOPe-ALL,family,c.69.1.0,c,c.69,c.69.1,c.69.1.0,305
d5egna_,SCOPe-ALL,family,c.69.1.0,c,c.69,c.69.1,c.69.1.0,260
d3o0da_,SCOPe-ALL,family,c.69.1.0,c,c.69,c.69.1,c.69.1.0,301
d2masa_,SCOPe-ALL,family,c.70.1.1,c,c.70,c.70.1,c.70.1.1,313
d1q8fa_,SCOPe-ALL,family,c.70.1.1,c,c.70,c.70.1,c.70.1.1,308
d4i71a1,SCOPe-ALL,family,c.70.1.1,c,c.70,c.70.1,c.70.1.1,327
d2c40a_,SCOPe-ALL,family,c.70.1.0,c,c.70,c.70.1,c.70.1.0,310
d1yoea1,SCOPe-ALL,family,c.70.1.0,c,c.70,c.70.1,c.70.1.0,310
d6ba1a1,SCOPe-ALL,family,c.70.1.0,c,c.70,c.70.1,c.70.1.0,315
d4kpoa1,SCOPe-ALL,family,c.70.1.0,c,c.70,c.70.1,c.70.1.0,314
d3t8ja_,SCOPe-ALL,family,c.70.1.0,c,c.70,c.70.1,c.70.1.0,311
d1qzfa1,SCOPe-ALL,family,c.71.1.1,c,c.71,c.71.1,c.71.1.1,178
d1juva_,SCOPe-ALL,family,c.71.1.1,c,c.71,c.71.1,c.71.1.1,193
d4psya_,SCOPe-ALL,family,c.71.1.1,c,c.71,c.71.1,c.71.1.1,159
d1vdra_,SCOPe-ALL,family,c.71.1.1,c,c.71,c.71.1,c.71.1.1,157
d3dfra_,SCOPe-ALL,family,c.71.1.1,c,c.71,c.71.1,c.71.1.1,162
d1cz3a_,SCOPe-ALL,family,c.71.1.1,c,c.71,c.71.1,c.71.1.1,164
d3nzbx_,SCOPe-ALL,family,c.71.1.1,c,c.71,c.71.1,c.71.1.1,206
d1kmva_,SCOPe-ALL,family,c.71.1.1,c,c.71,c.71.1,c.71.1.1,186
d1aoea_,SCOPe-ALL,family,c.71.1.1,c,c.71,c.71.1,c.71.1.1,192
d6uwwa_,SCOPe-ALL,family,c.71.1.1,c,c.71,c.71.1,c.71.1.1,163
d2bl9a_,SCOPe-ALL,family,c.71.1.1,c,c.71,c.71.1,c.71.1.1,237
d4g3ma2,SCOPe-ALL,family,c.71.1.2,c,c.71,c.71.1,c.71.1.2,215
d2hxva1,SCOPe-ALL,family,c.71.1.2,c,c.71,c.71.1,c.71.1.2,198
d3zpga2,SCOPe-ALL,family,c.71.1.0,c,c.71,c.71.1,c.71.1.0,207
d3kjra1,SCOPe-ALL,family,c.71.1.0,c,c.71,c.71.1,c.71.1.0,183
d3vcoa1,SCOPe-ALL,family,c.71.1.0,c,c.71,c.71.1,c.71.1.0,181
d5ecca_,SCOPe-ALL,family,c.71.1.0,c,c.71,c.71.1,c.71.1.0,157
d5xv0a1,SCOPe-ALL,family,c.71.1.0,c,c.71,c.71.1,c.71.1.0,228
d3ix9a_,SCOPe-ALL,family,c.71.1.0,c,c.71,c.71.1,c.71.1.0,166
d2w9ha_,SCOPe-ALL,family,c.71.1.0,c,c.71,c.71.1,c.71.1.0,158
d1j5va1,SCOPe-ALL,family,c.72.1.1,c,c.72,c.72.1,c.72.1.1,330
d1v1aa_,SCOPe-ALL,family,c.72.1.1,c,c.72,c.72.1,c.72.1.1,302
d5kb6a_,SCOPe-ALL,family,c.72.1.1,c,c.72,c.72.1,c.72.1.1,343
d2absa1,SCOPe-ALL,family,c.72.1.1,c,c.72,c.72.1,c.72.1.1,350
d2abqa1,SCOPe-ALL,family,c.72.1.1,c,c.72,c.72.1,c.72.1.1,306
d1vk4a1,SCOPe-ALL,family,c.72.1.1,c,c.72,c.72.1,c.72.1.1,281
d2ajra2,SCOPe-ALL,family,c.72.1.1,c,c.72,c.72.1,c.72.1.1,319
d5c40a1,SCOPe-ALL,family,c.72.1.1,c,c.72,c.72.1,c.72.1.1,308
d2v78a_,SCOPe-ALL,family,c.72.1.1,c,c.72,c.72.1,c.72.1.1,311
d1ub0a_,SCOPe-ALL,family,c.72.1.2,c,c.72,c.72.1,c.72.1.2,258
d1v8aa_,SCOPe-ALL,family,c.72.1.2,c,c.72,c.72.1,c.72.1.2,264
d3drwa1,SCOPe-ALL,family,c.72.1.3,c,c.72,c.72.1,c.72.1.3,450
d3rssa2,SCOPe-ALL,family,c.72.1.4,c,c.72,c.72.1,c.72.1.4,278
d3rpza1,SCOPe-ALL,family,c.72.1.4,c,c.72,c.72.1,c.72.1.4,276
d1lhpa_,SCOPe-ALL,family,c.72.1.5,c,c.72,c.72.1,c.72.1.5,309
d3pzsa_,SCOPe-ALL,family,c.72.1.5,c,c.72,c.72.1,c.72.1.5,285
d2nwha_,SCOPe-ALL,family,c.72.1.0,c,c.72,c.72.1,c.72.1.0,312
d2rbca_,SCOPe-ALL,family,c.72.1.0,c,c.72,c.72.1,c.72.1.0,306
d2qcva_,SCOPe-ALL,family,c.72.1.0,c,c.72,c.72.1,c.72.1.0,330
d2qhpa_,SCOPe-ALL,family,c.72.1.0,c,c.72,c.72.1,c.72.1.0,294
d3vasa_,SCOPe-ALL,family,c.72.1.0,c,c.72,c.72.1,c.72.1.0,345
d3b1qa_,SCOPe-ALL,family,c.72.1.0,c,c.72,c.72.1,c.72.1.0,310
d3kd6a1,SCOPe-ALL,family,c.72.1.0,c,c.72,c.72.1,c.72.1.0,299
d3kzha_,SCOPe-ALL,family,c.72.1.0,c,c.72,c.72.1,c.72.1.0,316
d3pl2a_,SCOPe-ALL,family,c.72.1.0,c,c.72,c.72.1,c.72.1.0,310
d6cw5a_,SCOPe-ALL,family,c.72.1.0,c,c.72,c.72.1,c.72.1.0,314
d4s1ha1,SCOPe-ALL,family,c.72.1.0,c,c.72,c.72.1,c.72.1.0,279
d3ktna1,SCOPe-ALL,family,c.72.1.0,c,c.72,c.72.1,c.72.1.0,335
d2f02a2,SCOPe-ALL,family,c.72.1.0,c,c.72,c.72.1,c.72.1.0,314
d2r3ba1,SCOPe-ALL,family,c.72.1.0,c,c.72,c.72.1,c.72.1.0,276
d3h49a_,SCOPe-ALL,family,c.72.1.0,c,c.72,c.72.1,c.72.1.0,307
d3iq0a_,SCOPe-ALL,family,c.72.1.0,c,c.72,c.72.1,c.72.1.0,310
d3umoa_,SCOPe-ALL,family,c.72.1.0,c,c.72,c.72.1,c.72.1.0,309
d7ag6a1,SCOPe-ALL,family,c.72.1.0,c,c.72,c.72.1,c.72.1.0,298
d3ikha1,SCOPe-ALL,family,c.72.1.0,c,c.72,c.72.1,c.72.1.0,284
d6jyyb_,SCOPe-ALL,family,c.72.1.0,c,c.72,c.72.1,c.72.1.0,249
d6k92a_,SCOPe-ALL,family,c.72.1.0,c,c.72,c.72.1,c.72.1.0,299
d3ie7a1,SCOPe-ALL,family,c.72.1.0,c,c.72,c.72.1,c.72.1.0,307
d2c4ea_,SCOPe-ALL,family,c.72.1.0,c,c.72,c.72.1,c.72.1.0,299
d2pkfa1,SCOPe-ALL,family,c.72.1.0,c,c.72,c.72.1,c.72.1.0,324
d4du5a_,SCOPe-ALL,family,c.72.1.0,c,c.72,c.72.1,c.72.1.0,309
d3ewma1,SCOPe-ALL,family,c.72.1.0,c,c.72,c.72.1,c.72.1.0,302
d4kala_,SCOPe-ALL,family,c.72.1.0,c,c.72,c.72.1,c.72.1.0,330
d4c5ka1,SCOPe-ALL,family,c.72.1.0,c,c.72,c.72.1,c.72.1.0,275
d5cgea1,SCOPe-ALL,family,c.72.1.0,c,c.72,c.72.1,c.72.1.0,263
d6ilsa_,SCOPe-ALL,family,c.72.1.0,c,c.72,c.72.1,c.72.1.0,312
d4b8ra_,SCOPe-ALL,family,c.72.1.0,c,c.72,c.72.1,c.72.1.0,467
d4n08a_,SCOPe-ALL,family,c.72.1.0,c,c.72,c.72.1,c.72.1.0,330
d5eyna_,SCOPe-ALL,family,c.72.1.0,c,c.72,c.72.1,c.72.1.0,306
d4xdaa_,SCOPe-ALL,family,c.72.1.0,c,c.72,c.72.1,c.72.1.0,306
d3ljsa1,SCOPe-ALL,family,c.72.1.0,c,c.72,c.72.1,c.72.1.0,327
d1p3da3,SCOPe-ALL,family,c.72.2.1,c,c.72,c.72.2,c.72.2.1,215
d1j6ua3,SCOPe-ALL,family,c.72.2.1,c,c.72,c.72.2,c.72.2.1,207
d1e8ca3,SCOPe-ALL,family,c.72.2.1,c,c.72,c.72.2,c.72.2.1,234
d2wjpa2,SCOPe-ALL,family,c.72.2.1,c,c.72,c.72.2,c.72.2.1,204
d2gc6a2,SCOPe-ALL,family,c.72.2.2,c,c.72,c.72.2,c.72.2.2,296
d1o5za2,SCOPe-ALL,family,c.72.2.2,c,c.72,c.72.2,c.72.2.2,293
d3eaga2,SCOPe-ALL,family,c.72.2.0,c,c.72,c.72.2,c.72.2.0,231
d4cvka2,SCOPe-ALL,family,c.72.2.0,c,c.72,c.72.2,c.72.2.0,219
d1u7za_,SCOPe-ALL,family,c.72.3.1,c,c.72,c.72.3,c.72.3.1,223
d1p9oa_,SCOPe-ALL,family,c.72.3.1,c,c.72,c.72.3,c.72.3.1,290
d6th2a1,SCOPe-ALL,family,c.72.3.0,c,c.72,c.72.3,c.72.3.0,227
d1e19a_,SCOPe-ALL,family,c.73.1.1,c,c.73,c.73.1,c.73.1.1,313
d1gs5a_,SCOPe-ALL,family,c.73.1.2,c,c.73,c.73.1,c.73.1.2,258
d2j0wa1,SCOPe-ALL,family,c.73.1.3,c,c.73,c.73.1,c.73.1.3,292
d2cdqa1,SCOPe-ALL,family,c.73.1.3,c,c.73,c.73.1,c.73.1.3,304
d2akoa1,SCOPe-ALL,family,c.73.1.3,c,c.73,c.73.1,c.73.1.3,250
d2brxa1,SCOPe-ALL,family,c.73.1.3,c,c.73,c.73.1,c.73.1.3,225
d3c20a1,SCOPe-ALL,family,c.73.1.3,c,c.73,c.73.1,c.73.1.3,302
d2ogxa_,SCOPe-ALL,family,c.73.1.0,c,c.73,c.73.1,c.73.1.0,246
d3zzha_,SCOPe-ALL,family,c.73.1.0,c,c.73,c.73.1,c.73.1.0,291
d2w21a_,SCOPe-ALL,family,c.73.1.0,c,c.73,c.73.1,c.73.1.0,256
d4a7wa_,SCOPe-ALL,family,c.73.1.0,c,c.73,c.73.1,c.73.1.0,235
d7nloa_,SCOPe-ALL,family,c.73.1.0,c,c.73,c.73.1,c.73.1.0,289
d2j4ja_,SCOPe-ALL,family,c.73.1.0,c,c.73,c.73.1,c.73.1.0,226
d2va1a_,SCOPe-ALL,family,c.73.1.0,c,c.73,c.73.1,c.73.1.0,234
d1e48p_,SCOPe-ALL,family,c.74.1.1,c,c.74,c.74.1,c.74.1.1,206
d1k0wa_,SCOPe-ALL,family,c.74.1.1,c,c.74,c.74.1,c.74.1.1,223
d1pvta_,SCOPe-ALL,family,c.74.1.1,c,c.74,c.74.1,c.74.1.1,232
d2v2ba_,SCOPe-ALL,family,c.74.1.1,c,c.74,c.74.1,c.74.1.1,272
d2pb9a1,SCOPe-ALL,family,c.74.1.2,c,c.74,c.74.1,c.74.1.2,184
d2phpa1,SCOPe-ALL,family,c.74.1.2,c,c.74,c.74.1,c.74.1.2,180
d2irpa_,SCOPe-ALL,family,c.74.1.0,c,c.74,c.74.1,c.74.1.0,206
d2opib_,SCOPe-ALL,family,c.74.1.0,c,c.74,c.74.1,c.74.1.0,209
d4c24a1,SCOPe-ALL,family,c.74.1.0,c,c.74,c.74.1,c.74.1.0,205
d3tg0a_,SCOPe-ALL,family,c.76.1.1,c,c.76,c.76.1,c.76.1.1,440
d3mk1a_,SCOPe-ALL,family,c.76.1.1,c,c.76,c.76.1,c.76.1.1,481
d1auka_,SCOPe-ALL,family,c.76.1.2,c,c.76,c.76.1,c.76.1.2,485
d1fsua_,SCOPe-ALL,family,c.76.1.2,c,c.76,c.76.1,c.76.1.2,492
d1hdha_,SCOPe-ALL,family,c.76.1.2,c,c.76,c.76.1,c.76.1.2,525
d1p49a_,SCOPe-ALL,family,c.76.1.2,c,c.76,c.76.1,c.76.1.2,553
d1o98a2,SCOPe-ALL,family,c.76.1.3,c,c.76,c.76.1,c.76.1.3,276
d4n7ta1,SCOPe-ALL,family,c.76.1.5,c,c.76,c.76.1,c.76.1.5,284
d3szya_,SCOPe-ALL,family,c.76.1.0,c,c.76,c.76.1,c.76.1.0,413
d1hqsa_,SCOPe-ALL,family,c.77.1.1,c,c.77,c.77.1,c.77.1.1,423
d4iwha1,SCOPe-ALL,family,c.77.1.1,c,c.77,c.77.1,c.77.1.1,355
d2b0ta_,SCOPe-ALL,family,c.77.1.2,c,c.77,c.77.1,c.77.1.2,735
d1u7na_,SCOPe-ALL,family,c.77.1.4,c,c.77,c.77.1,c.77.1.4,329
d1vmia1,SCOPe-ALL,family,c.77.1.5,c,c.77,c.77.1,c.77.1.5,326
d4e4ra1,SCOPe-ALL,family,c.77.1.5,c,c.77,c.77.1,c.77.1.5,327
d3blxa_,SCOPe-ALL,family,c.77.1.0,c,c.77,c.77.1,c.77.1.0,337
d4atya_,SCOPe-ALL,family,c.77.1.0,c,c.77,c.77.1,c.77.1.0,339
d2uxqa_,SCOPe-ALL,family,c.77.1.0,c,c.77,c.77.1,c.77.1.0,402
d6e85a1,SCOPe-ALL,family,c.77.1.0,c,c.77,c.77.1,c.77.1.0,328
d6xmya1,SCOPe-ALL,family,c.77.1.0,c,c.77,c.77.1,c.77.1.0,322
d6ixla_,SCOPe-ALL,family,c.77.1.0,c,c.77,c.77.1,c.77.1.0,405
d3flka_,SCOPe-ALL,family,c.77.1.0,c,c.77,c.77.1,c.77.1.0,359
d3ty4a_,SCOPe-ALL,family,c.77.1.0,c,c.77,c.77.1,c.77.1.0,356
d5hn3a_,SCOPe-ALL,family,c.77.1.0,c,c.77,c.77.1,c.77.1.0,332
d6ltfa_,SCOPe-ALL,family,c.77.1.0,c,c.77,c.77.1,c.77.1.0,334
d1tuga1,SCOPe-ALL,family,c.78.1.1,c,c.78,c.78.1,c.78.1.1,311
d1ml4a1,SCOPe-ALL,family,c.78.1.1,c,c.78,c.78.1,c.78.1.1,150
d1ml4a2,SCOPe-ALL,family,c.78.1.1,c,c.78,c.78.1,c.78.1.1,157
d1otha2,SCOPe-ALL,family,c.78.1.1,c,c.78,c.78.1,c.78.1.1,170
d1js1x1,SCOPe-ALL,family,c.78.1.1,c,c.78,c.78.1,c.78.1.1,163
d1js1x2,SCOPe-ALL,family,c.78.1.1,c,c.78,c.78.1,c.78.1.1,154
d3d6nb2,SCOPe-ALL,family,c.78.1.0,c,c.78,c.78.1,c.78.1.0,149
d4f2ga2,SCOPe-ALL,family,c.78.1.0,c,c.78,c.78.1,c.78.1.0,157
d3tpfa2,SCOPe-ALL,family,c.78.1.0,c,c.78,c.78.1,c.78.1.0,161
d4a8ta1,SCOPe-ALL,family,c.78.1.0,c,c.78,c.78.1,c.78.1.0,148
d4a8ta2,SCOPe-ALL,family,c.78.1.0,c,c.78,c.78.1,c.78.1.0,169
d3grfa1,SCOPe-ALL,family,c.78.1.0,c,c.78,c.78.1,c.78.1.0,146
d3grfa2,SCOPe-ALL,family,c.78.1.0,c,c.78,c.78.1,c.78.1.0,176
d7k46a2,SCOPe-ALL,family,c.78.1.0,c,c.78,c.78.1,c.78.1.0,170
d7nnfa1,SCOPe-ALL,family,c.78.1.0,c,c.78,c.78.1,c.78.1.0,142
d7nnfa2,SCOPe-ALL,family,c.78.1.0,c,c.78,c.78.1,c.78.1.0,164
d6pnza2,SCOPe-ALL,family,c.78.1.0,c,c.78,c.78.1,c.78.1.0,150
d4h31a1,SCOPe-ALL,family,c.78.1.0,c,c.78,c.78.1,c.78.1.0,152
d4h31a2,SCOPe-ALL,family,c.78.1.0,c,c.78,c.78.1,c.78.1.0,181
d3kzoa1,SCOPe-ALL,family,c.78.1.0,c,c.78,c.78.1,c.78.1.0,162
d3kzoa2,SCOPe-ALL,family,c.78.1.0,c,c.78,c.78.1,c.78.1.0,170
d1jfla1,SCOPe-ALL,family,c.78.2.1,c,c.78,c.78.2,c.78.2.1,115
d1jfla2,SCOPe-ALL,family,c.78.2.1,c,c.78,c.78.2,c.78.2.1,113
d1b74a1,SCOPe-ALL,family,c.78.2.1,c,c.78,c.78.2,c.78.2.1,105
d1b74a2,SCOPe-ALL,family,c.78.2.1,c,c.78,c.78.2,c.78.2.1,147
d5hqta1,SCOPe-ALL,family,c.78.2.0,c,c.78,c.78.2,c.78.2.0,116
d5hqta2,SCOPe-ALL,family,c.78.2.0,c,c.78,c.78.2,c.78.2.0,114
d2zska1,SCOPe-ALL,family,c.78.2.0,c,c.78,c.78.2,c.78.2.0,114
d2zska2,SCOPe-ALL,family,c.78.2.0,c,c.78,c.78.2,c.78.2.0,112
d1tyza_,SCOPe-ALL,family,c.79.1.1,c,c.79,c.79.1,c.79.1.1,338
d1j0aa_,SCOPe-ALL,family,c.79.1.1,c,c.79,c.79.1,c.79.1.1,325
d1v71a1,SCOPe-ALL,family,c.79.1.1,c,c.79,c.79.1,c.79.1.1,318
d6l0qa_,SCOPe-ALL,family,c.79.1.1,c,c.79,c.79.1,c.79.1.1,382
d1ve1a1,SCOPe-ALL,family,c.79.1.1,c,c.79,c.79.1,c.79.1.1,302
d1tdja1,SCOPe-ALL,family,c.79.1.1,c,c.79,c.79.1,c.79.1.1,331
d1kl7a_,SCOPe-ALL,family,c.79.1.1,c,c.79,c.79.1,c.79.1.1,511
d1vb3a1,SCOPe-ALL,family,c.79.1.1,c,c.79,c.79.1,c.79.1.1,428
d1e5xa_,SCOPe-ALL,family,c.79.1.1,c,c.79,c.79.1,c.79.1.1,477
d6wx3b_,SCOPe-ALL,family,c.79.1.1,c,c.79,c.79.1,c.79.1.1,389
d4h27a_,SCOPe-ALL,family,c.79.1.1,c,c.79,c.79.1,c.79.1.1,318
d2zsja_,SCOPe-ALL,family,c.79.1.0,c,c.79,c.79.1,c.79.1.0,350
d5jjca_,SCOPe-ALL,family,c.79.1.0,c,c.79,c.79.1,c.79.1.0,331
d5z5ca_,SCOPe-ALL,family,c.79.1.0,c,c.79,c.79.1,c.79.1.0,331
d3l6ba_,SCOPe-ALL,family,c.79.1.0,c,c.79,c.79.1,c.79.1.0,327
d6vjua1,SCOPe-ALL,family,c.79.1.0,c,c.79,c.79.1,c.79.1.0,316
d4d9ba_,SCOPe-ALL,family,c.79.1.0,c,c.79,c.79.1,c.79.1.0,328
d2gn0a1,SCOPe-ALL,family,c.79.1.0,c,c.79,c.79.1,c.79.1.0,324
d5d84a_,SCOPe-ALL,family,c.79.1.0,c,c.79,c.79.1,c.79.1.0,318
d6xo2a1,SCOPe-ALL,family,c.79.1.0,c,c.79,c.79.1,c.79.1.0,319
d1moqa_,SCOPe-ALL,family,c.80.1.1,c,c.80,c.80.1,c.80.1.1,366
d1tzba_,SCOPe-ALL,family,c.80.1.1,c,c.80,c.80.1,c.80.1.1,301
d1wiwa_,SCOPe-ALL,family,c.80.1.1,c,c.80,c.80.1,c.80.1.1,284
d1j5xa_,SCOPe-ALL,family,c.80.1.1,c,c.80,c.80.1,c.80.1.1,329
d2cxna_,SCOPe-ALL,family,c.80.1.2,c,c.80,c.80.1,c.80.1.2,557
d3ff1a1,SCOPe-ALL,family,c.80.1.2,c,c.80,c.80.1,c.80.1.2,443
d1vima1,SCOPe-ALL,family,c.80.1.3,c,c.80,c.80.1,c.80.1.3,182
d1nria_,SCOPe-ALL,family,c.80.1.3,c,c.80,c.80.1,c.80.1.3,248
d1m3sa1,SCOPe-ALL,family,c.80.1.3,c,c.80,c.80.1,c.80.1.3,185
d2yvaa_,SCOPe-ALL,family,c.80.1.3,c,c.80,c.80.1,c.80.1.3,193
d5lu5a_,SCOPe-ALL,family,c.80.1.0,c,c.80,c.80.1,c.80.1.0,193
d3g68a1,SCOPe-ALL,family,c.80.1.0,c,c.80,c.80.1,c.80.1.0,344
d2i2wa_,SCOPe-ALL,family,c.80.1.0,c,c.80,c.80.1,c.80.1.0,192
d2e5fa_,SCOPe-ALL,family,c.80.1.0,c,c.80,c.80.1,c.80.1.0,325
d3knza1,SCOPe-ALL,family,c.80.1.0,c,c.80,c.80.1,c.80.1.0,321
d4s1wa_,SCOPe-ALL,family,c.80.1.0,c,c.80,c.80.1,c.80.1.0,338
d7kqaa1,SCOPe-ALL,family,c.80.1.0,c,c.80,c.80.1,c.80.1.0,338
d1g8ja2,SCOPe-ALL,family,c.81.1.1,c,c.81,c.81.1,c.81.1.1,677
d1eu1a2,SCOPe-ALL,family,c.81.1.1,c,c.81,c.81.1,c.81.1.1,622
d1aa6a2,SCOPe-ALL,family,c.81.1.1,c,c.81,c.81.1,c.81.1.1,564
d1kqfa2,SCOPe-ALL,family,c.81.1.1,c,c.81,c.81.1,c.81.1.1,817
d1q16a2,SCOPe-ALL,family,c.81.1.1,c,c.81,c.81.1,c.81.1.1,1074
d1ti6a2,SCOPe-ALL,family,c.81.1.1,c,c.81,c.81.1,c.81.1.1,728
d2jioa2,SCOPe-ALL,family,c.81.1.1,c,c.81,c.81.1,c.81.1.1,597
d3ml1a1,SCOPe-ALL,family,c.81.1.1,c,c.81,c.81.1,c.81.1.1,678
d3iam33,SCOPe-ALL,family,c.81.1.1,c,c.81,c.81.1,c.81.1.1,439
d1o04a_,SCOPe-ALL,family,c.82.1.1,c,c.82,c.82.1,c.82.1.1,494
d1euha_,SCOPe-ALL,family,c.82.1.1,c,c.82,c.82.1,c.82.1.1,474
d1co3a_,SCOPe-ALL,family,c.82.1.1,c,c.82,c.82.1,c.82.1.1,505
d1vlua1,SCOPe-ALL,family,c.82.1.1,c,c.82,c.82.1,c.82.1.1,435
d1o20a_,SCOPe-ALL,family,c.82.1.1,c,c.82,c.82.1,c.82.1.1,414
d1uxta_,SCOPe-ALL,family,c.82.1.1,c,c.82,c.82.1,c.82.1.1,499
d3szaa_,SCOPe-ALL,family,c.82.1.1,c,c.82,c.82.1,c.82.1.1,447
d2bjka_,SCOPe-ALL,family,c.82.1.1,c,c.82,c.82.1,c.82.1.1,516
d1k75a_,SCOPe-ALL,family,c.82.1.2,c,c.82,c.82.1,c.82.1.2,431
d4h7na1,SCOPe-ALL,family,c.82.1.0,c,c.82,c.82.1,c.82.1.0,470
d4dnga_,SCOPe-ALL,family,c.82.1.0,c,c.82,c.82.1,c.82.1.0,478
d3i44a_,SCOPe-ALL,family,c.82.1.0,c,c.82,c.82.1,c.82.1.0,476
d3ek1a1,SCOPe-ALL,family,c.82.1.0,c,c.82,c.82.1,c.82.1.0,483
d4ywea_,SCOPe-ALL,family,c.82.1.0,c,c.82,c.82.1,c.82.1.0,476
d5jrya_,SCOPe-ALL,family,c.82.1.0,c,c.82,c.82.1,c.82.1.0,477
d5vbfa_,SCOPe-ALL,family,c.82.1.0,c,c.82,c.82.1,c.82.1.0,478
d2j6la_,SCOPe-ALL,family,c.82.1.0,c,c.82,c.82.1,c.82.1.0,497
d6vr6a_,SCOPe-ALL,family,c.82.1.0,c,c.82,c.82.1,c.82.1.0,492
d3rosa_,SCOPe-ALL,family,c.82.1.0,c,c.82,c.82.1,c.82.1.0,459
d4e3xa1,SCOPe-ALL,family,c.82.1.0,c,c.82,c.82.1,c.82.1.0,541
d3b4wa_,SCOPe-ALL,family,c.82.1.0,c,c.82,c.82.1,c.82.1.0,483
d3k2wa1,SCOPe-ALL,family,c.82.1.0,c,c.82,c.82.1,c.82.1.0,483
d6pnua1,SCOPe-ALL,family,c.82.1.0,c,c.82,c.82.1,c.82.1.0,474
d3ju8a1,SCOPe-ALL,family,c.82.1.0,c,c.82,c.82.1,c.82.1.0,485
d5kloa_,SCOPe-ALL,family,c.82.1.0,c,c.82,c.82.1,c.82.1.0,484
d4jz6a1,SCOPe-ALL,family,c.82.1.0,c,c.82,c.82.1,c.82.1.0,483
d4nmka_,SCOPe-ALL,family,c.82.1.0,c,c.82,c.82.1,c.82.1.0,488
d3u4ja1,SCOPe-ALL,family,c.82.1.0,c,c.82,c.82.1,c.82.1.0,504
d4jbea_,SCOPe-ALL,family,c.82.1.0,c,c.82,c.82.1,c.82.1.0,411
d4f3xa1,SCOPe-ALL,family,c.82.1.0,c,c.82,c.82.1,c.82.1.0,475
d4iyma_,SCOPe-ALL,family,c.82.1.0,c,c.82,c.82.1,c.82.1.0,488
d4i3ta_,SCOPe-ALL,family,c.82.1.0,c,c.82,c.82.1,c.82.1.0,474
d4i9ba_,SCOPe-ALL,family,c.82.1.0,c,c.82,c.82.1,c.82.1.0,496
d4itaa_,SCOPe-ALL,family,c.82.1.0,c,c.82,c.82.1,c.82.1.0,452
d5izda1,SCOPe-ALL,family,c.82.1.0,c,c.82,c.82.1,c.82.1.0,493
d1fgha2,SCOPe-ALL,family,c.83.1.1,c,c.83,c.83.1,c.83.1.1,527
d1l5ja3,SCOPe-ALL,family,c.83.1.1,c,c.83,c.83.1,c.83.1.1,490
d2b3ya2,SCOPe-ALL,family,c.83.1.1,c,c.83,c.83.1,c.83.1.1,629
d1k2yx2,SCOPe-ALL,family,c.84.1.1,c,c.84,c.84.1,c.84.1.1,104
d1k2yx3,SCOPe-ALL,family,c.84.1.1,c,c.84,c.84.1,c.84.1.1,109
d1k2yx1,SCOPe-ALL,family,c.84.1.1,c,c.84,c.84.1,c.84.1.1,150
d6y8ya1,SCOPe-ALL,family,c.84.1.0,c,c.84,c.84.1,c.84.1.0,194
d6y8ya2,SCOPe-ALL,family,c.84.1.0,c,c.84,c.84.1,c.84.1.0,113
d6y8ya3,SCOPe-ALL,family,c.84.1.0,c,c.84,c.84.1,c.84.1.0,117
d4f2da1,SCOPe-ALL,family,c.85.1.2,c,c.85,c.85.1,c.85.1.2,328
d3a9sa1,SCOPe-ALL,family,c.85.1.0,c,c.85,c.85.1,c.85.1.0,359
d2wzba_,SCOPe-ALL,family,c.86.1.1,c,c.86,c.86.1,c.86.1.1,415
d7la1a_,SCOPe-ALL,family,c.86.1.0,c,c.86,c.86.1,c.86.1.0,412
d2cuna_,SCOPe-ALL,family,c.86.1.0,c,c.86,c.86.1,c.86.1.0,405
d1jixa_,SCOPe-ALL,family,c.87.1.1,c,c.87,c.87.1,c.87.1.1,351
d1f0ka1,SCOPe-ALL,family,c.87.1.2,c,c.87,c.87.1,c.87.1.2,350
d4fkza1,SCOPe-ALL,family,c.87.1.3,c,c.87,c.87.1,c.87.1.3,379
d2gj4a_,SCOPe-ALL,family,c.87.1.4,c,c.87,c.87.1,c.87.1.4,824
d3h4ta1,SCOPe-ALL,family,c.87.1.5,c,c.87,c.87.1,c.87.1.5,382
d1pswa_,SCOPe-ALL,family,c.87.1.7,c,c.87,c.87.1,c.87.1.7,348
d2f9fa1,SCOPe-ALL,family,c.87.1.8,c,c.87,c.87.1,c.87.1.8,166
d2bfwa1,SCOPe-ALL,family,c.87.1.8,c,c.87,c.87.1,c.87.1.8,196
d2iw1a_,SCOPe-ALL,family,c.87.1.8,c,c.87,c.87.1,c.87.1.8,370
d2ex0a1,SCOPe-ALL,family,c.87.1.9,c,c.87,c.87.1,c.87.1.9,387
d2pq6a1,SCOPe-ALL,family,c.87.1.10,c,c.87,c.87.1,c.87.1.10,473
d2vcha_,SCOPe-ALL,family,c.87.1.10,c,c.87,c.87.1,c.87.1.10,471
d2acva_,SCOPe-ALL,family,c.87.1.10,c,c.87,c.87.1,c.87.1.10,461
d2c1xa1,SCOPe-ALL,family,c.87.1.10,c,c.87,c.87.1,c.87.1.10,450
d2nzya_,SCOPe-ALL,family,c.87.1.11,c,c.87,c.87.1,c.87.1.11,352
d2vsna2,SCOPe-ALL,family,c.87.1.12,c,c.87,c.87.1,c.87.1.12,376
d3otia1,SCOPe-ALL,family,c.87.1.13,c,c.87,c.87.1,c.87.1.13,374
d2p6pa1,SCOPe-ALL,family,c.87.1.13,c,c.87,c.87.1,c.87.1.13,378
d5zlra1,SCOPe-ALL,family,c.87.1.0,c,c.87,c.87.1,c.87.1.0,378
d5uofa1,SCOPe-ALL,family,c.87.1.0,c,c.87,c.87.1,c.87.1.0,470
d3c48a1,SCOPe-ALL,family,c.87.1.0,c,c.87,c.87.1,c.87.1.0,418
d2qzsa_,SCOPe-ALL,family,c.87.1.0,c,c.87,c.87.1,c.87.1.0,477
d7cywa_,SCOPe-ALL,family,c.87.1.0,c,c.87,c.87.1,c.87.1.0,438
d4zhta_,SCOPe-ALL,family,c.87.1.0,c,c.87,c.87.1,c.87.1.0,384
d6lfna_,SCOPe-ALL,family,c.87.1.0,c,c.87,c.87.1,c.87.1.0,456
d4nesa_,SCOPe-ALL,family,c.87.1.0,c,c.87,c.87.1,c.87.1.0,364
d3otga1,SCOPe-ALL,family,c.87.1.0,c,c.87,c.87.1,c.87.1.0,388
d5jioa_,SCOPe-ALL,family,c.87.1.0,c,c.87,c.87.1,c.87.1.0,471
d6tvpa1,SCOPe-ALL,family,c.87.1.0,c,c.87,c.87.1,c.87.1.0,387
d6bk0a_,SCOPe-ALL,family,c.87.1.0,c,c.87,c.87.1,c.87.1.0,451
d4r9va1,SCOPe-ALL,family,c.87.1.0,c,c.87,c.87.1,c.87.1.0,385
d2zwia_,SCOPe-ALL,family,c.87.1.0,c,c.87,c.87.1,c.87.1.0,372
d6jbra_,SCOPe-ALL,family,c.87.1.0,c,c.87,c.87.1,c.87.1.0,465
d4hwga1,SCOPe-ALL,family,c.87.1.0,c,c.87,c.87.1,c.87.1.0,376
d3tsaa1,SCOPe-ALL,family,c.87.1.0,c,c.87,c.87.1,c.87.1.0,385
d6l8xa_,SCOPe-ALL,family,c.87.1.0,c,c.87,c.87.1,c.87.1.0,450
d4amga1,SCOPe-ALL,family,c.87.1.0,c,c.87,c.87.1,c.87.1.0,377
d4fzra1,SCOPe-ALL,family,c.87.1.0,c,c.87,c.87.1,c.87.1.0,382
d5lqda1,SCOPe-ALL,family,c.87.1.0,c,c.87,c.87.1,c.87.1.0,450
d6gnea_,SCOPe-ALL,family,c.87.1.0,c,c.87,c.87.1,c.87.1.0,493
d6kiha_,SCOPe-ALL,family,c.87.1.0,c,c.87,c.87.1,c.87.1.0,400
d1o7ja_,SCOPe-ALL,family,c.88.1.1,c,c.88,c.88.1,c.88.1.1,325
d1zq1a2,SCOPe-ALL,family,c.88.1.1,c,c.88,c.88.1,c.88.1.1,363
d3ntxa_,SCOPe-ALL,family,c.88.1.1,c,c.88,c.88.1,c.88.1.1,336
d7cbra_,SCOPe-ALL,family,c.88.1.0,c,c.88,c.88.1,c.88.1.0,321
d1wlsa_,SCOPe-ALL,family,c.88.1.0,c,c.88,c.88.1,c.88.1.0,328
d2f48a_,SCOPe-ALL,family,c.89.1.1,c,c.89,c.89.1,c.89.1.1,551
d5xz7a1,SCOPe-ALL,family,c.89.1.1,c,c.89,c.89.1,c.89.1.1,322
d1cbfa1,SCOPe-ALL,family,c.90.1.1,c,c.90,c.90.1,c.90.1.1,231
d1wdea_,SCOPe-ALL,family,c.90.1.1,c,c.90,c.90.1,c.90.1.1,289
d2z6ra_,SCOPe-ALL,family,c.90.1.1,c,c.90,c.90.1,c.90.1.1,264
d2bb3a1,SCOPe-ALL,family,c.90.1.1,c,c.90,c.90.1,c.90.1.1,195
d1wyza1,SCOPe-ALL,family,c.90.1.1,c,c.90,c.90.1,c.90.1.1,233
d1ve2a1,SCOPe-ALL,family,c.90.1.1,c,c.90,c.90.1,c.90.1.1,235
d6pr1a3,SCOPe-ALL,family,c.90.1.1,c,c.90,c.90.1,c.90.1.1,242
d3ndca1,SCOPe-ALL,family,c.90.1.0,c,c.90,c.90.1,c.90.1.0,233
d4gmua2,SCOPe-ALL,family,c.91.1.1,c,c.91,c.91.1,c.91.1.1,353
d2olra1,SCOPe-ALL,family,c.91.1.1,c,c.91,c.91.1,c.91.1.1,313
d1knxa2,SCOPe-ALL,family,c.91.1.2,c,c.91,c.91.1,c.91.1.2,177
d1ko7a2,SCOPe-ALL,family,c.91.1.2,c,c.91,c.91.1,c.91.1.2,169
d3tqfa_,SCOPe-ALL,family,c.91.1.0,c,c.91,c.91.1,c.91.1.0,165
d2h1va_,SCOPe-ALL,family,c.92.1.1,c,c.92,c.92.1,c.92.1.1,309
d3hcna_,SCOPe-ALL,family,c.92.1.1,c,c.92,c.92.1,c.92.1.1,359
d1qgoa_,SCOPe-ALL,family,c.92.1.2,c,c.92,c.92.1,c.92.1.2,257
d2xwsa1,SCOPe-ALL,family,c.92.1.3,c,c.92,c.92.1,c.92.1.3,125
d2xvxa_,SCOPe-ALL,family,c.92.1.0,c,c.92,c.92.1,c.92.1.0,262
d1efdn_,SCOPe-ALL,family,c.92.2.1,c,c.92,c.92.2,c.92.2.1,262
d1toaa_,SCOPe-ALL,family,c.92.2.2,c,c.92,c.92.2,c.92.2.2,277
d1pq4a_,SCOPe-ALL,family,c.92.2.2,c,c.92,c.92.2,c.92.2.2,289
d5ysca_,SCOPe-ALL,family,c.92.2.2,c,c.92,c.92.2,c.92.2.2,255
d5m29a_,SCOPe-ALL,family,c.92.2.2,c,c.92,c.92.2,c.92.2.2,245
d3u7qb_,SCOPe-ALL,family,c.92.2.3,c,c.92,c.92.2,c.92.2.3,522
d4wesb_,SCOPe-ALL,family,c.92.2.3,c,c.92,c.92.2,c.92.2.3,458
d3u7qa_,SCOPe-ALL,family,c.92.2.3,c,c.92,c.92.2,c.92.2.3,477
d4wesa_,SCOPe-ALL,family,c.92.2.3,c,c.92,c.92.2,c.92.2.3,519
d2etva1,SCOPe-ALL,family,c.92.2.4,c,c.92,c.92.2,c.92.2.4,334
d2wi8a1,SCOPe-ALL,family,c.92.2.4,c,c.92,c.92.2,c.92.2.4,282
d5mbub_,SCOPe-ALL,family,c.92.2.4,c,c.92,c.92.2,c.92.2.4,287
d6mfla1,SCOPe-ALL,family,c.92.2.0,c,c.92,c.92.2,c.92.2.0,284
d3pdia_,SCOPe-ALL,family,c.92.2.0,c,c.92,c.92.2,c.92.2.0,427
d3tnya_,SCOPe-ALL,family,c.92.2.0,c,c.92,c.92.2,c.92.2.0,280
d3gfva1,SCOPe-ALL,family,c.92.2.0,c,c.92,c.92.2,c.92.2.0,284
d3g9qa1,SCOPe-ALL,family,c.92.2.0,c,c.92,c.92.2,c.92.2.0,262
d4cl2a_,SCOPe-ALL,family,c.92.2.0,c,c.92,c.92.2,c.92.2.0,272
d6nsia_,SCOPe-ALL,family,c.92.2.0,c,c.92,c.92.2,c.92.2.0,287
d2osva_,SCOPe-ALL,family,c.92.2.0,c,c.92,c.92.2,c.92.2.0,283
d3tlka1,SCOPe-ALL,family,c.92.2.0,c,c.92,c.92.2,c.92.2.0,292
d6xpna_,SCOPe-ALL,family,c.92.2.0,c,c.92,c.92.2,c.92.2.0,276
d6r3za_,SCOPe-ALL,family,c.92.2.0,c,c.92,c.92.2,c.92.2.0,276
d5gj3a1,SCOPe-ALL,family,c.92.2.0,c,c.92,c.92.2,c.92.2.0,265
d2rg7a_,SCOPe-ALL,family,c.92.2.0,c,c.92,c.92.2,c.92.2.0,255
d4fkma_,SCOPe-ALL,family,c.92.2.0,c,c.92,c.92.2,c.92.2.0,256
d4nnoa_,SCOPe-ALL,family,c.92.2.0,c,c.92,c.92.2,c.92.2.0,278
d3lhsa1,SCOPe-ALL,family,c.92.2.0,c,c.92,c.92.2,c.92.2.0,289
d4m7oa_,SCOPe-ALL,family,c.92.2.0,c,c.92,c.92.2,c.92.2.0,258
d7jj8a_,SCOPe-ALL,family,c.92.2.0,c,c.92,c.92.2,c.92.2.0,283
d4jcca_,SCOPe-ALL,family,c.92.2.0,c,c.92,c.92.2,c.92.2.0,284
d3gi1a_,SCOPe-ALL,family,c.92.2.0,c,c.92,c.92.2,c.92.2.0,277
d3mfqa_,SCOPe-ALL,family,c.92.2.0,c,c.92,c.92.2,c.92.2.0,278
d5khlb1,SCOPe-ALL,family,c.92.2.0,c,c.92,c.92.2,c.92.2.0,254
d5ggya1,SCOPe-ALL,family,c.92.2.0,c,c.92,c.92.2,c.92.2.0,265
d3r5ta1,SCOPe-ALL,family,c.92.2.0,c,c.92,c.92.2,c.92.2.0,295
d3tefa_,SCOPe-ALL,family,c.92.2.0,c,c.92,c.92.2,c.92.2.0,279
d3md9a_,SCOPe-ALL,family,c.92.2.0,c,c.92,c.92.2,c.92.2.0,253
d2pjua1,SCOPe-ALL,family,c.92.3.1,c,c.92,c.92.3,c.92.3.1,186
d1peaa_,SCOPe-ALL,family,c.93.1.1,c,c.93,c.93.1,c.93.1.1,368
d1guda_,SCOPe-ALL,family,c.93.1.1,c,c.93,c.93.1,c.93.1.1,288
d2fvya_,SCOPe-ALL,family,c.93.1.1,c,c.93,c.93.1,c.93.1.1,305
d2o20a_,SCOPe-ALL,family,c.93.1.1,c,c.93,c.93.1,c.93.1.1,271
d1jdpa_,SCOPe-ALL,family,c.93.1.1,c,c.93,c.93.1,c.93.1.1,401
d1dp4a_,SCOPe-ALL,family,c.93.1.1,c,c.93,c.93.1,c.93.1.1,425
d3hsya_,SCOPe-ALL,family,c.93.1.1,c,c.93,c.93.1,c.93.1.1,374
d1jyea_,SCOPe-ALL,family,c.93.1.1,c,c.93,c.93.1,c.93.1.1,271
d1dbqa_,SCOPe-ALL,family,c.93.1.1,c,c.93,c.93.1,c.93.1.1,282
d1jx6a_,SCOPe-ALL,family,c.93.1.1,c,c.93,c.93.1,c.93.1.1,338
d4xxha_,SCOPe-ALL,family,c.93.1.1,c,c.93,c.93.1,c.93.1.1,255
d2h4aa1,SCOPe-ALL,family,c.93.1.1,c,c.93,c.93.1,c.93.1.1,317
d4zjpa1,SCOPe-ALL,family,c.93.1.1,c,c.93,c.93.1,c.93.1.1,269
d4pz0a_,SCOPe-ALL,family,c.93.1.1,c,c.93,c.93.1,c.93.1.1,321
d1z15a_,SCOPe-ALL,family,c.93.1.1,c,c.93,c.93.1,c.93.1.1,344
d3lmka_,SCOPe-ALL,family,c.93.1.1,c,c.93,c.93.1,c.93.1.1,471
d3c3ka1,SCOPe-ALL,family,c.93.1.0,c,c.93,c.93.1,c.93.1.0,271
d4rxta1,SCOPe-ALL,family,c.93.1.0,c,c.93,c.93.1,c.93.1.0,293
d3ipca1,SCOPe-ALL,family,c.93.1.0,c,c.93,c.93.1,c.93.1.0,347
d4wuta_,SCOPe-ALL,family,c.93.1.0,c,c.93,c.93.1,c.93.1.0,290
d5dkva1,SCOPe-ALL,family,c.93.1.0,c,c.93,c.93.1,c.93.1.0,301
d4wt7a_,SCOPe-ALL,family,c.93.1.0,c,c.93,c.93.1,c.93.1.0,294
d3ctpa_,SCOPe-ALL,family,c.93.1.0,c,c.93,c.93.1,c.93.1.0,266
d4nqra_,SCOPe-ALL,family,c.93.1.0,c,c.93,c.93.1,c.93.1.0,364
d4rkqa1,SCOPe-ALL,family,c.93.1.0,c,c.93,c.93.1,c.93.1.0,280
d3k4ha1,SCOPe-ALL,family,c.93.1.0,c,c.93,c.93.1,c.93.1.0,278
d4yo7a_,SCOPe-ALL,family,c.93.1.0,c,c.93,c.93.1,c.93.1.0,287
d3tb6a_,SCOPe-ALL,family,c.93.1.0,c,c.93,c.93.1,c.93.1.0,283
d3gbva_,SCOPe-ALL,family,c.93.1.0,c,c.93,c.93.1,c.93.1.0,289
d2x7xa_,SCOPe-ALL,family,c.93.1.0,c,c.93,c.93.1,c.93.1.0,301
d5ufha_,SCOPe-ALL,family,c.93.1.0,c,c.93,c.93.1,c.93.1.0,282
d4o5aa_,SCOPe-ALL,family,c.93.1.0,c,c.93,c.93.1,c.93.1.0,279
d4kqca1,SCOPe-ALL,family,c.93.1.0,c,c.93,c.93.1,c.93.1.0,316
d5hqja1,SCOPe-ALL,family,c.93.1.0,c,c.93,c.93.1,c.93.1.0,288
d4ylea_,SCOPe-ALL,family,c.93.1.0,c,c.93,c.93.1,c.93.1.0,286
d2rgya_,SCOPe-ALL,family,c.93.1.0,c,c.93,c.93.1,c.93.1.0,275
d4kzka_,SCOPe-ALL,family,c.93.1.0,c,c.93,c.93.1,c.93.1.0,301
d3egca_,SCOPe-ALL,family,c.93.1.0,c,c.93,c.93.1,c.93.1.0,268
d4irxa1,SCOPe-ALL,family,c.93.1.0,c,c.93,c.93.1,c.93.1.0,287
d3bbla1,SCOPe-ALL,family,c.93.1.0,c,c.93,c.93.1,c.93.1.0,276
d4rxua_,SCOPe-ALL,family,c.93.1.0,c,c.93,c.93.1,c.93.1.0,340
d3h5oa1,SCOPe-ALL,family,c.93.1.0,c,c.93,c.93.1,c.93.1.0,269
d3g85a_,SCOPe-ALL,family,c.93.1.0,c,c.93,c.93.1,c.93.1.0,270
d3brsa_,SCOPe-ALL,family,c.93.1.0,c,c.93,c.93.1,c.93.1.0,276
d3gyba_,SCOPe-ALL,family,c.93.1.0,c,c.93,c.93.1,c.93.1.0,269
d3jvda_,SCOPe-ALL,family,c.93.1.0,c,c.93,c.93.1,c.93.1.0,262
d3bila_,SCOPe-ALL,family,c.93.1.0,c,c.93,c.93.1,c.93.1.0,269
d4q6ba_,SCOPe-ALL,family,c.93.1.0,c,c.93,c.93.1,c.93.1.0,346
d4rk0a_,SCOPe-ALL,family,c.93.1.0,c,c.93,c.93.1,c.93.1.0,268
d3cs3a_,SCOPe-ALL,family,c.93.1.0,c,c.93,c.93.1,c.93.1.0,266
d2iksa_,SCOPe-ALL,family,c.93.1.0,c,c.93,c.93.1,c.93.1.0,276
d3brqa_,SCOPe-ALL,family,c.93.1.0,c,c.93,c.93.1,c.93.1.0,275
d3ma0a1,SCOPe-ALL,family,c.93.1.0,c,c.93,c.93.1,c.93.1.0,307
d3l6ua_,SCOPe-ALL,family,c.93.1.0,c,c.93,c.93.1,c.93.1.0,274
d6gt9a_,SCOPe-ALL,family,c.93.1.0,c,c.93,c.93.1,c.93.1.0,283
d6sw4a_,SCOPe-ALL,family,c.93.1.0,c,c.93,c.93.1,c.93.1.0,290
d3ksma1,SCOPe-ALL,family,c.93.1.0,c,c.93,c.93.1,c.93.1.0,275
d5c5ca_,SCOPe-ALL,family,c.93.1.0,c,c.93,c.93.1,c.93.1.0,472
d5kc8a_,SCOPe-ALL,family,c.93.1.0,c,c.93,c.93.1,c.93.1.0,406
d5hsga_,SCOPe-ALL,family,c.93.1.0,c,c.93,c.93.1,c.93.1.0,285
d3d02a_,SCOPe-ALL,family,c.93.1.0,c,c.93,c.93.1,c.93.1.0,300
d6ndia_,SCOPe-ALL,family,c.93.1.0,c,c.93,c.93.1,c.93.1.0,273
d4kvfa_,SCOPe-ALL,family,c.93.1.0,c,c.93,c.93.1,c.93.1.0,314
d3hs3a1,SCOPe-ALL,family,c.93.1.0,c,c.93,c.93.1,c.93.1.0,262
d3jy6a1,SCOPe-ALL,family,c.93.1.0,c,c.93,c.93.1,c.93.1.0,264
d4rk4a_,SCOPe-ALL,family,c.93.1.0,c,c.93,c.93.1,c.93.1.0,275
d3rota_,SCOPe-ALL,family,c.93.1.0,c,c.93,c.93.1,c.93.1.0,273
d4wwha_,SCOPe-ALL,family,c.93.1.0,c,c.93,c.93.1,c.93.1.0,329
d3kkea_,SCOPe-ALL,family,c.93.1.0,c,c.93,c.93.1,c.93.1.0,278
d4yv7a_,SCOPe-ALL,family,c.93.1.0,c,c.93,c.93.1,c.93.1.0,288
d3h6ga_,SCOPe-ALL,family,c.93.1.0,c,c.93,c.93.1,c.93.1.0,383
d5braa_,SCOPe-ALL,family,c.93.1.0,c,c.93,c.93.1,c.93.1.0,318
d5x2ma_,SCOPe-ALL,family,c.93.1.0,c,c.93,c.93.1,c.93.1.0,442
d5x2mb_,SCOPe-ALL,family,c.93.1.0,c,c.93,c.93.1,c.93.1.0,470
d3miza_,SCOPe-ALL,family,c.93.1.0,c,c.93,c.93.1,c.93.1.0,281
d4joqa1,SCOPe-ALL,family,c.93.1.0,c,c.93,c.93.1,c.93.1.0,295
d3k9ca_,SCOPe-ALL,family,c.93.1.0,c,c.93,c.93.1,c.93.1.0,268
d3n0xa_,SCOPe-ALL,family,c.93.1.0,c,c.93,c.93.1,c.93.1.0,371
d3snra_,SCOPe-ALL,family,c.93.1.0,c,c.93,c.93.1,c.93.1.0,359
d3sg0a_,SCOPe-ALL,family,c.93.1.0,c,c.93,c.93.1,c.93.1.0,361
d3huta1,SCOPe-ALL,family,c.93.1.0,c,c.93,c.93.1,c.93.1.0,345
d4kmra_,SCOPe-ALL,family,c.93.1.0,c,c.93,c.93.1,c.93.1.0,280
d3e3ma1,SCOPe-ALL,family,c.93.1.0,c,c.93,c.93.1,c.93.1.0,277
d3kjxa2,SCOPe-ALL,family,c.93.1.0,c,c.93,c.93.1,c.93.1.0,275
d3hcwa1,SCOPe-ALL,family,c.93.1.0,c,c.93,c.93.1,c.93.1.0,284
d3huua_,SCOPe-ALL,family,c.93.1.0,c,c.93,c.93.1,c.93.1.0,277
d3e61a1,SCOPe-ALL,family,c.93.1.0,c,c.93,c.93.1,c.93.1.0,260
d2qu7a_,SCOPe-ALL,family,c.93.1.0,c,c.93,c.93.1,c.93.1.0,274
d4gnra_,SCOPe-ALL,family,c.93.1.0,c,c.93,c.93.1,c.93.1.0,348
d5ysza2,SCOPe-ALL,family,c.93.1.0,c,c.93,c.93.1,c.93.1.0,277
d2h3ha1,SCOPe-ALL,family,c.93.1.0,c,c.93,c.93.1,c.93.1.0,305
d3td9a_,SCOPe-ALL,family,c.93.1.0,c,c.93,c.93.1,c.93.1.0,350
d2fn9a_,SCOPe-ALL,family,c.93.1.0,c,c.93,c.93.1,c.93.1.0,280
d2h0aa_,SCOPe-ALL,family,c.93.1.0,c,c.93,c.93.1,c.93.1.0,276
d4ry9a_,SCOPe-ALL,family,c.93.1.0,c,c.93,c.93.1,c.93.1.0,297
d3d8ua_,SCOPe-ALL,family,c.93.1.0,c,c.93,c.93.1,c.93.1.0,270
d4rk6a_,SCOPe-ALL,family,c.93.1.0,c,c.93,c.93.1,c.93.1.0,274
d4rwea_,SCOPe-ALL,family,c.93.1.0,c,c.93,c.93.1,c.93.1.0,287
d1twya_,SCOPe-ALL,family,c.94.1.1,c,c.94,c.94.1,c.94.1.1,249
d1z7me1,SCOPe-ALL,family,c.94.1.1,c,c.94,c.94.1,c.94.1.1,204
d1nh8a1,SCOPe-ALL,family,c.94.1.1,c,c.94,c.94.1,c.94.1.1,210
d1o63a_,SCOPe-ALL,family,c.94.1.1,c,c.94,c.94.1,c.94.1.1,203
d1ve4a1,SCOPe-ALL,family,c.94.1.1,c,c.94,c.94.1,c.94.1.1,206
d2i49a_,SCOPe-ALL,family,c.94.1.1,c,c.94,c.94.1,c.94.1.1,398
d1al3a_,SCOPe-ALL,family,c.94.1.1,c,c.94,c.94.1,c.94.1.1,237
d1ursa_,SCOPe-ALL,family,c.94.1.1,c,c.94,c.94.1,c.94.1.1,367
d1elja_,SCOPe-ALL,family,c.94.1.1,c,c.94,c.94.1,c.94.1.1,380
d1eu8a_,SCOPe-ALL,family,c.94.1.1,c,c.94,c.94.1,c.94.1.1,407
d1nnfa_,SCOPe-ALL,family,c.94.1.1,c,c.94,c.94.1,c.94.1.1,308
d1q35a_,SCOPe-ALL,family,c.94.1.1,c,c.94,c.94.1,c.94.1.1,318
d1xvxa_,SCOPe-ALL,family,c.94.1.1,c,c.94,c.94.1,c.94.1.1,311
d6yk4a1,SCOPe-ALL,family,c.94.1.1,c,c.94,c.94.1,c.94.1.1,261
d1ii5a1,SCOPe-ALL,family,c.94.1.1,c,c.94,c.94.1,c.94.1.1,221
d1r9la_,SCOPe-ALL,family,c.94.1.1,c,c.94,c.94.1,c.94.1.1,309
d1i6aa_,SCOPe-ALL,family,c.94.1.1,c,c.94,c.94.1,c.94.1.1,212
d2i6ea1,SCOPe-ALL,family,c.94.1.1,c,c.94,c.94.1,c.94.1.1,272
d2nxoa1,SCOPe-ALL,family,c.94.1.1,c,c.94,c.94.1,c.94.1.1,277
d2czla1,SCOPe-ALL,family,c.94.1.1,c,c.94,c.94.1,c.94.1.1,270
d2ozza1,SCOPe-ALL,family,c.94.1.1,c,c.94,c.94.1,c.94.1.1,228
d1uqwa_,SCOPe-ALL,family,c.94.1.1,c,c.94,c.94.1,c.94.1.1,487
d6ft2a_,SCOPe-ALL,family,c.94.1.1,c,c.94,c.94.1,c.94.1.1,236
d2fyia1,SCOPe-ALL,family,c.94.1.1,c,c.94,c.94.1,c.94.1.1,220
d1ixca2,SCOPe-ALL,family,c.94.1.1,c,c.94,c.94.1,c.94.1.1,205
d2onsa2,SCOPe-ALL,family,c.94.1.1,c,c.94,c.94.1,c.94.1.1,311
d1atga_,SCOPe-ALL,family,c.94.1.1,c,c.94,c.94.1,c.94.1.1,231
d1pb7a_,SCOPe-ALL,family,c.94.1.1,c,c.94,c.94.1,c.94.1.1,289
d4i9da_,SCOPe-ALL,family,c.94.1.1,c,c.94,c.94.1,c.94.1.1,498
d1xoca1,SCOPe-ALL,family,c.94.1.1,c,c.94,c.94.1,c.94.1.1,504
d1jeta_,SCOPe-ALL,family,c.94.1.1,c,c.94,c.94.1,c.94.1.1,517
d4pfya1,SCOPe-ALL,family,c.94.1.1,c,c.94,c.94.1,c.94.1.1,537
d3mama_,SCOPe-ALL,family,c.94.1.1,c,c.94,c.94.1,c.94.1.1,270
d1ixha_,SCOPe-ALL,family,c.94.1.1,c,c.94,c.94.1,c.94.1.1,321
d1pc3a_,SCOPe-ALL,family,c.94.1.1,c,c.94,c.94.1,c.94.1.1,333
d4f19a1,SCOPe-ALL,family,c.94.1.1,c,c.94,c.94.1,c.94.1.1,370
d2qmwa1,SCOPe-ALL,family,c.94.1.1,c,c.94,c.94.1,c.94.1.1,184
d2esna2,SCOPe-ALL,family,c.94.1.1,c,c.94,c.94.1,c.94.1.1,212
d1xt8a1,SCOPe-ALL,family,c.94.1.1,c,c.94,c.94.1,c.94.1.1,248
d1us5a_,SCOPe-ALL,family,c.94.1.1,c,c.94,c.94.1,c.94.1.1,298
d1xs5a_,SCOPe-ALL,family,c.94.1.1,c,c.94,c.94.1,c.94.1.1,240
d2xwva1,SCOPe-ALL,family,c.94.1.1,c,c.94,c.94.1,c.94.1.1,306
d1pota_,SCOPe-ALL,family,c.94.1.1,c,c.94,c.94.1,c.94.1.1,322
d3thia_,SCOPe-ALL,family,c.94.1.1,c,c.94,c.94.1,c.94.1.1,362
d4mija1,SCOPe-ALL,family,c.94.1.1,c,c.94,c.94.1,c.94.1.1,300
d4mcoa1,SCOPe-ALL,family,c.94.1.1,c,c.94,c.94.1,c.94.1.1,309
d2y7pa1,SCOPe-ALL,family,c.94.1.1,c,c.94,c.94.1,c.94.1.1,212
d3r26a_,SCOPe-ALL,family,c.94.1.1,c,c.94,c.94.1,c.94.1.1,231
d6ye8a_,SCOPe-ALL,family,c.94.1.1,c,c.94,c.94.1,c.94.1.1,342
d3q27a_,SCOPe-ALL,family,c.94.1.1,c,c.94,c.94.1,c.94.1.1,396
d3vlva_,SCOPe-ALL,family,c.94.1.1,c,c.94,c.94.1,c.94.1.1,490
d5um2a1,SCOPe-ALL,family,c.94.1.1,c,c.94,c.94.1,c.94.1.1,314
d1gvca_,SCOPe-ALL,family,c.94.1.2,c,c.94,c.94.1,c.94.1.2,157
d1ryoa_,SCOPe-ALL,family,c.94.1.2,c,c.94,c.94.1,c.94.1.2,324
d2p0sa1,SCOPe-ALL,family,c.94.1.3,c,c.94,c.94.1,c.94.1.3,136
d4o8ma_,SCOPe-ALL,family,c.94.1.0,c,c.94,c.94.1,c.94.1.0,303
d3up9a_,SCOPe-ALL,family,c.94.1.0,c,c.94,c.94.1,c.94.1.0,241
d4io2a1,SCOPe-ALL,family,c.94.1.0,c,c.94,c.94.1,c.94.1.0,246
d7bbra_,SCOPe-ALL,family,c.94.1.0,c,c.94,c.94.1,c.94.1.0,310
d4rjza_,SCOPe-ALL,family,c.94.1.0,c,c.94,c.94.1,c.94.1.0,382
d4euoa_,SCOPe-ALL,family,c.94.1.0,c,c.94,c.94.1,c.94.1.0,313
d5loma_,SCOPe-ALL,family,c.94.1.0,c,c.94,c.94.1,c.94.1.0,241
d5l9sa_,SCOPe-ALL,family,c.94.1.0,c,c.94,c.94.1,c.94.1.0,326
d5iaia_,SCOPe-ALL,family,c.94.1.0,c,c.94,c.94.1,c.94.1.0,399
d6hlya1,SCOPe-ALL,family,c.94.1.0,c,c.94,c.94.1,c.94.1.0,313
d4powa_,SCOPe-ALL,family,c.94.1.0,c,c.94,c.94.1,c.94.1.0,254
d4ryaa_,SCOPe-ALL,family,c.94.1.0,c,c.94,c.94.1,c.94.1.0,417
d4ovja_,SCOPe-ALL,family,c.94.1.0,c,c.94,c.94.1,c.94.1.0,396
d4n91a_,SCOPe-ALL,family,c.94.1.0,c,c.94,c.94.1,c.94.1.0,308
d5u4oa_,SCOPe-ALL,family,c.94.1.0,c,c.94,c.94.1,c.94.1.0,480
d7bvta_,SCOPe-ALL,family,c.94.1.0,c,c.94,c.94.1,c.94.1.0,391
d2ieea_,SCOPe-ALL,family,c.94.1.0,c,c.94,c.94.1,c.94.1.0,251
d4r6ha_,SCOPe-ALL,family,c.94.1.0,c,c.94,c.94.1,c.94.1.0,394
d5z6ba_,SCOPe-ALL,family,c.94.1.0,c,c.94,c.94.1,c.94.1.0,393
d4gota_,SCOPe-ALL,family,c.94.1.0,c,c.94,c.94.1,c.94.1.0,247
d3r6ua_,SCOPe-ALL,family,c.94.1.0,c,c.94,c.94.1,c.94.1.0,272
d4c1ua_,SCOPe-ALL,family,c.94.1.0,c,c.94,c.94.1,c.94.1.0,396
d4n4ua1,SCOPe-ALL,family,c.94.1.0,c,c.94,c.94.1,c.94.1.0,303
d4p56a_,SCOPe-ALL,family,c.94.1.0,c,c.94,c.94.1,c.94.1.0,315
d3pu5a1,SCOPe-ALL,family,c.94.1.0,c,c.94,c.94.1,c.94.1.0,321
d2pfza_,SCOPe-ALL,family,c.94.1.0,c,c.94,c.94.1,c.94.1.0,301
d3mpka_,SCOPe-ALL,family,c.94.1.0,c,c.94,c.94.1,c.94.1.0,235
d4n13a_,SCOPe-ALL,family,c.94.1.0,c,c.94,c.94.1,c.94.1.0,255
d4i1da1,SCOPe-ALL,family,c.94.1.0,c,c.94,c.94.1,c.94.1.0,320
d4qhqa_,SCOPe-ALL,family,c.94.1.0,c,c.94,c.94.1,c.94.1.0,241
d4f3pa1,SCOPe-ALL,family,c.94.1.0,c,c.94,c.94.1,c.94.1.0,222
d4r9fa_,SCOPe-ALL,family,c.94.1.0,c,c.94,c.94.1,c.94.1.0,402
d4oeva_,SCOPe-ALL,family,c.94.1.0,c,c.94,c.94.1,c.94.1.0,494
d5ubia_,SCOPe-ALL,family,c.94.1.0,c,c.94,c.94.1,c.94.1.0,218
d2v25a_,SCOPe-ALL,family,c.94.1.0,c,c.94,c.94.1,c.94.1.0,231
d3delb1,SCOPe-ALL,family,c.94.1.0,c,c.94,c.94.1,c.94.1.0,224
d4n8ga1,SCOPe-ALL,family,c.94.1.0,c,c.94,c.94.1,c.94.1.0,318
d4x04a1,SCOPe-ALL,family,c.94.1.0,c,c.94,c.94.1,c.94.1.0,300
d4oteb_,SCOPe-ALL,family,c.94.1.0,c,c.94,c.94.1,c.94.1.0,240
d4kd5a_,SCOPe-ALL,family,c.94.1.0,c,c.94,c.94.1,c.94.1.0,229
d4edpa_,SCOPe-ALL,family,c.94.1.0,c,c.94,c.94.1,c.94.1.0,316
d4p8ba_,SCOPe-ALL,family,c.94.1.0,c,c.94,c.94.1,c.94.1.0,314
d4nhba_,SCOPe-ALL,family,c.94.1.0,c,c.94,c.94.1,c.94.1.0,303
d4n6ka1,SCOPe-ALL,family,c.94.1.0,c,c.94,c.94.1,c.94.1.0,305
d4nn3a_,SCOPe-ALL,family,c.94.1.0,c,c.94,c.94.1,c.94.1.0,311
d4n6da1,SCOPe-ALL,family,c.94.1.0,c,c.94,c.94.1,c.94.1.0,312
d4ddda_,SCOPe-ALL,family,c.94.1.0,c,c.94,c.94.1,c.94.1.0,300
d4ntla_,SCOPe-ALL,family,c.94.1.0,c,c.94,c.94.1,c.94.1.0,242
d5eyfa_,SCOPe-ALL,family,c.94.1.0,c,c.94,c.94.1,c.94.1.0,241
d4wepa_,SCOPe-ALL,family,c.94.1.0,c,c.94,c.94.1,c.94.1.0,281
d6gz0a_,SCOPe-ALL,family,c.94.1.0,c,c.94,c.94.1,c.94.1.0,203
d4p1ea_,SCOPe-ALL,family,c.94.1.0,c,c.94,c.94.1,c.94.1.0,298
d4wxja1,SCOPe-ALL,family,c.94.1.0,c,c.94,c.94.1,c.94.1.0,255
d2pvua_,SCOPe-ALL,family,c.94.1.0,c,c.94,c.94.1,c.94.1.0,235
d6rkja_,SCOPe-ALL,family,c.94.1.0,c,c.94,c.94.1,c.94.1.0,415
d3h7ma_,SCOPe-ALL,family,c.94.1.0,c,c.94,c.94.1,c.94.1.0,228
d4pbqa_,SCOPe-ALL,family,c.94.1.0,c,c.94,c.94.1,c.94.1.0,304
d3m8ua_,SCOPe-ALL,family,c.94.1.0,c,c.94,c.94.1,c.94.1.0,508
d2vpna_,SCOPe-ALL,family,c.94.1.0,c,c.94,c.94.1,c.94.1.0,310
d6pu3a_,SCOPe-ALL,family,c.94.1.0,c,c.94,c.94.1,c.94.1.0,512
d4kqpa_,SCOPe-ALL,family,c.94.1.0,c,c.94,c.94.1,c.94.1.0,230
d3kzga_,SCOPe-ALL,family,c.94.1.0,c,c.94,c.94.1,c.94.1.0,228
d6a80a_,SCOPe-ALL,family,c.94.1.0,c,c.94,c.94.1,c.94.1.0,234
d5ysea1,SCOPe-ALL,family,c.94.1.0,c,c.94,c.94.1,c.94.1.0,380
d4gvoa_,SCOPe-ALL,family,c.94.1.0,c,c.94,c.94.1,c.94.1.0,236
d5f7va_,SCOPe-ALL,family,c.94.1.0,c,c.94,c.94.1,c.94.1.0,390
d5tu0a_,SCOPe-ALL,family,c.94.1.0,c,c.94,c.94.1,c.94.1.0,385
d4pfia_,SCOPe-ALL,family,c.94.1.0,c,c.94,c.94.1,c.94.1.0,305
d2vd3a1,SCOPe-ALL,family,c.94.1.0,c,c.94,c.94.1,c.94.1.0,214
d4ykia_,SCOPe-ALL,family,c.94.1.0,c,c.94,c.94.1,c.94.1.0,247
d7apea_,SCOPe-ALL,family,c.94.1.0,c,c.94,c.94.1,c.94.1.0,435
d2ylna_,SCOPe-ALL,family,c.94.1.0,c,c.94,c.94.1,c.94.1.0,240
d3jv9a_,SCOPe-ALL,family,c.94.1.0,c,c.94,c.94.1,c.94.1.0,216
d3ir1a_,SCOPe-ALL,family,c.94.1.0,c,c.94,c.94.1,c.94.1.0,239
d4jwxa_,SCOPe-ALL,family,c.94.1.0,c,c.94,c.94.1,c.94.1.0,280
d4kcda_,SCOPe-ALL,family,c.94.1.0,c,c.94,c.94.1,c.94.1.0,290
d2v3ua_,SCOPe-ALL,family,c.94.1.0,c,c.94,c.94.1,c.94.1.0,261
d2pyya_,SCOPe-ALL,family,c.94.1.0,c,c.94,c.94.1,c.94.1.0,220
d7ehpa_,SCOPe-ALL,family,c.94.1.0,c,c.94,c.94.1,c.94.1.0,397
d4ry1a1,SCOPe-ALL,family,c.94.1.0,c,c.94,c.94.1,c.94.1.0,409
d5wjpa1,SCOPe-ALL,family,c.94.1.0,c,c.94,c.94.1,c.94.1.0,236
d3ho7a1,SCOPe-ALL,family,c.94.1.0,c,c.94,c.94.1,c.94.1.0,219
d3kbra_,SCOPe-ALL,family,c.94.1.0,c,c.94,c.94.1,c.94.1.0,232
d6l33a_,SCOPe-ALL,family,c.94.1.0,c,c.94,c.94.1,c.94.1.0,203
d7kz9a_,SCOPe-ALL,family,c.94.1.0,c,c.94,c.94.1,c.94.1.0,478
d5ci5a_,SCOPe-ALL,family,c.94.1.0,c,c.94,c.94.1,c.94.1.0,393
d6fcta_,SCOPe-ALL,family,c.94.1.0,c,c.94,c.94.1,c.94.1.0,209
d2q88a1,SCOPe-ALL,family,c.94.1.0,c,c.94,c.94.1,c.94.1.0,256
d6tfxa_,SCOPe-ALL,family,c.94.1.0,c,c.94,c.94.1,c.94.1.0,493
d4pe3a_,SCOPe-ALL,family,c.94.1.0,c,c.94,c.94.1,c.94.1.0,315
d4oana1,SCOPe-ALL,family,c.94.1.0,c,c.94,c.94.1,c.94.1.0,310
d4pf6a_,SCOPe-ALL,family,c.94.1.0,c,c.94,c.94.1,c.94.1.0,305
d4pbha1,SCOPe-ALL,family,c.94.1.0,c,c.94,c.94.1,c.94.1.0,301
d4dz1a_,SCOPe-ALL,family,c.94.1.0,c,c.94,c.94.1,c.94.1.0,229
d2y7ia_,SCOPe-ALL,family,c.94.1.0,c,c.94,c.94.1,c.94.1.0,228
d4mx6a_,SCOPe-ALL,family,c.94.1.0,c,c.94,c.94.1,c.94.1.0,305
d3i6va_,SCOPe-ALL,family,c.94.1.0,c,c.94,c.94.1,c.94.1.0,218
d4rpoa_,SCOPe-ALL,family,c.94.1.0,c,c.94,c.94.1,c.94.1.0,219
d5yhga_,SCOPe-ALL,family,c.94.1.0,c,c.94,c.94.1,c.94.1.0,507
d4hw8a_,SCOPe-ALL,family,c.94.1.0,c,c.94,c.94.1,c.94.1.0,376
d4c0ra1,SCOPe-ALL,family,c.94.1.0,c,c.94,c.94.1,c.94.1.0,237
d4eqba_,SCOPe-ALL,family,c.94.1.0,c,c.94,c.94.1,c.94.1.0,323
d4i62a_,SCOPe-ALL,family,c.94.1.0,c,c.94,c.94.1,c.94.1.0,238
d4ohna_,SCOPe-ALL,family,c.94.1.0,c,c.94,c.94.1,c.94.1.0,246
d4exla_,SCOPe-ALL,family,c.94.1.0,c,c.94,c.94.1,c.94.1.0,261
d3jzja_,SCOPe-ALL,family,c.94.1.0,c,c.94,c.94.1,c.94.1.0,388
d4pf8a_,SCOPe-ALL,family,c.94.1.0,c,c.94,c.94.1,c.94.1.0,300
d4nx1b_,SCOPe-ALL,family,c.94.1.0,c,c.94,c.94.1,c.94.1.0,302
d6wpna_,SCOPe-ALL,family,c.94.1.0,c,c.94,c.94.1,c.94.1.0,401
d4htga1,SCOPe-ALL,family,c.94.1.0,c,c.94,c.94.1,c.94.1.0,222
d6veaa_,SCOPe-ALL,family,c.94.1.0,c,c.94,c.94.1,c.94.1.0,240
d2zyoa_,SCOPe-ALL,family,c.94.1.0,c,c.94,c.94.1,c.94.1.0,385
d6v1ra_,SCOPe-ALL,family,c.94.1.0,c,c.94,c.94.1,c.94.1.0,278
d2hpga_,SCOPe-ALL,family,c.94.1.0,c,c.94,c.94.1,c.94.1.0,318
d4prsa_,SCOPe-ALL,family,c.94.1.0,c,c.94,c.94.1,c.94.1.0,226
d6dtsa1,SCOPe-ALL,family,c.94.1.0,c,c.94,c.94.1,c.94.1.0,373
d2zzva_,SCOPe-ALL,family,c.94.1.0,c,c.94,c.94.1,c.94.1.0,330
d4eloa_,SCOPe-ALL,family,c.94.1.0,c,c.94,c.94.1,c.94.1.0,308
d3vvfa1,SCOPe-ALL,family,c.94.1.0,c,c.94,c.94.1,c.94.1.0,236
d2gh9a_,SCOPe-ALL,family,c.94.1.0,c,c.94,c.94.1,c.94.1.0,378
d6j9ya1,SCOPe-ALL,family,c.94.1.0,c,c.94,c.94.1,c.94.1.0,400
d7c0ya1,SCOPe-ALL,family,c.94.1.0,c,c.94,c.94.1,c.94.1.0,394
d2v84a_,SCOPe-ALL,family,c.94.1.0,c,c.94,c.94.1,c.94.1.0,319
d6deta_,SCOPe-ALL,family,c.94.1.0,c,c.94,c.94.1,c.94.1.0,243
d6g7na1,SCOPe-ALL,family,c.94.1.0,c,c.94,c.94.1,c.94.1.0,316
d5i7ia_,SCOPe-ALL,family,c.94.1.0,c,c.94,c.94.1,c.94.1.0,318
d4paka1,SCOPe-ALL,family,c.94.1.0,c,c.94,c.94.1,c.94.1.0,303
d5yqwa_,SCOPe-ALL,family,c.94.1.0,c,c.94,c.94.1,c.94.1.0,532
d3oxna_,SCOPe-ALL,family,c.94.1.0,c,c.94,c.94.1,c.94.1.0,215
d5b7ha1,SCOPe-ALL,family,c.94.1.0,c,c.94,c.94.1,c.94.1.0,216
d3k4ua1,SCOPe-ALL,family,c.94.1.0,c,c.94,c.94.1,c.94.1.0,232
d3uora_,SCOPe-ALL,family,c.94.1.0,c,c.94,c.94.1,c.94.1.0,397
d1tqya2,SCOPe-ALL,family,c.95.1.1,c,c.95,c.95.1,c.95.1.1,166
d1tqya1,SCOPe-ALL,family,c.95.1.1,c,c.95,c.95.1,c.95.1.1,255
d1tqyb2,SCOPe-ALL,family,c.95.1.1,c,c.95,c.95.1,c.95.1.1,157
d1tqyb1,SCOPe-ALL,family,c.95.1.1,c,c.95,c.95.1,c.95.1.1,245
d1ox0a2,SCOPe-ALL,family,c.95.1.1,c,c.95,c.95.1,c.95.1.1,158
d1ox0a1,SCOPe-ALL,family,c.95.1.1,c,c.95,c.95.1,c.95.1.1,251
d1wdkc1,SCOPe-ALL,family,c.95.1.1,c,c.95,c.95.1,c.95.1.1,262
d2vz8a1,SCOPe-ALL,family,c.95.1.1,c,c.95,c.95.1,c.95.1.1,237
d2vz8a2,SCOPe-ALL,family,c.95.1.1,c,c.95,c.95.1,c.95.1.1,174
d2hg4a2,SCOPe-ALL,family,c.95.1.1,c,c.95,c.95.1,c.95.1.1,239
d2hg4a3,SCOPe-ALL,family,c.95.1.1,c,c.95,c.95.1,c.95.1.1,182
d3v4na2,SCOPe-ALL,family,c.95.1.2,c,c.95,c.95.1,c.95.1.2,216
d1hnja1,SCOPe-ALL,family,c.95.1.2,c,c.95,c.95.1,c.95.1.2,174
d1hnja2,SCOPe-ALL,family,c.95.1.2,c,c.95,c.95.1,c.95.1.2,143
d1u6ea1,SCOPe-ALL,family,c.95.1.2,c,c.95,c.95.1,c.95.1.2,184
d1u6ea2,SCOPe-ALL,family,c.95.1.2,c,c.95,c.95.1,c.95.1.2,150
d1teda2,SCOPe-ALL,family,c.95.1.2,c,c.95,c.95.1,c.95.1.2,147
d1teda1,SCOPe-ALL,family,c.95.1.2,c,c.95,c.95.1,c.95.1.2,225
d1u0ma2,SCOPe-ALL,family,c.95.1.2,c,c.95,c.95.1,c.95.1.2,148
d1u0ma1,SCOPe-ALL,family,c.95.1.2,c,c.95,c.95.1,c.95.1.2,200
d5w8qa1,SCOPe-ALL,family,c.95.1.0,c,c.95,c.95.1,c.95.1.0,220
d5w8qa2,SCOPe-ALL,family,c.95.1.0,c,c.95,c.95.1,c.95.1.0,159
d3mqda1,SCOPe-ALL,family,c.95.1.0,c,c.95,c.95.1,c.95.1.0,249
d3mqda2,SCOPe-ALL,family,c.95.1.0,c,c.95,c.95.1,c.95.1.0,158
d4ewga1,SCOPe-ALL,family,c.95.1.0,c,c.95,c.95.1,c.95.1.0,253
d3gwaa1,SCOPe-ALL,family,c.95.1.0,c,c.95,c.95.1,c.95.1.0,177
d3gwaa2,SCOPe-ALL,family,c.95.1.0,c,c.95,c.95.1,c.95.1.0,160
d4f32a1,SCOPe-ALL,family,c.95.1.0,c,c.95,c.95.1,c.95.1.0,259
d4efia1,SCOPe-ALL,family,c.95.1.0,c,c.95,c.95.1,c.95.1.0,184
d4efia2,SCOPe-ALL,family,c.95.1.0,c,c.95,c.95.1,c.95.1.0,165
d4yuca1,SCOPe-ALL,family,c.95.1.0,c,c.95,c.95.1,c.95.1.0,180
d4yuca2,SCOPe-ALL,family,c.95.1.0,c,c.95,c.95.1,c.95.1.0,150
d3ov2a2,SCOPe-ALL,family,c.95.1.0,c,c.95,c.95.1,c.95.1.0,154
d2h84a1,SCOPe-ALL,family,c.95.1.0,c,c.95,c.95.1,c.95.1.0,214
d2h84a2,SCOPe-ALL,family,c.95.1.0,c,c.95,c.95.1,c.95.1.0,149
d4b0na1,SCOPe-ALL,family,c.95.1.0,c,c.95,c.95.1,c.95.1.0,230
d1wl4a1,SCOPe-ALL,family,c.95.1.0,c,c.95,c.95.1,c.95.1.0,268
d1wl4a2,SCOPe-ALL,family,c.95.1.0,c,c.95,c.95.1,c.95.1.0,126
d4jaqa1,SCOPe-ALL,family,c.95.1.0,c,c.95,c.95.1,c.95.1.0,210
d4jaqa2,SCOPe-ALL,family,c.95.1.0,c,c.95,c.95.1,c.95.1.0,142
d4c72a1,SCOPe-ALL,family,c.95.1.0,c,c.95,c.95.1,c.95.1.0,256
d4c72a2,SCOPe-ALL,family,c.95.1.0,c,c.95,c.95.1,c.95.1.0,157
d4ubta1,SCOPe-ALL,family,c.95.1.0,c,c.95,c.95.1,c.95.1.0,268
d6smob1,SCOPe-ALL,family,c.95.1.0,c,c.95,c.95.1,c.95.1.0,256
d2x3ea2,SCOPe-ALL,family,c.95.1.0,c,c.95,c.95.1,c.95.1.0,152
d3h78a1,SCOPe-ALL,family,c.95.1.0,c,c.95,c.95.1,c.95.1.0,176
d3h78a2,SCOPe-ALL,family,c.95.1.0,c,c.95,c.95.1,c.95.1.0,153
d6pcda1,SCOPe-ALL,family,c.95.1.0,c,c.95,c.95.1,c.95.1.0,275
d6koga1,SCOPe-ALL,family,c.95.1.0,c,c.95,c.95.1,c.95.1.0,255
d6koga2,SCOPe-ALL,family,c.95.1.0,c,c.95,c.95.1,c.95.1.0,203
d1zowa2,SCOPe-ALL,family,c.95.1.0,c,c.95,c.95.1,c.95.1.0,137
d3sqza1,SCOPe-ALL,family,c.95.1.0,c,c.95,c.95.1,c.95.1.0,167
d3sqza2,SCOPe-ALL,family,c.95.1.0,c,c.95,c.95.1,c.95.1.0,221
d3v7ia1,SCOPe-ALL,family,c.95.1.0,c,c.95,c.95.1,c.95.1.0,150
d6kxda1,SCOPe-ALL,family,c.95.1.0,c,c.95,c.95.1,c.95.1.0,245
d7n7za1,SCOPe-ALL,family,c.95.1.0,c,c.95,c.95.1,c.95.1.0,270
d2wu9a1,SCOPe-ALL,family,c.95.1.0,c,c.95,c.95.1,c.95.1.0,266
d6n59a3,SCOPe-ALL,family,c.96.1.1,c,c.96,c.96.1,c.96.1.1,365
d1r5ta_,SCOPe-ALL,family,c.97.1.1,c,c.97,c.97.1,c.97.1.1,141
d6k63a1,SCOPe-ALL,family,c.97.1.1,c,c.97,c.97.1,c.97.1.1,150
d6k63a2,SCOPe-ALL,family,c.97.1.1,c,c.97,c.97.1,c.97.1.1,144
d2z3ha_,SCOPe-ALL,family,c.97.1.1,c,c.97,c.97.1,c.97.1.1,122
d2fr5a_,SCOPe-ALL,family,c.97.1.1,c,c.97,c.97.1,c.97.1.1,136
d2a8na1,SCOPe-ALL,family,c.97.1.2,c,c.97,c.97.1,c.97.1.2,130
d1p6oa_,SCOPe-ALL,family,c.97.1.2,c,c.97,c.97.1,c.97.1.2,156
d1vq2a_,SCOPe-ALL,family,c.97.1.2,c,c.97,c.97.1,c.97.1.2,193
d1wkqa1,SCOPe-ALL,family,c.97.1.2,c,c.97,c.97.1,c.97.1.2,156
d2g84a1,SCOPe-ALL,family,c.97.1.2,c,c.97,c.97.1,c.97.1.2,189
d2hxva2,SCOPe-ALL,family,c.97.1.2,c,c.97,c.97.1,c.97.1.2,147
d1wwra1,SCOPe-ALL,family,c.97.1.2,c,c.97,c.97.1,c.97.1.2,151
d1vk9a1,SCOPe-ALL,family,c.97.1.3,c,c.97,c.97.1,c.97.1.3,136
d1thza2,SCOPe-ALL,family,c.97.1.4,c,c.97,c.97.1,c.97.1.4,393
d1zcza2,SCOPe-ALL,family,c.97.1.4,c,c.97,c.97.1,c.97.1.4,295
d2pw9a1,SCOPe-ALL,family,c.97.1.5,c,c.97,c.97.1,c.97.1.5,251
d2nyta1,SCOPe-ALL,family,c.97.1.6,c,c.97,c.97.1,c.97.1.6,184
d3v4ka_,SCOPe-ALL,family,c.97.1.6,c,c.97,c.97.1,c.97.1.6,186
d5tkma_,SCOPe-ALL,family,c.97.1.6,c,c.97,c.97.1,c.97.1.6,184
d2w4la_,SCOPe-ALL,family,c.97.1.0,c,c.97,c.97.1,c.97.1.0,164
d7nz9a_,SCOPe-ALL,family,c.97.1.0,c,c.97,c.97.1,c.97.1.0,161
d6l2la1,SCOPe-ALL,family,c.97.1.0,c,c.97,c.97.1,c.97.1.0,146
d2nx8a_,SCOPe-ALL,family,c.97.1.0,c,c.97,c.97.1,c.97.1.0,168
d6kw6a_,SCOPe-ALL,family,c.97.1.0,c,c.97,c.97.1,c.97.1.0,119
d1oi0a_,SCOPe-ALL,family,c.97.3.1,c,c.97,c.97.3,c.97.3.1,121
d5w83b_,SCOPe-ALL,family,c.97.3.1,c,c.97,c.97.3,c.97.3.1,199
d5w83a_,SCOPe-ALL,family,c.97.3.1,c,c.97,c.97.3,c.97.3.1,175
d2kcqa1,SCOPe-ALL,family,c.97.3.1,c,c.97,c.97.3,c.97.3.1,145
d2znra1,SCOPe-ALL,family,c.97.3.1,c,c.97,c.97.3,c.97.3.1,173
d4ilgc_,SCOPe-ALL,family,c.97.3.0,c,c.97,c.97.3,c.97.3.0,245
d1e8ca1,SCOPe-ALL,family,c.98.1.1,c,c.98,c.98.1,c.98.1.1,101
d4cvka1,SCOPe-ALL,family,c.98.1.0,c,c.98,c.98.1,c.98.1.0,100
d1knxa1,SCOPe-ALL,family,c.98.2.1,c,c.98,c.98.2,c.98.2.1,132
d1ko7a1,SCOPe-ALL,family,c.98.2.1,c,c.98,c.98.2,c.98.2.1,129
d2ioja1,SCOPe-ALL,family,c.98.2.2,c,c.98,c.98.2,c.98.2.2,120
d1hi9a_,SCOPe-ALL,family,c.99.1.1,c,c.99,c.99.1,c.99.1.1,274
d1ig0a2,SCOPe-ALL,family,c.100.1.1,c,c.100,c.100.1,c.100.1.1,221
d1ig3a2,SCOPe-ALL,family,c.100.1.1,c,c.100,c.100.1,c.100.1.1,158
d1x09a_,SCOPe-ALL,family,c.101.1.1,c,c.101,c.101.1,c.101.1.1,231
d4h8ea_,SCOPe-ALL,family,c.101.1.1,c,c.101,c.101.1,c.101.1.1,235
d3ugsa_,SCOPe-ALL,family,c.101.1.0,c,c.101,c.101.1,c.101.1.0,221
d5hc8a_,SCOPe-ALL,family,c.101.1.0,c,c.101,c.101.1,c.101.1.0,236
d7cc3a1,SCOPe-ALL,family,c.101.1.0,c,c.101,c.101.1,c.101.1.0,214
d2vg0a_,SCOPe-ALL,family,c.101.1.0,c,c.101,c.101.1,c.101.1.0,227
d5xk6a1,SCOPe-ALL,family,c.101.1.0,c,c.101,c.101.1,c.101.1.0,217
d7cpme_,SCOPe-ALL,family,c.101.1.0,c,c.101,c.101.1,c.101.1.0,243
d1hf2a2,SCOPe-ALL,family,c.102.1.1,c,c.102,c.102.1,c.102.1.1,99
d2fi9a1,SCOPe-ALL,family,c.103.1.1,c,c.103,c.103.1,c.103.1.1,118
d2cyja1,SCOPe-ALL,family,c.103.1.1,c,c.103,c.103.1,c.103.1.1,118
d2q4qa2,SCOPe-ALL,family,c.103.1.1,c,c.103,c.103.1,c.103.1.1,121
d3rssa1,SCOPe-ALL,family,c.104.1.1,c,c.104,c.104.1,c.104.1.1,211
d2o8na_,SCOPe-ALL,family,c.104.1.0,c,c.104,c.104.1,c.104.1.0,233
d1o98a1,SCOPe-ALL,family,c.105.1.1,c,c.105,c.105.1,c.105.1.1,234
d1l5xa1,SCOPe-ALL,family,c.106.1.1,c,c.106,c.106.1,c.106.1.1,267
d2phja_,SCOPe-ALL,family,c.106.1.0,c,c.106,c.106.1,c.106.1.0,248
d1k20a_,SCOPe-ALL,family,c.107.1.1,c,c.107,c.107.1,c.107.1.1,310
d1ir6a_,SCOPe-ALL,family,c.107.1.2,c,c.107,c.107.1,c.107.1.2,385
d6ll8a_,SCOPe-ALL,family,c.107.1.0,c,c.107,c.107.1,c.107.1.0,306
d1zrna_,SCOPe-ALL,family,c.108.1.1,c,c.108,c.108.1,c.108.1.1,220
d1qq5a_,SCOPe-ALL,family,c.108.1.1,c,c.108,c.108.1,c.108.1.1,245
d3u26a1,SCOPe-ALL,family,c.108.1.1,c,c.108,c.108.1,c.108.1.1,225
d2b0ca1,SCOPe-ALL,family,c.108.1.2,c,c.108,c.108.1,c.108.1.2,197
d5ak4a1,SCOPe-ALL,family,c.108.1.2,c,c.108,c.108.1,c.108.1.2,226
d1swva_,SCOPe-ALL,family,c.108.1.3,c,c.108,c.108.1,c.108.1.3,257
d2fi1a1,SCOPe-ALL,family,c.108.1.3,c,c.108,c.108.1,c.108.1.3,187
d1nnla_,SCOPe-ALL,family,c.108.1.4,c,c.108,c.108.1,c.108.1.4,217
d1j97a_,SCOPe-ALL,family,c.108.1.4,c,c.108,c.108.1,c.108.1.4,210
d6i03a_,SCOPe-ALL,family,c.108.1.6,c,c.108,c.108.1,c.108.1.6,219
d2fdra1,SCOPe-ALL,family,c.108.1.6,c,c.108,c.108.1,c.108.1.6,222
d2hcfa1,SCOPe-ALL,family,c.108.1.6,c,c.108,c.108.1,c.108.1.6,228
d2go7a1,SCOPe-ALL,family,c.108.1.6,c,c.108,c.108.1,c.108.1.6,204
d2gfha1,SCOPe-ALL,family,c.108.1.6,c,c.108,c.108.1,c.108.1.6,247
d1te2a_,SCOPe-ALL,family,c.108.1.6,c,c.108,c.108.1,c.108.1.6,218
d2hdoa1,SCOPe-ALL,family,c.108.1.6,c,c.108,c.108.1,c.108.1.6,207
d2hsza1,SCOPe-ALL,family,c.108.1.6,c,c.108,c.108.1,c.108.1.6,224
d2ah5a1,SCOPe-ALL,family,c.108.1.6,c,c.108,c.108.1,c.108.1.6,210
d3ar4a3,SCOPe-ALL,family,c.108.1.7,c,c.108,c.108.1,c.108.1.7,169
d2b8ec1,SCOPe-ALL,family,c.108.1.7,c,c.108,c.108.1,c.108.1.7,148
d2i7da_,SCOPe-ALL,family,c.108.1.8,c,c.108,c.108.1,c.108.1.8,193
d1yj5a1,SCOPe-ALL,family,c.108.1.9,c,c.108,c.108.1,c.108.1.9,195
d1ltqa1,SCOPe-ALL,family,c.108.1.9,c,c.108,c.108.1,c.108.1.9,149
d1nf2a_,SCOPe-ALL,family,c.108.1.10,c,c.108,c.108.1,c.108.1.10,267
d1rkqa1,SCOPe-ALL,family,c.108.1.10,c,c.108,c.108.1,c.108.1.10,269
d1nrwa_,SCOPe-ALL,family,c.108.1.10,c,c.108,c.108.1,c.108.1.10,285
d2b30a1,SCOPe-ALL,family,c.108.1.10,c,c.108,c.108.1,c.108.1.10,283
d1wr8a_,SCOPe-ALL,family,c.108.1.10,c,c.108,c.108.1,c.108.1.10,230
d1l6ra1,SCOPe-ALL,family,c.108.1.10,c,c.108,c.108.1,c.108.1.10,224
d1xvia_,SCOPe-ALL,family,c.108.1.10,c,c.108,c.108.1,c.108.1.10,232
d1s2oa1,SCOPe-ALL,family,c.108.1.10,c,c.108,c.108.1,c.108.1.10,244
d2rbka_,SCOPe-ALL,family,c.108.1.10,c,c.108,c.108.1,c.108.1.10,261
d2hf2a_,SCOPe-ALL,family,c.108.1.10,c,c.108,c.108.1,c.108.1.10,270
d2fuea_,SCOPe-ALL,family,c.108.1.10,c,c.108,c.108.1,c.108.1.10,246
d2zosa1,SCOPe-ALL,family,c.108.1.10,c,c.108,c.108.1,c.108.1.10,243
d1rkua1,SCOPe-ALL,family,c.108.1.11,c,c.108,c.108.1,c.108.1.11,205
d1rmwa_,SCOPe-ALL,family,c.108.1.12,c,c.108,c.108.1,c.108.1.12,211
d1qyia1,SCOPe-ALL,family,c.108.1.13,c,c.108,c.108.1,c.108.1.13,378
d2c4na1,SCOPe-ALL,family,c.108.1.14,c,c.108,c.108.1,c.108.1.14,250
d3epra1,SCOPe-ALL,family,c.108.1.14,c,c.108,c.108.1,c.108.1.14,255
d1u02a1,SCOPe-ALL,family,c.108.1.15,c,c.108,c.108.1,c.108.1.15,227
d2ghta_,SCOPe-ALL,family,c.108.1.16,c,c.108,c.108.1,c.108.1.16,180
d1u7pa_,SCOPe-ALL,family,c.108.1.17,c,c.108,c.108.1,c.108.1.17,164
d1xpja_,SCOPe-ALL,family,c.108.1.18,c,c.108,c.108.1,c.108.1.18,124
d3esqa_,SCOPe-ALL,family,c.108.1.19,c,c.108,c.108.1,c.108.1.19,182
d2fpra1,SCOPe-ALL,family,c.108.1.19,c,c.108,c.108.1,c.108.1.19,161
d2o2xa1,SCOPe-ALL,family,c.108.1.19,c,c.108,c.108.1,c.108.1.19,209
d2feaa1,SCOPe-ALL,family,c.108.1.20,c,c.108,c.108.1,c.108.1.20,226
d4fe3a1,SCOPe-ALL,family,c.108.1.21,c,c.108,c.108.1,c.108.1.21,286
d1wdha_,SCOPe-ALL,family,c.108.1.22,c,c.108,c.108.1,c.108.1.22,254
d2g80a1,SCOPe-ALL,family,c.108.1.22,c,c.108,c.108.1,c.108.1.22,225
d4ohfa1,SCOPe-ALL,family,c.108.1.23,c,c.108,c.108.1,c.108.1.23,455
d1y8aa1,SCOPe-ALL,family,c.108.1.24,c,c.108,c.108.1,c.108.1.24,308
d2obba1,SCOPe-ALL,family,c.108.1.25,c,c.108,c.108.1,c.108.1.25,122
d2p9ja_,SCOPe-ALL,family,c.108.1.0,c,c.108,c.108.1,c.108.1.0,160
d2nyva1,SCOPe-ALL,family,c.108.1.0,c,c.108,c.108.1,c.108.1.0,215
d4jdpa_,SCOPe-ALL,family,c.108.1.0,c,c.108,c.108.1,c.108.1.0,264
d3ed5a_,SCOPe-ALL,family,c.108.1.0,c,c.108,c.108.1,c.108.1.0,232
d3dnpa_,SCOPe-ALL,family,c.108.1.0,c,c.108,c.108.1,c.108.1.0,275
d4hgna1,SCOPe-ALL,family,c.108.1.0,c,c.108,c.108.1,c.108.1.0,164
d3e8ma_,SCOPe-ALL,family,c.108.1.0,c,c.108,c.108.1,c.108.1.0,164
d3qu5a_,SCOPe-ALL,family,c.108.1.0,c,c.108,c.108.1,c.108.1.0,221
d3qnma1,SCOPe-ALL,family,c.108.1.0,c,c.108,c.108.1,c.108.1.0,229
d4dw8a_,SCOPe-ALL,family,c.108.1.0,c,c.108,c.108.1,c.108.1.0,266
d2no4a1,SCOPe-ALL,family,c.108.1.0,c,c.108,c.108.1,c.108.1.0,224
d3mc1a1,SCOPe-ALL,family,c.108.1.0,c,c.108,c.108.1,c.108.1.0,214
d3fzqa_,SCOPe-ALL,family,c.108.1.0,c,c.108,c.108.1,c.108.1.0,271
d2hx1a1,SCOPe-ALL,family,c.108.1.0,c,c.108,c.108.1,c.108.1.0,283
d6w04a_,SCOPe-ALL,family,c.108.1.0,c,c.108,c.108.1,c.108.1.0,223
d2r8ea_,SCOPe-ALL,family,c.108.1.0,c,c.108,c.108.1,c.108.1.0,173
d3daoa1,SCOPe-ALL,family,c.108.1.0,c,c.108,c.108.1,c.108.1.0,263
d4nv0a_,SCOPe-ALL,family,c.108.1.0,c,c.108,c.108.1,c.108.1.0,299
d2qyha_,SCOPe-ALL,family,c.108.1.0,c,c.108,c.108.1,c.108.1.0,256
d2cfta_,SCOPe-ALL,family,c.108.1.0,c,c.108,c.108.1,c.108.1.0,295
d3k1za1,SCOPe-ALL,family,c.108.1.0,c,c.108,c.108.1,c.108.1.0,240
d2x4da_,SCOPe-ALL,family,c.108.1.0,c,c.108,c.108.1,c.108.1.0,270
d3l5ka1,SCOPe-ALL,family,c.108.1.0,c,c.108,c.108.1,c.108.1.0,228
d6ddba_,SCOPe-ALL,family,c.108.1.0,c,c.108,c.108.1,c.108.1.0,467
d3pgva_,SCOPe-ALL,family,c.108.1.0,c,c.108,c.108.1,c.108.1.0,264
d3mpod_,SCOPe-ALL,family,c.108.1.0,c,c.108,c.108.1,c.108.1.0,244
d2hi0a1,SCOPe-ALL,family,c.108.1.0,c,c.108,c.108.1,c.108.1.0,239
d4bnda1,SCOPe-ALL,family,c.108.1.0,c,c.108,c.108.1,c.108.1.0,251
d3ewia_,SCOPe-ALL,family,c.108.1.0,c,c.108,c.108.1,c.108.1.0,157
d2ho4a_,SCOPe-ALL,family,c.108.1.0,c,c.108,c.108.1,c.108.1.0,254
d6f2xa_,SCOPe-ALL,family,c.108.1.0,c,c.108,c.108.1,c.108.1.0,216
d3irua_,SCOPe-ALL,family,c.108.1.0,c,c.108,c.108.1,c.108.1.0,276
d4zevb_,SCOPe-ALL,family,c.108.1.0,c,c.108,c.108.1,c.108.1.0,270
d3umca1,SCOPe-ALL,family,c.108.1.0,c,c.108,c.108.1,c.108.1.0,231
d3vaya_,SCOPe-ALL,family,c.108.1.0,c,c.108,c.108.1,c.108.1.0,230
d3s6ja_,SCOPe-ALL,family,c.108.1.0,c,c.108,c.108.1,c.108.1.0,220
d2hoqa_,SCOPe-ALL,family,c.108.1.0,c,c.108,c.108.1,c.108.1.0,237
d1zjja_,SCOPe-ALL,family,c.108.1.0,c,c.108,c.108.1,c.108.1.0,261
d2om6a_,SCOPe-ALL,family,c.108.1.0,c,c.108,c.108.1,c.108.1.0,233
d4uasa_,SCOPe-ALL,family,c.108.1.0,c,c.108,c.108.1,c.108.1.0,225
d3bwva_,SCOPe-ALL,family,c.108.1.0,c,c.108,c.108.1,c.108.1.0,177
d3l7ya_,SCOPe-ALL,family,c.108.1.0,c,c.108,c.108.1,c.108.1.0,267
d3e58a_,SCOPe-ALL,family,c.108.1.0,c,c.108,c.108.1,c.108.1.0,211
d3mmza1,SCOPe-ALL,family,c.108.1.0,c,c.108,c.108.1,c.108.1.0,161
d2w11a1,SCOPe-ALL,family,c.108.1.0,c,c.108,c.108.1,c.108.1.0,201
d4uava_,SCOPe-ALL,family,c.108.1.0,c,c.108,c.108.1,c.108.1.0,246
d4ygra1,SCOPe-ALL,family,c.108.1.0,c,c.108,c.108.1,c.108.1.0,214
d2piba_,SCOPe-ALL,family,c.108.1.0,c,c.108,c.108.1,c.108.1.0,216
d4gmua1,SCOPe-ALL,family,c.109.1.1,c,c.109,c.109.1,c.109.1.1,257
d2olra2,SCOPe-ALL,family,c.109.1.1,c,c.109,c.109.1,c.109.1.1,222
d1j3ba2,SCOPe-ALL,family,c.109.1.1,c,c.109,c.109.1,c.109.1.1,210
d1ii2a2,SCOPe-ALL,family,c.109.1.1,c,c.109,c.109.1,c.109.1.1,199
d1jkea_,SCOPe-ALL,family,c.110.1.1,c,c.110,c.110.1,c.110.1.1,145
d1tc5a1,SCOPe-ALL,family,c.110.1.1,c,c.110,c.110.1,c.110.1.1,185
d2hl0a_,SCOPe-ALL,family,c.110.1.2,c,c.110,c.110.1,c.110.1.2,143
d2okva_,SCOPe-ALL,family,c.110.1.0,c,c.110,c.110.1,c.110.1.0,149
d5xaqa_,SCOPe-ALL,family,c.110.1.0,c,c.110,c.110.1,c.110.1.0,166
d1jw9b_,SCOPe-ALL,family,c.111.1.1,c,c.111,c.111.1,c.111.1.1,247
d1ngva_,SCOPe-ALL,family,c.111.1.2,c,c.111,c.111.1,c.111.1.2,529
d1y8xb1,SCOPe-ALL,family,c.111.1.2,c,c.111,c.111.1,c.111.1.2,92
d1ngvb_,SCOPe-ALL,family,c.111.1.2,c,c.111,c.111.1,c.111.1.2,430
d1iuqa1,SCOPe-ALL,family,c.112.1.1,c,c.112,c.112.1,c.112.1.1,365
d1jr2a_,SCOPe-ALL,family,c.113.1.1,c,c.113,c.113.1,c.113.1.1,260
d1wcwa1,SCOPe-ALL,family,c.113.1.1,c,c.113,c.113.1,c.113.1.1,252
d1l1sa_,SCOPe-ALL,family,c.114.1.1,c,c.114,c.114.1,c.114.1.1,111
d1jx7a1,SCOPe-ALL,family,c.114.1.1,c,c.114,c.114.1,c.114.1.1,116
d2hy5b1,SCOPe-ALL,family,c.114.1.1,c,c.114,c.114.1,c.114.1.1,132
d2hy5a1,SCOPe-ALL,family,c.114.1.1,c,c.114,c.114.1,c.114.1.1,130
d2d1pb1,SCOPe-ALL,family,c.114.1.1,c,c.114,c.114.1,c.114.1.1,119
d2hy5c1,SCOPe-ALL,family,c.114.1.2,c,c.114,c.114.1,c.114.1.2,101
d1x9aa_,SCOPe-ALL,family,c.114.1.2,c,c.114,c.114.1,c.114.1.2,87
d2d1pc1,SCOPe-ALL,family,c.114.1.2,c,c.114,c.114.1,c.114.1.2,95
d2pd2a_,SCOPe-ALL,family,c.114.1.0,c,c.114,c.114.1,c.114.1.0,108
d1kjna_,SCOPe-ALL,family,c.115.1.1,c,c.115,c.115.1,c.115.1.1,152
d1gz0a1,SCOPe-ALL,family,c.116.1.1,c,c.116,c.116.1,c.116.1.1,166
d1ipaa1,SCOPe-ALL,family,c.116.1.1,c,c.116,c.116.1,c.116.1.1,158
d1v2xa_,SCOPe-ALL,family,c.116.1.1,c,c.116,c.116.1,c.116.1.1,191
d1k3ra2,SCOPe-ALL,family,c.116.1.2,c,c.116,c.116.1,c.116.1.2,192
d1o6da1,SCOPe-ALL,family,c.116.1.3,c,c.116,c.116.1,c.116.1.3,146
d1ns5a_,SCOPe-ALL,family,c.116.1.3,c,c.116,c.116.1,c.116.1.3,153
d4faka1,SCOPe-ALL,family,c.116.1.3,c,c.116,c.116.1,c.116.1.3,159
d1oy5a_,SCOPe-ALL,family,c.116.1.4,c,c.116,c.116.1,c.116.1.4,232
d1v6za2,SCOPe-ALL,family,c.116.1.5,c,c.116,c.116.1,c.116.1.5,162
d1vhka2,SCOPe-ALL,family,c.116.1.5,c,c.116,c.116.1,c.116.1.5,180
d2v3ka_,SCOPe-ALL,family,c.116.1.6,c,c.116,c.116.1,c.116.1.6,227
d3bbda1,SCOPe-ALL,family,c.116.1.6,c,c.116,c.116.1,c.116.1.6,204
d2qwva1,SCOPe-ALL,family,c.116.1.7,c,c.116,c.116.1,c.116.1.7,201
d2o3aa1,SCOPe-ALL,family,c.116.1.8,c,c.116,c.116.1,c.116.1.8,166
d3o7ba_,SCOPe-ALL,family,c.116.1.0,c,c.116,c.116.1,c.116.1.0,216
d4pzka_,SCOPe-ALL,family,c.116.1.0,c,c.116,c.116.1,c.116.1.0,159
d4h3za1,SCOPe-ALL,family,c.116.1.0,c,c.116,c.116.1,c.116.1.0,254
d5o95a2,SCOPe-ALL,family,c.116.1.0,c,c.116,c.116.1,c.116.1.0,169
d3aiaa1,SCOPe-ALL,family,c.116.1.0,c,c.116,c.116.1,c.116.1.0,199
d6nw7a1,SCOPe-ALL,family,c.116.1.0,c,c.116,c.116.1,c.116.1.0,227
d2gi3a1,SCOPe-ALL,family,c.117.1.1,c,c.117,c.117.1,c.117.1.1,475
d1gr8a_,SCOPe-ALL,family,c.117.1.1,c,c.117,c.117.1,c.117.1.1,412
d1m22a_,SCOPe-ALL,family,c.117.1.1,c,c.117,c.117.1,c.117.1.1,490
d3ppma_,SCOPe-ALL,family,c.117.1.1,c,c.117,c.117.1,c.117.1.1,546
d1x3la_,SCOPe-ALL,family,c.118.1.0,c,c.118,c.118.1,c.118.1.0,436
d1pzxa_,SCOPe-ALL,family,c.119.1.1,c,c.119,c.119.1,c.119.1.1,287
d1mgpa1,SCOPe-ALL,family,c.119.1.1,c,c.119,c.119.1,c.119.1.1,284
d1un8a4,SCOPe-ALL,family,c.119.1.2,c,c.119,c.119.1,c.119.1.2,335
d1oi2a_,SCOPe-ALL,family,c.119.1.2,c,c.119,c.119.1,c.119.1.2,347
d3fysa1,SCOPe-ALL,family,c.119.1.0,c,c.119,c.119.1,c.119.1.0,281
d3fdja_,SCOPe-ALL,family,c.119.1.0,c,c.119,c.119.1,c.119.1.0,276
d3nyia_,SCOPe-ALL,family,c.119.1.0,c,c.119,c.119.1,c.119.1.0,293
d2iu4a1,SCOPe-ALL,family,c.119.1.0,c,c.119,c.119.1,c.119.1.0,321
d6noka1,SCOPe-ALL,family,c.119.1.0,c,c.119,c.119.1,c.119.1.0,282
d3jr7a_,SCOPe-ALL,family,c.119.1.0,c,c.119,c.119.1,c.119.1.0,281
d6alwa_,SCOPe-ALL,family,c.119.1.0,c,c.119,c.119.1,c.119.1.0,288
d4x9xa_,SCOPe-ALL,family,c.119.1.0,c,c.119,c.119.1,c.119.1.0,278
d3pl5a_,SCOPe-ALL,family,c.119.1.0,c,c.119,c.119.1,c.119.1.0,285
d6cnga_,SCOPe-ALL,family,c.119.1.0,c,c.119,c.119.1,c.119.1.0,281
d2g7za1,SCOPe-ALL,family,c.119.1.0,c,c.119,c.119.1,c.119.1.0,279
d2dt8a_,SCOPe-ALL,family,c.119.1.0,c,c.119,c.119.1,c.119.1.0,280
d2fe1a1,SCOPe-ALL,family,c.120.1.1,c,c.120,c.120.1,c.120.1.1,130
d1o4wa_,SCOPe-ALL,family,c.120.1.1,c,c.120,c.120.1,c.120.1.1,125
d1w8ia_,SCOPe-ALL,family,c.120.1.1,c,c.120,c.120.1,c.120.1.1,155
d1v8pa_,SCOPe-ALL,family,c.120.1.1,c,c.120,c.120.1,c.120.1.1,132
d1v96a1,SCOPe-ALL,family,c.120.1.1,c,c.120,c.120.1,c.120.1.1,148
d2h1ca1,SCOPe-ALL,family,c.120.1.1,c,c.120,c.120.1,c.120.1.1,138
d1cmwa5,SCOPe-ALL,family,c.120.1.2,c,c.120,c.120.1,c.120.1.2,164
d1ul1x2,SCOPe-ALL,family,c.120.1.2,c,c.120,c.120.1,c.120.1.2,216
d3h7ia1,SCOPe-ALL,family,c.120.1.2,c,c.120,c.120.1,c.120.1.2,177
d5hmla1,SCOPe-ALL,family,c.120.1.2,c,c.120,c.120.1,c.120.1.2,166
d4g26a3,SCOPe-ALL,family,c.120.1.3,c,c.120,c.120.1,c.120.1.3,182
d3orya1,SCOPe-ALL,family,c.120.1.0,c,c.120,c.120.1,c.120.1.0,227
d4em8a1,SCOPe-ALL,family,c.121.1.0,c,c.121,c.121.1,c.121.1.0,142
d3sdwa_,SCOPe-ALL,family,c.121.1.0,c,c.121,c.121.1,c.121.1.0,158
d4lfla_,SCOPe-ALL,family,c.121.1.0,c,c.121,c.121.1,c.121.1.0,142
d4lflb_,SCOPe-ALL,family,c.121.1.0,c,c.121,c.121.1,c.121.1.0,172
d6mu0a1,SCOPe-ALL,family,c.121.1.0,c,c.121,c.121.1,c.121.1.0,151
d3k7pa_,SCOPe-ALL,family,c.121.1.0,c,c.121,c.121.1,c.121.1.0,153
d1nxua_,SCOPe-ALL,family,c.122.1.1,c,c.122,c.122.1,c.122.1.1,332
d4h8aa_,SCOPe-ALL,family,c.122.1.1,c,c.122,c.122.1,c.122.1.1,337
d1z2ia_,SCOPe-ALL,family,c.122.1.0,c,c.122,c.122.1,c.122.1.0,350
d3i0pa_,SCOPe-ALL,family,c.122.1.0,c,c.122,c.122.1,c.122.1.0,361
d2g8ya_,SCOPe-ALL,family,c.122.1.0,c,c.122,c.122.1,c.122.1.0,359
d1wtja_,SCOPe-ALL,family,c.122.1.0,c,c.122,c.122.1,c.122.1.0,332
d1v9na_,SCOPe-ALL,family,c.122.1.0,c,c.122,c.122.1,c.122.1.0,360
d3uoeb1,SCOPe-ALL,family,c.122.1.0,c,c.122,c.122.1,c.122.1.0,333
d1vbia_,SCOPe-ALL,family,c.122.1.0,c,c.122,c.122.1,c.122.1.0,340
d2yima_,SCOPe-ALL,family,c.123.1.1,c,c.123,c.123.1,c.123.1.1,359
d1xk7a2,SCOPe-ALL,family,c.123.1.1,c,c.123,c.123.1,c.123.1.1,405
d1pt7a_,SCOPe-ALL,family,c.123.1.1,c,c.123,c.123.1,c.123.1.1,415
d4ed9a_,SCOPe-ALL,family,c.123.1.0,c,c.123,c.123.1,c.123.1.0,378
d4hl6a_,SCOPe-ALL,family,c.123.1.0,c,c.123,c.123.1,c.123.1.0,375
d5yx6a_,SCOPe-ALL,family,c.123.1.0,c,c.123,c.123.1,c.123.1.0,387
d1vl1a_,SCOPe-ALL,family,c.124.1.1,c,c.124,c.124.1,c.124.1.1,218
d1d9ta_,SCOPe-ALL,family,c.124.1.1,c,c.124,c.124.1,c.124.1.1,281
d1k6da_,SCOPe-ALL,family,c.124.1.2,c,c.124,c.124.1,c.124.1.2,219
d1poia_,SCOPe-ALL,family,c.124.1.2,c,c.124,c.124.1,c.124.1.2,317
d1xr4a1,SCOPe-ALL,family,c.124.1.2,c,c.124,c.124.1,c.124.1.2,236
d1xr4a2,SCOPe-ALL,family,c.124.1.2,c,c.124,c.124.1,c.124.1.2,269
d2ahua2,SCOPe-ALL,family,c.124.1.2,c,c.124,c.124.1,c.124.1.2,273
d3k6ma1,SCOPe-ALL,family,c.124.1.2,c,c.124,c.124.1,c.124.1.2,246
d1poib_,SCOPe-ALL,family,c.124.1.3,c,c.124,c.124.1,c.124.1.3,260
d2ahua1,SCOPe-ALL,family,c.124.1.3,c,c.124,c.124.1,c.124.1.3,247
d3k6ma2,SCOPe-ALL,family,c.124.1.3,c,c.124,c.124.1,c.124.1.3,219
d1o8ba1,SCOPe-ALL,family,c.124.1.4,c,c.124,c.124.1,c.124.1.4,125
d1lk5a1,SCOPe-ALL,family,c.124.1.4,c,c.124,c.124.1,c.124.1.4,150
d1uj6a1,SCOPe-ALL,family,c.124.1.4,c,c.124,c.124.1,c.124.1.4,152
d2a0ua1,SCOPe-ALL,family,c.124.1.5,c,c.124,c.124.1,c.124.1.5,374
d1t5oa1,SCOPe-ALL,family,c.124.1.5,c,c.124,c.124.1,c.124.1.5,338
d1vb5a_,SCOPe-ALL,family,c.124.1.5,c,c.124,c.124.1,c.124.1.5,274
d1sbqa_,SCOPe-ALL,family,c.124.1.6,c,c.124,c.124.1,c.124.1.6,164
d1soua1,SCOPe-ALL,family,c.124.1.6,c,c.124,c.124.1,c.124.1.6,188
d1wkca_,SCOPe-ALL,family,c.124.1.6,c,c.124,c.124.1,c.124.1.6,175
d2g40a1,SCOPe-ALL,family,c.124.1.7,c,c.124,c.124.1,c.124.1.7,175
d3efba1,SCOPe-ALL,family,c.124.1.8,c,c.124,c.124.1,c.124.1.8,255
d2o0ma1,SCOPe-ALL,family,c.124.1.8,c,c.124,c.124.1,c.124.1.8,247
d2r5fa1,SCOPe-ALL,family,c.124.1.8,c,c.124,c.124.1,c.124.1.8,258
d2gnpa1,SCOPe-ALL,family,c.124.1.8,c,c.124,c.124.1,c.124.1.8,262
d4eu9a1,SCOPe-ALL,family,c.124.1.0,c,c.124,c.124.1,c.124.1.0,229
d4eu9a2,SCOPe-ALL,family,c.124.1.0,c,c.124,c.124.1,c.124.1.0,275
d3nzea1,SCOPe-ALL,family,c.124.1.0,c,c.124,c.124.1,c.124.1.0,260
d4oqpa_,SCOPe-ALL,family,c.124.1.0,c,c.124,c.124.1,c.124.1.0,254
d4l4ya_,SCOPe-ALL,family,c.124.1.0,c,c.124,c.124.1,c.124.1.0,249
d4r9na1,SCOPe-ALL,family,c.124.1.0,c,c.124,c.124.1,c.124.1.0,251
d5mzwb_,SCOPe-ALL,family,c.124.1.0,c,c.124,c.124.1,c.124.1.0,241
d6cojb_,SCOPe-ALL,family,c.124.1.0,c,c.124,c.124.1,c.124.1.0,248
d3kv1a_,SCOPe-ALL,family,c.124.1.0,c,c.124,c.124.1,c.124.1.0,257
d1v7za_,SCOPe-ALL,family,c.125.1.1,c,c.125,c.125.1,c.125.1.1,257
d1em8b_,SCOPe-ALL,family,c.126.1.1,c,c.126,c.126.1,c.126.1.1,110
d1u6ka_,SCOPe-ALL,family,c.127.1.1,c,c.127,c.127.1,c.127.1.1,282
d3sxua_,SCOPe-ALL,family,c.128.1.1,c,c.128,c.128.1,c.128.1.1,146
d2q4oa_,SCOPe-ALL,family,c.129.1.1,c,c.129,c.129.1,c.129.1.1,183
d1rcua_,SCOPe-ALL,family,c.129.1.1,c,c.129,c.129.1,c.129.1.1,170
d1weha_,SCOPe-ALL,family,c.129.1.1,c,c.129,c.129.1,c.129.1.1,171
d1t35a_,SCOPe-ALL,family,c.129.1.1,c,c.129,c.129.1,c.129.1.1,179
d2nx2a1,SCOPe-ALL,family,c.129.1.2,c,c.129,c.129.1,c.129.1.2,176
d6bcoa1,SCOPe-ALL,family,c.129.1.3,c,c.129,c.129.1,c.129.1.3,377
d3uqza2,SCOPe-ALL,family,c.129.1.4,c,c.129,c.129.1,c.129.1.4,211
d3imka1,SCOPe-ALL,family,c.129.1.5,c,c.129,c.129.1,c.129.1.5,157
d5wq3a_,SCOPe-ALL,family,c.129.1.0,c,c.129,c.129.1,c.129.1.0,208
d3bq9a2,SCOPe-ALL,family,c.129.1.0,c,c.129,c.129.1,c.129.1.0,211
d3quaa_,SCOPe-ALL,family,c.129.1.0,c,c.129,c.129.1,c.129.1.0,179
d2x63a_,SCOPe-ALL,family,c.130.1.1,c,c.130,c.130.1,c.130.1.1,258
d2gaxa1,SCOPe-ALL,family,c.131.1.1,c,c.131,c.131.1,c.131.1.1,135
d1wn2a_,SCOPe-ALL,family,c.131.1.0,c,c.131,c.131.1,c.131.1.0,118
d2q6ka1,SCOPe-ALL,family,c.132.1.0,c,c.132,c.132.1,c.132.1.0,163
d2ob5a1,SCOPe-ALL,family,c.133.1.1,c,c.133,c.133.1,c.133.1.1,147
d1ogda_,SCOPe-ALL,family,c.133.1.1,c,c.133,c.133.1,c.133.1.1,131
d2wcua_,SCOPe-ALL,family,c.133.1.0,c,c.133,c.133.1,c.133.1.0,149
d1q74a_,SCOPe-ALL,family,c.134.1.1,c,c.134,c.134.1,c.134.1.1,297
d1uana_,SCOPe-ALL,family,c.134.1.1,c,c.134,c.134.1,c.134.1.1,227
d6ulla_,SCOPe-ALL,family,c.134.1.0,c,c.134,c.134.1,c.134.1.0,231
d2fywa1,SCOPe-ALL,family,c.135.1.1,c,c.135,c.135.1,c.135.1.1,265
d1nmoa_,SCOPe-ALL,family,c.135.1.1,c,c.135,c.135.1,c.135.1.1,247
d2gx8a1,SCOPe-ALL,family,c.135.1.1,c,c.135,c.135.1,c.135.1.1,370
d3wsfa1,SCOPe-ALL,family,c.135.1.0,c,c.135,c.135.1,c.135.1.0,247
d2nyda1,SCOPe-ALL,family,c.135.1.0,c,c.135,c.135.1,c.135.1.0,366
d2yyba_,SCOPe-ALL,family,c.135.1.0,c,c.135,c.135.1,c.135.1.0,242
d1t6t1_,SCOPe-ALL,family,c.136.1.1,c,c.136,c.136.1,c.136.1.1,108
d2fcja1,SCOPe-ALL,family,c.136.1.1,c,c.136,c.136.1,c.136.1.1,114
d1vkma1,SCOPe-ALL,family,c.138.1.1,c,c.138,c.138.1,c.138.1.1,284
d1v8da_,SCOPe-ALL,family,c.140.1.1,c,c.140,c.140.1,c.140.1.1,193
d3ijwa1,SCOPe-ALL,family,c.140.1.0,c,c.140,c.140.1,c.140.1.0,264
d6np3a_,SCOPe-ALL,family,c.140.1.0,c,c.140,c.140.1,c.140.1.0,268
d7kesa_,SCOPe-ALL,family,c.140.1.0,c,c.140,c.140.1,c.140.1.0,260
d1to6a_,SCOPe-ALL,family,c.141.1.1,c,c.141,c.141.1,c.141.1.1,371
d3cwca1,SCOPe-ALL,family,c.141.1.0,c,c.141,c.141.1,c.141.1.0,380
d6zk911,SCOPe-ALL,family,c.142.1.0,c,c.142,c.142.1,c.142.1.0,245
d3c3da1,SCOPe-ALL,family,c.143.1.1,c,c.143,c.143.1,c.143.1.1,303
d2ppva_,SCOPe-ALL,family,c.143.1.0,c,c.143,c.143.1,c.143.1.0,325
d2bz1a_,SCOPe-ALL,family,c.144.1.1,c,c.144,c.144.1,c.144.1.1,174
d5ktna1,SCOPe-ALL,family,c.145.1.1,c,c.145,c.145.1,c.145.1.1,300
d5dmha_,SCOPe-ALL,family,c.146.1.0,c,c.146,c.146.1,c.146.1.0,424
d4xfma_,SCOPe-ALL,family,c.146.1.0,c,c.146,c.146.1,c.146.1.0,431
d2g6ta1,SCOPe-ALL,family,c.147.1.1,c,c.147,c.147.1,c.147.1.1,305
d1vr0a1,SCOPe-ALL,family,c.148.1.1,c,c.148,c.148.1,c.148.1.1,235
d2i4ra1,SCOPe-ALL,family,c.149.1.1,c,c.149,c.149.1,c.149.1.1,76
d2d00a1,SCOPe-ALL,family,c.149.1.1,c,c.149,c.149.1,c.149.1.1,104
d6wlzn_,SCOPe-ALL,family,c.149.1.0,c,c.149,c.149.1,c.149.1.0,110
d2qaia_,SCOPe-ALL,family,c.149.1.0,c,c.149,c.149.1,c.149.1.0,97
d2g5gx1,SCOPe-ALL,family,c.150.1.1,c,c.150,c.150.1,c.150.1.1,255
d2ebfx2,SCOPe-ALL,family,c.150.1.2,c,c.150,c.150.1,c.150.1.2,219
d2rada1,SCOPe-ALL,family,c.150.1.3,c,c.150,c.150.1,c.150.1.3,403
d2qgma1,SCOPe-ALL,family,c.150.1.3,c,c.150,c.150.1,c.150.1.3,413
d3by5a1,SCOPe-ALL,family,c.151.1.1,c,c.151,c.151.1,c.151.1.1,123
d2w6ka1,SCOPe-ALL,family,c.151.1.1,c,c.151,c.151.1,c.151.1.1,139
d3eeqa1,SCOPe-ALL,family,c.151.1.1,c,c.151,c.151.1,c.151.1.1,121
d3eeqa2,SCOPe-ALL,family,c.152.1.1,c,c.152,c.152.1,c.152.1.1,205
d2psba1,SCOPe-ALL,family,c.153.1.1,c,c.153,c.153.1,c.153.1.1,296
d3boea_,SCOPe-ALL,family,c.154.1.1,c,c.154,c.154.1,c.154.1.1,209
d3dnfa_,SCOPe-ALL,family,c.155.1.1,c,c.155,c.155.1,c.155.1.1,281
d1a2pa_,SCOPe-ALL,family,d.1.1.2,d,d.1,d.1.1,d.1.1.2,108
d1t2ha_,SCOPe-ALL,family,d.1.1.2,d,d.1,d.1.1,d.1.1.2,96
d1aqza_,SCOPe-ALL,family,d.1.1.3,d,d.1,d.1.1,d.1.1.3,149
d1i0va_,SCOPe-ALL,family,d.1.1.4,d,d.1,d.1.1,d.1.1.4,104
d3agna_,SCOPe-ALL,family,d.1.1.4,d,d.1,d.1.1,d.1.1.4,114
d2z39a1,SCOPe-ALL,family,d.2.1.1,d,d.2,d.2.1,d.2.1.1,244
d1b9oa_,SCOPe-ALL,family,d.2.1.2,d,d.2,d.2.1,d.2.1.2,123
d2vb1a_,SCOPe-ALL,family,d.2.1.2,d,d.2,d.2.1,d.2.1.2,129
d1xjua1,SCOPe-ALL,family,d.2.1.3,d,d.2,d.2.1,d.2.1.3,157
d7loea_,SCOPe-ALL,family,d.2.1.3,d,d.2,d.2.1,d.2.1.3,163
d1k28a3,SCOPe-ALL,family,d.2.1.3,d,d.2,d.2.1,d.2.1.3,216
d1am7a_,SCOPe-ALL,family,d.2.1.4,d,d.2,d.2.1,d.2.1.4,154
d4g9sa1,SCOPe-ALL,family,d.2.1.5,d,d.2,d.2.1,d.2.1.5,179
d1qusa_,SCOPe-ALL,family,d.2.1.6,d,d.2,d.2.1,d.2.1.6,322
d1qsaa2,SCOPe-ALL,family,d.2.1.6,d,d.2,d.2.1,d.2.1.6,168
d5hwaa_,SCOPe-ALL,family,d.2.1.7,d,d.2,d.2.1,d.2.1.7,259
d4olta_,SCOPe-ALL,family,d.2.1.7,d,d.2,d.2.1,d.2.1.7,236
d4emna_,SCOPe-ALL,family,d.2.1.8,d,d.2,d.2.1,d.2.1.8,81
d2ikba1,SCOPe-ALL,family,d.2.1.9,d,d.2,d.2.1,d.2.1.9,163
d2nr7a1,SCOPe-ALL,family,d.2.1.9,d,d.2,d.2.1,d.2.1.9,192
d3d3ha_,SCOPe-ALL,family,d.2.1.10,d,d.2,d.2.1,d.2.1.10,183
d2olua1,SCOPe-ALL,family,d.2.1.10,d,d.2,d.2.1,d.2.1.10,225
d2igsa1,SCOPe-ALL,family,d.2.1.11,d,d.2,d.2.1,d.2.1.11,212
d7c6ca_,SCOPe-ALL,family,d.2.1.0,d,d.2,d.2.1,d.2.1.0,241
d3wh1a_,SCOPe-ALL,family,d.2.1.0,d,d.2,d.2.1,d.2.1.0,204
d3cb7a1,SCOPe-ALL,family,d.2.1.0,d,d.2,d.2.1,d.2.1.0,122
d3hzsa1,SCOPe-ALL,family,d.2.1.0,d,d.2,d.2.1,d.2.1.0,201
d1deua_,SCOPe-ALL,family,d.3.1.1,d,d.3,d.3.1,d.3.1.1,275
d2e01a1,SCOPe-ALL,family,d.3.1.1,d,d.3,d.3.1,d.3.1.1,453
d2cb5a_,SCOPe-ALL,family,d.3.1.1,d,d.3,d.3.1,d.3.1.1,453
d1pcia_,SCOPe-ALL,family,d.3.1.1,d,d.3,d.3.1,d.3.1.1,311
d3f5va_,SCOPe-ALL,family,d.3.1.1,d,d.3,d.3.1,d.3.1.1,222
d1cv8a_,SCOPe-ALL,family,d.3.1.1,d,d.3,d.3.1,d.3.1.1,173
d1dkia_,SCOPe-ALL,family,d.3.1.1,d,d.3,d.3.1,d.3.1.1,335
d3pdfa2,SCOPe-ALL,family,d.3.1.1,d,d.3,d.3.1,d.3.1.1,234
d3bwka_,SCOPe-ALL,family,d.3.1.1,d,d.3,d.3.1,d.3.1.1,242
d4bpvk_,SCOPe-ALL,family,d.3.1.1,d,d.3,d.3.1,d.3.1.1,92
d4qbba_,SCOPe-ALL,family,d.3.1.2,d,d.3,d.3.1,d.3.1.2,159
d1tl9a_,SCOPe-ALL,family,d.3.1.3,d,d.3,d.3.1,d.3.1.3,321
d2f4ma1,SCOPe-ALL,family,d.3.1.4,d,d.3,d.3.1,d.3.1.4,287
d1rlla2,SCOPe-ALL,family,d.3.1.4,d,d.3,d.3.1,d.3.1.4,321
d1x3za_,SCOPe-ALL,family,d.3.1.4,d,d.3,d.3.1,d.3.1.4,320
d1w4ta1,SCOPe-ALL,family,d.3.1.5,d,d.3,d.3.1,d.3.1.5,277
d1e2ta_,SCOPe-ALL,family,d.3.1.5,d,d.3,d.3.1,d.3.1.5,274
d4c5pa_,SCOPe-ALL,family,d.3.1.5,d,d.3,d.3.1,d.3.1.5,272
d1xd3a_,SCOPe-ALL,family,d.3.1.6,d,d.3,d.3.1,d.3.1.6,229
d1cmxa_,SCOPe-ALL,family,d.3.1.6,d,d.3,d.3.1,d.3.1.6,229
d4ekfa_,SCOPe-ALL,family,d.3.1.7,d,d.3,d.3.1,d.3.1.7,204
d1th0a_,SCOPe-ALL,family,d.3.1.7,d,d.3,d.3.1,d.3.1.7,226
d1euva1,SCOPe-ALL,family,d.3.1.7,d,d.3,d.3.1,d.3.1.7,219
d2bkra_,SCOPe-ALL,family,d.3.1.7,d,d.3,d.3.1,d.3.1.7,212
d1iu4a_,SCOPe-ALL,family,d.3.1.8,d,d.3,d.3.1,d.3.1.8,331
d6iika_,SCOPe-ALL,family,d.3.1.9,d,d.3,d.3.1,d.3.1.9,384
d1vjva_,SCOPe-ALL,family,d.3.1.9,d,d.3,d.3.1,d.3.1.9,397
d5kycb_,SCOPe-ALL,family,d.3.1.9,d,d.3,d.3.1,d.3.1.9,340
d3nhea_,SCOPe-ALL,family,d.3.1.9,d,d.3,d.3.1,d.3.1.9,338
d1ukfa1,SCOPe-ALL,family,d.3.1.10,d,d.3,d.3.1,d.3.1.10,187
d1y08a_,SCOPe-ALL,family,d.3.1.12,d,d.3,d.3.1,d.3.1.12,291
d2im9a1,SCOPe-ALL,family,d.3.1.13,d,d.3,d.3.1,d.3.1.13,305
d6thoa1,SCOPe-ALL,family,d.3.1.14,d,d.3,d.3.1,d.3.1.14,216
d2io8a2,SCOPe-ALL,family,d.3.1.15,d,d.3,d.3.1,d.3.1.15,191
d2hbwa2,SCOPe-ALL,family,d.3.1.16,d,d.3,d.3.1,d.3.1.16,148
d2ebfx3,SCOPe-ALL,family,d.3.1.17,d,d.3,d.3.1,d.3.1.17,192
d5mu9a2,SCOPe-ALL,family,d.3.1.18,d,d.3,d.3.1,d.3.1.18,138
d2hlya1,SCOPe-ALL,family,d.3.1.19,d,d.3,d.3.1,d.3.1.19,202
d2j7qa1,SCOPe-ALL,family,d.3.1.20,d,d.3,d.3.1,d.3.1.20,232
d2if6a1,SCOPe-ALL,family,d.3.1.21,d,d.3,d.3.1,d.3.1.21,182
d2z0da1,SCOPe-ALL,family,d.3.1.22,d,d.3,d.3.1,d.3.1.22,350
d4rnaa2,SCOPe-ALL,family,d.3.1.23,d,d.3,d.3.1,d.3.1.23,261
d4m0wa2,SCOPe-ALL,family,d.3.1.23,d,d.3,d.3.1,d.3.1.23,257
d3qsda_,SCOPe-ALL,family,d.3.1.0,d,d.3,d.3.1,d.3.1.0,253
d2xu3a_,SCOPe-ALL,family,d.3.1.0,d,d.3,d.3.1,d.3.1.0,220
d2zfya_,SCOPe-ALL,family,d.3.1.0,d,d.3,d.3.1,d.3.1.0,227
d5l8ha_,SCOPe-ALL,family,d.3.1.0,d,d.3,d.3.1,d.3.1.0,336
d5ohka_,SCOPe-ALL,family,d.3.1.0,d,d.3,d.3.1,d.3.1.0,334
d2wdta_,SCOPe-ALL,family,d.3.1.0,d,d.3,d.3.1,d.3.1.0,222
d5chta1,SCOPe-ALL,family,d.3.1.0,d,d.3,d.3.1,d.3.1.0,322
d4guza1,SCOPe-ALL,family,d.3.1.0,d,d.3,d.3.1,d.3.1.0,278
d4dhib_,SCOPe-ALL,family,d.3.1.0,d,d.3,d.3.1,d.3.1.0,238
d4i6na1,SCOPe-ALL,family,d.3.1.0,d,d.3,d.3.1,d.3.1.0,224
d5fpwb_,SCOPe-ALL,family,d.3.1.0,d,d.3,d.3.1,d.3.1.0,308
d1zm8a_,SCOPe-ALL,family,d.4.1.2,d,d.4,d.4.1,d.4.1.2,239
d4e3ya_,SCOPe-ALL,family,d.4.1.2,d,d.4,d.4.1,d.4.1.2,240
d1u3em1,SCOPe-ALL,family,d.4.1.3,d,d.4,d.4.1,d.4.1.3,105
d1a73a_,SCOPe-ALL,family,d.4.1.3,d,d.4,d.4.1,d.4.1.3,162
d1e7la2,SCOPe-ALL,family,d.4.1.5,d,d.4,d.4.1,d.4.1.5,103
d2pu3a_,SCOPe-ALL,family,d.4.1.6,d,d.4,d.4.1,d.4.1.6,207
d1v0da_,SCOPe-ALL,family,d.4.1.7,d,d.4,d.4.1,d.4.1.7,245
d4ogca2,SCOPe-ALL,family,d.4.1.8,d,d.4,d.4.1,d.4.1.8,161
d5axwa2,SCOPe-ALL,family,d.4.1.8,d,d.4,d.4.1,d.4.1.8,147
d4oo8a2,SCOPe-ALL,family,d.4.1.8,d,d.4,d.4.1,d.4.1.8,133
d6w0va_,SCOPe-ALL,family,d.4.1.0,d,d.4,d.4.1,d.4.1.0,125
d3snfa_,SCOPe-ALL,family,d.5.1.1,d,d.5,d.5.1,d.5.1.1,104
d4aoha_,SCOPe-ALL,family,d.5.1.1,d,d.5,d.5.1,d.5.1.1,123
d1k2aa_,SCOPe-ALL,family,d.5.1.1,d,d.5,d.5.1,d.5.1.1,136
d1kf3a_,SCOPe-ALL,family,d.5.1.1,d,d.5,d.5.1,d.5.1.1,124
d7bfka_,SCOPe-ALL,family,d.5.1.0,d,d.5,d.5.1,d.5.1.0,125
d4perb_,SCOPe-ALL,family,d.5.1.0,d,d.5,d.5.1,d.5.1.0,113
d2p7sa_,SCOPe-ALL,family,d.5.1.0,d,d.5,d.5.1,d.5.1.0,110
d2vq8a1,SCOPe-ALL,family,d.5.1.0,d,d.5,d.5.1,d.5.1.0,127
d1u3ma1,SCOPe-ALL,family,d.6.1.1,d,d.6,d.6.1,d.6.1.1,115
d1i17a_,SCOPe-ALL,family,d.6.1.1,d,d.6,d.6.1,d.6.1.1,107
d4hlsa_,SCOPe-ALL,family,d.6.1.1,d,d.6,d.6.1,d.6.1.1,97
d1e0ga_,SCOPe-ALL,family,d.7.1.1,d,d.7,d.7.1,d.7.1.1,48
d4a1ia1,SCOPe-ALL,family,d.7.1.0,d,d.7,d.7.1,d.7.1.0,48
d5buma_,SCOPe-ALL,family,d.7.1.0,d,d.7,d.7.1,d.7.1.0,49
d4uz3a2,SCOPe-ALL,family,d.7.1.0,d,d.7,d.7.1,d.7.1.0,52
d5k2la_,SCOPe-ALL,family,d.7.1.0,d,d.7,d.7.1,d.7.1.0,49
d6rkga_,SCOPe-ALL,family,d.8.1.1,d,d.8,d.8.1,d.8.1.1,100
d1el0a_,SCOPe-ALL,family,d.9.1.1,d,d.9,d.9.1,d.9.1.1,74
d1f2la_,SCOPe-ALL,family,d.9.1.1,d,d.9,d.9.1,d.9.1.1,64
d2hcca_,SCOPe-ALL,family,d.9.1.1,d,d.9,d.9.1,d.9.1.1,66
d1g2sa_,SCOPe-ALL,family,d.9.1.1,d,d.9,d.9.1,d.9.1.1,71
d4xdxa_,SCOPe-ALL,family,d.9.1.1,d,d.9,d.9.1,d.9.1.1,70
d1o80a_,SCOPe-ALL,family,d.9.1.1,d,d.9,d.9.1,d.9.1.1,75
d1m8aa_,SCOPe-ALL,family,d.9.1.1,d,d.9,d.9.1,d.9.1.1,61
d5coya_,SCOPe-ALL,family,d.9.1.1,d,d.9,d.9.1,d.9.1.1,65
d1rjta_,SCOPe-ALL,family,d.9.1.1,d,d.9,d.9.1,d.9.1.1,73
d3gv3a_,SCOPe-ALL,family,d.9.1.1,d,d.9,d.9.1,d.9.1.1,63
d1nr4a_,SCOPe-ALL,family,d.9.1.1,d,d.9,d.9.1,d.9.1.1,67
d2ra4a_,SCOPe-ALL,family,d.9.1.1,d,d.9,d.9.1,d.9.1.1,65
d4hsva_,SCOPe-ALL,family,d.9.1.1,d,d.9,d.9.1,d.9.1.1,65
d2hdma_,SCOPe-ALL,family,d.9.1.1,d,d.9,d.9.1,d.9.1.1,74
d5ltla_,SCOPe-ALL,family,d.9.1.0,d,d.9,d.9.1,d.9.1.0,68
d7jnya1,SCOPe-ALL,family,d.9.1.0,d,d.9,d.9.1,d.9.1.0,79
d5ekia_,SCOPe-ALL,family,d.9.1.0,d,d.9,d.9.1,d.9.1.0,72
d2mgsa_,SCOPe-ALL,family,d.9.1.0,d,d.9,d.9.1,d.9.1.0,71
d2mp1a_,SCOPe-ALL,family,d.9.1.0,d,d.9,d.9.1,d.9.1.0,77
d1zxta1,SCOPe-ALL,family,d.9.1.0,d,d.9,d.9.1,d.9.1.0,67
d2cs7a1,SCOPe-ALL,family,d.9.2.1,d,d.9,d.9.2,d.9.2.1,55
d1bb8a_,SCOPe-ALL,family,d.10.1.1,d,d.10,d.10.1,d.10.1.1,71
d1gcca_,SCOPe-ALL,family,d.10.1.2,d,d.10,d.10.1,d.10.1.2,63
d1ub1a_,SCOPe-ALL,family,d.10.1.3,d,d.10,d.10.1,d.10.1.3,125
d1z1ba1,SCOPe-ALL,family,d.10.1.4,d,d.10,d.10.1,d.10.1.4,49
d2ky8a_,SCOPe-ALL,family,d.10.1.0,d,d.10,d.10.1,d.10.1.0,70
d3vxva_,SCOPe-ALL,family,d.10.1.0,d,d.10,d.10.1,d.10.1.0,65
d1pyya1,SCOPe-ALL,family,d.11.1.1,d,d.11,d.11.1,d.11.1.1,61
d1pyya2,SCOPe-ALL,family,d.11.1.1,d,d.11,d.11.1,d.11.1.1,58
d1vq8s1,SCOPe-ALL,family,d.12.1.1,d,d.12,d.12.1,d.12.1.1,81
d2j01x1,SCOPe-ALL,family,d.12.1.1,d,d.12,d.12.1,d.12.1.1,93
d1vq8m1,SCOPe-ALL,family,d.12.1.2,d,d.12,d.12.1,d.12.1.2,194
d1ywxa1,SCOPe-ALL,family,d.12.1.3,d,d.12,d.12.1,d.12.1.3,102
d2v94a1,SCOPe-ALL,family,d.12.1.3,d,d.12,d.12.1,d.12.1.3,93
d2g1da1,SCOPe-ALL,family,d.12.1.3,d,d.12,d.12.1,d.12.1.3,98
d1fita_,SCOPe-ALL,family,d.13.1.1,d,d.13,d.13.1,d.13.1.1,146
d2oika1,SCOPe-ALL,family,d.13.1.1,d,d.13,d.13.1,d.13.1.1,139
d3imia_,SCOPe-ALL,family,d.13.1.1,d,d.13,d.13.1,d.13.1.1,143
d6j64b_,SCOPe-ALL,family,d.13.1.1,d,d.13,d.13.1,d.13.1.1,115
d1guqa1,SCOPe-ALL,family,d.13.1.2,d,d.13,d.13.1,d.13.1.2,176
d1guqa2,SCOPe-ALL,family,d.13.1.2,d,d.13,d.13.1,d.13.1.2,171
d2q4ha1,SCOPe-ALL,family,d.13.1.2,d,d.13,d.13.1,d.13.1.2,173
d2q4ha2,SCOPe-ALL,family,d.13.1.2,d,d.13,d.13.1,d.13.1.2,156
d1vlra1,SCOPe-ALL,family,d.13.1.3,d,d.13,d.13.1,d.13.1.3,192
d2pofa1,SCOPe-ALL,family,d.13.1.4,d,d.13,d.13.1,d.13.1.4,220
d3jb9c_,SCOPe-ALL,family,d.13.1.5,d,d.13,d.13.1,d.13.1.5,300
d3lb5a_,SCOPe-ALL,family,d.13.1.0,d,d.13,d.13.1,d.13.1.0,137
d4egua1,SCOPe-ALL,family,d.13.1.0,d,d.13,d.13.1,d.13.1.0,116
d4zgla_,SCOPe-ALL,family,d.13.1.0,d,d.13,d.13.1,d.13.1.0,101
d3ksva_,SCOPe-ALL,family,d.13.1.0,d,d.13,d.13.1,d.13.1.0,141
d3o0ma1,SCOPe-ALL,family,d.13.1.0,d,d.13,d.13.1,d.13.1.0,143
d7mqwa_,SCOPe-ALL,family,d.13.1.0,d,d.13,d.13.1,d.13.1.0,137
d2eo4a_,SCOPe-ALL,family,d.13.1.0,d,d.13,d.13.1,d.13.1.0,149
d2r7ja1,SCOPe-ALL,family,d.13.2.1,d,d.13,d.13.2,d.13.2.1,169
d2gu0a2,SCOPe-ALL,family,d.13.2.0,d,d.13,d.13.2,d.13.2.0,166
d3b82a4,SCOPe-ALL,family,d.14.1.1,d,d.14,d.14.1,d.14.1.1,165
d2dy1a3,SCOPe-ALL,family,d.14.1.1,d,d.14,d.14.1,d.14.1.1,115
d3jb9b5,SCOPe-ALL,family,d.14.1.1,d,d.14,d.14.1,d.14.1.1,169
d2qale1,SCOPe-ALL,family,d.14.1.1,d,d.14,d.14.1,d.14.1.1,81
d1fjge1,SCOPe-ALL,family,d.14.1.1,d,d.14,d.14.1,d.14.1.1,81
d1fjgi_,SCOPe-ALL,family,d.14.1.1,d,d.14,d.14.1,d.14.1.1,127
d1nz0a_,SCOPe-ALL,family,d.14.1.2,d,d.14,d.14.1,d.14.1.2,109
d6ov1a1,SCOPe-ALL,family,d.14.1.2,d,d.14,d.14.1,d.14.1.2,109
d1kija1,SCOPe-ALL,family,d.14.1.3,d,d.14,d.14.1,d.14.1.3,172
d1b63a1,SCOPe-ALL,family,d.14.1.3,d,d.14,d.14.1,d.14.1.3,115
d1h7sa1,SCOPe-ALL,family,d.14.1.3,d,d.14,d.14.1,d.14.1.3,134
d1q1da2,SCOPe-ALL,family,d.14.1.3,d,d.14,d.14.1,d.14.1.3,165
d2hkja2,SCOPe-ALL,family,d.14.1.3,d,d.14,d.14.1,d.14.1.3,164
d2je6b1,SCOPe-ALL,family,d.14.1.4,d,d.14,d.14.1,d.14.1.4,148
d2je6a1,SCOPe-ALL,family,d.14.1.4,d,d.14,d.14.1,d.14.1.4,191
d2nn6f1,SCOPe-ALL,family,d.14.1.4,d,d.14,d.14.1,d.14.1.4,147
d2nn6e1,SCOPe-ALL,family,d.14.1.4,d,d.14,d.14.1,d.14.1.4,187
d2nn6c1,SCOPe-ALL,family,d.14.1.4,d,d.14,d.14.1,d.14.1.4,181
d2nn6a1,SCOPe-ALL,family,d.14.1.4,d,d.14,d.14.1,d.14.1.4,184
d2nn6d1,SCOPe-ALL,family,d.14.1.4,d,d.14,d.14.1,d.14.1.4,122
d1e3pa3,SCOPe-ALL,family,d.14.1.4,d,d.14,d.14.1,d.14.1.4,149
d1e3pa4,SCOPe-ALL,family,d.14.1.4,d,d.14,d.14.1,d.14.1.4,137
d1r6la1,SCOPe-ALL,family,d.14.1.4,d,d.14,d.14.1,d.14.1.4,151
d1ueka1,SCOPe-ALL,family,d.14.1.5,d,d.14,d.14.1,d.14.1.5,148
d1h72c1,SCOPe-ALL,family,d.14.1.5,d,d.14,d.14.1,d.14.1.5,163
d1kkha1,SCOPe-ALL,family,d.14.1.5,d,d.14,d.14.1,d.14.1.5,175
d2r42a1,SCOPe-ALL,family,d.14.1.5,d,d.14,d.14.1,d.14.1.5,225
d2pg9a1,SCOPe-ALL,family,d.14.1.5,d,d.14,d.14.1,d.14.1.5,194
d6zgxa1,SCOPe-ALL,family,d.14.1.5,d,d.14,d.14.1,d.14.1.5,215
d1mg7a1,SCOPe-ALL,family,d.14.1.6,d,d.14,d.14.1,d.14.1.6,174
d6ih0a1,SCOPe-ALL,family,d.14.1.7,d,d.14,d.14.1,d.14.1.7,126
d6ih0a2,SCOPe-ALL,family,d.14.1.7,d,d.14,d.14.1,d.14.1.7,141
d2ae8a1,SCOPe-ALL,family,d.14.1.9,d,d.14,d.14.1,d.14.1.9,84
d5ekwa2,SCOPe-ALL,family,d.14.1.9,d,d.14,d.14.1,d.14.1.9,107
d1rrea_,SCOPe-ALL,family,d.14.1.10,d,d.14,d.14.1,d.14.1.10,182
d1xhka_,SCOPe-ALL,family,d.14.1.10,d,d.14,d.14.1,d.14.1.10,185
d2cvea1,SCOPe-ALL,family,d.14.1.11,d,d.14,d.14.1,d.14.1.11,123
d1y60a_,SCOPe-ALL,family,d.14.1.12,d,d.14,d.14.1,d.14.1.12,168
d6fwha2,SCOPe-ALL,family,d.14.1.0,d,d.14,d.14.1,d.14.1.0,109
d1z0wa_,SCOPe-ALL,family,d.14.1.0,d,d.14,d.14.1,d.14.1.0,206
d2wp8b1,SCOPe-ALL,family,d.14.1.0,d,d.14,d.14.1,d.14.1.0,150
d7l6sa2,SCOPe-ALL,family,d.14.1.0,d,d.14,d.14.1,d.14.1.0,155
d2gq0a_,SCOPe-ALL,family,d.14.1.0,d,d.14,d.14.1,d.14.1.0,256
d2ljpa_,SCOPe-ALL,family,d.14.1.0,d,d.14,d.14.1,d.14.1.0,119
d4hyma2,SCOPe-ALL,family,d.14.1.0,d,d.14,d.14.1,d.14.1.0,162
d6zt3a2,SCOPe-ALL,family,d.14.1.0,d,d.14,d.14.1,d.14.1.0,180
d3cwva2,SCOPe-ALL,family,d.14.1.0,d,d.14,d.14.1,d.14.1.0,150
d1y6za_,SCOPe-ALL,family,d.14.1.0,d,d.14,d.14.1,d.14.1.0,258
d2cz9a1,SCOPe-ALL,family,d.14.1.0,d,d.14,d.14.1,d.14.1.0,178
d5ekwa1,SCOPe-ALL,family,d.14.1.0,d,d.14,d.14.1,d.14.1.0,87
d2hkea1,SCOPe-ALL,family,d.14.1.0,d,d.14,d.14.1,d.14.1.0,178
d3lnua2,SCOPe-ALL,family,d.14.1.0,d,d.14,d.14.1,d.14.1.0,162
d1v5oa1,SCOPe-ALL,family,d.15.1.1,d,d.15,d.15.1,d.15.1.1,89
d1wh3a1,SCOPe-ALL,family,d.15.1.1,d,d.15,d.15.1,d.15.1.1,74
d1wx8a1,SCOPe-ALL,family,d.15.1.1,d,d.15,d.15.1,d.15.1.1,83
d1wxva1,SCOPe-ALL,family,d.15.1.1,d,d.15,d.15.1,d.15.1.1,79
d1ttna1,SCOPe-ALL,family,d.15.1.1,d,d.15,d.15.1,d.15.1.1,80
d1lqba_,SCOPe-ALL,family,d.15.1.1,d,d.15,d.15.1,d.15.1.1,104
d1v86a1,SCOPe-ALL,family,d.15.1.1,d,d.15,d.15.1,d.15.1.1,82
d1wjua1,SCOPe-ALL,family,d.15.1.1,d,d.15,d.15.1,d.15.1.1,87
d1wf9a1,SCOPe-ALL,family,d.15.1.1,d,d.15,d.15.1,d.15.1.1,94
d1zkha1,SCOPe-ALL,family,d.15.1.1,d,d.15,d.15.1,d.15.1.1,86
d1we6a1,SCOPe-ALL,family,d.15.1.1,d,d.15,d.15.1,d.15.1.1,98
d1wm3a_,SCOPe-ALL,family,d.15.1.1,d,d.15,d.15.1,d.15.1.1,72
d1yqba1,SCOPe-ALL,family,d.15.1.1,d,d.15,d.15.1,d.15.1.1,80
d6q00a_,SCOPe-ALL,family,d.15.1.1,d,d.15,d.15.1,d.15.1.1,76
d1wgga1,SCOPe-ALL,family,d.15.1.1,d,d.15,d.15.1,d.15.1.1,83
d2zeqa2,SCOPe-ALL,family,d.15.1.1,d,d.15,d.15.1,d.15.1.1,76
d1v6ea1,SCOPe-ALL,family,d.15.1.1,d,d.15,d.15.1,d.15.1.1,82
d1t0ya_,SCOPe-ALL,family,d.15.1.1,d,d.15,d.15.1,d.15.1.1,90
d1m94a_,SCOPe-ALL,family,d.15.1.1,d,d.15,d.15.1,d.15.1.1,73
d2faza1,SCOPe-ALL,family,d.15.1.1,d,d.15,d.15.1,d.15.1.1,76
d1wgha1,SCOPe-ALL,family,d.15.1.1,d,d.15,d.15.1,d.15.1.1,103
d1v2ya1,SCOPe-ALL,family,d.15.1.1,d,d.15,d.15.1,d.15.1.1,92
d1x1ma1,SCOPe-ALL,family,d.15.1.1,d,d.15,d.15.1,d.15.1.1,94
d1wiaa1,SCOPe-ALL,family,d.15.1.1,d,d.15,d.15.1,d.15.1.1,82
d4eewa_,SCOPe-ALL,family,d.15.1.1,d,d.15,d.15.1,d.15.1.1,74
d2wyqa_,SCOPe-ALL,family,d.15.1.1,d,d.15,d.15.1,d.15.1.1,77
d4icva_,SCOPe-ALL,family,d.15.1.1,d,d.15,d.15.1,d.15.1.1,84
d2m17a_,SCOPe-ALL,family,d.15.1.1,d,d.15,d.15.1,d.15.1.1,81
d1i42a_,SCOPe-ALL,family,d.15.1.2,d,d.15,d.15.1,d.15.1.2,89
d2al3a1,SCOPe-ALL,family,d.15.1.2,d,d.15,d.15.1,d.15.1.2,76
d2cr5a1,SCOPe-ALL,family,d.15.1.2,d,d.15,d.15.1,d.15.1.2,96
d3qx1a1,SCOPe-ALL,family,d.15.1.2,d,d.15,d.15.1,d.15.1.2,80
d6lana_,SCOPe-ALL,family,d.15.1.3,d,d.15,d.15.1,d.15.1.3,133
d2al6a3,SCOPe-ALL,family,d.15.1.4,d,d.15,d.15.1,d.15.1.4,100
d4yl8a1,SCOPe-ALL,family,d.15.1.4,d,d.15,d.15.1,d.15.1.4,87
d1wxaa1,SCOPe-ALL,family,d.15.1.5,d,d.15,d.15.1,d.15.1.5,103
d1wgra1,SCOPe-ALL,family,d.15.1.5,d,d.15,d.15.1,d.15.1.5,87
d1e7ua3,SCOPe-ALL,family,d.15.1.5,d,d.15,d.15.1,d.15.1.5,178
d2c5lc1,SCOPe-ALL,family,d.15.1.5,d,d.15,d.15.1,d.15.1.5,106
d2byea1,SCOPe-ALL,family,d.15.1.5,d,d.15,d.15.1,d.15.1.5,109
d1k8rb_,SCOPe-ALL,family,d.15.1.5,d,d.15,d.15.1,d.15.1.5,95
d1lxda_,SCOPe-ALL,family,d.15.1.5,d,d.15,d.15.1,d.15.1.5,87
d1wgya1,SCOPe-ALL,family,d.15.1.5,d,d.15,d.15.1,d.15.1.5,91
d2cs4a1,SCOPe-ALL,family,d.15.1.5,d,d.15,d.15.1,d.15.1.5,82
d1wfya1,SCOPe-ALL,family,d.15.1.5,d,d.15,d.15.1,d.15.1.5,91
d1j0ga1,SCOPe-ALL,family,d.15.1.6,d,d.15,d.15.1,d.15.1.6,85
d1wz3a1,SCOPe-ALL,family,d.15.1.7,d,d.15,d.15.1,d.15.1.7,84
d1wspa1,SCOPe-ALL,family,d.15.1.8,d,d.15,d.15.1,d.15.1.8,83
d2bwfa_,SCOPe-ALL,family,d.15.1.0,d,d.15,d.15.1,d.15.1.0,77
d3zdmc_,SCOPe-ALL,family,d.15.1.0,d,d.15,d.15.1,d.15.1.0,79
d3m62b_,SCOPe-ALL,family,d.15.1.0,d,d.15,d.15.1,d.15.1.0,72
d3w1sc_,SCOPe-ALL,family,d.15.1.0,d,d.15,d.15.1,d.15.1.0,86
d6fj7a1,SCOPe-ALL,family,d.15.1.0,d,d.15,d.15.1,d.15.1.0,78
d2kjra1,SCOPe-ALL,family,d.15.1.0,d,d.15,d.15.1,d.15.1.0,85
d6yooa1,SCOPe-ALL,family,d.15.1.0,d,d.15,d.15.1,d.15.1.0,117
d6vjjb_,SCOPe-ALL,family,d.15.1.0,d,d.15,d.15.1,d.15.1.0,77
d4e74a_,SCOPe-ALL,family,d.15.1.0,d,d.15,d.15.1,d.15.1.0,108
d3phxb_,SCOPe-ALL,family,d.15.1.0,d,d.15,d.15.1,d.15.1.0,77
d5ryoa1,SCOPe-ALL,family,d.15.1.0,d,d.15,d.15.1,d.15.1.0,84
d6iw3a_,SCOPe-ALL,family,d.15.1.0,d,d.15,d.15.1,d.15.1.0,81
d6gf1a1,SCOPe-ALL,family,d.15.1.0,d,d.15,d.15.1,d.15.1.0,75
d5x3pa_,SCOPe-ALL,family,d.15.1.0,d,d.15,d.15.1,d.15.1.0,80
d3kuza1,SCOPe-ALL,family,d.15.1.0,d,d.15,d.15.1,d.15.1.0,108
d2l7ra_,SCOPe-ALL,family,d.15.1.0,d,d.15,d.15.1,d.15.1.0,74
d2kdba_,SCOPe-ALL,family,d.15.1.0,d,d.15,d.15.1,d.15.1.0,77
d2dhza1,SCOPe-ALL,family,d.15.1.0,d,d.15,d.15.1,d.15.1.0,107
d4rnaa1,SCOPe-ALL,family,d.15.1.0,d,d.15,d.15.1,d.15.1.0,60
d3a4ra1,SCOPe-ALL,family,d.15.1.0,d,d.15,d.15.1,d.15.1.0,74
d5y3ba_,SCOPe-ALL,family,d.15.1.0,d,d.15,d.15.1,d.15.1.0,82
d6mdha1,SCOPe-ALL,family,d.15.1.0,d,d.15,d.15.1,d.15.1.0,69
d2m4na1,SCOPe-ALL,family,d.15.1.0,d,d.15,d.15.1,d.15.1.0,107
d6jl3a_,SCOPe-ALL,family,d.15.1.0,d,d.15,d.15.1,d.15.1.0,74
d4m0wa1,SCOPe-ALL,family,d.15.1.0,d,d.15,d.15.1,d.15.1.0,60
d5n9va1,SCOPe-ALL,family,d.15.1.0,d,d.15,d.15.1,d.15.1.0,78
d4x57b_,SCOPe-ALL,family,d.15.1.0,d,d.15,d.15.1,d.15.1.0,93
d2kd0a1,SCOPe-ALL,family,d.15.1.0,d,d.15,d.15.1,d.15.1.0,75
d3w1ya_,SCOPe-ALL,family,d.15.1.0,d,d.15,d.15.1,d.15.1.0,129
d6d21a1,SCOPe-ALL,family,d.15.1.0,d,d.15,d.15.1,d.15.1.0,84
d1c9fa_,SCOPe-ALL,family,d.15.2.1,d,d.15,d.15.2,d.15.2.1,87
d1d4ba1,SCOPe-ALL,family,d.15.2.1,d,d.15,d.15.2,d.15.2.1,116
d1f2ri_,SCOPe-ALL,family,d.15.2.1,d,d.15,d.15.2,d.15.2.1,100
d1ip9a1,SCOPe-ALL,family,d.15.2.2,d,d.15,d.15.2,d.15.2.2,80
d1pqsa_,SCOPe-ALL,family,d.15.2.2,d,d.15,d.15.2,d.15.2.2,77
d2npta1,SCOPe-ALL,family,d.15.2.2,d,d.15,d.15.2,d.15.2.2,104
d2c60a1,SCOPe-ALL,family,d.15.2.2,d,d.15,d.15.2,d.15.2.2,80
d1oeya1,SCOPe-ALL,family,d.15.2.2,d,d.15,d.15.2,d.15.2.2,77
d1oeyj_,SCOPe-ALL,family,d.15.2.2,d,d.15,d.15.2,d.15.2.2,105
d2bkfa1,SCOPe-ALL,family,d.15.2.2,d,d.15,d.15.2,d.15.2.2,85
d1wmhb_,SCOPe-ALL,family,d.15.2.2,d,d.15,d.15.2,d.15.2.2,82
d1wmha_,SCOPe-ALL,family,d.15.2.2,d,d.15,d.15.2,d.15.2.2,83
d4d2ka1,SCOPe-ALL,family,d.15.2.0,d,d.15,d.15.2,d.15.2.0,78
d4maca_,SCOPe-ALL,family,d.15.2.0,d,d.15,d.15.2,d.15.2.0,82
d1v8ca1,SCOPe-ALL,family,d.15.3.1,d,d.15,d.15.3,d.15.3.1,87
d1fm0d_,SCOPe-ALL,family,d.15.3.1,d,d.15,d.15.3,d.15.3.1,81
d1vjka1,SCOPe-ALL,family,d.15.3.1,d,d.15,d.15.3,d.15.3.1,87
d1ryja_,SCOPe-ALL,family,d.15.3.2,d,d.15,d.15.3,d.15.3.2,70
d5ldab_,SCOPe-ALL,family,d.15.3.2,d,d.15,d.15.3,d.15.3.2,65
d1tygb_,SCOPe-ALL,family,d.15.3.2,d,d.15,d.15.3,d.15.3.2,65
d1zud2_,SCOPe-ALL,family,d.15.3.2,d,d.15,d.15.3,d.15.3.2,65
d2cu3a1,SCOPe-ALL,family,d.15.3.2,d,d.15,d.15.3,d.15.3.2,63
d2hj1a1,SCOPe-ALL,family,d.15.3.4,d,d.15,d.15.3,d.15.3.4,77
d2qjla_,SCOPe-ALL,family,d.15.3.0,d,d.15,d.15.3,d.15.3.0,99
d4idia_,SCOPe-ALL,family,d.15.3.0,d,d.15,d.15.3,d.15.3.0,122
d2k9xa_,SCOPe-ALL,family,d.15.3.0,d,d.15,d.15.3,d.15.3.0,102
d1doia_,SCOPe-ALL,family,d.15.4.1,d,d.15,d.15.4,d.15.4.1,128
d1xlqa_,SCOPe-ALL,family,d.15.4.1,d,d.15,d.15.4,d.15.4.1,106
d1b9ra_,SCOPe-ALL,family,d.15.4.1,d,d.15,d.15.4,d.15.4.1,105
d1l5pa_,SCOPe-ALL,family,d.15.4.1,d,d.15,d.15.4,d.15.4.1,93
d2bt6a2,SCOPe-ALL,family,d.15.4.1,d,d.15,d.15.4,d.15.4.1,104
d3wcqa_,SCOPe-ALL,family,d.15.4.1,d,d.15,d.15.4,d.15.4.1,97
d1krha3,SCOPe-ALL,family,d.15.4.2,d,d.15,d.15.4,d.15.4.2,104
d1n62a2,SCOPe-ALL,family,d.15.4.2,d,d.15,d.15.4,d.15.4.2,79
d6n59a1,SCOPe-ALL,family,d.15.4.2,d,d.15,d.15.4,d.15.4.2,125
d1kf6b2,SCOPe-ALL,family,d.15.4.2,d,d.15,d.15.4,d.15.4.2,105
d1jq4a_,SCOPe-ALL,family,d.15.4.2,d,d.15,d.15.4,d.15.4.2,98
d2piaa3,SCOPe-ALL,family,d.15.4.2,d,d.15,d.15.4,d.15.4.2,98
d2h88b1,SCOPe-ALL,family,d.15.4.2,d,d.15,d.15.4,d.15.4.2,107
d3nvva1,SCOPe-ALL,family,d.15.4.2,d,d.15,d.15.4,d.15.4.2,91
d2bs2b2,SCOPe-ALL,family,d.15.4.2,d,d.15,d.15.4,d.15.4.2,106
d3hrdd1,SCOPe-ALL,family,d.15.4.0,d,d.15,d.15.4,d.15.4.0,82
d5uj5a1,SCOPe-ALL,family,d.15.4.0,d,d.15,d.15.4,d.15.4.0,128
d2y5ca1,SCOPe-ALL,family,d.15.4.0,d,d.15,d.15.4,d.15.4.0,106
d6lumb1,SCOPe-ALL,family,d.15.4.0,d,d.15,d.15.4,d.15.4.0,110
d3lxfa_,SCOPe-ALL,family,d.15.4.0,d,d.15,d.15.4,d.15.4.0,104
d3ah7a1,SCOPe-ALL,family,d.15.4.0,d,d.15,d.15.4,d.15.4.0,108
d3iam31,SCOPe-ALL,family,d.15.4.0,d,d.15,d.15.4,d.15.4.0,95
d2saka_,SCOPe-ALL,family,d.15.5.1,d,d.15,d.15.5,d.15.5.1,121
d1qqra_,SCOPe-ALL,family,d.15.5.1,d,d.15,d.15.5,d.15.5.1,138
d1l4db_,SCOPe-ALL,family,d.15.5.1,d,d.15,d.15.5,d.15.5.1,122
d1bmlc3,SCOPe-ALL,family,d.15.5.1,d,d.15,d.15.5,d.15.5.1,88
d1v1oa2,SCOPe-ALL,family,d.15.6.1,d,d.15,d.15.6,d.15.6.1,105
d1esfa2,SCOPe-ALL,family,d.15.6.1,d,d.15,d.15.6,d.15.6.1,113
d3seba2,SCOPe-ALL,family,d.15.6.1,d,d.15,d.15.6,d.15.6.1,117
d1enfa2,SCOPe-ALL,family,d.15.6.1,d,d.15,d.15.6,d.15.6.1,112
d1ty0a2,SCOPe-ALL,family,d.15.6.1,d,d.15,d.15.6,d.15.6.1,108
d1et9a2,SCOPe-ALL,family,d.15.6.1,d,d.15,d.15.6,d.15.6.1,109
d3ea6a2,SCOPe-ALL,family,d.15.6.1,d,d.15,d.15.6,d.15.6.1,131
d4ohja2,SCOPe-ALL,family,d.15.6.1,d,d.15,d.15.6,d.15.6.1,101
d2rdha2,SCOPe-ALL,family,d.15.6.0,d,d.15,d.15.6,d.15.6.0,103
d4o1na2,SCOPe-ALL,family,d.15.6.0,d,d.15,d.15.6,d.15.6.0,101
d1hz6a1,SCOPe-ALL,family,d.15.7.1,d,d.15,d.15.7,d.15.7.1,64
d2igda_,SCOPe-ALL,family,d.15.7.1,d,d.15,d.15.7,d.15.7.1,61
d1tifa_,SCOPe-ALL,family,d.15.8.1,d,d.15,d.15.8,d.15.8.1,76
d4lnoa1,SCOPe-ALL,family,d.15.9.0,d,d.15,d.15.9,d.15.9.0,103
d5zlia1,SCOPe-ALL,family,d.15.9.0,d,d.15,d.15.9,d.15.9.0,103
d2bvca1,SCOPe-ALL,family,d.15.9.0,d,d.15,d.15.9,d.15.9.0,101
d1tkea1,SCOPe-ALL,family,d.15.10.1,d,d.15,d.15.10,d.15.10.1,62
d1nyra2,SCOPe-ALL,family,d.15.10.1,d,d.15,d.15.10,d.15.10.1,59
d1wxqa2,SCOPe-ALL,family,d.15.10.2,d,d.15,d.15.10,d.15.10.2,76
d1ni3a2,SCOPe-ALL,family,d.15.10.2,d,d.15,d.15.10,d.15.10.2,82
d2dbya2,SCOPe-ALL,family,d.15.10.0,d,d.15,d.15.10,d.15.10.0,83
d1mg4a_,SCOPe-ALL,family,d.15.11.1,d,d.15,d.15.11,d.15.11.1,101
d3ge3c_,SCOPe-ALL,family,d.15.12.0,d,d.15,d.15.12,d.15.12.0,83
d6zk912,SCOPe-ALL,family,d.15.13.0,d,d.15,d.15.13,d.15.13.0,86
d2gria1,SCOPe-ALL,family,d.15.14.1,d,d.15,d.15.14,d.15.14.1,112
d2v1ya_,SCOPe-ALL,family,d.15.15.1,d,d.15,d.15.15,d.15.15.1,90
d1n4wa2,SCOPe-ALL,family,d.16.1.1,d,d.16,d.16.1,d.16.1.1,132
d1kdga2,SCOPe-ALL,family,d.16.1.1,d,d.16,d.16.1,d.16.1.1,181
d3qvpa2,SCOPe-ALL,family,d.16.1.1,d,d.16,d.16.1,d.16.1.1,196
d1ju2a2,SCOPe-ALL,family,d.16.1.1,d,d.16,d.16.1,d.16.1.1,170
d2f5va2,SCOPe-ALL,family,d.16.1.1,d,d.16,d.16.1,d.16.1.1,198
d2voua2,SCOPe-ALL,family,d.16.1.2,d,d.16,d.16.1,d.16.1.2,128
d3c96a2,SCOPe-ALL,family,d.16.1.2,d,d.16,d.16.1,d.16.1.2,111
d1d7la2,SCOPe-ALL,family,d.16.1.2,d,d.16,d.16.1,d.16.1.2,102
d1pn0a3,SCOPe-ALL,family,d.16.1.2,d,d.16,d.16.1,d.16.1.2,101
d1an9a2,SCOPe-ALL,family,d.16.1.3,d,d.16,d.16.1,d.16.1.3,93
d1c0pa2,SCOPe-ALL,family,d.16.1.3,d,d.16,d.16.1,d.16.1.3,95
d1ryia2,SCOPe-ALL,family,d.16.1.3,d,d.16,d.16.1,d.16.1.3,88
d2gf3a2,SCOPe-ALL,family,d.16.1.3,d,d.16,d.16.1,d.16.1.3,104
d2iida2,SCOPe-ALL,family,d.16.1.5,d,d.16,d.16.1,d.16.1.5,113
d2dw4a3,SCOPe-ALL,family,d.16.1.5,d,d.16,d.16.1,d.16.1.5,109
d1s3ea2,SCOPe-ALL,family,d.16.1.5,d,d.16,d.16.1,d.16.1.5,112
d1pj5a3,SCOPe-ALL,family,d.16.1.5,d,d.16,d.16.1,d.16.1.5,119
d1b37a2,SCOPe-ALL,family,d.16.1.5,d,d.16,d.16.1,d.16.1.5,112
d2ivda2,SCOPe-ALL,family,d.16.1.5,d,d.16,d.16.1,d.16.1.5,108
d1seza2,SCOPe-ALL,family,d.16.1.5,d,d.16,d.16.1,d.16.1.5,112
d1d5ta2,SCOPe-ALL,family,d.16.1.6,d,d.16,d.16.1,d.16.1.6,97
d1vg0a2,SCOPe-ALL,family,d.16.1.6,d,d.16,d.16.1,d.16.1.6,113
d2bi7a2,SCOPe-ALL,family,d.16.1.7,d,d.16,d.16.1,d.16.1.7,69
d2gmha2,SCOPe-ALL,family,d.16.1.8,d,d.16,d.16.1,d.16.1.8,99
d2o9ux_,SCOPe-ALL,family,d.17.1.1,d,d.17,d.17.1,d.17.1.1,96
d3nx0a_,SCOPe-ALL,family,d.17.1.2,d,d.17,d.17.1,d.17.1.2,109
d2octa_,SCOPe-ALL,family,d.17.1.2,d,d.17,d.17.1,d.17.1.2,97
d4eyca1,SCOPe-ALL,family,d.17.1.3,d,d.17,d.17.1,d.17.1.3,100
d1x9ya2,SCOPe-ALL,family,d.17.1.4,d,d.17,d.17.1,d.17.1.4,171
d2bk7b1,SCOPe-ALL,family,d.17.1.5,d,d.17,d.17.1,d.17.1.5,98
d2bk7b2,SCOPe-ALL,family,d.17.1.5,d,d.17,d.17.1,d.17.1.5,119
d2gu3a1,SCOPe-ALL,family,d.17.1.6,d,d.17,d.17.1,d.17.1.6,63
d2gu3a2,SCOPe-ALL,family,d.17.1.6,d,d.17,d.17.1,d.17.1.6,65
d4it7a_,SCOPe-ALL,family,d.17.1.0,d,d.17,d.17.1,d.17.1.0,107
d5zc1a_,SCOPe-ALL,family,d.17.1.0,d,d.17,d.17.1,d.17.1.0,101
d4n6ob1,SCOPe-ALL,family,d.17.1.0,d,d.17,d.17.1,d.17.1.0,114
d2ch9a1,SCOPe-ALL,family,d.17.1.0,d,d.17,d.17.1,d.17.1.0,121
d6vlpa_,SCOPe-ALL,family,d.17.1.0,d,d.17,d.17.1,d.17.1.0,80
d6ztka_,SCOPe-ALL,family,d.17.1.0,d,d.17,d.17.1,d.17.1.0,108
d5o46a_,SCOPe-ALL,family,d.17.1.0,d,d.17,d.17.1,d.17.1.0,114
d3mwza1,SCOPe-ALL,family,d.17.1.0,d,d.17,d.17.1,d.17.1.0,114
d6uioa_,SCOPe-ALL,family,d.17.1.0,d,d.17,d.17.1,d.17.1.0,112
d1rjoa2,SCOPe-ALL,family,d.17.2.1,d,d.17,d.17.2,d.17.2.1,88
d1rjoa3,SCOPe-ALL,family,d.17.2.1,d,d.17,d.17.2,d.17.2.1,115
d1oaca2,SCOPe-ALL,family,d.17.2.1,d,d.17,d.17.2,d.17.2.1,95
d1oaca3,SCOPe-ALL,family,d.17.2.1,d,d.17,d.17.2,d.17.2.1,115
d1w2za2,SCOPe-ALL,family,d.17.2.1,d,d.17,d.17.2,d.17.2.1,93
d1w2za3,SCOPe-ALL,family,d.17.2.1,d,d.17,d.17.2,d.17.2.1,108
d2oqea2,SCOPe-ALL,family,d.17.2.1,d,d.17,d.17.2,d.17.2.1,98
d2oqea3,SCOPe-ALL,family,d.17.2.1,d,d.17,d.17.2,d.17.2.1,121
d1w7ca2,SCOPe-ALL,family,d.17.2.1,d,d.17,d.17.2,d.17.2.1,127
d1w7ca3,SCOPe-ALL,family,d.17.2.1,d,d.17,d.17.2,d.17.2.1,146
d1eeja2,SCOPe-ALL,family,d.17.3.1,d,d.17,d.17.3,d.17.3.1,60
d1t3ba2,SCOPe-ALL,family,d.17.3.1,d,d.17,d.17.3,d.17.3.1,59
d1v58a2,SCOPe-ALL,family,d.17.3.1,d,d.17,d.17.3,d.17.3.1,60
d1idpa_,SCOPe-ALL,family,d.17.4.1,d,d.17,d.17.4,d.17.4.1,147
d1of5b_,SCOPe-ALL,family,d.17.4.2,d,d.17,d.17.4,d.17.4.2,165
d1q40a_,SCOPe-ALL,family,d.17.4.2,d,d.17,d.17.4,d.17.4.2,174
d1q40b_,SCOPe-ALL,family,d.17.4.2,d,d.17,d.17.4,d.17.4.2,205
d1jkgb1,SCOPe-ALL,family,d.17.4.2,d,d.17,d.17.4,d.17.4.2,185
d1jkga_,SCOPe-ALL,family,d.17.4.2,d,d.17,d.17.4,d.17.4.2,139
d1gy7a_,SCOPe-ALL,family,d.17.4.2,d,d.17,d.17.4,d.17.4.2,121
d2qiya_,SCOPe-ALL,family,d.17.4.2,d,d.17,d.17.4,d.17.4.2,141
d1ohpa_,SCOPe-ALL,family,d.17.4.3,d,d.17,d.17.4,d.17.4.3,125
d1oh0a_,SCOPe-ALL,family,d.17.4.3,d,d.17,d.17.4,d.17.4.3,125
d2z76a_,SCOPe-ALL,family,d.17.4.3,d,d.17,d.17.4,d.17.4.3,131
d3e99a1,SCOPe-ALL,family,d.17.4.4,d,d.17,d.17.4,d.17.4.4,163
d4hjlb_,SCOPe-ALL,family,d.17.4.4,d,d.17,d.17.4,d.17.4.4,192
d2b1xb1,SCOPe-ALL,family,d.17.4.4,d,d.17,d.17.4,d.17.4.4,167
d3ebya1,SCOPe-ALL,family,d.17.4.4,d,d.17,d.17.4,d.17.4.4,157
d3gzyb_,SCOPe-ALL,family,d.17.4.4,d,d.17,d.17.4,d.17.4.4,186
d1vqqa1,SCOPe-ALL,family,d.17.4.5,d,d.17,d.17.4,d.17.4.5,112
d7reca1,SCOPe-ALL,family,d.17.4.7,d,d.17,d.17.4,d.17.4.7,130
d1nwwa_,SCOPe-ALL,family,d.17.4.8,d,d.17,d.17.4,d.17.4.8,145
d2bnga1,SCOPe-ALL,family,d.17.4.8,d,d.17,d.17.4,d.17.4.8,132
d1sjwa_,SCOPe-ALL,family,d.17.4.9,d,d.17,d.17.4,d.17.4.9,142
d2geya1,SCOPe-ALL,family,d.17.4.9,d,d.17,d.17.4,d.17.4.9,144
d3ebta1,SCOPe-ALL,family,d.17.4.9,d,d.17,d.17.4,d.17.4.9,131
d1s5ac1,SCOPe-ALL,family,d.17.4.10,d,d.17,d.17.4,d.17.4.10,142
d3dmca1,SCOPe-ALL,family,d.17.4.10,d,d.17,d.17.4,d.17.4.10,133
d3ec9a1,SCOPe-ALL,family,d.17.4.10,d,d.17,d.17.4,d.17.4.10,130
d1z1sa1,SCOPe-ALL,family,d.17.4.10,d,d.17,d.17.4,d.17.4.10,129
d1tuha_,SCOPe-ALL,family,d.17.4.11,d,d.17,d.17.4,d.17.4.11,131
d1tp6a_,SCOPe-ALL,family,d.17.4.12,d,d.17,d.17.4,d.17.4.12,126
d2cw9a1,SCOPe-ALL,family,d.17.4.13,d,d.17,d.17.4,d.17.4.13,182
d3qk9a_,SCOPe-ALL,family,d.17.4.13,d,d.17,d.17.4,d.17.4.13,196
d3blza1,SCOPe-ALL,family,d.17.4.14,d,d.17,d.17.4,d.17.4.14,124
d2r4ia1,SCOPe-ALL,family,d.17.4.15,d,d.17,d.17.4,d.17.4.15,122
d3bb9a1,SCOPe-ALL,family,d.17.4.16,d,d.17,d.17.4,d.17.4.16,121
d3b7ca1,SCOPe-ALL,family,d.17.4.16,d,d.17,d.17.4,d.17.4.16,121
d3cnxa1,SCOPe-ALL,family,d.17.4.17,d,d.17,d.17.4,d.17.4.17,153
d2owpa1,SCOPe-ALL,family,d.17.4.18,d,d.17,d.17.4,d.17.4.18,128
d3dxoa1,SCOPe-ALL,family,d.17.4.19,d,d.17,d.17.4,d.17.4.19,117
d3en8a1,SCOPe-ALL,family,d.17.4.20,d,d.17,d.17.4,d.17.4.20,127
d3dm8a1,SCOPe-ALL,family,d.17.4.20,d,d.17,d.17.4,d.17.4.20,135
d3ecfa1,SCOPe-ALL,family,d.17.4.21,d,d.17,d.17.4,d.17.4.21,128
d2gxfa1,SCOPe-ALL,family,d.17.4.22,d,d.17,d.17.4,d.17.4.22,128
d2imja1,SCOPe-ALL,family,d.17.4.23,d,d.17,d.17.4,d.17.4.23,155
d3er7a1,SCOPe-ALL,family,d.17.4.24,d,d.17,d.17.4,d.17.4.24,118
d2rgqa1,SCOPe-ALL,family,d.17.4.25,d,d.17,d.17.4,d.17.4.25,133
d2chca1,SCOPe-ALL,family,d.17.4.25,d,d.17,d.17.4,d.17.4.25,167
d2cc3a1,SCOPe-ALL,family,d.17.4.26,d,d.17,d.17.4,d.17.4.26,140
d3d9ra1,SCOPe-ALL,family,d.17.4.27,d,d.17,d.17.4,d.17.4.27,132
d3cu3a1,SCOPe-ALL,family,d.17.4.28,d,d.17,d.17.4,d.17.4.28,162
d3ef8a1,SCOPe-ALL,family,d.17.4.28,d,d.17,d.17.4,d.17.4.28,149
d3ejva1,SCOPe-ALL,family,d.17.4.28,d,d.17,d.17.4,d.17.4.28,159
d3b8la1,SCOPe-ALL,family,d.17.4.28,d,d.17,d.17.4,d.17.4.28,144
d2rfra1,SCOPe-ALL,family,d.17.4.28,d,d.17,d.17.4,d.17.4.28,153
d2k54a1,SCOPe-ALL,family,d.17.4.29,d,d.17,d.17.4,d.17.4.29,123
d2i9wa1,SCOPe-ALL,family,d.17.4.30,d,d.17,d.17.4,d.17.4.30,113
d3grda_,SCOPe-ALL,family,d.17.4.0,d,d.17,d.17.4,d.17.4.0,133
d4jf8a_,SCOPe-ALL,family,d.17.4.0,d,d.17,d.17.4,d.17.4.0,144
d4lsoa_,SCOPe-ALL,family,d.17.4.0,d,d.17,d.17.4,d.17.4.0,141
d3fgya1,SCOPe-ALL,family,d.17.4.0,d,d.17,d.17.4,d.17.4.0,128
d4lgqa_,SCOPe-ALL,family,d.17.4.0,d,d.17,d.17.4,d.17.4.0,134
d5i97a_,SCOPe-ALL,family,d.17.4.0,d,d.17,d.17.4,d.17.4.0,143
d3q90a_,SCOPe-ALL,family,d.17.4.0,d,d.17,d.17.4,d.17.4.0,131
d3duka1,SCOPe-ALL,family,d.17.4.0,d,d.17,d.17.4,d.17.4.0,124
d6p44a_,SCOPe-ALL,family,d.17.4.0,d,d.17,d.17.4,d.17.4.0,121
d3nv0b_,SCOPe-ALL,family,d.17.4.0,d,d.17,d.17.4,d.17.4.0,136
d3fsda_,SCOPe-ALL,family,d.17.4.0,d,d.17,d.17.4,d.17.4.0,121
d5ig0a_,SCOPe-ALL,family,d.17.4.0,d,d.17,d.17.4,d.17.4.0,131
d2ckfb_,SCOPe-ALL,family,d.17.4.0,d,d.17,d.17.4,d.17.4.0,170
d5cxoa1,SCOPe-ALL,family,d.17.4.0,d,d.17,d.17.4,d.17.4.0,128
d6hnma_,SCOPe-ALL,family,d.17.4.0,d,d.17,d.17.4,d.17.4.0,128
d3rgaa1,SCOPe-ALL,family,d.17.4.0,d,d.17,d.17.4,d.17.4.0,133
d3rgaa2,SCOPe-ALL,family,d.17.4.0,d,d.17,d.17.4,d.17.4.0,147
d5x7la1,SCOPe-ALL,family,d.17.4.0,d,d.17,d.17.4,d.17.4.0,132
d6iska_,SCOPe-ALL,family,d.17.4.0,d,d.17,d.17.4,d.17.4.0,120
d6t6ka2,SCOPe-ALL,family,d.17.4.0,d,d.17,d.17.4,d.17.4.0,140
d3g8za_,SCOPe-ALL,family,d.17.4.0,d,d.17,d.17.4,d.17.4.0,129
d1ugia_,SCOPe-ALL,family,d.17.5.1,d,d.17,d.17.5,d.17.5.1,83
d1iq8a4,SCOPe-ALL,family,d.17.6.1,d,d.17,d.17.6,d.17.6.1,145
d1q7ha2,SCOPe-ALL,family,d.17.6.2,d,d.17,d.17.6,d.17.6.2,66
d1sqwa2,SCOPe-ALL,family,d.17.6.3,d,d.17,d.17.6,d.17.6.3,94
d2cx1a2,SCOPe-ALL,family,d.17.6.4,d,d.17,d.17.6,d.17.6.4,90
d2q07a3,SCOPe-ALL,family,d.17.6.5,d,d.17,d.17.6,d.17.6.5,66
d1nnva_,SCOPe-ALL,family,d.17.7.1,d,d.17,d.17.7,d.17.7.1,107
d1pcfa1,SCOPe-ALL,family,d.18.1.1,d,d.18,d.18.1,d.18.1.1,65
d2it9a1,SCOPe-ALL,family,d.18.1.3,d,d.18,d.18.1,d.18.1.3,122
d2nvna1,SCOPe-ALL,family,d.18.1.3,d,d.18,d.18.1,d.18.1.3,121
d2giab1,SCOPe-ALL,family,d.18.1.4,d,d.18,d.18.1,d.18.1.4,146
d2giaa1,SCOPe-ALL,family,d.18.1.4,d,d.18,d.18.1,d.18.1.4,166
d4agha_,SCOPe-ALL,family,d.18.1.0,d,d.18,d.18.1,d.18.1.0,80
d3r9za_,SCOPe-ALL,family,d.18.1.0,d,d.18,d.18.1,d.18.1.0,162
d5wl1a1,SCOPe-ALL,family,d.19.1.1,d,d.19,d.19.1,d.19.1.1,180
d1k5na2,SCOPe-ALL,family,d.19.1.1,d,d.19,d.19.1,d.19.1.1,181
d1kcgc_,SCOPe-ALL,family,d.19.1.1,d,d.19,d.19.1,d.19.1.1,178
d1uvqb2,SCOPe-ALL,family,d.19.1.1,d,d.19,d.19.1,d.19.1.1,92
d1lqva_,SCOPe-ALL,family,d.19.1.1,d,d.19,d.19.1,d.19.1.1,172
d1a6za2,SCOPe-ALL,family,d.19.1.1,d,d.19,d.19.1,d.19.1.1,178
d1u58a2,SCOPe-ALL,family,d.19.1.1,d,d.19,d.19.1,d.19.1.1,137
d4pp8c_,SCOPe-ALL,family,d.19.1.1,d,d.19,d.19.1,d.19.1.1,168
d1t7va2,SCOPe-ALL,family,d.19.1.1,d,d.19,d.19.1,d.19.1.1,179
d2bc4a1,SCOPe-ALL,family,d.19.1.1,d,d.19,d.19.1,d.19.1.1,84
d2bc4b1,SCOPe-ALL,family,d.19.1.1,d,d.19,d.19.1,d.19.1.1,91
d3dbxa1,SCOPe-ALL,family,d.19.1.0,d,d.19,d.19.1,d.19.1.0,181
d3jvga1,SCOPe-ALL,family,d.19.1.0,d,d.19,d.19.1,d.19.1.0,175
d4p5ma1,SCOPe-ALL,family,d.19.1.0,d,d.19,d.19.1,d.19.1.0,83
d2wy3a_,SCOPe-ALL,family,d.19.1.0,d,d.19,d.19.1,d.19.1.0,176
d6c99a1,SCOPe-ALL,family,d.19.1.0,d,d.19,d.19.1,d.19.1.0,173
d3g08a1,SCOPe-ALL,family,d.19.1.0,d,d.19,d.19.1,d.19.1.0,179
d6a97a1,SCOPe-ALL,family,d.19.1.0,d,d.19,d.19.1,d.19.1.0,175
d1jatb_,SCOPe-ALL,family,d.20.1.1,d,d.20,d.20.1,d.20.1.1,136
d1z2ua1,SCOPe-ALL,family,d.20.1.1,d,d.20,d.20.1,d.20.1.1,147
d2f4wa1,SCOPe-ALL,family,d.20.1.1,d,d.20,d.20.1,d.20.1.1,157
d1wzva1,SCOPe-ALL,family,d.20.1.1,d,d.20,d.20.1,d.20.1.1,147
d1y8xa1,SCOPe-ALL,family,d.20.1.1,d,d.20,d.20.1,d.20.1.1,157
d1yrva1,SCOPe-ALL,family,d.20.1.1,d,d.20,d.20.1,d.20.1.1,148
d2yb6a_,SCOPe-ALL,family,d.20.1.1,d,d.20,d.20.1,d.20.1.1,150
d5f6ea_,SCOPe-ALL,family,d.20.1.1,d,d.20,d.20.1,d.20.1.1,156
d1i7ka_,SCOPe-ALL,family,d.20.1.1,d,d.20,d.20.1,d.20.1.1,146
d1yf9a1,SCOPe-ALL,family,d.20.1.1,d,d.20,d.20.1,d.20.1.1,158
d1zuoa1,SCOPe-ALL,family,d.20.1.1,d,d.20,d.20.1,d.20.1.1,162
d2a7la1,SCOPe-ALL,family,d.20.1.1,d,d.20,d.20.1,d.20.1.1,117
d4jqua1,SCOPe-ALL,family,d.20.1.1,d,d.20,d.20.1,d.20.1.1,164
d6s98a_,SCOPe-ALL,family,d.20.1.1,d,d.20,d.20.1,d.20.1.1,148
d3r3qa_,SCOPe-ALL,family,d.20.1.2,d,d.20,d.20.1,d.20.1.2,153
d3obsa1,SCOPe-ALL,family,d.20.1.2,d,d.20,d.20.1,d.20.1.2,139
d2daya1,SCOPe-ALL,family,d.20.1.3,d,d.20,d.20.1,d.20.1.3,115
d1ukxa1,SCOPe-ALL,family,d.20.1.3,d,d.20,d.20.1,d.20.1.3,123
d2dawa1,SCOPe-ALL,family,d.20.1.3,d,d.20,d.20.1,d.20.1.3,141
d2daxa1,SCOPe-ALL,family,d.20.1.3,d,d.20,d.20.1,d.20.1.3,139
d2z6oa_,SCOPe-ALL,family,d.20.1.4,d,d.20,d.20.1,d.20.1.4,166
d2y9ma1,SCOPe-ALL,family,d.20.1.0,d,d.20,d.20.1,d.20.1.0,165
d6nydc_,SCOPe-ALL,family,d.20.1.0,d,d.20,d.20.1,d.20.1.0,176
d6nyoa_,SCOPe-ALL,family,d.20.1.0,d,d.20,d.20.1,d.20.1.0,188
d3fn1b_,SCOPe-ALL,family,d.20.1.0,d,d.20,d.20.1,d.20.1.0,160
d4y1lc1,SCOPe-ALL,family,d.20.1.0,d,d.20,d.20.1,d.20.1.0,112
d2ebma1,SCOPe-ALL,family,d.20.1.0,d,d.20,d.20.1,d.20.1.0,121
d4ds2a_,SCOPe-ALL,family,d.20.1.0,d,d.20,d.20.1,d.20.1.0,161
d2gkea1,SCOPe-ALL,family,d.21.1.1,d,d.21,d.21.1,d.21.1.1,130
d2gkea2,SCOPe-ALL,family,d.21.1.1,d,d.21,d.21.1,d.21.1.1,144
d3ejxa2,SCOPe-ALL,family,d.21.1.1,d,d.21,d.21.1,d.21.1.1,153
d3ejxd1,SCOPe-ALL,family,d.21.1.1,d,d.21,d.21.1,d.21.1.1,148
d1u0ka1,SCOPe-ALL,family,d.21.1.2,d,d.21,d.21.1,d.21.1.2,129
d1u0ka2,SCOPe-ALL,family,d.21.1.2,d,d.21,d.21.1,d.21.1.2,153
d1qy9a1,SCOPe-ALL,family,d.21.1.2,d,d.21,d.21.1,d.21.1.2,127
d1qy9a2,SCOPe-ALL,family,d.21.1.2,d,d.21,d.21.1,d.21.1.2,168
d1xuba1,SCOPe-ALL,family,d.21.1.2,d,d.21,d.21.1,d.21.1.2,128
d1xuba2,SCOPe-ALL,family,d.21.1.2,d,d.21,d.21.1,d.21.1.2,150
d4lb0a_,SCOPe-ALL,family,d.21.1.0,d,d.21,d.21.1,d.21.1.0,344
d4k7gb_,SCOPe-ALL,family,d.21.1.0,d,d.21,d.21.1,d.21.1.0,338
d3edna1,SCOPe-ALL,family,d.21.1.0,d,d.21,d.21.1,d.21.1.0,131
d3edna2,SCOPe-ALL,family,d.21.1.0,d,d.21,d.21.1,d.21.1.0,168
d4duna1,SCOPe-ALL,family,d.21.1.0,d,d.21,d.21.1,d.21.1.0,258
d6otva2,SCOPe-ALL,family,d.21.1.0,d,d.21,d.21.1,d.21.1.0,183
d3g7ka2,SCOPe-ALL,family,d.21.1.0,d,d.21,d.21.1,d.21.1.0,210
d6p3ha2,SCOPe-ALL,family,d.21.1.0,d,d.21,d.21.1,d.21.1.0,183
d4jbda_,SCOPe-ALL,family,d.21.1.0,d,d.21,d.21.1,d.21.1.0,308
d5k87a1,SCOPe-ALL,family,d.21.1.0,d,d.21,d.21.1,d.21.1.0,181
d5k87a2,SCOPe-ALL,family,d.21.1.0,d,d.21,d.21.1,d.21.1.0,212
d6r77a_,SCOPe-ALL,family,d.21.1.0,d,d.21,d.21.1,d.21.1.0,348
d1w61a1,SCOPe-ALL,family,d.21.1.0,d,d.21,d.21.1,d.21.1.0,352
d6l27a_,SCOPe-ALL,family,d.22.1.1,d,d.22,d.22.1,d.22.1.1,229
d1gl4a1,SCOPe-ALL,family,d.22.1.2,d,d.22,d.22.1,d.22.1.2,233
d3gb3a_,SCOPe-ALL,family,d.22.1.0,d,d.22,d.22.1,d.22.1.0,232
d6m9za_,SCOPe-ALL,family,d.22.1.0,d,d.22,d.22.1,d.22.1.0,221
d2c9ja_,SCOPe-ALL,family,d.22.1.0,d,d.22,d.22.1,d.22.1.0,216
d4q9wa1,SCOPe-ALL,family,d.22.1.0,d,d.22,d.22.1,d.22.1.0,215
d2g6ya_,SCOPe-ALL,family,d.22.1.0,d,d.22,d.22.1,d.22.1.0,216
d1c8za_,SCOPe-ALL,family,d.23.1.1,d,d.23,d.23.1,d.23.1.1,265
d2q4ma_,SCOPe-ALL,family,d.23.1.2,d,d.23,d.23.1,d.23.1.2,189
d1qvea1,SCOPe-ALL,family,d.24.1.1,d,d.24,d.24.1,d.24.1.1,122
d2hi2a_,SCOPe-ALL,family,d.24.1.1,d,d.24,d.24.1,d.24.1.1,158
d1x6za2,SCOPe-ALL,family,d.24.1.1,d,d.24,d.24.1,d.24.1.1,116
d3fhua_,SCOPe-ALL,family,d.24.1.1,d,d.24,d.24.1,d.24.1.1,150
d1oqva_,SCOPe-ALL,family,d.24.1.2,d,d.24,d.24.1,d.24.1.2,171
d1t92a1,SCOPe-ALL,family,d.24.1.3,d,d.24,d.24.1,d.24.1.3,107
d2gr7a1,SCOPe-ALL,family,d.24.1.4,d,d.24,d.24.1,d.24.1.4,101
d3ci0j1,SCOPe-ALL,family,d.24.1.5,d,d.24,d.24.1,d.24.1.5,154
d3cfib_,SCOPe-ALL,family,d.24.1.5,d,d.24,d.24.1,d.24.1.5,162
d3ci0k3,SCOPe-ALL,family,d.24.1.6,d,d.24,d.24.1,d.24.1.6,107
d3cfia_,SCOPe-ALL,family,d.24.1.7,d,d.24,d.24.1,d.24.1.7,78
d3ci0i1,SCOPe-ALL,family,d.24.1.7,d,d.24,d.24.1,d.24.1.7,84
d3soka_,SCOPe-ALL,family,d.24.1.0,d,d.24,d.24.1,d.24.1.0,151
d3njea_,SCOPe-ALL,family,d.24.1.0,d,d.24,d.24.1,d.24.1.0,166
d1p32a_,SCOPe-ALL,family,d.25.1.1,d,d.25,d.25.1,d.25.1.1,209
d1yqfa1,SCOPe-ALL,family,d.25.1.1,d,d.25,d.25.1,d.25.1.1,182
d3jv1a_,SCOPe-ALL,family,d.25.1.0,d,d.25,d.25.1,d.25.1.0,182
d5gpga1,SCOPe-ALL,family,d.26.1.1,d,d.26,d.26.1,d.26.1.1,116
d4laya2,SCOPe-ALL,family,d.26.1.1,d,d.26,d.26.1,d.26.1.1,115
d1fd9a_,SCOPe-ALL,family,d.26.1.1,d,d.26,d.26.1,d.26.1.1,204
d1jvwa_,SCOPe-ALL,family,d.26.1.1,d,d.26,d.26.1,d.26.1.1,160
d2itka2,SCOPe-ALL,family,d.26.1.1,d,d.26,d.26.1,d.26.1.1,113
d1jnsa_,SCOPe-ALL,family,d.26.1.1,d,d.26,d.26.1,d.26.1.1,92
d1q6ha_,SCOPe-ALL,family,d.26.1.1,d,d.26,d.26.1,d.26.1.1,210
d2pv1a_,SCOPe-ALL,family,d.26.1.1,d,d.26,d.26.1,d.26.1.1,103
d1w26a3,SCOPe-ALL,family,d.26.1.1,d,d.26,d.26.1,d.26.1.1,116
d1hxva_,SCOPe-ALL,family,d.26.1.1,d,d.26,d.26.1,d.26.1.1,85
d3ui4a1,SCOPe-ALL,family,d.26.1.1,d,d.26,d.26.1,d.26.1.1,96
d1grja2,SCOPe-ALL,family,d.26.1.2,d,d.26,d.26.1,d.26.1.2,79
d2f23a2,SCOPe-ALL,family,d.26.1.2,d,d.26,d.26.1,d.26.1.2,79
d1okga3,SCOPe-ALL,family,d.26.1.3,d,d.26,d.26.1,d.26.1.3,72
d2y78a1,SCOPe-ALL,family,d.26.1.0,d,d.26,d.26.1,d.26.1.0,113
d2kgja1,SCOPe-ALL,family,d.26.1.0,d,d.26,d.26.1,d.26.1.0,94
d3ey6a1,SCOPe-ALL,family,d.26.1.0,d,d.26,d.26.1,d.26.1.0,116
d4dipa1,SCOPe-ALL,family,d.26.1.0,d,d.26,d.26.1,d.26.1.0,120
d3b7xa_,SCOPe-ALL,family,d.26.1.0,d,d.26,d.26.1,d.26.1.0,125
d3pr9a_,SCOPe-ALL,family,d.26.1.0,d,d.26,d.26.1,d.26.1.0,150
d4jysa_,SCOPe-ALL,family,d.26.1.0,d,d.26,d.26.1,d.26.1.0,132
d3ni6a_,SCOPe-ALL,family,d.26.1.0,d,d.26,d.26.1,d.26.1.0,124
d5xb0a_,SCOPe-ALL,family,d.26.1.0,d,d.26,d.26.1,d.26.1.0,133
d4g2pa1,SCOPe-ALL,family,d.26.1.0,d,d.26,d.26.1,d.26.1.0,107
d2jzva1,SCOPe-ALL,family,d.26.1.0,d,d.26,d.26.1,d.26.1.0,106
d2f4ea_,SCOPe-ALL,family,d.26.1.0,d,d.26,d.26.1,d.26.1.0,131
d6gmpa_,SCOPe-ALL,family,d.26.1.0,d,d.26,d.26.1,d.26.1.0,118
d3eipa_,SCOPe-ALL,family,d.26.2.1,d,d.26,d.26.2,d.26.2.1,84
d1w9pa2,SCOPe-ALL,family,d.26.3.1,d,d.26,d.26.3,d.26.3.1,62
d1edqa3,SCOPe-ALL,family,d.26.3.1,d,d.26,d.26.3,d.26.3.1,73
d1itxa2,SCOPe-ALL,family,d.26.3.1,d,d.26,d.26.3,d.26.3.1,72
d1goia3,SCOPe-ALL,family,d.26.3.1,d,d.26,d.26.3,d.26.3.1,88
d1vf8a2,SCOPe-ALL,family,d.26.3.1,d,d.26,d.26.3,d.26.3.1,70
d1jnda2,SCOPe-ALL,family,d.26.3.1,d,d.26,d.26.3,d.26.3.1,92
d1kfwa2,SCOPe-ALL,family,d.26.3.1,d,d.26,d.26.3,d.26.3.1,61
d3bn0a1,SCOPe-ALL,family,d.27.1.1,d,d.27,d.27.1,d.27.1.1,101
d2qalp1,SCOPe-ALL,family,d.27.1.1,d,d.27,d.27.1,d.27.1.1,82
d1fjgp_,SCOPe-ALL,family,d.27.1.1,d,d.27,d.27.1,d.27.1.1,83
d1fjgs_,SCOPe-ALL,family,d.28.1.1,d,d.28,d.28.1,d.28.1.1,84
d1vq8x1,SCOPe-ALL,family,d.29.1.1,d,d.29,d.29.1,d.29.1.1,82
d1b33n_,SCOPe-ALL,family,d.30.1.1,d,d.30,d.30.1,d.30.1.1,67
d1cr5a2,SCOPe-ALL,family,d.31.1.1,d,d.31,d.31.1,d.31.1.1,103
d1qcsa2,SCOPe-ALL,family,d.31.1.1,d,d.31,d.31.1,d.31.1.1,116
d1cz4a2,SCOPe-ALL,family,d.31.1.1,d,d.31,d.31.1,d.31.1.1,94
d3qq8a2,SCOPe-ALL,family,d.31.1.1,d,d.31,d.31.1,d.31.1.1,80
d1wlfa1,SCOPe-ALL,family,d.31.1.1,d,d.31,d.31.1,d.31.1.1,80
d1fa8a_,SCOPe-ALL,family,d.32.1.1,d,d.32,d.32.1,d.32.1.1,135
d3vw9a_,SCOPe-ALL,family,d.32.1.1,d,d.32,d.32.1,d.32.1.1,176
d1ecsa_,SCOPe-ALL,family,d.32.1.2,d,d.32,d.32.1,d.32.1.2,120
d1xrka_,SCOPe-ALL,family,d.32.1.2,d,d.32,d.32.1,d.32.1.2,120
d1nkia_,SCOPe-ALL,family,d.32.1.2,d,d.32,d.32.1,d.32.1.2,134
d2i7ra1,SCOPe-ALL,family,d.32.1.2,d,d.32,d.32.1,d.32.1.2,115
d1xqaa1,SCOPe-ALL,family,d.32.1.2,d,d.32,d.32.1,d.32.1.2,112
d1klla_,SCOPe-ALL,family,d.32.1.2,d,d.32,d.32.1,d.32.1.2,128
d2pjsa1,SCOPe-ALL,family,d.32.1.2,d,d.32,d.32.1,d.32.1.2,111
d2p7oa_,SCOPe-ALL,family,d.32.1.2,d,d.32,d.32.1,d.32.1.2,132
d1kw3b1,SCOPe-ALL,family,d.32.1.3,d,d.32,d.32.1,d.32.1.3,132
d1kw3b2,SCOPe-ALL,family,d.32.1.3,d,d.32,d.32.1,d.32.1.3,156
d3isqa1,SCOPe-ALL,family,d.32.1.3,d,d.32,d.32.1,d.32.1.3,166
d1cjxa1,SCOPe-ALL,family,d.32.1.3,d,d.32,d.32.1,d.32.1.3,150
d1cjxa2,SCOPe-ALL,family,d.32.1.3,d,d.32,d.32.1,d.32.1.3,203
d6lgta1,SCOPe-ALL,family,d.32.1.3,d,d.32,d.32.1,d.32.1.3,198
d6lgta2,SCOPe-ALL,family,d.32.1.3,d,d.32,d.32.1,d.32.1.3,205
d4ghga1,SCOPe-ALL,family,d.32.1.3,d,d.32,d.32.1,d.32.1.3,145
d4ghga2,SCOPe-ALL,family,d.32.1.3,d,d.32,d.32.1,d.32.1.3,211
d1k4na1,SCOPe-ALL,family,d.32.1.5,d,d.32,d.32.1,d.32.1.5,186
d1ss4a1,SCOPe-ALL,family,d.32.1.6,d,d.32,d.32.1,d.32.1.6,148
d1tsja_,SCOPe-ALL,family,d.32.1.7,d,d.32,d.32.1,d.32.1.7,129
d1u6la1,SCOPe-ALL,family,d.32.1.7,d,d.32,d.32.1,d.32.1.7,135
d1u7ia1,SCOPe-ALL,family,d.32.1.7,d,d.32,d.32.1,d.32.1.7,132
d1u69a_,SCOPe-ALL,family,d.32.1.7,d,d.32,d.32.1,d.32.1.7,156
d1twua_,SCOPe-ALL,family,d.32.1.8,d,d.32,d.32.1,d.32.1.8,137
d2q48a_,SCOPe-ALL,family,d.32.1.9,d,d.32,d.32.1,d.32.1.9,135
d1zswa1,SCOPe-ALL,family,d.32.1.10,d,d.32,d.32.1,d.32.1.10,144
d1zswa2,SCOPe-ALL,family,d.32.1.10,d,d.32,d.32.1,d.32.1.10,170
d3oa4a1,SCOPe-ALL,family,d.32.1.0,d,d.32,d.32.1,d.32.1.0,135
d3hdpa_,SCOPe-ALL,family,d.32.1.0,d,d.32,d.32.1,d.32.1.0,132
d5zsxa1,SCOPe-ALL,family,d.32.1.0,d,d.32,d.32.1,d.32.1.0,142
d3rmua1,SCOPe-ALL,family,d.32.1.0,d,d.32,d.32.1,d.32.1.0,132
d2zyqa1,SCOPe-ALL,family,d.32.1.0,d,d.32,d.32.1,d.32.1.0,131
d6p29a1,SCOPe-ALL,family,d.32.1.0,d,d.32,d.32.1,d.32.1.0,132
d3hpya1,SCOPe-ALL,family,d.32.1.0,d,d.32,d.32.1,d.32.1.0,145
d3hpya2,SCOPe-ALL,family,d.32.1.0,d,d.32,d.32.1,d.32.1.0,143
d2ehza1,SCOPe-ALL,family,d.32.1.0,d,d.32,d.32.1,d.32.1.0,134
d2ehza2,SCOPe-ALL,family,d.32.1.0,d,d.32,d.32.1,d.32.1.0,165
d4naza1,SCOPe-ALL,family,d.32.1.0,d,d.32,d.32.1,d.32.1.0,138
d3l20a1,SCOPe-ALL,family,d.32.1.0,d,d.32,d.32.1,d.32.1.0,148
d6wfia_,SCOPe-ALL,family,d.32.1.0,d,d.32,d.32.1,d.32.1.0,144
d3gm5a1,SCOPe-ALL,family,d.32.1.0,d,d.32,d.32.1,d.32.1.0,150
d3fcda1,SCOPe-ALL,family,d.32.1.0,d,d.32,d.32.1,d.32.1.0,121
d2rk9a_,SCOPe-ALL,family,d.32.1.0,d,d.32,d.32.1,d.32.1.0,132
d1fx3a_,SCOPe-ALL,family,d.33.1.1,d,d.33,d.33.1,d.33.1.1,143
d2hnga1,SCOPe-ALL,family,d.33.1.2,d,d.33,d.33.1,d.33.1.2,124
d1bm8a_,SCOPe-ALL,family,d.34.1.1,d,d.34,d.34.1,d.34.1.1,99
d1dk0a_,SCOPe-ALL,family,d.35.1.1,d,d.35,d.35.1,d.35.1.1,173
d4jera_,SCOPe-ALL,family,d.35.1.0,d,d.35,d.35.1,d.35.1.0,183
d4doia_,SCOPe-ALL,family,d.36.1.0,d,d.36,d.36.1,d.36.1.0,221
d2v8qe2,SCOPe-ALL,family,d.37.1.1,d,d.37,d.37.1,d.37.1.1,159
d2j9la1,SCOPe-ALL,family,d.37.1.1,d,d.37,d.37.1,d.37.1.1,169
d2d4za3,SCOPe-ALL,family,d.37.1.1,d,d.37,d.37.1,d.37.1.1,161
d1pbja3,SCOPe-ALL,family,d.37.1.1,d,d.37,d.37.1,d.37.1.1,120
d1y5ha3,SCOPe-ALL,family,d.37.1.1,d,d.37,d.37.1,d.37.1.1,123
d1pvma4,SCOPe-ALL,family,d.37.1.1,d,d.37,d.37.1,d.37.1.1,142
d1vr9a3,SCOPe-ALL,family,d.37.1.1,d,d.37,d.37.1,d.37.1.1,121
d1o50a3,SCOPe-ALL,family,d.37.1.1,d,d.37,d.37.1,d.37.1.1,145
d2o16a3,SCOPe-ALL,family,d.37.1.1,d,d.37,d.37.1,d.37.1.1,139
d2ouxa2,SCOPe-ALL,family,d.37.1.1,d,d.37,d.37.1,d.37.1.1,127
d2nyca1,SCOPe-ALL,family,d.37.1.1,d,d.37,d.37.1,d.37.1.1,140
d1b3ob4,SCOPe-ALL,family,d.37.1.1,d,d.37,d.37.1,d.37.1.1,120
d1zfja4,SCOPe-ALL,family,d.37.1.1,d,d.37,d.37.1,d.37.1.1,126
d2rc3a1,SCOPe-ALL,family,d.37.1.1,d,d.37,d.37.1,d.37.1.1,127
d2riha_,SCOPe-ALL,family,d.37.1.1,d,d.37,d.37.1,d.37.1.1,131
d2yzia1,SCOPe-ALL,family,d.37.1.1,d,d.37,d.37.1,d.37.1.1,132
d2yzqa1,SCOPe-ALL,family,d.37.1.1,d,d.37,d.37.1,d.37.1.1,156
d2yzqa2,SCOPe-ALL,family,d.37.1.1,d,d.37,d.37.1,d.37.1.1,122
d3ddja1,SCOPe-ALL,family,d.37.1.1,d,d.37,d.37.1,d.37.1.1,141
d3ddja2,SCOPe-ALL,family,d.37.1.1,d,d.37,d.37.1,d.37.1.1,135
d2ef7a1,SCOPe-ALL,family,d.37.1.1,d,d.37,d.37.1,d.37.1.1,127
d2qrde1,SCOPe-ALL,family,d.37.1.1,d,d.37,d.37.1,d.37.1.1,179
d3fhma1,SCOPe-ALL,family,d.37.1.0,d,d.37,d.37.1,d.37.1.0,130
d3fv6a_,SCOPe-ALL,family,d.37.1.0,d,d.37,d.37.1,d.37.1.0,145
d6yj9a_,SCOPe-ALL,family,d.37.1.0,d,d.37,d.37.1,d.37.1.0,143
d2uv4a1,SCOPe-ALL,family,d.37.1.0,d,d.37,d.37.1,d.37.1.0,143
d5ks7a_,SCOPe-ALL,family,d.37.1.0,d,d.37,d.37.1,d.37.1.0,123
d3kpba_,SCOPe-ALL,family,d.37.1.0,d,d.37,d.37.1,d.37.1.0,119
d2p9ma_,SCOPe-ALL,family,d.37.1.0,d,d.37,d.37.1,d.37.1.0,133
d4o9ka_,SCOPe-ALL,family,d.37.1.0,d,d.37,d.37.1,d.37.1.0,130
d3ctua1,SCOPe-ALL,family,d.37.1.0,d,d.37,d.37.1,d.37.1.0,143
d3sl7a1,SCOPe-ALL,family,d.37.1.0,d,d.37,d.37.1,d.37.1.0,157
d1lo7a_,SCOPe-ALL,family,d.38.1.1,d,d.38,d.38.1,d.38.1.1,140
d1vpma_,SCOPe-ALL,family,d.38.1.1,d,d.38,d.38.1,d.38.1.1,155
d2oiwa1,SCOPe-ALL,family,d.38.1.1,d,d.38,d.38.1,d.38.1.1,131
d2oafa1,SCOPe-ALL,family,d.38.1.1,d,d.38,d.38.1,d.38.1.1,143
d2nuja1,SCOPe-ALL,family,d.38.1.1,d,d.38,d.38.1,d.38.1.1,159
d3qy3a1,SCOPe-ALL,family,d.38.1.1,d,d.38,d.38.1,d.38.1.1,130
d2hx5a1,SCOPe-ALL,family,d.38.1.1,d,d.38,d.38.1,d.38.1.1,144
d2hlja1,SCOPe-ALL,family,d.38.1.1,d,d.38,d.38.1,d.38.1.1,156
d2gf6a1,SCOPe-ALL,family,d.38.1.1,d,d.38,d.38.1,d.38.1.1,134
d1njka1,SCOPe-ALL,family,d.38.1.1,d,d.38,d.38.1,d.38.1.1,132
d1s5ua_,SCOPe-ALL,family,d.38.1.1,d,d.38,d.38.1,d.38.1.1,129
d2o5ua2,SCOPe-ALL,family,d.38.1.1,d,d.38,d.38.1,d.38.1.1,143
d2gvha1,SCOPe-ALL,family,d.38.1.1,d,d.38,d.38.1,d.38.1.1,135
d2gvha2,SCOPe-ALL,family,d.38.1.1,d,d.38,d.38.1,d.38.1.1,116
d1z54a1,SCOPe-ALL,family,d.38.1.1,d,d.38,d.38.1,d.38.1.1,132
d2cyea1,SCOPe-ALL,family,d.38.1.1,d,d.38,d.38.1,d.38.1.1,132
d3bjka_,SCOPe-ALL,family,d.38.1.1,d,d.38,d.38.1,d.38.1.1,140
d3q62a1,SCOPe-ALL,family,d.38.1.2,d,d.38,d.38.1,d.38.1.2,169
d1tbua1,SCOPe-ALL,family,d.38.1.3,d,d.38,d.38.1,d.38.1.3,104
d1c8ua1,SCOPe-ALL,family,d.38.1.3,d,d.38,d.38.1,d.38.1.3,114
d1c8ua2,SCOPe-ALL,family,d.38.1.3,d,d.38,d.38.1,d.38.1.3,171
d1iq6a_,SCOPe-ALL,family,d.38.1.4,d,d.38,d.38.1,d.38.1.4,132
d1s9ca2,SCOPe-ALL,family,d.38.1.4,d,d.38,d.38.1,d.38.1.4,154
d1pn2a1,SCOPe-ALL,family,d.38.1.4,d,d.38,d.38.1,d.38.1.4,148
d1pn2a2,SCOPe-ALL,family,d.38.1.4,d,d.38,d.38.1,d.38.1.4,124
d2b3na_,SCOPe-ALL,family,d.38.1.4,d,d.38,d.38.1,d.38.1.4,155
d2c2ia1,SCOPe-ALL,family,d.38.1.4,d,d.38,d.38.1,d.38.1.4,149
d2bi0a1,SCOPe-ALL,family,d.38.1.4,d,d.38,d.38.1,d.38.1.4,178
d2bi0a2,SCOPe-ALL,family,d.38.1.4,d,d.38,d.38.1,d.38.1.4,152
d1q6wa_,SCOPe-ALL,family,d.38.1.4,d,d.38,d.38.1,d.38.1.4,151
d2hboa1,SCOPe-ALL,family,d.38.1.5,d,d.38,d.38.1,d.38.1.5,142
d1yoca1,SCOPe-ALL,family,d.38.1.5,d,d.38,d.38.1,d.38.1.5,145
d1sh8a1,SCOPe-ALL,family,d.38.1.5,d,d.38,d.38.1,d.38.1.5,150
d1zkia1,SCOPe-ALL,family,d.38.1.5,d,d.38,d.38.1,d.38.1.5,126
d1ixla_,SCOPe-ALL,family,d.38.1.5,d,d.38,d.38.1,d.38.1.5,130
d2ov9a1,SCOPe-ALL,family,d.38.1.5,d,d.38,d.38.1,d.38.1.5,203
d1vh5a1,SCOPe-ALL,family,d.38.1.5,d,d.38,d.38.1,d.38.1.5,135
d2fs2a1,SCOPe-ALL,family,d.38.1.5,d,d.38,d.38.1,d.38.1.5,130
d1t82a_,SCOPe-ALL,family,d.38.1.5,d,d.38,d.38.1,d.38.1.5,143
d3r32a_,SCOPe-ALL,family,d.38.1.5,d,d.38,d.38.1,d.38.1.5,141
d3f5oa_,SCOPe-ALL,family,d.38.1.5,d,d.38,d.38.1,d.38.1.5,138
d1wlua_,SCOPe-ALL,family,d.38.1.5,d,d.38,d.38.1,d.38.1.5,117
d2cwza1,SCOPe-ALL,family,d.38.1.7,d,d.38,d.38.1,d.38.1.7,138
d2q78a1,SCOPe-ALL,family,d.38.1.7,d,d.38,d.38.1,d.38.1.7,130
d2essa1,SCOPe-ALL,family,d.38.1.8,d,d.38,d.38.1,d.38.1.8,149
d2essa2,SCOPe-ALL,family,d.38.1.8,d,d.38,d.38.1,d.38.1.8,98
d2owna1,SCOPe-ALL,family,d.38.1.8,d,d.38,d.38.1,d.38.1.8,147
d2owna2,SCOPe-ALL,family,d.38.1.8,d,d.38,d.38.1,d.38.1.8,109
d2vz8a7,SCOPe-ALL,family,d.38.1.9,d,d.38,d.38.1,d.38.1.9,122
d2vz8a8,SCOPe-ALL,family,d.38.1.9,d,d.38,d.38.1,d.38.1.9,132
d2egra_,SCOPe-ALL,family,d.38.1.0,d,d.38,d.38.1,d.38.1.0,126
d5wh9a_,SCOPe-ALL,family,d.38.1.0,d,d.38,d.38.1,d.38.1.0,130
d3hm0a_,SCOPe-ALL,family,d.38.1.0,d,d.38,d.38.1,d.38.1.0,126
d3e29a_,SCOPe-ALL,family,d.38.1.0,d,d.38,d.38.1,d.38.1.0,134
d3dkza_,SCOPe-ALL,family,d.38.1.0,d,d.38,d.38.1,d.38.1.0,125
d3lmba_,SCOPe-ALL,family,d.38.1.0,d,d.38,d.38.1,d.38.1.0,164
d3ck1a1,SCOPe-ALL,family,d.38.1.0,d,d.38,d.38.1,d.38.1.0,142
d2pzha1,SCOPe-ALL,family,d.38.1.0,d,d.38,d.38.1,d.38.1.0,132
d4moca1,SCOPe-ALL,family,d.38.1.0,d,d.38,d.38.1,d.38.1.0,147
d4moca2,SCOPe-ALL,family,d.38.1.0,d,d.38,d.38.1,d.38.1.0,125
d5byud_,SCOPe-ALL,family,d.38.1.0,d,d.38,d.38.1,d.38.1.0,103
d2w3xb_,SCOPe-ALL,family,d.38.1.0,d,d.38,d.38.1,d.38.1.0,145
d2v1oa_,SCOPe-ALL,family,d.38.1.0,d,d.38,d.38.1,d.38.1.0,149
d2q2ba_,SCOPe-ALL,family,d.38.1.0,d,d.38,d.38.1,d.38.1.0,150
d3s4ka_,SCOPe-ALL,family,d.38.1.0,d,d.38,d.38.1,d.38.1.0,126
d3khpc1,SCOPe-ALL,family,d.38.1.0,d,d.38,d.38.1,d.38.1.0,139
d5szva_,SCOPe-ALL,family,d.38.1.0,d,d.38,d.38.1,d.38.1.0,147
d3r87a_,SCOPe-ALL,family,d.38.1.0,d,d.38,d.38.1,d.38.1.0,132
d3e8pa_,SCOPe-ALL,family,d.38.1.0,d,d.38,d.38.1,d.38.1.0,153
d2qwza1,SCOPe-ALL,family,d.38.1.0,d,d.38,d.38.1,d.38.1.0,138
d4ffua1,SCOPe-ALL,family,d.38.1.0,d,d.38,d.38.1,d.38.1.0,148
d4a0yb_,SCOPe-ALL,family,d.38.1.0,d,d.38,d.38.1,d.38.1.0,118
d5eo4a_,SCOPe-ALL,family,d.38.1.0,d,d.38,d.38.1,d.38.1.0,155
d3lbea_,SCOPe-ALL,family,d.38.1.0,d,d.38,d.38.1,d.38.1.0,122
d4k00a_,SCOPe-ALL,family,d.38.1.0,d,d.38,d.38.1,d.38.1.0,137
d3hdua_,SCOPe-ALL,family,d.38.1.0,d,d.38,d.38.1,d.38.1.0,152
d5buwa_,SCOPe-ALL,family,d.38.1.0,d,d.38,d.38.1,d.38.1.0,144
d7k3ka_,SCOPe-ALL,family,d.39.1.1,d,d.39,d.39.1,d.39.1.1,88
d1csei_,SCOPe-ALL,family,d.40.1.1,d,d.40,d.40.1,d.40.1.1,63
d1vbwa_,SCOPe-ALL,family,d.40.1.1,d,d.40,d.40.1,d.40.1.1,68
d1a1yi_,SCOPe-ALL,family,d.40.1.1,d,d.40,d.40.1,d.40.1.1,63
d1rm6a1,SCOPe-ALL,family,d.41.1.1,d,d.41,d.41.1,d.41.1.1,125
d1n62b1,SCOPe-ALL,family,d.41.1.1,d,d.41,d.41.1,d.41.1.1,141
d1t3qb1,SCOPe-ALL,family,d.41.1.1,d,d.41,d.41.1,d.41.1.1,165
d2w3sb1,SCOPe-ALL,family,d.41.1.1,d,d.41,d.41.1,d.41.1.1,122
d3nvvc1,SCOPe-ALL,family,d.41.1.0,d,d.41,d.41.1,d.41.1.0,124
d1hlra7,SCOPe-ALL,family,d.41.1.0,d,d.41,d.41.1,d.41.1.0,117
d2i1oa1,SCOPe-ALL,family,d.41.2.1,d,d.41,d.41.2,d.41.2.1,119
d4mzya1,SCOPe-ALL,family,d.41.2.1,d,d.41,d.41.2,d.41.2.1,138
d1qpoa2,SCOPe-ALL,family,d.41.2.1,d,d.41,d.41.2,d.41.2.1,115
d1o4ua2,SCOPe-ALL,family,d.41.2.1,d,d.41,d.41.2,d.41.2.1,103
d1ybea2,SCOPe-ALL,family,d.41.2.2,d,d.41,d.41.2,d.41.2.2,160
d1vlpa1,SCOPe-ALL,family,d.41.2.2,d,d.41,d.41.2,d.41.2.2,149
d2im5a1,SCOPe-ALL,family,d.41.2.2,d,d.41,d.41.2,d.41.2.2,135
d1yira2,SCOPe-ALL,family,d.41.2.2,d,d.41,d.41.2,d.41.2.2,141
d3l0ga1,SCOPe-ALL,family,d.41.2.0,d,d.41,d.41.2,d.41.2.0,105
d3tqva1,SCOPe-ALL,family,d.41.2.0,d,d.41,d.41.2,d.41.2.0,113
d2b7na1,SCOPe-ALL,family,d.41.2.0,d,d.41,d.41.2,d.41.2.0,102
d4kfna1,SCOPe-ALL,family,d.41.2.0,d,d.41,d.41.2,d.41.2.0,156
d5huoa1,SCOPe-ALL,family,d.41.2.0,d,d.41,d.41.2,d.41.2.0,111
d1x1oa1,SCOPe-ALL,family,d.41.2.0,d,d.41,d.41.2,d.41.2.0,107
d4hl7a1,SCOPe-ALL,family,d.41.2.0,d,d.41,d.41.2,d.41.2.0,147
d3paja1,SCOPe-ALL,family,d.41.2.0,d,d.41,d.41.2,d.41.2.0,128
d3os4a1,SCOPe-ALL,family,d.41.2.0,d,d.41,d.41.2,d.41.2.0,138
d4eada3,SCOPe-ALL,family,d.41.3.1,d,d.41,d.41.3,d.41.3.1,105
d1uoua3,SCOPe-ALL,family,d.41.3.1,d,d.41,d.41.3,d.41.3.1,105
d3h5qa3,SCOPe-ALL,family,d.41.3.0,d,d.41,d.41.3,d.41.3.0,103
d1vq8h1,SCOPe-ALL,family,d.41.4.1,d,d.41,d.41.4,d.41.4.1,163
d2pa2a1,SCOPe-ALL,family,d.41.4.1,d,d.41,d.41.4,d.41.4.1,137
d2j01q1,SCOPe-ALL,family,d.41.4.2,d,d.41,d.41.4,d.41.4.2,136
d1fm0e_,SCOPe-ALL,family,d.41.5.1,d,d.41,d.41.5,d.41.5.1,149
d2omda_,SCOPe-ALL,family,d.41.5.0,d,d.41,d.41.5,d.41.5.0,135
d5mpoc_,SCOPe-ALL,family,d.41.5.0,d,d.41,d.41.5,d.41.5.0,132
d6jc0b_,SCOPe-ALL,family,d.41.5.0,d,d.41,d.41.5,d.41.5.0,140
d2wp4a_,SCOPe-ALL,family,d.41.5.0,d,d.41,d.41.5,d.41.5.0,128
d2q5we1,SCOPe-ALL,family,d.41.5.0,d,d.41,d.41.5,d.41.5.0,136
d1r29a_,SCOPe-ALL,family,d.42.1.1,d,d.42,d.42.1,d.42.1.1,122
d1fs1b2,SCOPe-ALL,family,d.42.1.1,d,d.42,d.42.1,d.42.1.1,61
d1lqbb_,SCOPe-ALL,family,d.42.1.1,d,d.42,d.42.1,d.42.1.1,96
d1buoa_,SCOPe-ALL,family,d.42.1.1,d,d.42,d.42.1,d.42.1.1,121
d5zb2b_,SCOPe-ALL,family,d.42.1.1,d,d.42,d.42.1,d.42.1.1,86
d3kvta_,SCOPe-ALL,family,d.42.1.2,d,d.42,d.42.1,d.42.1.2,103
d1nn7a_,SCOPe-ALL,family,d.42.1.2,d,d.42,d.42.1,d.42.1.2,105
d4bgca1,SCOPe-ALL,family,d.42.1.2,d,d.42,d.42.1,d.42.1.2,101
d3drza_,SCOPe-ALL,family,d.42.1.0,d,d.42,d.42.1,d.42.1.0,103
d3m5ba_,SCOPe-ALL,family,d.42.1.0,d,d.42,d.42.1,d.42.1.0,109
d3m4ta_,SCOPe-ALL,family,d.42.1.0,d,d.42,d.42.1,d.42.1.0,115
d2q81a1,SCOPe-ALL,family,d.42.1.0,d,d.42,d.42.1,d.42.1.0,113
d3ga1a_,SCOPe-ALL,family,d.42.1.0,d,d.42,d.42.1,d.42.1.0,113
d5bxda_,SCOPe-ALL,family,d.42.1.0,d,d.42,d.42.1,d.42.1.0,101
d6w67a_,SCOPe-ALL,family,d.42.1.0,d,d.42,d.42.1,d.42.1.0,129
d2vpka1,SCOPe-ALL,family,d.42.1.0,d,d.42,d.42.1,d.42.1.0,113
d6i0qa_,SCOPe-ALL,family,d.42.1.0,d,d.42,d.42.1,d.42.1.0,103
d2ppia1,SCOPe-ALL,family,d.42.1.0,d,d.42,d.42.1,d.42.1.0,120
d5ftaa_,SCOPe-ALL,family,d.42.1.0,d,d.42,d.42.1,d.42.1.0,101
d6n34a_,SCOPe-ALL,family,d.42.1.0,d,d.42,d.42.1,d.42.1.0,124
d2z8ha1,SCOPe-ALL,family,d.42.1.0,d,d.42,d.42.1,d.42.1.0,135
d6guwa_,SCOPe-ALL,family,d.42.1.0,d,d.42,d.42.1,d.42.1.0,125
d4pc3c3,SCOPe-ALL,family,d.43.1.1,d,d.43,d.43.1,d.43.1.1,141
d1tfea_,SCOPe-ALL,family,d.43.1.1,d,d.43,d.43.1,d.43.1.1,142
d1xb2b2,SCOPe-ALL,family,d.43.1.1,d,d.43,d.43.1,d.43.1.1,111
d1xb2b3,SCOPe-ALL,family,d.43.1.1,d,d.43,d.43.1,d.43.1.1,109
d4pc3c2,SCOPe-ALL,family,d.43.1.1,d,d.43,d.43.1,d.43.1.1,85
d1wina1,SCOPe-ALL,family,d.43.2.1,d,d.43,d.43.2,d.43.2.1,130
d1coja2,SCOPe-ALL,family,d.44.1.1,d,d.44,d.44.1,d.44.1.1,122
d1ix9a2,SCOPe-ALL,family,d.44.1.1,d,d.44,d.44.1,d.44.1.1,115
d3ak2a2,SCOPe-ALL,family,d.44.1.0,d,d.44,d.44.1,d.44.1.0,119
d3ceia2,SCOPe-ALL,family,d.44.1.0,d,d.44,d.44.1,d.44.1.0,129
d6s0da2,SCOPe-ALL,family,d.44.1.0,d,d.44,d.44.1,d.44.1.0,109
d2cw3a2,SCOPe-ALL,family,d.44.1.0,d,d.44,d.44.1,d.44.1.0,113
d4h3ea2,SCOPe-ALL,family,d.44.1.0,d,d.44,d.44.1,d.44.1.0,114
d3qvna2,SCOPe-ALL,family,d.44.1.0,d,d.44,d.44.1,d.44.1.0,116
d1ctfa_,SCOPe-ALL,family,d.45.1.1,d,d.45,d.45.1,d.45.1.1,68
d3dnja_,SCOPe-ALL,family,d.45.1.2,d,d.45,d.45.1,d.45.1.2,80
d4yjma_,SCOPe-ALL,family,d.45.1.0,d,d.45,d.45.1,d.45.1.0,85
d7d34a1,SCOPe-ALL,family,d.45.1.0,d,d.45,d.45.1,d.45.1.0,78
d1wiba1,SCOPe-ALL,family,d.47.1.1,d,d.47,d.47.1,d.47.1.1,84
d3cjsb1,SCOPe-ALL,family,d.47.1.1,d,d.47,d.47.1,d.47.1.1,70
d1xp8a2,SCOPe-ALL,family,d.48.1.1,d,d.48,d.48.1,d.48.1.1,59
d1u94a2,SCOPe-ALL,family,d.48.1.1,d,d.48,d.48.1,d.48.1.1,60
d1914a2,SCOPe-ALL,family,d.49.1.1,d,d.49,d.49.1,d.49.1.1,97
d1914a1,SCOPe-ALL,family,d.49.1.1,d,d.49,d.49.1,d.49.1.1,78
d2w9ja_,SCOPe-ALL,family,d.49.1.0,d,d.49,d.49.1,d.49.1.0,83
d1whqa1,SCOPe-ALL,family,d.50.1.1,d,d.50,d.50.1,d.50.1.1,86
d1uila1,SCOPe-ALL,family,d.50.1.1,d,d.50,d.50.1,d.50.1.1,100
d1x47a1,SCOPe-ALL,family,d.50.1.1,d,d.50,d.50.1,d.50.1.1,85
d1di2a_,SCOPe-ALL,family,d.50.1.1,d,d.50,d.50.1,d.50.1.1,69
d1x49a1,SCOPe-ALL,family,d.50.1.1,d,d.50,d.50.1,d.50.1.1,84
d1x48a1,SCOPe-ALL,family,d.50.1.1,d,d.50,d.50.1,d.50.1.1,75
d2dixa1,SCOPe-ALL,family,d.50.1.1,d,d.50,d.50.1,d.50.1.1,71
d2ez6a2,SCOPe-ALL,family,d.50.1.1,d,d.50,d.50.1,d.50.1.1,70
d1t4oa_,SCOPe-ALL,family,d.50.1.1,d,d.50,d.50.1,d.50.1.1,81
d1o0wa2,SCOPe-ALL,family,d.50.1.1,d,d.50,d.50.1,d.50.1.1,69
d2dmya1,SCOPe-ALL,family,d.50.1.1,d,d.50,d.50.1,d.50.1.1,84
d1ekza_,SCOPe-ALL,family,d.50.1.1,d,d.50,d.50.1,d.50.1.1,76
d1whna1,SCOPe-ALL,family,d.50.1.1,d,d.50,d.50.1,d.50.1.1,115
d1fjge2,SCOPe-ALL,family,d.50.1.2,d,d.50,d.50.1,d.50.1.2,69
d1kn0a_,SCOPe-ALL,family,d.50.1.3,d,d.50,d.50.1,d.50.1.3,184
d5npaa_,SCOPe-ALL,family,d.50.1.0,d,d.50,d.50.1,d.50.1.0,67
d2ljha_,SCOPe-ALL,family,d.50.1.0,d,d.50,d.50.1,d.50.1.0,93
d6sdya1,SCOPe-ALL,family,d.50.1.0,d,d.50,d.50.1,d.50.1.0,70
d4mlva2,SCOPe-ALL,family,d.50.2.0,d,d.50,d.50.2,d.50.2.0,91
d4htga2,SCOPe-ALL,family,d.50.2.0,d,d.50,d.50.2,d.50.2.0,80
d1dq3a2,SCOPe-ALL,family,d.50.3.1,d,d.50,d.50.3,d.50.3.1,79
d1whza_,SCOPe-ALL,family,d.50.3.2,d,d.50,d.50.3,d.50.3.2,70
d2hjja1,SCOPe-ALL,family,d.50.3.3,d,d.50,d.50.3,d.50.3.3,66
d1j26a1,SCOPe-ALL,family,d.50.4.1,d,d.50,d.50.4,d.50.4.1,99
d2fgga1,SCOPe-ALL,family,d.50.5.1,d,d.50,d.50.5,d.50.5.1,84
d2ba0a3,SCOPe-ALL,family,d.51.1.1,d,d.51,d.51.1,d.51.1.1,84
d2je6i3,SCOPe-ALL,family,d.51.1.1,d,d.51,d.51.1,d.51.1.1,69
d2cpqa1,SCOPe-ALL,family,d.51.1.1,d,d.51,d.51.1,d.51.1.1,78
d1tuaa1,SCOPe-ALL,family,d.51.1.1,d,d.51,d.51.1,d.51.1.1,84
d1tuaa2,SCOPe-ALL,family,d.51.1.1,d,d.51,d.51.1,d.51.1.1,104
d1dtja_,SCOPe-ALL,family,d.51.1.1,d,d.51,d.51.1,d.51.1.1,74
d2nn6h3,SCOPe-ALL,family,d.51.1.1,d,d.51,d.51.1,d.51.1.1,126
d2ja9a2,SCOPe-ALL,family,d.51.1.1,d,d.51,d.51.1,d.51.1.1,85
d2nn6g3,SCOPe-ALL,family,d.51.1.1,d,d.51,d.51.1,d.51.1.1,80
d1k1ga_,SCOPe-ALL,family,d.51.1.1,d,d.51,d.51.1,d.51.1.1,122
d1we8a1,SCOPe-ALL,family,d.51.1.1,d,d.51,d.51.1,d.51.1.1,91
d2ctfa1,SCOPe-ALL,family,d.51.1.1,d,d.51,d.51.1,d.51.1.1,89
d2ctka1,SCOPe-ALL,family,d.51.1.1,d,d.51,d.51.1,d.51.1.1,91
d2ctla1,SCOPe-ALL,family,d.51.1.1,d,d.51,d.51.1,d.51.1.1,84
d2ctea1,SCOPe-ALL,family,d.51.1.1,d,d.51,d.51.1,d.51.1.1,81
d2ctma1,SCOPe-ALL,family,d.51.1.1,d,d.51,d.51.1,d.51.1.1,81
d2ctja1,SCOPe-ALL,family,d.51.1.1,d,d.51,d.51.1,d.51.1.1,82
d1viga_,SCOPe-ALL,family,d.51.1.1,d,d.51,d.51.1,d.51.1.1,71
d3vkea1,SCOPe-ALL,family,d.51.1.1,d,d.51,d.51.1,d.51.1.1,73
d4lija_,SCOPe-ALL,family,d.51.1.1,d,d.51,d.51.1,d.51.1.1,75
d2mjha_,SCOPe-ALL,family,d.51.1.1,d,d.51,d.51.1,d.51.1.1,142
d1zzka2,SCOPe-ALL,family,d.51.1.0,d,d.51,d.51.1,d.51.1.0,79
d6y24a_,SCOPe-ALL,family,d.51.1.0,d,d.51,d.51.1,d.51.1.0,80
d6y2da1,SCOPe-ALL,family,d.51.1.0,d,d.51,d.51.1,d.51.1.0,73
d6y2ca_,SCOPe-ALL,family,d.51.1.0,d,d.51,d.51.1,d.51.1.0,72
d2anra1,SCOPe-ALL,family,d.51.1.0,d,d.51,d.51.1,d.51.1.0,72
d2anra2,SCOPe-ALL,family,d.51.1.0,d,d.51,d.51.1,d.51.1.0,73
d3aevb2,SCOPe-ALL,family,d.51.1.0,d,d.51,d.51.1,d.51.1.0,93
d3proc1,SCOPe-ALL,family,d.52.1.1,d,d.52,d.52.1,d.52.1.1,80
d3proc2,SCOPe-ALL,family,d.52.1.1,d,d.52,d.52.1,d.52.1.1,78
d2dpla2,SCOPe-ALL,family,d.52.2.0,d,d.52,d.52.2,d.52.2.0,119
d1egaa2,SCOPe-ALL,family,d.52.3.1,d,d.52,d.52.3,d.52.3.1,113
d1wf3a2,SCOPe-ALL,family,d.52.3.1,d,d.52,d.52.3,d.52.3.1,118
d1e3pa5,SCOPe-ALL,family,d.52.3.1,d,d.52,d.52.3,d.52.3.1,56
d1wh9a1,SCOPe-ALL,family,d.52.3.1,d,d.52,d.52.3,d.52.3.1,79
d1fjgc1,SCOPe-ALL,family,d.52.3.1,d,d.52,d.52.3,d.52.3.1,105
d2asba2,SCOPe-ALL,family,d.52.3.1,d,d.52,d.52.3,d.52.3.1,79
d2asba3,SCOPe-ALL,family,d.52.3.1,d,d.52,d.52.3,d.52.3.1,67
d1ib8a2,SCOPe-ALL,family,d.52.4.1,d,d.52,d.52.4,d.52.4.1,90
d1mkya3,SCOPe-ALL,family,d.52.5.1,d,d.52,d.52.5,d.52.5.1,81
d1ny8a1,SCOPe-ALL,family,d.52.6.1,d,d.52,d.52.6,d.52.6.1,89
d1iw5a1,SCOPe-ALL,family,d.52.6.1,d,d.52,d.52.6,d.52.6.1,86
d1josa_,SCOPe-ALL,family,d.52.7.1,d,d.52,d.52.7,d.52.7.1,100
d2e7ga1,SCOPe-ALL,family,d.52.7.1,d,d.52,d.52.7,d.52.7.1,116
d1pa4a_,SCOPe-ALL,family,d.52.7.1,d,d.52,d.52.7,d.52.7.1,96
d2dyja1,SCOPe-ALL,family,d.52.7.1,d,d.52,d.52.7,d.52.7.1,91
d2kzfa1,SCOPe-ALL,family,d.52.7.0,d,d.52,d.52.7,d.52.7.0,105
d1xhja1,SCOPe-ALL,family,d.52.8.1,d,d.52,d.52.8,d.52.8.1,80
d3cq1a_,SCOPe-ALL,family,d.52.8.2,d,d.52,d.52.8,d.52.8.2,99
d2z51a1,SCOPe-ALL,family,d.52.8.0,d,d.52,d.52.8,d.52.8.0,82
d2z51a2,SCOPe-ALL,family,d.52.8.0,d,d.52,d.52.8,d.52.8.0,72
d3bypa1,SCOPe-ALL,family,d.52.9.1,d,d.52,d.52.9,d.52.9.1,82
d3h90a2,SCOPe-ALL,family,d.52.9.0,d,d.52,d.52.9,d.52.9.0,82
d2bh1x1,SCOPe-ALL,family,d.52.10.1,d,d.52,d.52.10,d.52.10.1,68
d2d28c1,SCOPe-ALL,family,d.52.10.1,d,d.52,d.52.10,d.52.10.1,149
d1fjgc2,SCOPe-ALL,family,d.53.1.1,d,d.53,d.53.1,d.53.1.1,101
d1kkoa2,SCOPe-ALL,family,d.54.1.1,d,d.54,d.54.1,d.54.1.1,160
d2al1a2,SCOPe-ALL,family,d.54.1.1,d,d.54,d.54.1,d.54.1.1,141
d2gdqa2,SCOPe-ALL,family,d.54.1.1,d,d.54,d.54.1,d.54.1.1,114
d1jpma2,SCOPe-ALL,family,d.54.1.1,d,d.54,d.54.1,d.54.1.1,125
d1jpdx2,SCOPe-ALL,family,d.54.1.1,d,d.54,d.54.1,d.54.1.1,116
d1sjda2,SCOPe-ALL,family,d.54.1.1,d,d.54,d.54.1,d.54.1.1,125
d1r0ma2,SCOPe-ALL,family,d.54.1.1,d,d.54,d.54.1,d.54.1.1,127
d1wuea2,SCOPe-ALL,family,d.54.1.1,d,d.54,d.54.1,d.54.1.1,126
d1r6wa2,SCOPe-ALL,family,d.54.1.1,d,d.54,d.54.1,d.54.1.1,99
d4e6ma1,SCOPe-ALL,family,d.54.1.1,d,d.54,d.54.1,d.54.1.1,122
d1yeya2,SCOPe-ALL,family,d.54.1.1,d,d.54,d.54.1,d.54.1.1,139
d4g8ta1,SCOPe-ALL,family,d.54.1.0,d,d.54,d.54.1,d.54.1.0,132
d4hcha1,SCOPe-ALL,family,d.54.1.0,d,d.54,d.54.1,d.54.1.0,126
d4hpna1,SCOPe-ALL,family,d.54.1.0,d,d.54,d.54.1,d.54.1.0,123
d4kema1,SCOPe-ALL,family,d.54.1.0,d,d.54,d.54.1,d.54.1.0,141
d2p8ba1,SCOPe-ALL,family,d.54.1.0,d,d.54,d.54.1,d.54.1.0,125
d3ozya1,SCOPe-ALL,family,d.54.1.0,d,d.54,d.54.1,d.54.1.0,129
d3toya1,SCOPe-ALL,family,d.54.1.0,d,d.54,d.54.1,d.54.1.0,131
d3i4ka1,SCOPe-ALL,family,d.54.1.0,d,d.54,d.54.1,d.54.1.0,127
d3q4da1,SCOPe-ALL,family,d.54.1.0,d,d.54,d.54.1,d.54.1.0,124
d3r1za1,SCOPe-ALL,family,d.54.1.0,d,d.54,d.54.1,d.54.1.0,125
d3ik4a1,SCOPe-ALL,family,d.54.1.0,d,d.54,d.54.1,d.54.1.0,125
d4h83a1,SCOPe-ALL,family,d.54.1.0,d,d.54,d.54.1,d.54.1.0,128
d3rita1,SCOPe-ALL,family,d.54.1.0,d,d.54,d.54.1,d.54.1.0,125
d3dg3a1,SCOPe-ALL,family,d.54.1.0,d,d.54,d.54.1,d.54.1.0,124
d4k8ga1,SCOPe-ALL,family,d.54.1.0,d,d.54,d.54.1,d.54.1.0,111
d3gd6a1,SCOPe-ALL,family,d.54.1.0,d,d.54,d.54.1,d.54.1.0,122
d4h2ha1,SCOPe-ALL,family,d.54.1.0,d,d.54,d.54.1,d.54.1.0,124
d3bjsa1,SCOPe-ALL,family,d.54.1.0,d,d.54,d.54.1,d.54.1.0,129
d3dgba1,SCOPe-ALL,family,d.54.1.0,d,d.54,d.54.1,d.54.1.0,129
d2hzga1,SCOPe-ALL,family,d.54.1.0,d,d.54,d.54.1,d.54.1.0,125
d2rdxa1,SCOPe-ALL,family,d.54.1.0,d,d.54,d.54.1,d.54.1.0,126
d3i6ea1,SCOPe-ALL,family,d.54.1.0,d,d.54,d.54.1,d.54.1.0,127
d2pgwa1,SCOPe-ALL,family,d.54.1.0,d,d.54,d.54.1,d.54.1.0,128
d2ovla1,SCOPe-ALL,family,d.54.1.0,d,d.54,d.54.1,d.54.1.0,126
d4dyea1,SCOPe-ALL,family,d.54.1.0,d,d.54,d.54.1,d.54.1.0,120
d4dhga1,SCOPe-ALL,family,d.54.1.0,d,d.54,d.54.1,d.54.1.0,133
d2zada1,SCOPe-ALL,family,d.54.1.0,d,d.54,d.54.1,d.54.1.0,123
d5olca1,SCOPe-ALL,family,d.54.1.0,d,d.54,d.54.1,d.54.1.0,122
d1vq8r1,SCOPe-ALL,family,d.55.1.1,d,d.55,d.55.1,d.55.1.1,150
d1i4ja_,SCOPe-ALL,family,d.55.1.1,d,d.55,d.55.1,d.55.1.1,110
d1kp8a3,SCOPe-ALL,family,d.56.1.1,d,d.56,d.56.1,d.56.1.1,98
d1q3qa3,SCOPe-ALL,family,d.56.1.2,d,d.56,d.56.1,d.56.1.2,108
d1f0aa_,SCOPe-ALL,family,d.57.1.1,d,d.57,d.57.1,d.57.1.1,81
d2fdna_,SCOPe-ALL,family,d.58.1.1,d,d.58,d.58.1,d.58.1.1,55
d2fgoa_,SCOPe-ALL,family,d.58.1.1,d,d.58,d.58.1,d.58.1.1,81
d6fd1a_,SCOPe-ALL,family,d.58.1.2,d,d.58,d.58.1,d.58.1.2,106
d1h98a_,SCOPe-ALL,family,d.58.1.2,d,d.58,d.58.1,d.58.1.2,77
d6ly5c_,SCOPe-ALL,family,d.58.1.2,d,d.58,d.58.1,d.58.1.2,80
d1xera_,SCOPe-ALL,family,d.58.1.3,d,d.58,d.58.1,d.58.1.3,103
d1sj1a_,SCOPe-ALL,family,d.58.1.4,d,d.58,d.58.1,d.58.1.4,66
d1iqza_,SCOPe-ALL,family,d.58.1.4,d,d.58,d.58.1,d.58.1.4,81
d1fxda_,SCOPe-ALL,family,d.58.1.4,d,d.58,d.58.1,d.58.1.4,58
d1jnrb_,SCOPe-ALL,family,d.58.1.5,d,d.58,d.58.1,d.58.1.5,149
d7m32a5,SCOPe-ALL,family,d.58.1.5,d,d.58,d.58.1,d.58.1.5,175
d3mmca1,SCOPe-ALL,family,d.58.1.5,d,d.58,d.58.1,d.58.1.5,66
d3c7bb6,SCOPe-ALL,family,d.58.1.5,d,d.58,d.58.1,d.58.1.5,65
d1hfel2,SCOPe-ALL,family,d.58.1.5,d,d.58,d.58.1,d.58.1.5,85
d6n59a2,SCOPe-ALL,family,d.58.1.5,d,d.58,d.58.1,d.58.1.5,83
d1kqfb1,SCOPe-ALL,family,d.58.1.5,d,d.58,d.58.1,d.58.1.5,244
d2c42a5,SCOPe-ALL,family,d.58.1.5,d,d.58,d.58.1,d.58.1.5,117
d1q16b_,SCOPe-ALL,family,d.58.1.5,d,d.58,d.58.1,d.58.1.5,509
d1ti6b2,SCOPe-ALL,family,d.58.1.5,d,d.58,d.58.1,d.58.1.5,195
d1h0hb_,SCOPe-ALL,family,d.58.1.5,d,d.58,d.58.1,d.58.1.5,214
d3iam9_,SCOPe-ALL,family,d.58.1.5,d,d.58,d.58.1,d.58.1.5,154
d2gmha3,SCOPe-ALL,family,d.58.1.6,d,d.58,d.58.1,d.58.1.6,102
d4id8a_,SCOPe-ALL,family,d.58.1.0,d,d.58,d.58.1,d.58.1.0,65
d3iam32,SCOPe-ALL,family,d.58.1.0,d,d.58,d.58.1,d.58.1.0,151
d4fywb1,SCOPe-ALL,family,d.58.2.1,d,d.58,d.58.2,d.58.2.1,91
d1jqga2,SCOPe-ALL,family,d.58.3.1,d,d.58,d.58.3,d.58.3.1,92
d1ayea2,SCOPe-ALL,family,d.58.3.1,d,d.58,d.58.3,d.58.3.1,94
d1kwma2,SCOPe-ALL,family,d.58.3.1,d,d.58,d.58.3,d.58.3.1,95
d1t1ea2,SCOPe-ALL,family,d.58.3.2,d,d.58,d.58.3,d.58.3.2,179
d1v5ib1,SCOPe-ALL,family,d.58.3.2,d,d.58,d.58.3,d.58.3.2,72
d1spbp_,SCOPe-ALL,family,d.58.3.2,d,d.58,d.58.3,d.58.3.2,71
d1kn6a_,SCOPe-ALL,family,d.58.3.3,d,d.58,d.58.3,d.58.3.3,73
d1i1ga2,SCOPe-ALL,family,d.58.4.2,d,d.58,d.58.4,d.58.4.2,80
d2cg4a2,SCOPe-ALL,family,d.58.4.2,d,d.58,d.58.4,d.58.4.2,86
d2cfxa2,SCOPe-ALL,family,d.58.4.2,d,d.58,d.58.4,d.58.4.2,77
d2cyya2,SCOPe-ALL,family,d.58.4.2,d,d.58,d.58.4,d.58.4.2,87
d1lq9a_,SCOPe-ALL,family,d.58.4.3,d,d.58,d.58.4,d.58.4.3,112
d1tr0a_,SCOPe-ALL,family,d.58.4.4,d,d.58,d.58.4,d.58.4.4,106
d1rjja_,SCOPe-ALL,family,d.58.4.4,d,d.58,d.58.4,d.58.4.4,111
d1tz0a_,SCOPe-ALL,family,d.58.4.5,d,d.58,d.58.4,d.58.4.5,108
d2zdpa2,SCOPe-ALL,family,d.58.4.5,d,d.58,d.58.4,d.58.4.5,108
d1iuja_,SCOPe-ALL,family,d.58.4.5,d,d.58,d.58.4,d.58.4.5,102
d2go8a1,SCOPe-ALL,family,d.58.4.5,d,d.58,d.58.4,d.58.4.5,108
d1q8ba_,SCOPe-ALL,family,d.58.4.6,d,d.58,d.58.4,d.58.4.6,93
d1mwqa_,SCOPe-ALL,family,d.58.4.7,d,d.58,d.58.4,d.58.4.7,100
d1tuwa_,SCOPe-ALL,family,d.58.4.8,d,d.58,d.58.4,d.58.4.8,106
d1s7ia1,SCOPe-ALL,family,d.58.4.9,d,d.58,d.58.4,d.58.4.9,116
d1vdha_,SCOPe-ALL,family,d.58.4.10,d,d.58,d.58.4,d.58.4.10,247
d2pd1a1,SCOPe-ALL,family,d.58.4.11,d,d.58,d.58.4,d.58.4.11,100
d1x7va1,SCOPe-ALL,family,d.58.4.11,d,d.58,d.58.4,d.58.4.11,97
d1y0ha_,SCOPe-ALL,family,d.58.4.11,d,d.58,d.58.4,d.58.4.11,101
d1tuva_,SCOPe-ALL,family,d.58.4.11,d,d.58,d.58.4,d.58.4.11,103
d2hiqa_,SCOPe-ALL,family,d.58.4.12,d,d.58,d.58.4,d.58.4.12,96
d1vqsa1,SCOPe-ALL,family,d.58.4.13,d,d.58,d.58.4,d.58.4.13,104
d2gvka1,SCOPe-ALL,family,d.58.4.14,d,d.58,d.58.4,d.58.4.14,309
d2iiza_,SCOPe-ALL,family,d.58.4.14,d,d.58,d.58.4,d.58.4.14,306
d2ftra1,SCOPe-ALL,family,d.58.4.15,d,d.58,d.58.4,d.58.4.15,103
d2fiua1,SCOPe-ALL,family,d.58.4.16,d,d.58,d.58.4,d.58.4.16,95
d6m35a_,SCOPe-ALL,family,d.58.4.17,d,d.58,d.58.4,d.58.4.17,310
d2okqa1,SCOPe-ALL,family,d.58.4.18,d,d.58,d.58.4,d.58.4.18,117
d3hf5a1,SCOPe-ALL,family,d.58.4.19,d,d.58,d.58.4,d.58.4.19,107
d2od4a1,SCOPe-ALL,family,d.58.4.20,d,d.58,d.58.4,d.58.4.20,100
d1x8da1,SCOPe-ALL,family,d.58.4.21,d,d.58,d.58.4,d.58.4.21,104
d2od6a1,SCOPe-ALL,family,d.58.4.22,d,d.58,d.58.4,d.58.4.22,109
d2op5a1,SCOPe-ALL,family,d.58.4.22,d,d.58,d.58.4,d.58.4.22,112
d2pgca1,SCOPe-ALL,family,d.58.4.23,d,d.58,d.58.4,d.58.4.23,206
d7bywa_,SCOPe-ALL,family,d.58.4.0,d,d.58,d.58.4,d.58.4.0,108
d4w7ka_,SCOPe-ALL,family,d.58.4.0,d,d.58,d.58.4,d.58.4.0,446
d3fmba1,SCOPe-ALL,family,d.58.4.0,d,d.58,d.58.4,d.58.4.0,99
d2qyca1,SCOPe-ALL,family,d.58.4.0,d,d.58,d.58.4,d.58.4.0,101
d4lbha_,SCOPe-ALL,family,d.58.4.0,d,d.58,d.58.4,d.58.4.0,94
d5b08a_,SCOPe-ALL,family,d.58.4.0,d,d.58,d.58.4,d.58.4.0,100
d3lo3a1,SCOPe-ALL,family,d.58.4.0,d,d.58,d.58.4,d.58.4.0,91
d3qmqa1,SCOPe-ALL,family,d.58.4.0,d,d.58,d.58.4,d.58.4.0,96
d6hhna1,SCOPe-ALL,family,d.58.4.0,d,d.58,d.58.4,d.58.4.0,103
d6fiya1,SCOPe-ALL,family,d.58.4.0,d,d.58,d.58.4,d.58.4.0,298
d4dpoa1,SCOPe-ALL,family,d.58.4.0,d,d.58,d.58.4,d.58.4.0,94
d3hx9a_,SCOPe-ALL,family,d.58.4.0,d,d.58,d.58.4,d.58.4.0,101
d2p5va2,SCOPe-ALL,family,d.58.4.0,d,d.58,d.58.4,d.58.4.0,93
d5xzta_,SCOPe-ALL,family,d.58.4.0,d,d.58,d.58.4,d.58.4.0,104
d3znua_,SCOPe-ALL,family,d.58.4.0,d,d.58,d.58.4,d.58.4.0,94
d2bbea_,SCOPe-ALL,family,d.58.4.0,d,d.58,d.58.4,d.58.4.0,103
d2pn6a2,SCOPe-ALL,family,d.58.4.0,d,d.58,d.58.4,d.58.4.0,90
d3bgua1,SCOPe-ALL,family,d.58.4.0,d,d.58,d.58.4,d.58.4.0,97
d2cz4a1,SCOPe-ALL,family,d.58.5.1,d,d.58,d.58.5,d.58.5.1,99
d4affa1,SCOPe-ALL,family,d.58.5.1,d,d.58,d.58.5,d.58.5.1,112
d1ukua_,SCOPe-ALL,family,d.58.5.2,d,d.58,d.58.5,d.58.5.2,102
d1nzaa_,SCOPe-ALL,family,d.58.5.2,d,d.58,d.58.5,d.58.5.2,103
d2nuha_,SCOPe-ALL,family,d.58.5.2,d,d.58,d.58.5,d.58.5.2,104
d3opka_,SCOPe-ALL,family,d.58.5.2,d,d.58,d.58.5,d.58.5.2,104
d1nh8a2,SCOPe-ALL,family,d.58.5.3,d,d.58,d.58.5,d.58.5.3,74
d1o2ca1,SCOPe-ALL,family,d.58.5.4,d,d.58,d.58.5,d.58.5.4,99
d2hfva1,SCOPe-ALL,family,d.58.5.5,d,d.58,d.58.5,d.58.5.5,75
d4yb6a2,SCOPe-ALL,family,d.58.5.0,d,d.58,d.58.5,d.58.5.0,75
d4e98a_,SCOPe-ALL,family,d.58.5.0,d,d.58,d.58.5,d.58.5.0,110
d6mm2a1,SCOPe-ALL,family,d.58.5.0,d,d.58,d.58.5,d.58.5.0,98
d4iyqa1,SCOPe-ALL,family,d.58.5.0,d,d.58,d.58.5,d.58.5.0,106
d2vd3a2,SCOPe-ALL,family,d.58.5.0,d,d.58,d.58.5,d.58.5.0,75
d6t76a_,SCOPe-ALL,family,d.58.5.0,d,d.58,d.58.5,d.58.5.0,104
d2dcla_,SCOPe-ALL,family,d.58.5.0,d,d.58,d.58.5,d.58.5.0,113
d3bbba_,SCOPe-ALL,family,d.58.6.1,d,d.58,d.58.6,d.58.6.1,151
d3gp9a1,SCOPe-ALL,family,d.58.6.1,d,d.58,d.58.6,d.58.6.1,130
d3ztpa_,SCOPe-ALL,family,d.58.6.0,d,d.58,d.58.6,d.58.6.0,141
d7jrjk_,SCOPe-ALL,family,d.58.6.0,d,d.58,d.58.6,d.58.6.0,158
d4dz6a1,SCOPe-ALL,family,d.58.6.0,d,d.58,d.58.6,d.58.6.0,167
d2cq2a1,SCOPe-ALL,family,d.58.7.1,d,d.58,d.58.7,d.58.7.1,101
d2cpda1,SCOPe-ALL,family,d.58.7.1,d,d.58,d.58.7,d.58.7.1,86
d1weya1,SCOPe-ALL,family,d.58.7.1,d,d.58,d.58.7,d.58.7.1,91
d3feyb_,SCOPe-ALL,family,d.58.7.1,d,d.58,d.58.7,d.58.7.1,115
d6q2ia_,SCOPe-ALL,family,d.58.7.1,d,d.58,d.58.7,d.58.7.1,106
d2cpia1,SCOPe-ALL,family,d.58.7.1,d,d.58,d.58.7,d.58.7.1,89
d1wi8a1,SCOPe-ALL,family,d.58.7.1,d,d.58,d.58.7,d.58.7.1,91
d1weza1,SCOPe-ALL,family,d.58.7.1,d,d.58,d.58.7,d.58.7.1,89
d1wf2a1,SCOPe-ALL,family,d.58.7.1,d,d.58,d.58.7,d.58.7.1,85
d2dita1,SCOPe-ALL,family,d.58.7.1,d,d.58,d.58.7,d.58.7.1,99
d1fxla1,SCOPe-ALL,family,d.58.7.1,d,d.58,d.58.7,d.58.7.1,82
d1fxla2,SCOPe-ALL,family,d.58.7.1,d,d.58,d.58.7,d.58.7.1,85
d2disa1,SCOPe-ALL,family,d.58.7.1,d,d.58,d.58.7,d.58.7.1,96
d2cqha1,SCOPe-ALL,family,d.58.7.1,d,d.58,d.58.7,d.58.7.1,80
d2dgxa1,SCOPe-ALL,family,d.58.7.1,d,d.58,d.58.7,d.58.7.1,83
d1zh5a2,SCOPe-ALL,family,d.58.7.1,d,d.58,d.58.7,d.58.7.1,86
d1owxa1,SCOPe-ALL,family,d.58.7.1,d,d.58,d.58.7,d.58.7.1,110
d1x4da1,SCOPe-ALL,family,d.58.7.1,d,d.58,d.58.7,d.58.7.1,89
d1x4fa1,SCOPe-ALL,family,d.58.7.1,d,d.58,d.58.7,d.58.7.1,99
d2bz2a1,SCOPe-ALL,family,d.58.7.1,d,d.58,d.58.7,d.58.7.1,79
d2rs8a1,SCOPe-ALL,family,d.58.7.1,d,d.58,d.58.7,d.58.7.1,86
d1l3ka1,SCOPe-ALL,family,d.58.7.1,d,d.58,d.58.7,d.58.7.1,84
d1l3ka2,SCOPe-ALL,family,d.58.7.1,d,d.58,d.58.7,d.58.7.1,79
d2krra1,SCOPe-ALL,family,d.58.7.1,d,d.58,d.58.7,d.58.7.1,85
d2krra2,SCOPe-ALL,family,d.58.7.1,d,d.58,d.58.7,d.58.7.1,85
d1x4ga1,SCOPe-ALL,family,d.58.7.1,d,d.58,d.58.7,d.58.7.1,96
d1wwha1,SCOPe-ALL,family,d.58.7.1,d,d.58,d.58.7,d.58.7.1,81
d1cvja1,SCOPe-ALL,family,d.58.7.1,d,d.58,d.58.7,d.58.7.1,80
d2cq1a1,SCOPe-ALL,family,d.58.7.1,d,d.58,d.58.7,d.58.7.1,88
d3u1la2,SCOPe-ALL,family,d.58.7.1,d,d.58,d.58.7,d.58.7.1,97
d3jb9y2,SCOPe-ALL,family,d.58.7.1,d,d.58,d.58.7,d.58.7.1,118
d5lj3n1,SCOPe-ALL,family,d.58.7.1,d,d.58,d.58.7,d.58.7.1,121
d1whwa1,SCOPe-ALL,family,d.58.7.1,d,d.58,d.58.7,d.58.7.1,86
d2cpha1,SCOPe-ALL,family,d.58.7.1,d,d.58,d.58.7,d.58.7.1,94
d2cpfa1,SCOPe-ALL,family,d.58.7.1,d,d.58,d.58.7,d.58.7.1,85
d1whxa1,SCOPe-ALL,family,d.58.7.1,d,d.58,d.58.7,d.58.7.1,98
d1whya1,SCOPe-ALL,family,d.58.7.1,d,d.58,d.58.7,d.58.7.1,84
d1x5oa1,SCOPe-ALL,family,d.58.7.1,d,d.58,d.58.7,d.58.7.1,101
d1x4ea1,SCOPe-ALL,family,d.58.7.1,d,d.58,d.58.7,d.58.7.1,72
d1wela1,SCOPe-ALL,family,d.58.7.1,d,d.58,d.58.7,d.58.7.1,117
d2cpya1,SCOPe-ALL,family,d.58.7.1,d,d.58,d.58.7,d.58.7.1,101
d2dnna1,SCOPe-ALL,family,d.58.7.1,d,d.58,d.58.7,d.58.7.1,96
d1x4ha1,SCOPe-ALL,family,d.58.7.1,d,d.58,d.58.7,d.58.7.1,98
d2cpxa1,SCOPe-ALL,family,d.58.7.1,d,d.58,d.58.7,d.58.7.1,102
d1oo0b_,SCOPe-ALL,family,d.58.7.1,d,d.58,d.58.7,d.58.7.1,92
d1u6fa1,SCOPe-ALL,family,d.58.7.1,d,d.58,d.58.7,d.58.7.1,139
d5gmka_,SCOPe-ALL,family,d.58.7.1,d,d.58,d.58.7,d.58.7.1,83
d2b0ga1,SCOPe-ALL,family,d.58.7.1,d,d.58,d.58.7,d.58.7.1,83
d5w0ga1,SCOPe-ALL,family,d.58.7.1,d,d.58,d.58.7,d.58.7.1,82
d5w0ha1,SCOPe-ALL,family,d.58.7.1,d,d.58,d.58.7,d.58.7.1,79
d3begb_,SCOPe-ALL,family,d.58.7.1,d,d.58,d.58.7,d.58.7.1,90
d1ufwa1,SCOPe-ALL,family,d.58.7.1,d,d.58,d.58.7,d.58.7.1,82
d2ghpa1,SCOPe-ALL,family,d.58.7.1,d,d.58,d.58.7,d.58.7.1,81
d2ghpa2,SCOPe-ALL,family,d.58.7.1,d,d.58,d.58.7,d.58.7.1,75
d2ghpa3,SCOPe-ALL,family,d.58.7.1,d,d.58,d.58.7,d.58.7.1,86
d6f4jc_,SCOPe-ALL,family,d.58.7.1,d,d.58,d.58.7,d.58.7.1,92
d4yuda1,SCOPe-ALL,family,d.58.7.1,d,d.58,d.58.7,d.58.7.1,86
d3zzza_,SCOPe-ALL,family,d.58.7.1,d,d.58,d.58.7,d.58.7.1,105
d3mdfa_,SCOPe-ALL,family,d.58.7.1,d,d.58,d.58.7,d.58.7.1,83
d4ckoa2,SCOPe-ALL,family,d.58.7.1,d,d.58,d.58.7,d.58.7.1,108
d2ek1a1,SCOPe-ALL,family,d.58.7.1,d,d.58,d.58.7,d.58.7.1,75
d4zkaa_,SCOPe-ALL,family,d.58.7.1,d,d.58,d.58.7,d.58.7.1,83
d3lqva_,SCOPe-ALL,family,d.58.7.1,d,d.58,d.58.7,d.58.7.1,113
d3h2ve1,SCOPe-ALL,family,d.58.7.1,d,d.58,d.58.7,d.58.7.1,72
d4iufa_,SCOPe-ALL,family,d.58.7.1,d,d.58,d.58.7,d.58.7.1,77
d3ulha_,SCOPe-ALL,family,d.58.7.1,d,d.58,d.58.7,d.58.7.1,84
d3d2wa1,SCOPe-ALL,family,d.58.7.1,d,d.58,d.58.7,d.58.7.1,70
d3v4ma1,SCOPe-ALL,family,d.58.7.1,d,d.58,d.58.7,d.58.7.1,104
d2roka1,SCOPe-ALL,family,d.58.7.1,d,d.58,d.58.7,d.58.7.1,87
d4ch0s1,SCOPe-ALL,family,d.58.7.1,d,d.58,d.58.7,d.58.7.1,94
d1jmta_,SCOPe-ALL,family,d.58.7.3,d,d.58,d.58.7,d.58.7.3,104
d1uw4a_,SCOPe-ALL,family,d.58.7.4,d,d.58,d.58.7,d.58.7.4,91
d2e29a1,SCOPe-ALL,family,d.58.7.5,d,d.58,d.58.7,d.58.7.5,85
d3md1a1,SCOPe-ALL,family,d.58.7.0,d,d.58,d.58.7,d.58.7.0,80
d2x1fa1,SCOPe-ALL,family,d.58.7.0,d,d.58,d.58.7,d.58.7.0,88
d5lsla_,SCOPe-ALL,family,d.58.7.0,d,d.58,d.58.7,d.58.7.0,79
d3md3a1,SCOPe-ALL,family,d.58.7.0,d,d.58,d.58.7,d.58.7.0,85
d4uqta_,SCOPe-ALL,family,d.58.7.0,d,d.58,d.58.7,d.58.7.0,89
d2km8c2,SCOPe-ALL,family,d.58.7.0,d,d.58,d.58.7,d.58.7.0,81
d2la4a1,SCOPe-ALL,family,d.58.7.0,d,d.58,d.58.7,d.58.7.0,100
d5d78a1,SCOPe-ALL,family,d.58.7.0,d,d.58,d.58.7,d.58.7.0,75
d6ez7a1,SCOPe-ALL,family,d.58.7.0,d,d.58,d.58.7,d.58.7.0,82
d5t9pa_,SCOPe-ALL,family,d.58.7.0,d,d.58,d.58.7,d.58.7.0,97
d2mzsa1,SCOPe-ALL,family,d.58.7.0,d,d.58,d.58.7,d.58.7.0,97
d2mzqa1,SCOPe-ALL,family,d.58.7.0,d,d.58,d.58.7,d.58.7.0,99
d2mzra1,SCOPe-ALL,family,d.58.7.0,d,d.58,d.58.7,d.58.7.0,93
d5uzga_,SCOPe-ALL,family,d.58.7.0,d,d.58,d.58.7,d.58.7.0,90
d5uzma_,SCOPe-ALL,family,d.58.7.0,d,d.58,d.58.7,d.58.7.0,90
d5uzna_,SCOPe-ALL,family,d.58.7.0,d,d.58,d.58.7,d.58.7.0,80
d3ue2a1,SCOPe-ALL,family,d.58.7.0,d,d.58,d.58.7,d.58.7.0,117
d4a8xa1,SCOPe-ALL,family,d.58.7.0,d,d.58,d.58.7,d.58.7.0,86
d2ywka1,SCOPe-ALL,family,d.58.7.0,d,d.58,d.58.7,d.58.7.0,78
d3n9uc_,SCOPe-ALL,family,d.58.7.0,d,d.58,d.58.7,d.58.7.0,96
d3b4da_,SCOPe-ALL,family,d.58.7.0,d,d.58,d.58.7,d.58.7.0,80
d4f25a1,SCOPe-ALL,family,d.58.7.0,d,d.58,d.58.7,d.58.7.0,80
d4ckoa3,SCOPe-ALL,family,d.58.7.0,d,d.58,d.58.7,d.58.7.0,87
d3r27a_,SCOPe-ALL,family,d.58.7.0,d,d.58,d.58.7,d.58.7.0,84
d2pe8a1,SCOPe-ALL,family,d.58.7.0,d,d.58,d.58.7,d.58.7.0,101
d5tbxb1,SCOPe-ALL,family,d.58.7.0,d,d.58,d.58.7,d.58.7.0,91
d3egna_,SCOPe-ALL,family,d.58.7.0,d,d.58,d.58.7,d.58.7.0,120
d6ud7c_,SCOPe-ALL,family,d.58.7.0,d,d.58,d.58.7,d.58.7.0,81
d5kwqa1,SCOPe-ALL,family,d.58.7.0,d,d.58,d.58.7,d.58.7.0,100
d5kwqa2,SCOPe-ALL,family,d.58.7.0,d,d.58,d.58.7,d.58.7.0,94
d4ljma_,SCOPe-ALL,family,d.58.7.0,d,d.58,d.58.7,d.58.7.0,81
d6ybso_,SCOPe-ALL,family,d.58.7.0,d,d.58,d.58.7,d.58.7.0,77
d3rw7a1,SCOPe-ALL,family,d.58.7.0,d,d.58,d.58.7,d.58.7.0,82
d2la6a1,SCOPe-ALL,family,d.58.7.0,d,d.58,d.58.7,d.58.7.0,89
d2rvja1,SCOPe-ALL,family,d.58.7.0,d,d.58,d.58.7,d.58.7.0,102
d5o2va_,SCOPe-ALL,family,d.58.7.0,d,d.58,d.58.7,d.58.7.0,92
d2leba_,SCOPe-ALL,family,d.58.7.0,d,d.58,d.58.7,d.58.7.0,101
d2lxia_,SCOPe-ALL,family,d.58.7.0,d,d.58,d.58.7,d.58.7.0,91
d2dnqa1,SCOPe-ALL,family,d.58.7.0,d,d.58,d.58.7,d.58.7.0,77
d2ytca1,SCOPe-ALL,family,d.58.7.0,d,d.58,d.58.7,d.58.7.0,78
d2fc9a1,SCOPe-ALL,family,d.58.7.0,d,d.58,d.58.7,d.58.7.0,88
d2e5ha1,SCOPe-ALL,family,d.58.7.0,d,d.58,d.58.7,d.58.7.0,87
d2lmia1,SCOPe-ALL,family,d.58.7.0,d,d.58,d.58.7,d.58.7.0,106
d2dgsa1,SCOPe-ALL,family,d.58.7.0,d,d.58,d.58.7,d.58.7.0,86
d2do4a1,SCOPe-ALL,family,d.58.7.0,d,d.58,d.58.7,d.58.7.0,87
d2fc8a1,SCOPe-ALL,family,d.58.7.0,d,d.58,d.58.7,d.58.7.0,89
d2dhsa2,SCOPe-ALL,family,d.58.7.0,d,d.58,d.58.7,d.58.7.0,84
d2dgva1,SCOPe-ALL,family,d.58.7.0,d,d.58,d.58.7,d.58.7.0,79
d2diva1,SCOPe-ALL,family,d.58.7.0,d,d.58,d.58.7,d.58.7.0,86
d2dgta1,SCOPe-ALL,family,d.58.7.0,d,d.58,d.58.7,d.58.7.0,79
d2d9pa1,SCOPe-ALL,family,d.58.7.0,d,d.58,d.58.7,d.58.7.0,90
d2dgpa1,SCOPe-ALL,family,d.58.7.0,d,d.58,d.58.7,d.58.7.0,94
d2xsfa_,SCOPe-ALL,family,d.58.7.0,d,d.58,d.58.7,d.58.7.0,81
d5x3ya1,SCOPe-ALL,family,d.58.7.0,d,d.58,d.58.7,d.58.7.0,92
d2mqma_,SCOPe-ALL,family,d.58.7.0,d,d.58,d.58.7,d.58.7.0,118
d2n3la1,SCOPe-ALL,family,d.58.7.0,d,d.58,d.58.7,d.58.7.0,86
d6vh6a1,SCOPe-ALL,family,d.58.8.1,d,d.58,d.58.8,d.58.8.1,138
d2bopa_,SCOPe-ALL,family,d.58.8.1,d,d.58,d.58.8,d.58.8.1,85
d1r8ha_,SCOPe-ALL,family,d.58.8.1,d,d.58,d.58.8,d.58.8.1,87
d1ykwa2,SCOPe-ALL,family,d.58.9.1,d,d.58,d.58.9,d.58.9.1,142
d2d69a2,SCOPe-ALL,family,d.58.9.1,d,d.58,d.58.9,d.58.9.1,133
d5ruba2,SCOPe-ALL,family,d.58.9.1,d,d.58,d.58.9,d.58.9.1,136
d1wdda2,SCOPe-ALL,family,d.58.9.1,d,d.58,d.58.9,d.58.9.1,140
d2oema1,SCOPe-ALL,family,d.58.9.0,d,d.58,d.58.9,d.58.9.0,119
d5maca1,SCOPe-ALL,family,d.58.9.0,d,d.58,d.58.9,d.58.9.0,139
d3kdna1,SCOPe-ALL,family,d.58.9.0,d,d.58,d.58.9,d.58.9.0,128
d1gxua_,SCOPe-ALL,family,d.58.10.1,d,d.58,d.58.10,d.58.10.1,88
d2vh7a_,SCOPe-ALL,family,d.58.10.1,d,d.58,d.58.10,d.58.10.1,94
d2byca1,SCOPe-ALL,family,d.58.10.2,d,d.58,d.58.10,d.58.10.2,136
d2iyga_,SCOPe-ALL,family,d.58.10.2,d,d.58,d.58.10,d.58.10.2,109
d4yhva_,SCOPe-ALL,family,d.58.10.3,d,d.58,d.58.10,d.58.10.3,135
d5o9ze2,SCOPe-ALL,family,d.58.10.3,d,d.58,d.58.10,d.58.10.3,136
d3br8a_,SCOPe-ALL,family,d.58.10.0,d,d.58,d.58.10,d.58.10.0,90
d3trga_,SCOPe-ALL,family,d.58.10.0,d,d.58,d.58.10,d.58.10.0,95
d2kb2a1,SCOPe-ALL,family,d.58.10.0,d,d.58,d.58.10,d.58.10.0,145
d2bjda_,SCOPe-ALL,family,d.58.10.0,d,d.58,d.58.10,d.58.10.0,90
d2hfna_,SCOPe-ALL,family,d.58.10.0,d,d.58,d.58.10,d.58.10.0,149
d6krba_,SCOPe-ALL,family,d.58.10.0,d,d.58,d.58.10,d.58.10.0,91
d3b82a5,SCOPe-ALL,family,d.58.11.1,d,d.58,d.58.11,d.58.11.1,117
d3b82a3,SCOPe-ALL,family,d.58.11.1,d,d.58,d.58.11,d.58.11.1,79
d2bm1a4,SCOPe-ALL,family,d.58.11.1,d,d.58,d.58.11,d.58.11.1,75
d2dy1a4,SCOPe-ALL,family,d.58.11.1,d,d.58,d.58.11,d.58.11.1,77
d2dy1a5,SCOPe-ALL,family,d.58.11.1,d,d.58,d.58.11,d.58.11.1,96
d2cvea2,SCOPe-ALL,family,d.58.11.2,d,d.58,d.58.11,d.58.11.2,67
d1vi7a2,SCOPe-ALL,family,d.58.11.2,d,d.58,d.58.11,d.58.11.2,70
d1t95a3,SCOPe-ALL,family,d.58.11.3,d,d.58,d.58.11,d.58.11.3,73
d6id0c3,SCOPe-ALL,family,d.58.11.0,d,d.58,d.58.11,d.58.11.0,78
d6id0c5,SCOPe-ALL,family,d.58.11.0,d,d.58,d.58.11,d.58.11.0,115
d2b7cb_,SCOPe-ALL,family,d.58.12.1,d,d.58,d.58.12,d.58.12.1,90
d1d5ka_,SCOPe-ALL,family,d.58.12.1,d,d.58,d.58.12,d.58.12.1,89
d1jjcb4,SCOPe-ALL,family,d.58.13.1,d,d.58,d.58.13,d.58.13.1,104
d2j5aa1,SCOPe-ALL,family,d.58.14.1,d,d.58,d.58.14,d.58.14.1,106
d2qalf1,SCOPe-ALL,family,d.58.14.1,d,d.58,d.58.14,d.58.14.1,100
d1vmba_,SCOPe-ALL,family,d.58.14.1,d,d.58,d.58.14,d.58.14.1,107
d1loua_,SCOPe-ALL,family,d.58.14.1,d,d.58,d.58.14,d.58.14.1,97
d1fjgj_,SCOPe-ALL,family,d.58.15.1,d,d.58,d.58.15,d.58.15.1,98
d2hhpa3,SCOPe-ALL,family,d.58.16.1,d,d.58,d.58.16,d.58.16.1,179
d1q79a3,SCOPe-ALL,family,d.58.16.1,d,d.58,d.58.16,d.58.16.1,134
d1r89a3,SCOPe-ALL,family,d.58.16.2,d,d.58,d.58.16,d.58.16.2,180
d1cc7a_,SCOPe-ALL,family,d.58.17.1,d,d.58,d.58.17,d.58.17.1,72
d1fe4a_,SCOPe-ALL,family,d.58.17.1,d,d.58,d.58.17,d.58.17.1,68
d2xmka_,SCOPe-ALL,family,d.58.17.1,d,d.58,d.58.17,d.58.17.1,63
d1qupa2,SCOPe-ALL,family,d.58.17.1,d,d.58,d.58.17,d.58.17.1,72
d1mwza_,SCOPe-ALL,family,d.58.17.1,d,d.58,d.58.17,d.58.17.1,73
d1kqka_,SCOPe-ALL,family,d.58.17.1,d,d.58,d.58.17,d.58.17.1,80
d3cjkb1,SCOPe-ALL,family,d.58.17.1,d,d.58,d.58.17,d.58.17.1,71
d2g9oa_,SCOPe-ALL,family,d.58.17.1,d,d.58,d.58.17,d.58.17.1,77
d6ff2a_,SCOPe-ALL,family,d.58.17.1,d,d.58,d.58.17,d.58.17.1,67
d2rsqa_,SCOPe-ALL,family,d.58.17.0,d,d.58,d.58.17,d.58.17.0,71
d1yjra1,SCOPe-ALL,family,d.58.17.0,d,d.58,d.58.17,d.58.17.0,72
d1y3ja1,SCOPe-ALL,family,d.58.17.0,d,d.58,d.58.17,d.58.17.0,73
d2xmwa_,SCOPe-ALL,family,d.58.17.0,d,d.58,d.58.17,d.58.17.0,70
d2ldia_,SCOPe-ALL,family,d.58.17.0,d,d.58,d.58.17,d.58.17.0,71
d3dxsx_,SCOPe-ALL,family,d.58.17.0,d,d.58,d.58.17,d.58.17.0,74
d5zcza_,SCOPe-ALL,family,d.58.17.0,d,d.58,d.58.17,d.58.17.0,66
d1sc6a3,SCOPe-ALL,family,d.58.18.1,d,d.58,d.58.18,d.58.18.1,84
d1ygya3,SCOPe-ALL,family,d.58.18.1,d,d.58,d.58.18,d.58.18.1,78
d1tdja2,SCOPe-ALL,family,d.58.18.2,d,d.58,d.58.18,d.58.18.2,88
d1tdja3,SCOPe-ALL,family,d.58.18.2,d,d.58,d.58.18,d.58.18.2,91
d1phza1,SCOPe-ALL,family,d.58.18.3,d,d.58,d.58.18,d.58.18.3,97
d2qmwa2,SCOPe-ALL,family,d.58.18.3,d,d.58,d.58.18,d.58.18.3,80
d1q5ya_,SCOPe-ALL,family,d.58.18.4,d,d.58,d.58.18,d.58.18.4,84
d2bj7a2,SCOPe-ALL,family,d.58.18.4,d,d.58,d.58.18,d.58.18.4,87
d1u8sa1,SCOPe-ALL,family,d.58.18.5,d,d.58,d.58.18,d.58.18.5,84
d1u8sa2,SCOPe-ALL,family,d.58.18.5,d,d.58,d.58.18,d.58.18.5,93
d2f1fa1,SCOPe-ALL,family,d.58.18.6,d,d.58,d.58.18,d.58.18.6,76
d2f1fa2,SCOPe-ALL,family,d.58.18.6,d,d.58,d.58.18,d.58.18.6,86
d2fgca1,SCOPe-ALL,family,d.58.18.6,d,d.58,d.58.18,d.58.18.6,83
d1zpva1,SCOPe-ALL,family,d.58.18.7,d,d.58,d.58.18,d.58.18.7,83
d1zhva1,SCOPe-ALL,family,d.58.18.8,d,d.58,d.58.18,d.58.18.8,60
d1zhva2,SCOPe-ALL,family,d.58.18.8,d,d.58,d.58.18,d.58.18.8,66
d1zvpa1,SCOPe-ALL,family,d.58.18.9,d,d.58,d.58.18,d.58.18.9,66
d1zvpa2,SCOPe-ALL,family,d.58.18.9,d,d.58,d.58.18,d.58.18.9,64
d2j0wa2,SCOPe-ALL,family,d.58.18.10,d,d.58,d.58.18,d.58.18.10,91
d2j0wa3,SCOPe-ALL,family,d.58.18.10,d,d.58,d.58.18,d.58.18.10,64
d2cdqa2,SCOPe-ALL,family,d.58.18.10,d,d.58,d.58.18,d.58.18.10,91
d2cdqa3,SCOPe-ALL,family,d.58.18.10,d,d.58,d.58.18,d.58.18.10,75
d2f06a1,SCOPe-ALL,family,d.58.18.11,d,d.58,d.58.18,d.58.18.11,71
d2f06a2,SCOPe-ALL,family,d.58.18.11,d,d.58,d.58.18,d.58.18.11,70
d1y7pa2,SCOPe-ALL,family,d.58.18.12,d,d.58,d.58.18,d.58.18.12,77
d3dhxa1,SCOPe-ALL,family,d.58.18.13,d,d.58,d.58.18,d.58.18.13,97
d2qswa1,SCOPe-ALL,family,d.58.18.13,d,d.58,d.58.18,d.58.18.13,90
d3ceda1,SCOPe-ALL,family,d.58.18.13,d,d.58,d.58.18,d.58.18.13,95
d2nzca1,SCOPe-ALL,family,d.58.18.14,d,d.58,d.58.18,d.58.18.14,80
d2wvfa2,SCOPe-ALL,family,d.58.18.0,d,d.58,d.58.18,d.58.18.0,82
d3c20a2,SCOPe-ALL,family,d.58.18.0,d,d.58,d.58.18,d.58.18.0,100
d3c20a3,SCOPe-ALL,family,d.58.18.0,d,d.58,d.58.18,d.58.18.0,67
d1z2la2,SCOPe-ALL,family,d.58.19.1,d,d.58,d.58.19,d.58.19.1,117
d1lfwa2,SCOPe-ALL,family,d.58.19.1,d,d.58,d.58.19,d.58.19.1,196
d1cg2a2,SCOPe-ALL,family,d.58.19.1,d,d.58,d.58.19,d.58.19.1,113
d2q43a2,SCOPe-ALL,family,d.58.19.1,d,d.58,d.58.19,d.58.19.1,119
d1fnoa3,SCOPe-ALL,family,d.58.19.1,d,d.58,d.58.19,d.58.19.1,113
d1r3na2,SCOPe-ALL,family,d.58.19.1,d,d.58,d.58.19,d.58.19.1,116
d1ysja2,SCOPe-ALL,family,d.58.19.1,d,d.58,d.58.19,d.58.19.1,115
d1vgya2,SCOPe-ALL,family,d.58.19.1,d,d.58,d.58.19,d.58.19.1,113
d1hwla1,SCOPe-ALL,family,d.58.20.1,d,d.58,d.58.20,d.58.20.1,117
d4i6ya2,SCOPe-ALL,family,d.58.20.1,d,d.58,d.58.20,d.58.20.1,110
d2ekna_,SCOPe-ALL,family,d.58.21.0,d,d.58,d.58.21,d.58.21.0,145
d3jqka_,SCOPe-ALL,family,d.58.21.0,d,d.58,d.58.21,d.58.21.0,146
d1f3va_,SCOPe-ALL,family,d.58.22.1,d,d.58,d.58.22,d.58.22.1,158
d2hg4a5,SCOPe-ALL,family,d.58.23.1,d,d.58,d.58.23,d.58.23.1,64
d1mlaa2,SCOPe-ALL,family,d.58.23.1,d,d.58,d.58.23,d.58.23.1,70
d1nm2a2,SCOPe-ALL,family,d.58.23.1,d,d.58,d.58.23,d.58.23.1,62
d1ffgb_,SCOPe-ALL,family,d.58.24.1,d,d.58,d.58.24,d.58.24.1,68
d1u0sa_,SCOPe-ALL,family,d.58.24.1,d,d.58,d.58.24,d.58.24.1,86
d1kp6a_,SCOPe-ALL,family,d.58.25.1,d,d.58,d.58.25,d.58.25.1,79
d1h72c2,SCOPe-ALL,family,d.58.26.1,d,d.58,d.58.26,d.58.26.1,133
d1kkha2,SCOPe-ALL,family,d.58.26.3,d,d.58,d.58.26,d.58.26.3,137
d2r42a2,SCOPe-ALL,family,d.58.26.3,d,d.58,d.58.26,d.58.26.3,170
d2pg9a2,SCOPe-ALL,family,d.58.26.4,d,d.58,d.58.26,d.58.26.4,135
d2ww4a2,SCOPe-ALL,family,d.58.26.5,d,d.58,d.58.26,d.58.26.5,120
d1ueka2,SCOPe-ALL,family,d.58.26.5,d,d.58,d.58.26,d.58.26.5,120
d1mg7a2,SCOPe-ALL,family,d.58.26.6,d,d.58,d.58.26,d.58.26.6,193
d1piea2,SCOPe-ALL,family,d.58.26.7,d,d.58,d.58.26,d.58.26.7,183
d6zgxa2,SCOPe-ALL,family,d.58.26.7,d,d.58,d.58.26,d.58.26.7,176
d6xr5a2,SCOPe-ALL,family,d.58.26.0,d,d.58,d.58.26,d.58.26.0,204
d2cz9a2,SCOPe-ALL,family,d.58.26.0,d,d.58,d.58.26,d.58.26.0,172
d2hkea2,SCOPe-ALL,family,d.58.26.0,d,d.58,d.58.26,d.58.26.0,199
d1regx_,SCOPe-ALL,family,d.58.27.1,d,d.58,d.58.27,d.58.27.1,122
d1fvga_,SCOPe-ALL,family,d.58.28.1,d,d.58,d.58.28,d.58.28.1,192
d4gwba_,SCOPe-ALL,family,d.58.28.1,d,d.58,d.58.28,d.58.28.1,164
d3pima1,SCOPe-ALL,family,d.58.28.0,d,d.58,d.58.28,d.58.28.0,183
d1wc1a_,SCOPe-ALL,family,d.58.29.1,d,d.58,d.58.29,d.58.29.1,197
d1azsa_,SCOPe-ALL,family,d.58.29.1,d,d.58,d.58.29,d.58.29.1,190
d1fx2a_,SCOPe-ALL,family,d.58.29.1,d,d.58,d.58.29,d.58.29.1,235
d1ab8a_,SCOPe-ALL,family,d.58.29.1,d,d.58,d.58.29,d.58.29.1,200
d1w25a3,SCOPe-ALL,family,d.58.29.2,d,d.58,d.58.29,d.58.29.2,161
d6ao9a_,SCOPe-ALL,family,d.58.29.0,d,d.58,d.58.29,d.58.29.0,184
d2wz1a_,SCOPe-ALL,family,d.58.29.0,d,d.58,d.58.29,d.58.29.0,199
d4wp9a1,SCOPe-ALL,family,d.58.29.0,d,d.58,d.58.29,d.58.29.0,166
d4p2fa_,SCOPe-ALL,family,d.58.29.0,d,d.58,d.58.29,d.58.29.0,189
d1ybta_,SCOPe-ALL,family,d.58.29.0,d,d.58,d.58.29,d.58.29.0,167
d3r5ga_,SCOPe-ALL,family,d.58.29.0,d,d.58,d.58.29,d.58.29.0,195
d3mr7a1,SCOPe-ALL,family,d.58.29.0,d,d.58,d.58.29,d.58.29.0,171
d2w01a_,SCOPe-ALL,family,d.58.29.0,d,d.58,d.58.29,d.58.29.0,201
d1f9ya_,SCOPe-ALL,family,d.58.30.1,d,d.58,d.58.30,d.58.30.1,158
d1e6yc_,SCOPe-ALL,family,d.58.31.1,d,d.58,d.58.31,d.58.31.1,247
d5a0ya1,SCOPe-ALL,family,d.58.31.2,d,d.58,d.58.31,d.58.31.2,268
d5a0yb1,SCOPe-ALL,family,d.58.31.2,d,d.58,d.58.31,d.58.31.2,187
d7b1sb1,SCOPe-ALL,family,d.58.31.0,d,d.58,d.58.31,d.58.31.0,211
d7b1sc_,SCOPe-ALL,family,d.58.31.0,d,d.58,d.58.31,d.58.31.0,265
d1wvfa1,SCOPe-ALL,family,d.58.32.1,d,d.58,d.58.32,d.58.32.1,279
d1f0xa1,SCOPe-ALL,family,d.58.32.2,d,d.58,d.58.32,d.58.32.2,294
d2i0ka1,SCOPe-ALL,family,d.58.32.3,d,d.58,d.58.32,d.58.32.3,340
d1w1oa1,SCOPe-ALL,family,d.58.32.4,d,d.58,d.58.32,d.58.32.4,289
d2bvfa2,SCOPe-ALL,family,d.58.32.5,d,d.58,d.58.32,d.58.32.5,252
d2vfra1,SCOPe-ALL,family,d.58.32.6,d,d.58,d.58.32,d.58.32.6,238
d5fxda2,SCOPe-ALL,family,d.58.32.0,d,d.58,d.58.32,d.58.32.0,288
d2q4wa2,SCOPe-ALL,family,d.58.32.0,d,d.58,d.58.32,d.58.32.0,286
d1ftra1,SCOPe-ALL,family,d.58.33.1,d,d.58,d.58.33,d.58.33.1,148
d1ftra2,SCOPe-ALL,family,d.58.33.1,d,d.58,d.58.33,d.58.33.1,148
d1qd1a1,SCOPe-ALL,family,d.58.34.1,d,d.58,d.58.34,d.58.34.1,179
d1qd1a2,SCOPe-ALL,family,d.58.34.1,d,d.58,d.58.34,d.58.34.1,146
d1zj9a1,SCOPe-ALL,family,d.58.36.1,d,d.58,d.58.36,d.58.36.1,80
d1zj9a2,SCOPe-ALL,family,d.58.36.1,d,d.58,d.58.36,d.58.36.1,152
d3mmca2,SCOPe-ALL,family,d.58.36.2,d,d.58,d.58.36,d.58.36.2,166
d3c7bb4,SCOPe-ALL,family,d.58.36.2,d,d.58,d.58.36,d.58.36.2,119
d6c3ma1,SCOPe-ALL,family,d.58.36.0,d,d.58,d.58.36,d.58.36.0,66
d6c3ma3,SCOPe-ALL,family,d.58.36.0,d,d.58,d.58.36,d.58.36.0,80
d3b0ga1,SCOPe-ALL,family,d.58.36.0,d,d.58,d.58.36,d.58.36.0,157
d3b0ga3,SCOPe-ALL,family,d.58.36.0,d,d.58,d.58.36,d.58.36.0,84
d1eara2,SCOPe-ALL,family,d.58.38.1,d,d.58,d.58.38,d.58.38.1,68
d1gmua2,SCOPe-ALL,family,d.58.38.1,d,d.58,d.58.38,d.58.38.1,68
d1gpja3,SCOPe-ALL,family,d.58.39.1,d,d.58,d.58.39,d.58.39.1,143
d1o8ba2,SCOPe-ALL,family,d.58.40.1,d,d.58,d.58.40,d.58.40.1,72
d1uj6a2,SCOPe-ALL,family,d.58.40.1,d,d.58,d.58.40,d.58.40.1,74
d1ivza1,SCOPe-ALL,family,d.58.41.1,d,d.58,d.58.41,d.58.41.1,119
d1m1ha2,SCOPe-ALL,family,d.58.42.1,d,d.58,d.58.42,d.58.42.1,102
d2k06a_,SCOPe-ALL,family,d.58.42.1,d,d.58,d.58.42,d.58.42.1,123
d1nz8a_,SCOPe-ALL,family,d.58.42.1,d,d.58,d.58.42,d.58.42.1,119
d2vv5a2,SCOPe-ALL,family,d.58.43.1,d,d.58,d.58.43,d.58.43.1,101
d1iwga1,SCOPe-ALL,family,d.58.44.1,d,d.58,d.58.44,d.58.44.1,97
d1iwga2,SCOPe-ALL,family,d.58.44.1,d,d.58,d.58.44,d.58.44.1,105
d1iwga3,SCOPe-ALL,family,d.58.44.1,d,d.58,d.58.44,d.58.44.1,107
d1iwga4,SCOPe-ALL,family,d.58.44.1,d,d.58,d.58.44,d.58.44.1,99
d1pbua_,SCOPe-ALL,family,d.58.46.1,d,d.58,d.58.46,d.58.46.1,162
d1nxia1,SCOPe-ALL,family,d.58.47.1,d,d.58,d.58.47,d.58.47.1,124
d1yqha1,SCOPe-ALL,family,d.58.48.1,d,d.58,d.58.48,d.58.48.1,101
d2iboa1,SCOPe-ALL,family,d.58.48.1,d,d.58,d.58.48,d.58.48.1,90
d1vk8a_,SCOPe-ALL,family,d.58.48.1,d,d.58,d.58.48,d.58.48.1,93
d1lxja_,SCOPe-ALL,family,d.58.48.1,d,d.58,d.58.48,d.58.48.1,104
d1s99a_,SCOPe-ALL,family,d.58.48.2,d,d.58,d.58.48,d.58.48.2,189
d2epia_,SCOPe-ALL,family,d.58.48.0,d,d.58,d.58.48,d.58.48.0,98
d1in0a1,SCOPe-ALL,family,d.58.49.1,d,d.58,d.58.49,d.58.49.1,88
d1in0a2,SCOPe-ALL,family,d.58.49.1,d,d.58,d.58.49,d.58.49.1,74
d1j27a_,SCOPe-ALL,family,d.58.50.1,d,d.58,d.58.50,d.58.50.1,98
d1q8ka2,SCOPe-ALL,family,d.58.51.1,d,d.58,d.58.51,d.58.51.1,117
d2qn6b_,SCOPe-ALL,family,d.58.51.1,d,d.58,d.58.51,d.58.51.1,90
d1utaa_,SCOPe-ALL,family,d.58.52.1,d,d.58,d.58.52,d.58.52.1,77
d1x60a_,SCOPe-ALL,family,d.58.52.0,d,d.58,d.58.52,d.58.52.0,79
d2y8ya2,SCOPe-ALL,family,d.58.53.1,d,d.58,d.58.53,d.58.53.1,124
d4f3mb_,SCOPe-ALL,family,d.58.53.2,d,d.58,d.58.53,d.58.53.2,234
d3vzha1,SCOPe-ALL,family,d.58.53.2,d,d.58,d.58.53,d.58.53.2,212
d3i4hx1,SCOPe-ALL,family,d.58.53.3,d,d.58,d.58.53,d.58.53.3,121
d3i4hx2,SCOPe-ALL,family,d.58.53.3,d,d.58,d.58.53,d.58.53.3,117
d3ps0a1,SCOPe-ALL,family,d.58.53.4,d,d.58,d.58.53,d.58.53.4,320
d4n0la_,SCOPe-ALL,family,d.58.53.5,d,d.58,d.58.53,d.58.53.5,349
d2xlia1,SCOPe-ALL,family,d.58.53.6,d,d.58,d.58.53,d.58.53.6,94
d2xlia2,SCOPe-ALL,family,d.58.53.6,d,d.58,d.58.53,d.58.53.6,93
d6ifka2,SCOPe-ALL,family,d.58.53.7,d,d.58,d.58.53,d.58.53.7,191
d6ifka3,SCOPe-ALL,family,d.58.53.7,d,d.58,d.58.53,d.58.53.7,149
d4uw2a2,SCOPe-ALL,family,d.58.53.7,d,d.58,d.58.53,d.58.53.7,142
d4uw2a3,SCOPe-ALL,family,d.58.53.7,d,d.58,d.58.53,d.58.53.7,172
d3w2wa1,SCOPe-ALL,family,d.58.53.7,d,d.58,d.58.53,d.58.53.7,288
d3w2wa3,SCOPe-ALL,family,d.58.53.7,d,d.58,d.58.53,d.58.53.7,172
d4rega_,SCOPe-ALL,family,d.58.53.0,d,d.58,d.58.53,d.58.53.0,335
d2y8ya1,SCOPe-ALL,family,d.58.53.0,d,d.58,d.58.53,d.58.53.0,87
d1rwua_,SCOPe-ALL,family,d.58.54.1,d,d.58,d.58.54,d.58.54.1,87
d2joqa1,SCOPe-ALL,family,d.58.54.2,d,d.58,d.58.54,d.58.54.2,86
d2p8ia2,SCOPe-ALL,family,d.58.55.1,d,d.58,d.58.55,d.58.55.1,116
d3cima1,SCOPe-ALL,family,d.58.56.1,d,d.58,d.58.56,d.58.56.1,89
d5diib1,SCOPe-ALL,family,d.58.56.0,d,d.58,d.58.56,d.58.56.0,109
d5diib2,SCOPe-ALL,family,d.58.56.0,d,d.58,d.58.56,d.58.56.0,87
d3n79a1,SCOPe-ALL,family,d.58.56.0,d,d.58,d.58.56,d.58.56.0,93
d3n79a2,SCOPe-ALL,family,d.58.56.0,d,d.58,d.58.56,d.58.56.0,90
d2vjva1,SCOPe-ALL,family,d.58.57.1,d,d.58,d.58.57,d.58.57.1,125
d2fyxa1,SCOPe-ALL,family,d.58.57.1,d,d.58,d.58.57,d.58.57.1,129
d2f5ga_,SCOPe-ALL,family,d.58.57.1,d,d.58,d.58.57,d.58.57.1,130
d4maka_,SCOPe-ALL,family,d.58.58.1,d,d.58,d.58.58,d.58.58.1,73
d2i8ea1,SCOPe-ALL,family,d.58.58.1,d,d.58,d.58.58,d.58.58.1,88
d1zpwx1,SCOPe-ALL,family,d.58.58.1,d,d.58,d.58.58,d.58.58.1,82
d5g4da1,SCOPe-ALL,family,d.58.58.1,d,d.58,d.58.58,d.58.58.1,76
d4es1a1,SCOPe-ALL,family,d.58.58.0,d,d.58,d.58.58,d.58.58.0,87
d2czvc1,SCOPe-ALL,family,d.58.59.1,d,d.58,d.58.59,d.58.59.1,118
d3b8ma1,SCOPe-ALL,family,d.58.60.1,d,d.58,d.58.60,d.58.60.1,267
d3b8oa1,SCOPe-ALL,family,d.58.60.1,d,d.58,d.58.60,d.58.60.1,265
d4e29a_,SCOPe-ALL,family,d.58.60.1,d,d.58,d.58.60,d.58.60.1,237
d3bpda1,SCOPe-ALL,family,d.58.61.1,d,d.58,d.58.61,d.58.61.1,89
d1zava1,SCOPe-ALL,family,d.58.62.1,d,d.58,d.58.62,d.58.62.1,177
d5z1fa2,SCOPe-ALL,family,d.58.63.1,d,d.58,d.58.63,d.58.63.1,197
d4wisa2,SCOPe-ALL,family,d.58.64.1,d,d.58,d.58.64,d.58.64.1,224
d3bq9a1,SCOPe-ALL,family,d.58.65.0,d,d.58,d.58.65,d.58.65.0,136
d1vq8w1,SCOPe-ALL,family,d.59.1.1,d,d.59,d.59.1,d.59.1.1,154
d1bxya_,SCOPe-ALL,family,d.59.1.1,d,d.59,d.59.1,d.59.1.1,60
d1r8ea2,SCOPe-ALL,family,d.60.1.1,d,d.60,d.60.1,d.60.1.1,157
d1d5ya3,SCOPe-ALL,family,d.60.1.2,d,d.60,d.60.1,d.60.1.2,168
d1jyha_,SCOPe-ALL,family,d.60.1.3,d,d.60,d.60.1,d.60.1.3,155
d2gova1,SCOPe-ALL,family,d.60.1.4,d,d.60,d.60.1,d.60.1.4,184
d3r8ja_,SCOPe-ALL,family,d.60.1.0,d,d.60,d.60.1,d.60.1.0,180
d1jh6a_,SCOPe-ALL,family,d.61.1.1,d,d.61,d.61.1,d.61.1.1,181
d5ae0a_,SCOPe-ALL,family,d.61.1.3,d,d.61,d.61.1,d.61.1.3,217
d2fsqa1,SCOPe-ALL,family,d.61.1.4,d,d.61,d.61.1,d.61.1.4,232
d5h7fa_,SCOPe-ALL,family,d.61.1.0,d,d.61,d.61.1,d.61.1.0,182
d5ldqa_,SCOPe-ALL,family,d.61.1.0,d,d.61,d.61.1,d.61.1.0,175
d1vgja_,SCOPe-ALL,family,d.61.1.0,d,d.61,d.61.1,d.61.1.0,184
d1f32a_,SCOPe-ALL,family,d.62.1.1,d,d.62,d.62.1,d.62.1.1,147
d1d8ia_,SCOPe-ALL,family,d.63.1.1,d,d.63,d.63.1,d.63.1.1,301
d3bhda_,SCOPe-ALL,family,d.63.1.2,d,d.63,d.63.1,d.63.1.2,214
d3typa1,SCOPe-ALL,family,d.63.1.2,d,d.63,d.63.1,d.63.1.2,149
d2dc4a_,SCOPe-ALL,family,d.63.1.2,d,d.63,d.63.1,d.63.1.2,164
d2eena_,SCOPe-ALL,family,d.63.1.0,d,d.63,d.63.1,d.63.1.0,177
d3ghxa_,SCOPe-ALL,family,d.63.1.0,d,d.63,d.63.1,d.63.1.0,176
d2if1a1,SCOPe-ALL,family,d.64.1.1,d,d.64,d.64.1,d.64.1.1,113
d1d1ra1,SCOPe-ALL,family,d.64.1.1,d,d.64,d.64.1,d.64.1.1,81
d4peoa_,SCOPe-ALL,family,d.64.2.1,d,d.64,d.64.2,d.64.2.1,106
d2idla1,SCOPe-ALL,family,d.64.2.1,d,d.64,d.64.2,d.64.2.1,112
d1s12a_,SCOPe-ALL,family,d.64.2.1,d,d.64,d.64.2,d.64.2.1,94
d1lbua2,SCOPe-ALL,family,d.65.1.1,d,d.65,d.65.1,d.65.1.1,130
d3k7ib_,SCOPe-ALL,family,d.65.1.2,d,d.65,d.65.1,d.65.1.2,157
d1tzpa_,SCOPe-ALL,family,d.65.1.3,d,d.65,d.65.1,d.65.1.3,255
d1r44a_,SCOPe-ALL,family,d.65.1.4,d,d.65,d.65.1,d.65.1.4,202
d1xp2b1,SCOPe-ALL,family,d.65.1.5,d,d.65,d.65.1,d.65.1.5,148
d1fjgd_,SCOPe-ALL,family,d.66.1.2,d,d.66,d.66.1,d.66.1.2,208
d1dm9a_,SCOPe-ALL,family,d.66.1.3,d,d.66,d.66.1,d.66.1.3,104
d1jh3a_,SCOPe-ALL,family,d.66.1.4,d,d.66,d.66.1,d.66.1.4,99
d1h3fa2,SCOPe-ALL,family,d.66.1.4,d,d.66,d.66.1,d.66.1.4,81
d1kska3,SCOPe-ALL,family,d.66.1.5,d,d.66,d.66.1,d.66.1.5,59
d1vioa2,SCOPe-ALL,family,d.66.1.5,d,d.66,d.66.1,d.66.1.5,56
d1p9ka1,SCOPe-ALL,family,d.66.1.6,d,d.66,d.66.1,d.66.1.6,77
d1tkea2,SCOPe-ALL,family,d.67.1.1,d,d.67,d.67.1,d.67.1.1,162
d2e1ba2,SCOPe-ALL,family,d.67.1.2,d,d.67,d.67.1,d.67.1.2,129
d1v4pa_,SCOPe-ALL,family,d.67.1.2,d,d.67,d.67.1,d.67.1.2,151
d1f7ua3,SCOPe-ALL,family,d.67.2.1,d,d.67,d.67.2,d.67.2.1,134
d1iq0a3,SCOPe-ALL,family,d.67.2.1,d,d.67,d.67.2,d.67.2.1,96
d1ek8a_,SCOPe-ALL,family,d.67.3.1,d,d.67,d.67.3,d.67.3.1,185
d1wiha1,SCOPe-ALL,family,d.67.3.1,d,d.67,d.67.3,d.67.3.1,71
d1dd5a_,SCOPe-ALL,family,d.67.3.1,d,d.67,d.67.3,d.67.3.1,184
d1wqga_,SCOPe-ALL,family,d.67.3.1,d,d.67,d.67.3,d.67.3.1,184
d1uv7a_,SCOPe-ALL,family,d.67.4.1,d,d.67,d.67.4,d.67.4.1,80
d1tiga_,SCOPe-ALL,family,d.68.1.1,d,d.68,d.68.1,d.68.1.1,88
d6vrja_,SCOPe-ALL,family,d.68.1.1,d,d.68,d.68.1,d.68.1.1,97
d2m71a1,SCOPe-ALL,family,d.68.1.0,d,d.68,d.68.1,d.68.1.0,90
d1qmha2,SCOPe-ALL,family,d.68.2.1,d,d.68,d.68.2,d.68.2.1,240
d2pqca_,SCOPe-ALL,family,d.68.2.2,d,d.68,d.68.2,d.68.2.2,445
d3nvsa_,SCOPe-ALL,family,d.68.2.2,d,d.68,d.68.2,d.68.2.2,426
d5u4ha1,SCOPe-ALL,family,d.68.2.0,d,d.68,d.68.2,d.68.2.0,418
d1pava_,SCOPe-ALL,family,d.68.3.3,d,d.68,d.68.3,d.68.3.3,78
d1jdqa1,SCOPe-ALL,family,d.68.3.3,d,d.68,d.68.3,d.68.3.3,79
d1je3a1,SCOPe-ALL,family,d.68.3.3,d,d.68,d.68.3,d.68.3.3,77
d3lvjc_,SCOPe-ALL,family,d.68.3.3,d,d.68,d.68.3,d.68.3.3,77
d1rq8a_,SCOPe-ALL,family,d.68.4.1,d,d.68,d.68.4,d.68.4.1,96
d1ln4a1,SCOPe-ALL,family,d.68.4.1,d,d.68,d.68.4,d.68.4.1,97
d1nj8a2,SCOPe-ALL,family,d.68.5.1,d,d.68,d.68.5,d.68.5.1,62
d1nj1a2,SCOPe-ALL,family,d.68.5.1,d,d.68,d.68.5,d.68.5.1,71
d1hc7a3,SCOPe-ALL,family,d.68.5.1,d,d.68,d.68.5,d.68.5.1,74
d2bkyx_,SCOPe-ALL,family,d.68.6.1,d,d.68,d.68.6,d.68.6.1,86
d2bkya_,SCOPe-ALL,family,d.68.6.1,d,d.68,d.68.6,d.68.6.1,89
d2q3va_,SCOPe-ALL,family,d.68.6.2,d,d.68,d.68.6,d.68.6.2,99
d7dl8c_,SCOPe-ALL,family,d.68.6.0,d,d.68,d.68.6,d.68.6.0,104
d1ug8a1,SCOPe-ALL,family,d.68.7.1,d,d.68,d.68.7,d.68.7.1,74
d1whra1,SCOPe-ALL,family,d.68.7.1,d,d.68,d.68.7,d.68.7.1,111
d2lrra_,SCOPe-ALL,family,d.68.7.1,d,d.68,d.68.7,d.68.7.1,70
d3faua1,SCOPe-ALL,family,d.68.8.1,d,d.68,d.68.8,d.68.8.1,79
d1kpta_,SCOPe-ALL,family,d.70.1.1,d,d.70,d.70.1,d.70.1.1,105
d1ev0a_,SCOPe-ALL,family,d.71.1.1,d,d.71,d.71.1,d.71.1.1,58
d6u6sa_,SCOPe-ALL,family,d.71.1.0,d,d.71,d.71.1,d.71.1.0,44
d7o74a2,SCOPe-ALL,family,d.72.1.0,d,d.72,d.72.1,d.72.1.0,70
d1svdm1,SCOPe-ALL,family,d.73.1.1,d,d.73,d.73.1,d.73.1.1,108
d1wdds_,SCOPe-ALL,family,d.73.1.1,d,d.73,d.73.1,d.73.1.1,122
d4f0hb_,SCOPe-ALL,family,d.73.1.1,d,d.73,d.73.1,d.73.1.1,138
d1ru0a_,SCOPe-ALL,family,d.74.1.1,d,d.74,d.74.1,d.74.1.1,100
d1usma_,SCOPe-ALL,family,d.74.1.1,d,d.74,d.74.1,d.74.1.1,80
d2ebba_,SCOPe-ALL,family,d.74.1.0,d,d.74,d.74.1,d.74.1.0,96
d2p5ma_,SCOPe-ALL,family,d.74.2.1,d,d.74,d.74.2,d.74.2.1,82
d3buea_,SCOPe-ALL,family,d.74.2.0,d,d.74,d.74.2,d.74.2.0,78
d1bdfa1,SCOPe-ALL,family,d.74.3.1,d,d.74,d.74.3,d.74.3.1,106
d4c2mc1,SCOPe-ALL,family,d.74.3.1,d,d.74,d.74.3,d.74.3.1,160
d1twfc1,SCOPe-ALL,family,d.74.3.1,d,d.74,d.74.3,d.74.3.1,136
d1xppa_,SCOPe-ALL,family,d.74.3.2,d,d.74,d.74.3,d.74.3.2,99
d1twfk_,SCOPe-ALL,family,d.74.3.2,d,d.74,d.74.3,d.74.3.2,114
d7d59k_,SCOPe-ALL,family,d.74.3.0,d,d.74,d.74.3,d.74.3.0,107
d1zq1c2,SCOPe-ALL,family,d.74.4.1,d,d.74,d.74.4,d.74.4.1,131
d1c0aa2,SCOPe-ALL,family,d.74.4.1,d,d.74,d.74.4,d.74.4.1,133
d1l0wa2,SCOPe-ALL,family,d.74.4.1,d,d.74,d.74.4,d.74.4.1,120
d2p8ta2,SCOPe-ALL,family,d.74.4.2,d,d.74,d.74.4,d.74.4.2,117
d2phcb2,SCOPe-ALL,family,d.74.5.1,d,d.74,d.74.5,d.74.5.1,84
d1r0va3,SCOPe-ALL,family,d.75.1.1,d,d.75,d.75.1,d.75.1.1,75
d1r11a3,SCOPe-ALL,family,d.75.1.1,d,d.75,d.75.1,d.75.1.1,58
d1a79a2,SCOPe-ALL,family,d.75.1.1,d,d.75,d.75.1,d.75.1.1,74
d1wb9a4,SCOPe-ALL,family,d.75.2.1,d,d.75,d.75.2,d.75.2.1,115
d1ewqa4,SCOPe-ALL,family,d.75.2.1,d,d.75,d.75.2,d.75.2.1,120
d1syxb_,SCOPe-ALL,family,d.76.1.1,d,d.76,d.76.1,d.76.1.1,62
d1wh2a1,SCOPe-ALL,family,d.76.1.1,d,d.76,d.76.1,d.76.1.1,65
d2v0fa1,SCOPe-ALL,family,d.76.2.1,d,d.76,d.76.2,d.76.2.1,87
d2ckaa1,SCOPe-ALL,family,d.76.2.1,d,d.76,d.76.2,d.76.2.1,58
d1iq4a_,SCOPe-ALL,family,d.77.1.1,d,d.77,d.77.1,d.77.1.1,179
d1vq8d1,SCOPe-ALL,family,d.77.1.1,d,d.77,d.77.1,d.77.1.1,165
d2pzza1,SCOPe-ALL,family,d.77.1.2,d,d.77,d.77.1,d.77.1.2,132
d2ogka1,SCOPe-ALL,family,d.77.1.2,d,d.77,d.77.1,d.77.1.2,141
d2nrqa1,SCOPe-ALL,family,d.77.1.2,d,d.77,d.77.1,d.77.1.2,141
d2nwua1,SCOPe-ALL,family,d.77.1.2,d,d.77,d.77.1,d.77.1.2,142
d3c9ga_,SCOPe-ALL,family,d.77.1.0,d,d.77,d.77.1,d.77.1.0,131
d2wnya_,SCOPe-ALL,family,d.77.1.0,d,d.77,d.77.1,d.77.1.0,137
d1dzfa2,SCOPe-ALL,family,d.78.1.1,d,d.78,d.78.1,d.78.1.1,72
d1qu9a_,SCOPe-ALL,family,d.79.1.1,d,d.79,d.79.1,d.79.1.1,127
d2otma1,SCOPe-ALL,family,d.79.1.1,d,d.79,d.79.1,d.79.1.1,152
d2ewca1,SCOPe-ALL,family,d.79.1.1,d,d.79,d.79.1,d.79.1.1,120
d1pf5a_,SCOPe-ALL,family,d.79.1.1,d,d.79,d.79.1,d.79.1.1,130
d6tcdd1,SCOPe-ALL,family,d.79.1.1,d,d.79,d.79.1,d.79.1.1,131
d1ufya_,SCOPe-ALL,family,d.79.1.2,d,d.79,d.79.1,d.79.1.2,121
d4bvqa1,SCOPe-ALL,family,d.79.1.3,d,d.79,d.79.1,d.79.1.3,363
d3d01a1,SCOPe-ALL,family,d.79.1.0,d,d.79,d.79.1,d.79.1.0,154
d3m1xa_,SCOPe-ALL,family,d.79.1.0,d,d.79,d.79.1,d.79.1.0,126
d3v4da_,SCOPe-ALL,family,d.79.1.0,d,d.79,d.79.1,d.79.1.0,126
d5hy0a_,SCOPe-ALL,family,d.79.1.0,d,d.79,d.79.1,d.79.1.0,377
d3i7ta_,SCOPe-ALL,family,d.79.1.0,d,d.79,d.79.1,d.79.1.0,118
d3kjja1,SCOPe-ALL,family,d.79.1.0,d,d.79,d.79.1,d.79.1.0,116
d3k12a1,SCOPe-ALL,family,d.79.1.0,d,d.79,d.79.1,d.79.1.0,114
d6izha_,SCOPe-ALL,family,d.79.1.0,d,d.79,d.79.1,d.79.1.0,138
d3lmea1,SCOPe-ALL,family,d.79.1.0,d,d.79,d.79.1,d.79.1.0,127
d2r7512,SCOPe-ALL,family,d.79.2.1,d,d.79,d.79.2,d.79.2.1,126
d2vapa2,SCOPe-ALL,family,d.79.2.1,d,d.79,d.79.2,d.79.2.1,123
d1w5fa2,SCOPe-ALL,family,d.79.2.1,d,d.79,d.79.2,d.79.2.1,121
d2btoa2,SCOPe-ALL,family,d.79.2.1,d,d.79,d.79.2,d.79.2.1,180
d3ryca2,SCOPe-ALL,family,d.79.2.1,d,d.79,d.79.2,d.79.2.1,193
d3rycb2,SCOPe-ALL,family,d.79.2.1,d,d.79,d.79.2,d.79.2.1,189
d3cb2a2,SCOPe-ALL,family,d.79.2.0,d,d.79,d.79.2,d.79.2.0,200
d6rvqa2,SCOPe-ALL,family,d.79.2.0,d,d.79,d.79.2,d.79.2.0,107
d1t0kb_,SCOPe-ALL,family,d.79.3.1,d,d.79,d.79.3,d.79.3.1,97
d1w41a1,SCOPe-ALL,family,d.79.3.1,d,d.79,d.79.3,d.79.3.1,99
d1ra4a_,SCOPe-ALL,family,d.79.3.1,d,d.79,d.79.3,d.79.3.1,117
d2alea1,SCOPe-ALL,family,d.79.3.1,d,d.79,d.79.3,d.79.3.1,126
d1dt9a2,SCOPe-ALL,family,d.79.3.2,d,d.79,d.79.3,d.79.3.2,146
d1x52a1,SCOPe-ALL,family,d.79.3.2,d,d.79,d.79.3,d.79.3.2,111
d2qi2a3,SCOPe-ALL,family,d.79.3.2,d,d.79,d.79.3,d.79.3.2,95
d2vgna3,SCOPe-ALL,family,d.79.3.2,d,d.79,d.79.3,d.79.3.2,105
d1gz0a2,SCOPe-ALL,family,d.79.3.3,d,d.79,d.79.3,d.79.3.3,76
d1ipaa2,SCOPe-ALL,family,d.79.3.3,d,d.79,d.79.3,d.79.3.3,105
d4af1a3,SCOPe-ALL,family,d.79.3.0,d,d.79,d.79.3,d.79.3.0,139
d1t3ta4,SCOPe-ALL,family,d.79.4.1,d,d.79,d.79.4,d.79.4.1,209
d1t3ta5,SCOPe-ALL,family,d.79.4.1,d,d.79,d.79.4,d.79.4.1,200
d2z1ea1,SCOPe-ALL,family,d.79.4.1,d,d.79,d.79.4,d.79.4.1,113
d1vk3a1,SCOPe-ALL,family,d.79.4.1,d,d.79,d.79.4,d.79.4.1,165
d1vk3a2,SCOPe-ALL,family,d.79.4.1,d,d.79,d.79.4,d.79.4.1,162
d2yyda1,SCOPe-ALL,family,d.79.4.1,d,d.79,d.79.4,d.79.4.1,152
d3c9ua1,SCOPe-ALL,family,d.79.4.1,d,d.79,d.79.4,d.79.4.1,137
d5cm7a1,SCOPe-ALL,family,d.79.4.0,d,d.79,d.79.4,d.79.4.0,136
d3u0oa1,SCOPe-ALL,family,d.79.4.0,d,d.79,d.79.4,d.79.4.0,134
d3qtya1,SCOPe-ALL,family,d.79.4.0,d,d.79,d.79.4,d.79.4.0,170
d2v9ya1,SCOPe-ALL,family,d.79.4.0,d,d.79,d.79.4,d.79.4.0,125
d1iv3a_,SCOPe-ALL,family,d.79.5.1,d,d.79,d.79.5,d.79.5.1,150
d3f0da_,SCOPe-ALL,family,d.79.5.0,d,d.79,d.79.5,d.79.5.0,159
d4c82a_,SCOPe-ALL,family,d.79.5.0,d,d.79,d.79.5,d.79.5.0,180
d2h8ea_,SCOPe-ALL,family,d.79.6.1,d,d.79,d.79.6,d.79.6.1,120
d1r1ma_,SCOPe-ALL,family,d.79.7.1,d,d.79,d.79.7,d.79.7.1,140
d2hqsc2,SCOPe-ALL,family,d.79.7.1,d,d.79,d.79.7,d.79.7.1,106
d3td3a1,SCOPe-ALL,family,d.79.7.0,d,d.79,d.79.7,d.79.7.0,119
d3oona1,SCOPe-ALL,family,d.79.7.0,d,d.79,d.79.7,d.79.7.0,121
d5wtpa1,SCOPe-ALL,family,d.79.7.0,d,d.79,d.79.7,d.79.7.0,120
d7rjja_,SCOPe-ALL,family,d.79.7.0,d,d.79,d.79.7,d.79.7.0,120
d4zhwa_,SCOPe-ALL,family,d.79.7.0,d,d.79,d.79.7,d.79.7.0,110
d6jfwa1,SCOPe-ALL,family,d.79.7.0,d,d.79,d.79.7,d.79.7.0,139
d4rhaa_,SCOPe-ALL,family,d.79.7.0,d,d.79,d.79.7,d.79.7.0,133
d2ohwa1,SCOPe-ALL,family,d.79.8.1,d,d.79,d.79.8,d.79.8.1,128
d3byqa1,SCOPe-ALL,family,d.79.9.1,d,d.79,d.79.9,d.79.9.1,191
d2qtpa1,SCOPe-ALL,family,d.79.9.1,d,d.79,d.79.9,d.79.9.1,169
d1gyxa_,SCOPe-ALL,family,d.80.1.1,d,d.80,d.80.1,d.80.1.1,76
d3ej9a_,SCOPe-ALL,family,d.80.1.1,d,d.80,d.80.1,d.80.1.1,62
d3ej9b_,SCOPe-ALL,family,d.80.1.1,d,d.80,d.80.1,d.80.1.1,59
d1otga_,SCOPe-ALL,family,d.80.1.2,d,d.80,d.80.1,d.80.1.2,125
d3kana_,SCOPe-ALL,family,d.80.1.3,d,d.80,d.80.1,d.80.1.3,117
d4grpa_,SCOPe-ALL,family,d.80.1.3,d,d.80,d.80.1,d.80.1.3,118
d6lr3a_,SCOPe-ALL,family,d.80.1.3,d,d.80,d.80.1,d.80.1.3,116
d3gada_,SCOPe-ALL,family,d.80.1.3,d,d.80,d.80.1,d.80.1.3,115
d1hfoa_,SCOPe-ALL,family,d.80.1.3,d,d.80,d.80.1,d.80.1.3,113
d1u9da1,SCOPe-ALL,family,d.80.1.5,d,d.80,d.80.1,d.80.1.5,107
d2aala1,SCOPe-ALL,family,d.80.1.6,d,d.80,d.80.1,d.80.1.6,129
d2os5a_,SCOPe-ALL,family,d.80.1.0,d,d.80,d.80.1,d.80.1.0,118
d4jj9a1,SCOPe-ALL,family,d.80.1.0,d,d.80,d.80.1,d.80.1.0,140
d6vvna1,SCOPe-ALL,family,d.80.1.0,d,d.80,d.80.1,d.80.1.0,61
d6vvna2,SCOPe-ALL,family,d.80.1.0,d,d.80,d.80.1,d.80.1.0,62
d4lhpa_,SCOPe-ALL,family,d.80.1.0,d,d.80,d.80.1,d.80.1.0,131
d6cuqa1,SCOPe-ALL,family,d.80.1.0,d,d.80,d.80.1,d.80.1.0,113
d3t5sa1,SCOPe-ALL,family,d.80.1.0,d,d.80,d.80.1,d.80.1.0,101
d2orma_,SCOPe-ALL,family,d.80.1.0,d,d.80,d.80.1,d.80.1.0,67
d3b64a_,SCOPe-ALL,family,d.80.1.0,d,d.80,d.80.1,d.80.1.0,112
d4fdxa_,SCOPe-ALL,family,d.80.1.0,d,d.80,d.80.1,d.80.1.0,61
d4lkba1,SCOPe-ALL,family,d.80.1.0,d,d.80,d.80.1,d.80.1.0,120
d2xcza_,SCOPe-ALL,family,d.80.1.0,d,d.80,d.80.1,d.80.1.0,114
d2x4ka1,SCOPe-ALL,family,d.80.1.0,d,d.80,d.80.1,d.80.1.0,61
d3abfa_,SCOPe-ALL,family,d.80.1.0,d,d.80,d.80.1,d.80.1.0,64
d4dh4a_,SCOPe-ALL,family,d.80.1.0,d,d.80,d.80.1,d.80.1.0,114
d1nvmb2,SCOPe-ALL,family,d.81.1.1,d,d.81,d.81.1,d.81.1.1,155
d1t4ba2,SCOPe-ALL,family,d.81.1.1,d,d.81,d.81.1,d.81.1.1,221
d4r3na2,SCOPe-ALL,family,d.81.1.1,d,d.81,d.81.1,d.81.1.1,202
d3cmco2,SCOPe-ALL,family,d.81.1.1,d,d.81,d.81.1,d.81.1.1,163
d2czca1,SCOPe-ALL,family,d.81.1.1,d,d.81,d.81.1,d.81.1.1,162
d2g17a2,SCOPe-ALL,family,d.81.1.1,d,d.81,d.81.1,d.81.1.1,155
d1vkna2,SCOPe-ALL,family,d.81.1.1,d,d.81,d.81.1,d.81.1.1,163
d2cvoa2,SCOPe-ALL,family,d.81.1.1,d,d.81,d.81.1,d.81.1.1,165
d2hjsa2,SCOPe-ALL,family,d.81.1.1,d,d.81,d.81.1,d.81.1.1,190
d1ebua2,SCOPe-ALL,family,d.81.1.2,d,d.81,d.81.1,d.81.1.2,190
d1ff9a2,SCOPe-ALL,family,d.81.1.2,d,d.81,d.81.1,d.81.1.2,267
d2egha3,SCOPe-ALL,family,d.81.1.3,d,d.81,d.81.1,d.81.1.3,149
d2dapa2,SCOPe-ALL,family,d.81.1.3,d,d.81,d.81.1,d.81.1.3,150
d1drua2,SCOPe-ALL,family,d.81.1.3,d,d.81,d.81.1,d.81.1.3,110
d1p9la2,SCOPe-ALL,family,d.81.1.3,d,d.81,d.81.1,d.81.1.3,109
d1vm6a2,SCOPe-ALL,family,d.81.1.3,d,d.81,d.81.1,d.81.1.3,86
d1vjpa4,SCOPe-ALL,family,d.81.1.3,d,d.81,d.81.1,d.81.1.3,107
d1j5pa3,SCOPe-ALL,family,d.81.1.3,d,d.81,d.81.1,d.81.1.3,103
d3qvsa2,SCOPe-ALL,family,d.81.1.3,d,d.81,d.81.1,d.81.1.3,105
d1p1ja2,SCOPe-ALL,family,d.81.1.3,d,d.81,d.81.1,d.81.1.3,115
d1gr0a2,SCOPe-ALL,family,d.81.1.3,d,d.81,d.81.1,d.81.1.3,111
d1lc0a2,SCOPe-ALL,family,d.81.1.4,d,d.81,d.81.1,d.81.1.4,118
d2nvwa2,SCOPe-ALL,family,d.81.1.5,d,d.81,d.81.1,d.81.1.5,219
d1qkia2,SCOPe-ALL,family,d.81.1.5,d,d.81,d.81.1,d.81.1.5,298
d1dpga2,SCOPe-ALL,family,d.81.1.5,d,d.81,d.81.1,d.81.1.5,291
d1h6da2,SCOPe-ALL,family,d.81.1.5,d,d.81,d.81.1,d.81.1.5,162
d1zh8a2,SCOPe-ALL,family,d.81.1.5,d,d.81,d.81.1,d.81.1.5,144
d2q4ea2,SCOPe-ALL,family,d.81.1.5,d,d.81,d.81.1,d.81.1.5,171
d1xeaa2,SCOPe-ALL,family,d.81.1.5,d,d.81,d.81.1,d.81.1.5,144
d1tlta2,SCOPe-ALL,family,d.81.1.5,d,d.81,d.81.1,d.81.1.5,140
d2iafa1,SCOPe-ALL,family,d.81.2.1,d,d.81,d.81.2,d.81.2.1,145
d1ygya4,SCOPe-ALL,family,d.81.2.2,d,d.81,d.81.2,d.81.2.2,135
d2glza1,SCOPe-ALL,family,d.81.3.1,d,d.81,d.81.3,d.81.3.1,149
d2gvia1,SCOPe-ALL,family,d.81.3.1,d,d.81,d.81.3,d.81.3.1,168
d4efae2,SCOPe-ALL,family,d.81.4.1,d,d.81,d.81.4,d.81.4.1,129
d2dm9a1,SCOPe-ALL,family,d.81.4.1,d,d.81,d.81.4,d.81.4.1,118
d3k5ba1,SCOPe-ALL,family,d.81.4.1,d,d.81,d.81.4,d.81.4.1,111
d1oaca4,SCOPe-ALL,family,d.82.1.1,d,d.82,d.82.1,d.82.1.1,86
d3oeqa_,SCOPe-ALL,family,d.82.2.1,d,d.82,d.82.2,d.82.2.1,121
d1ew4a_,SCOPe-ALL,family,d.82.2.1,d,d.82,d.82.2,d.82.2.1,106
d3t3la_,SCOPe-ALL,family,d.82.2.1,d,d.82,d.82.2,d.82.2.1,121
d3iam7_,SCOPe-ALL,family,d.82.2.2,d,d.82,d.82.2,d.82.2.2,127
d1sgoa_,SCOPe-ALL,family,d.82.3.1,d,d.82,d.82.3,d.82.3.1,139
d1v5ra1,SCOPe-ALL,family,d.82.4.1,d,d.82,d.82.4,d.82.4.1,84
d1ylxa1,SCOPe-ALL,family,d.82.5.1,d,d.82,d.82.5,d.82.5.1,100
d1ewfa1,SCOPe-ALL,family,d.83.1.1,d,d.83,d.83.1,d.83.1.1,217
d1ewfa2,SCOPe-ALL,family,d.83.1.1,d,d.83,d.83.1,d.83.1.1,239
d4m4da2,SCOPe-ALL,family,d.83.1.0,d,d.83,d.83.1,d.83.1.0,240
d1usub_,SCOPe-ALL,family,d.83.2.1,d,d.83,d.83.2,d.83.2.1,142
d4hwxa1,SCOPe-ALL,family,d.84.1.0,d,d.84,d.84.1,d.84.1.0,113
d6i0ia_,SCOPe-ALL,family,d.84.1.0,d,d.84,d.84.1,d.84.1.0,108
d1e6ta_,SCOPe-ALL,family,d.85.1.1,d,d.85,d.85.1,d.85.1.1,129
d1qbea_,SCOPe-ALL,family,d.85.1.1,d,d.85,d.85.1,d.85.1.1,132
d2quda1,SCOPe-ALL,family,d.85.1.1,d,d.85,d.85.1,d.85.1.1,122
d2q4ka_,SCOPe-ALL,family,d.86.1.2,d,d.86,d.86.1,d.86.1.2,234
d3hxia1,SCOPe-ALL,family,d.86.1.0,d,d.86,d.86.1,d.86.1.0,181
d6fc0a1,SCOPe-ALL,family,d.86.1.0,d,d.86,d.86.1,d.86.1.0,196
d4ue8a1,SCOPe-ALL,family,d.86.1.0,d,d.86,d.86.1,d.86.1.0,166
d2jgba_,SCOPe-ALL,family,d.86.1.0,d,d.86,d.86.1,d.86.1.0,190
d2idra_,SCOPe-ALL,family,d.86.1.0,d,d.86,d.86.1,d.86.1.0,177
d1m6ia3,SCOPe-ALL,family,d.87.1.1,d,d.87,d.87.1,d.87.1.1,131
d1v59a3,SCOPe-ALL,family,d.87.1.1,d,d.87,d.87.1,d.87.1.1,123
d1xdia2,SCOPe-ALL,family,d.87.1.1,d,d.87,d.87.1,d.87.1.1,118
d1ojta3,SCOPe-ALL,family,d.87.1.1,d,d.87,d.87.1,d.87.1.1,128
d1fcda3,SCOPe-ALL,family,d.87.1.1,d,d.87,d.87.1,d.87.1.1,74
d3dk9a3,SCOPe-ALL,family,d.87.1.1,d,d.87,d.87.1,d.87.1.1,115
d1h6va3,SCOPe-ALL,family,d.87.1.1,d,d.87,d.87.1,d.87.1.1,133
d1xhca3,SCOPe-ALL,family,d.87.1.1,d,d.87,d.87.1,d.87.1.1,62
d1nhpa3,SCOPe-ALL,family,d.87.1.1,d,d.87,d.87.1,d.87.1.1,126
d1mo9a3,SCOPe-ALL,family,d.87.1.1,d,d.87,d.87.1,d.87.1.1,140
d2gqwa3,SCOPe-ALL,family,d.87.1.1,d,d.87,d.87.1,d.87.1.1,92
d1q1ra3,SCOPe-ALL,family,d.87.1.1,d,d.87,d.87.1,d.87.1.1,103
d1feca3,SCOPe-ALL,family,d.87.1.1,d,d.87,d.87.1,d.87.1.1,128
d1rm6b1,SCOPe-ALL,family,d.87.2.1,d,d.87,d.87.2,d.87.2.1,107
d1n62c1,SCOPe-ALL,family,d.87.2.1,d,d.87,d.87.2,d.87.2.1,109
d1t3qc1,SCOPe-ALL,family,d.87.2.1,d,d.87,d.87.2,d.87.2.1,109
d3nvvb2,SCOPe-ALL,family,d.87.2.0,d,d.87,d.87.2,d.87.2.0,114
d2w3sa4,SCOPe-ALL,family,d.87.2.0,d,d.87,d.87.2,d.87.2.0,117
d4zohb2,SCOPe-ALL,family,d.87.2.0,d,d.87,d.87.2,d.87.2.0,107
d1mnma_,SCOPe-ALL,family,d.88.1.1,d,d.88,d.88.1,d.88.1.1,85
d1egwa_,SCOPe-ALL,family,d.88.1.1,d,d.88,d.88.1,d.88.1.1,71
d4nbpa_,SCOPe-ALL,family,d.89.1.1,d,d.89,d.89.1,d.89.1.1,129
d1f08a1,SCOPe-ALL,family,d.89.1.2,d,d.89,d.89.1,d.89.1.2,145
d1r9wa_,SCOPe-ALL,family,d.89.1.2,d,d.89,d.89.1,d.89.1.2,145
d1m55a_,SCOPe-ALL,family,d.89.1.3,d,d.89,d.89.1,d.89.1.3,193
d1p4da_,SCOPe-ALL,family,d.89.1.5,d,d.89,d.89.1,d.89.1.5,307
d3l57a_,SCOPe-ALL,family,d.89.1.0,d,d.89,d.89.1,d.89.1.0,225
d6q1ma_,SCOPe-ALL,family,d.89.1.0,d,d.89,d.89.1,d.89.1.0,119
d1vfra_,SCOPe-ALL,family,d.90.1.1,d,d.90,d.90.1,d.90.1.1,217
d1ywqa1,SCOPe-ALL,family,d.90.1.1,d,d.90,d.90.1,d.90.1.1,199
d2b67a1,SCOPe-ALL,family,d.90.1.1,d,d.90,d.90.1,d.90.1.1,201
d1zcha1,SCOPe-ALL,family,d.90.1.1,d,d.90,d.90.1,d.90.1.1,249
d2frea1,SCOPe-ALL,family,d.90.1.1,d,d.90,d.90.1,d.90.1.1,200
d1noxa_,SCOPe-ALL,family,d.90.1.1,d,d.90,d.90.1,d.90.1.1,200
d7niya_,SCOPe-ALL,family,d.90.1.1,d,d.90,d.90.1,d.90.1.1,240
d1ykia_,SCOPe-ALL,family,d.90.1.1,d,d.90,d.90.1,d.90.1.1,216
d1vkwa1,SCOPe-ALL,family,d.90.1.2,d,d.90,d.90.1,d.90.1.2,206
d3bema1,SCOPe-ALL,family,d.90.1.0,d,d.90,d.90.1,d.90.1.0,206
d3eofa1,SCOPe-ALL,family,d.90.1.0,d,d.90,d.90.1,d.90.1.0,247
d4urpa_,SCOPe-ALL,family,d.90.1.0,d,d.90,d.90.1,d.90.1.0,191
d3gr3a_,SCOPe-ALL,family,d.90.1.0,d,d.90,d.90.1,d.90.1.0,226
d3e10a_,SCOPe-ALL,family,d.90.1.0,d,d.90,d.90.1,d.90.1.0,166
d3h4oa_,SCOPe-ALL,family,d.90.1.0,d,d.90,d.90.1,d.90.1.0,172
d3eo8a1,SCOPe-ALL,family,d.90.1.0,d,d.90,d.90.1,d.90.1.0,218
d3g14a_,SCOPe-ALL,family,d.90.1.0,d,d.90,d.90.1,d.90.1.0,185
d3pxva_,SCOPe-ALL,family,d.90.1.0,d,d.90,d.90.1,d.90.1.0,188
d3ge6a_,SCOPe-ALL,family,d.90.1.0,d,d.90,d.90.1,d.90.1.0,210
d4dn2a1,SCOPe-ALL,family,d.90.1.0,d,d.90,d.90.1,d.90.1.0,185
d7ldqa1,SCOPe-ALL,family,d.90.1.0,d,d.90,d.90.1,d.90.1.0,220
d3qdla_,SCOPe-ALL,family,d.90.1.0,d,d.90,d.90.1,d.90.1.0,210
d3of4a_,SCOPe-ALL,family,d.90.1.0,d,d.90,d.90.1,d.90.1.0,208
d4qlxa_,SCOPe-ALL,family,d.90.1.0,d,d.90,d.90.1,d.90.1.0,217
d2wqfa_,SCOPe-ALL,family,d.90.1.0,d,d.90,d.90.1,d.90.1.0,201
d2wzva_,SCOPe-ALL,family,d.90.1.0,d,d.90,d.90.1,d.90.1.0,222
d3m5ka_,SCOPe-ALL,family,d.90.1.0,d,d.90,d.90.1,d.90.1.0,168
d5j6ca_,SCOPe-ALL,family,d.90.1.0,d,d.90,d.90.1,d.90.1.0,173
d3ge5a_,SCOPe-ALL,family,d.90.1.0,d,d.90,d.90.1,d.90.1.0,176
d3gaga1,SCOPe-ALL,family,d.90.1.0,d,d.90,d.90.1,d.90.1.0,205
d6tyka_,SCOPe-ALL,family,d.90.1.0,d,d.90,d.90.1,d.90.1.0,185
d1dt9a3,SCOPe-ALL,family,d.91.1.1,d,d.91,d.91.1,d.91.1.1,138
d4af1a1,SCOPe-ALL,family,d.91.1.0,d,d.91,d.91.1,d.91.1.0,138
d1c7ka_,SCOPe-ALL,family,d.92.1.1,d,d.92,d.92.1,d.92.1.1,132
d1u4ga_,SCOPe-ALL,family,d.92.1.2,d,d.92,d.92.1,d.92.1.2,298
d4n4ee_,SCOPe-ALL,family,d.92.1.2,d,d.92,d.92.1,d.92.1.2,316
d1lmla_,SCOPe-ALL,family,d.92.1.3,d,d.92,d.92.1,d.92.1.3,475
d6suka_,SCOPe-ALL,family,d.92.1.4,d,d.92,d.92.1,d.92.1.4,698
d6h5wa_,SCOPe-ALL,family,d.92.1.5,d,d.92,d.92.1,d.92.1.5,586
d1i1ip_,SCOPe-ALL,family,d.92.1.5,d,d.92,d.92.1,d.92.1.5,665
d1k9xa_,SCOPe-ALL,family,d.92.1.5,d,d.92,d.92.1,d.92.1.5,497
d1epwa3,SCOPe-ALL,family,d.92.1.7,d,d.92,d.92.1,d.92.1.7,533
d4el4a_,SCOPe-ALL,family,d.92.1.7,d,d.92,d.92.1,d.92.1.7,425
d2a8aa_,SCOPe-ALL,family,d.92.1.7,d,d.92,d.92.1,d.92.1.7,414
d1asta_,SCOPe-ALL,family,d.92.1.8,d,d.92,d.92.1,d.92.1.8,200
d1r55a1,SCOPe-ALL,family,d.92.1.9,d,d.92,d.92.1,d.92.1.9,202
d2w15a_,SCOPe-ALL,family,d.92.1.9,d,d.92,d.92.1,d.92.1.9,202
d2ddfa_,SCOPe-ALL,family,d.92.1.10,d,d.92,d.92.1,d.92.1.10,257
d1y93a_,SCOPe-ALL,family,d.92.1.11,d,d.92,d.92.1,d.92.1.11,158
d1eb6a_,SCOPe-ALL,family,d.92.1.12,d,d.92,d.92.1,d.92.1.12,177
d1g12a_,SCOPe-ALL,family,d.92.1.12,d,d.92,d.92.1,d.92.1.12,167
d4qmea2,SCOPe-ALL,family,d.92.1.13,d,d.92,d.92.1,d.92.1.13,250
d3u9wa2,SCOPe-ALL,family,d.92.1.13,d,d.92,d.92.1,d.92.1.13,252
d1z1wa2,SCOPe-ALL,family,d.92.1.13,d,d.92,d.92.1,d.92.1.13,244
d1j7na1,SCOPe-ALL,family,d.92.1.14,d,d.92,d.92.1,d.92.1.14,237
d4dv8a2,SCOPe-ALL,family,d.92.1.14,d,d.92,d.92.1,d.92.1.14,226
d1oz9a_,SCOPe-ALL,family,d.92.1.15,d,d.92,d.92.1,d.92.1.15,141
d1tvia_,SCOPe-ALL,family,d.92.1.15,d,d.92,d.92.1,d.92.1.15,150
d1xm5a_,SCOPe-ALL,family,d.92.1.15,d,d.92,d.92.1,d.92.1.15,152
d3cmna1,SCOPe-ALL,family,d.92.1.16,d,d.92,d.92.1,d.92.1.16,346
d3e11a1,SCOPe-ALL,family,d.92.1.17,d,d.92,d.92.1,d.92.1.17,113
d2ejqa1,SCOPe-ALL,family,d.92.1.17,d,d.92,d.92.1,d.92.1.17,107
d6g8ua_,SCOPe-ALL,family,d.92.1.0,d,d.92,d.92.1,d.92.1.0,413
d2fpqa1,SCOPe-ALL,family,d.92.1.0,d,d.92,d.92.1,d.92.1.0,424
d2w2db1,SCOPe-ALL,family,d.92.1.0,d,d.92,d.92.1,d.92.1.0,94
d2xhlb1,SCOPe-ALL,family,d.92.1.0,d,d.92,d.92.1,d.92.1.0,89
d5e3xa_,SCOPe-ALL,family,d.92.1.0,d,d.92,d.92.1,d.92.1.0,489
d3edha_,SCOPe-ALL,family,d.92.1.0,d,d.92,d.92.1,d.92.1.0,201
d4wk7a_,SCOPe-ALL,family,d.92.1.0,d,d.92,d.92.1,d.92.1.0,216
d6q4ra2,SCOPe-ALL,family,d.92.1.0,d,d.92,d.92.1,d.92.1.0,250
d4iuwa_,SCOPe-ALL,family,d.92.1.0,d,d.92,d.92.1,d.92.1.0,630
d3zuka_,SCOPe-ALL,family,d.92.1.0,d,d.92,d.92.1,d.92.1.0,660
d5d7wa1,SCOPe-ALL,family,d.92.1.0,d,d.92,d.92.1,d.92.1.0,243
d4r3va_,SCOPe-ALL,family,d.92.1.0,d,d.92,d.92.1,d.92.1.0,179
d3hoaa_,SCOPe-ALL,family,d.92.1.0,d,d.92,d.92.1,d.92.1.0,509
d1qbaa4,SCOPe-ALL,family,d.92.2.1,d,d.92,d.92.2,d.92.2.1,137
d2gjxa2,SCOPe-ALL,family,d.92.2.1,d,d.92,d.92.2,d.92.2.1,144
d1nowa2,SCOPe-ALL,family,d.92.2.1,d,d.92,d.92.2,d.92.2.1,145
d1jaka2,SCOPe-ALL,family,d.92.2.1,d,d.92,d.92.2,d.92.2.1,143
d1l8na2,SCOPe-ALL,family,d.92.2.2,d,d.92,d.92.2,d.92.2.2,139
d1gqia2,SCOPe-ALL,family,d.92.2.2,d,d.92,d.92.2,d.92.2.2,147
d2choa3,SCOPe-ALL,family,d.92.2.3,d,d.92,d.92.2,d.92.2.3,122
d2v5ca1,SCOPe-ALL,family,d.92.2.3,d,d.92,d.92.2,d.92.2.3,138
d1xa6a2,SCOPe-ALL,family,d.93.1.1,d,d.93,d.93.1,d.93.1.1,141
d1i3za_,SCOPe-ALL,family,d.93.1.1,d,d.93,d.93.1,d.93.1.1,103
d1nrva_,SCOPe-ALL,family,d.93.1.1,d,d.93,d.93.1,d.93.1.1,105
d6icga1,SCOPe-ALL,family,d.93.1.1,d,d.93,d.93.1,d.93.1.1,93
d2cs0a1,SCOPe-ALL,family,d.93.1.1,d,d.93,d.93.1,d.93.1.1,106
d1lkka_,SCOPe-ALL,family,d.93.1.1,d,d.93,d.93.1,d.93.1.1,105
d1qada_,SCOPe-ALL,family,d.93.1.1,d,d.93,d.93.1,d.93.1.1,107
d5tnwa1,SCOPe-ALL,family,d.93.1.1,d,d.93,d.93.1,d.93.1.1,96
d1mila1,SCOPe-ALL,family,d.93.1.1,d,d.93,d.93.1,d.93.1.1,102
d1uura3,SCOPe-ALL,family,d.93.1.1,d,d.93,d.93.1,d.93.1.1,131
d1bg1a3,SCOPe-ALL,family,d.93.1.1,d,d.93,d.93.1,d.93.1.1,141
d2c9wa2,SCOPe-ALL,family,d.93.1.1,d,d.93,d.93.1,d.93.1.1,103
d2izva2,SCOPe-ALL,family,d.93.1.1,d,d.93,d.93.1,d.93.1.1,112
d1d4ta_,SCOPe-ALL,family,d.93.1.1,d,d.93,d.93.1,d.93.1.1,104
d1ayaa_,SCOPe-ALL,family,d.93.1.1,d,d.93,d.93.1,d.93.1.1,101
d2oq1a1,SCOPe-ALL,family,d.93.1.1,d,d.93,d.93.1,d.93.1.1,130
d2oq1a2,SCOPe-ALL,family,d.93.1.1,d,d.93,d.93.1,d.93.1.1,124
d4eiha_,SCOPe-ALL,family,d.93.1.1,d,d.93,d.93.1,d.93.1.1,101
d5w3ra1,SCOPe-ALL,family,d.93.1.1,d,d.93,d.93.1,d.93.1.1,110
d5jn0a_,SCOPe-ALL,family,d.93.1.1,d,d.93,d.93.1,d.93.1.1,99
d2iuga1,SCOPe-ALL,family,d.93.1.1,d,d.93,d.93.1,d.93.1.1,103
d3s9ka1,SCOPe-ALL,family,d.93.1.1,d,d.93,d.93.1,d.93.1.1,106
d3vrna3,SCOPe-ALL,family,d.93.1.0,d,d.93,d.93.1,d.93.1.0,87
d6waxa_,SCOPe-ALL,family,d.93.1.0,d,d.93,d.93.1,d.93.1.0,105
d3eaza_,SCOPe-ALL,family,d.93.1.0,d,d.93,d.93.1,d.93.1.0,102
d2ciaa1,SCOPe-ALL,family,d.93.1.0,d,d.93,d.93.1,d.93.1.0,97
d6pxba_,SCOPe-ALL,family,d.93.1.0,d,d.93,d.93.1,d.93.1.0,103
d2b3oa2,SCOPe-ALL,family,d.93.1.0,d,d.93,d.93.1,d.93.1.0,107
d2kk6a1,SCOPe-ALL,family,d.93.1.0,d,d.93,d.93.1,d.93.1.0,105
d2dlza1,SCOPe-ALL,family,d.93.1.0,d,d.93,d.93.1,d.93.1.0,105
d2ysxa1,SCOPe-ALL,family,d.93.1.0,d,d.93,d.93.1,d.93.1.0,112
d2dx0a_,SCOPe-ALL,family,d.93.1.0,d,d.93,d.93.1,d.93.1.0,117
d2eo6a1,SCOPe-ALL,family,d.93.1.0,d,d.93,d.93.1,d.93.1.0,128
d3ccda_,SCOPe-ALL,family,d.94.1.1,d,d.94,d.94.1,d.94.1.1,85
d1y51a_,SCOPe-ALL,family,d.94.1.1,d,d.94,d.94.1,d.94.1.1,87
d3ihsa1,SCOPe-ALL,family,d.94.1.1,d,d.94,d.94.1,d.94.1.1,82
d5t1na_,SCOPe-ALL,family,d.94.1.0,d,d.94,d.94.1,d.94.1.0,85
d1j5ya2,SCOPe-ALL,family,d.94.2.1,d,d.94,d.94.2,d.94.2.1,107
d7cv2a2,SCOPe-ALL,family,d.94.2.0,d,d.94,d.94.2,d.94.2.0,109
d3bp3a_,SCOPe-ALL,family,d.95.1.1,d,d.95,d.95.1,d.95.1.1,81
d1b24a1,SCOPe-ALL,family,d.95.2.1,d,d.95,d.95.2,d.95.2.1,93
d1b24a2,SCOPe-ALL,family,d.95.2.1,d,d.95,d.95.2,d.95.2.1,80
d1m5xa_,SCOPe-ALL,family,d.95.2.1,d,d.95,d.95.2,d.95.2.1,161
d1r7ma1,SCOPe-ALL,family,d.95.2.1,d,d.95,d.95.2,d.95.2.1,118
d1r7ma2,SCOPe-ALL,family,d.95.2.1,d,d.95,d.95.2,d.95.2.1,105
d3eh8a1,SCOPe-ALL,family,d.95.2.1,d,d.95,d.95.2,d.95.2.1,123
d3eh8a2,SCOPe-ALL,family,d.95.2.1,d,d.95,d.95.2,d.95.2.1,129
d2vboa_,SCOPe-ALL,family,d.95.2.1,d,d.95,d.95.2,d.95.2.1,153
d1dq3a3,SCOPe-ALL,family,d.95.2.2,d,d.95,d.95.2,d.95.2.2,98
d1dq3a4,SCOPe-ALL,family,d.95.2.2,d,d.95,d.95.2,d.95.2.2,109
d1jvaa2,SCOPe-ALL,family,d.95.2.2,d,d.95,d.95.2,d.95.2.2,118
d1jvaa3,SCOPe-ALL,family,d.95.2.2,d,d.95,d.95.2,d.95.2.2,117
d1a8ra_,SCOPe-ALL,family,d.96.1.1,d,d.96,d.96.1,d.96.1.1,221
d1wura_,SCOPe-ALL,family,d.96.1.1,d,d.96,d.96.1,d.96.1.1,185
d2g64a1,SCOPe-ALL,family,d.96.1.2,d,d.96,d.96.1,d.96.1.2,139
d3lx3a_,SCOPe-ALL,family,d.96.1.2,d,d.96,d.96.1,d.96.1.2,163
d1nbua_,SCOPe-ALL,family,d.96.1.3,d,d.96,d.96.1,d.96.1.3,118
d1dhna_,SCOPe-ALL,family,d.96.1.3,d,d.96,d.96.1,d.96.1.3,121
d1b9la_,SCOPe-ALL,family,d.96.1.3,d,d.96,d.96.1,d.96.1.3,119
d4n9sa1,SCOPe-ALL,family,d.96.1.4,d,d.96,d.96.1,d.96.1.4,136
d4n9sa2,SCOPe-ALL,family,d.96.1.4,d,d.96,d.96.1,d.96.1.4,159
d2yzca1,SCOPe-ALL,family,d.96.1.4,d,d.96,d.96.1,d.96.1.4,131
d7cmna1,SCOPe-ALL,family,d.96.1.4,d,d.96,d.96.1,d.96.1.4,151
d7cmna2,SCOPe-ALL,family,d.96.1.4,d,d.96,d.96.1,d.96.1.4,152
d3v9oa_,SCOPe-ALL,family,d.96.1.0,d,d.96,d.96.1,d.96.1.0,127
d2o90a_,SCOPe-ALL,family,d.96.1.0,d,d.96,d.96.1,d.96.1.0,115
d4ntka_,SCOPe-ALL,family,d.96.1.0,d,d.96,d.96.1,d.96.1.0,121
d2dj6a_,SCOPe-ALL,family,d.96.1.0,d,d.96,d.96.1,d.96.1.0,115
d4mb8a1,SCOPe-ALL,family,d.96.1.0,d,d.96,d.96.1,d.96.1.0,134
d5ll1a2,SCOPe-ALL,family,d.96.1.0,d,d.96,d.96.1,d.96.1.0,152
d1vrma1,SCOPe-ALL,family,d.96.2.1,d,d.96,d.96.2,d.96.2.1,309
d2o34a1,SCOPe-ALL,family,d.96.2.2,d,d.96,d.96.2,d.96.2.2,247
d1puca_,SCOPe-ALL,family,d.97.1.1,d,d.97,d.97.1,d.97.1.1,101
d1jtgb_,SCOPe-ALL,family,d.98.1.1,d,d.98,d.98.1,d.98.1.1,165
d3gmxa_,SCOPe-ALL,family,d.98.1.0,d,d.98,d.98.1,d.98.1.0,154
d3db7a1,SCOPe-ALL,family,d.98.2.1,d,d.98,d.98.2,d.98.2.1,126
d4dsda_,SCOPe-ALL,family,d.98.2.0,d,d.98,d.98.2,d.98.2.0,126
d1diva1,SCOPe-ALL,family,d.99.1.1,d,d.99,d.99.1,d.99.1.1,94
d2qamh1,SCOPe-ALL,family,d.99.1.1,d,d.99,d.99.1,d.99.1.1,91
d2hbaa1,SCOPe-ALL,family,d.100.1.1,d,d.100,d.100.1,d.100.1.1,52
d3bsua1,SCOPe-ALL,family,d.100.1.0,d,d.100,d.100.1,d.100.1.0,47
d2lpda1,SCOPe-ALL,family,d.100.2.0,d,d.100,d.100.2,d.100.2.0,74
d5ja1b_,SCOPe-ALL,family,d.100.2.0,d,d.100,d.100.2,d.100.2.0,66
d6ea3a_,SCOPe-ALL,family,d.100.2.0,d,d.100,d.100.2,d.100.2.0,70
d2je6b2,SCOPe-ALL,family,d.101.1.1,d,d.101,d.101.1,d.101.1.1,86
d3m7ng2,SCOPe-ALL,family,d.101.1.1,d,d.101,d.101.1,d.101.1.1,79
d2je6a2,SCOPe-ALL,family,d.101.1.1,d,d.101,d.101.1,d.101.1.1,84
d2nn6f2,SCOPe-ALL,family,d.101.1.1,d,d.101,d.101.1,d.101.1.1,95
d2nn6b2,SCOPe-ALL,family,d.101.1.1,d,d.101,d.101.1,d.101.1.1,90
d2nn6e2,SCOPe-ALL,family,d.101.1.1,d,d.101,d.101.1,d.101.1.1,94
d2nn6c2,SCOPe-ALL,family,d.101.1.1,d,d.101,d.101.1,d.101.1.1,89
d2nn6a2,SCOPe-ALL,family,d.101.1.1,d,d.101,d.101.1,d.101.1.1,118
d2nn6d2,SCOPe-ALL,family,d.101.1.1,d,d.101,d.101.1,d.101.1.1,89
d1e3pa6,SCOPe-ALL,family,d.101.1.1,d,d.101,d.101.1,d.101.1.1,111
d1e3pa7,SCOPe-ALL,family,d.101.1.1,d,d.101,d.101.1,d.101.1.1,96
d1r6la2,SCOPe-ALL,family,d.101.1.1,d,d.101,d.101.1,d.101.1.1,88
d2wp8b2,SCOPe-ALL,family,d.101.1.0,d,d.101,d.101.1,d.101.1.0,87
d2wnra2,SCOPe-ALL,family,d.101.1.0,d,d.101,d.101.1,d.101.1.0,82
d2po1b2,SCOPe-ALL,family,d.101.1.0,d,d.101,d.101.1,d.101.1.0,87
d3rbba_,SCOPe-ALL,family,d.102.1.1,d,d.102,d.102.1,d.102.1.1,137
d1cbya_,SCOPe-ALL,family,d.103.1.1,d,d.103,d.103.1,d.103.1.1,227
d1pp0a_,SCOPe-ALL,family,d.103.1.1,d,d.103,d.103.1,d.103.1.1,194
d1yfsa2,SCOPe-ALL,family,d.104.1.1,d,d.104,d.104.1,d.104.1.1,236
d12asa_,SCOPe-ALL,family,d.104.1.1,d,d.104,d.104.1,d.104.1.1,327
d1l0wa3,SCOPe-ALL,family,d.104.1.1,d,d.104,d.104.1,d.104.1.1,357
d1z7ma1,SCOPe-ALL,family,d.104.1.1,d,d.104,d.104.1,d.104.1.1,318
d1usya_,SCOPe-ALL,family,d.104.1.1,d,d.104,d.104.1,d.104.1.1,275
d1atia2,SCOPe-ALL,family,d.104.1.1,d,d.104,d.104.1,d.104.1.1,394
d1wu7a2,SCOPe-ALL,family,d.104.1.1,d,d.104,d.104.1,d.104.1.1,327
d1h4vb2,SCOPe-ALL,family,d.104.1.1,d,d.104,d.104.1,d.104.1.1,324
d1jjcb5,SCOPe-ALL,family,d.104.1.1,d,d.104,d.104.1,d.104.1.1,207
d1hc7a2,SCOPe-ALL,family,d.104.1.1,d,d.104,d.104.1,d.104.1.1,272
d1seta2,SCOPe-ALL,family,d.104.1.1,d,d.104,d.104.1,d.104.1.1,311
d1g5ia2,SCOPe-ALL,family,d.104.1.1,d,d.104,d.104.1,d.104.1.1,290
d3rf1a1,SCOPe-ALL,family,d.104.1.1,d,d.104,d.104.1,d.104.1.1,284
d4hwsa1,SCOPe-ALL,family,d.104.1.1,d,d.104,d.104.1,d.104.1.1,291
d3p8ta_,SCOPe-ALL,family,d.104.1.1,d,d.104,d.104.1,d.104.1.1,294
d1biaa3,SCOPe-ALL,family,d.104.1.2,d,d.104,d.104.1,d.104.1.2,207
d2dxua1,SCOPe-ALL,family,d.104.1.2,d,d.104,d.104.1,d.104.1.2,188
d2p5ia1,SCOPe-ALL,family,d.104.1.3,d,d.104,d.104.1,d.104.1.3,265
d2p0la1,SCOPe-ALL,family,d.104.1.3,d,d.104,d.104.1,d.104.1.3,269
d2arsa1,SCOPe-ALL,family,d.104.1.3,d,d.104,d.104.1,d.104.1.3,257
d1w66a1,SCOPe-ALL,family,d.104.1.3,d,d.104,d.104.1,d.104.1.3,216
d3a7ra1,SCOPe-ALL,family,d.104.1.3,d,d.104,d.104.1,d.104.1.3,246
d2ddza1,SCOPe-ALL,family,d.104.1.4,d,d.104,d.104.1,d.104.1.4,188
d6hcwa2,SCOPe-ALL,family,d.104.1.0,d,d.104,d.104.1,d.104.1.0,352
d5idha1,SCOPe-ALL,family,d.104.1.0,d,d.104,d.104.1,d.104.1.0,247
d6p24a_,SCOPe-ALL,family,d.104.1.0,d,d.104,d.104.1,d.104.1.0,241
d4j15a2,SCOPe-ALL,family,d.104.1.0,d,d.104,d.104.1,d.104.1.0,343
d1x54a2,SCOPe-ALL,family,d.104.1.0,d,d.104,d.104.1,d.104.1.0,330
d3nema2,SCOPe-ALL,family,d.104.1.0,d,d.104,d.104.1,d.104.1.0,337
d1qtsa2,SCOPe-ALL,family,d.105.1.1,d,d.105,d.105.1,d.105.1.1,114
d2g30a2,SCOPe-ALL,family,d.105.1.1,d,d.105,d.105.1,d.105.1.1,113
d1r4xa2,SCOPe-ALL,family,d.105.1.2,d,d.105,d.105.1,d.105.1.2,111
d1ikta_,SCOPe-ALL,family,d.106.1.1,d,d.106,d.106.1,d.106.1.1,115
d1c44a_,SCOPe-ALL,family,d.106.1.1,d,d.106,d.106.1,d.106.1.1,123
d1pz4a1,SCOPe-ALL,family,d.106.1.1,d,d.106,d.106.1,d.106.1.1,110
d2cx7a_,SCOPe-ALL,family,d.106.1.1,d,d.106,d.106.1,d.106.1.1,129
d2nsfa2,SCOPe-ALL,family,d.106.1.2,d,d.106,d.106.1,d.106.1.2,80
d2cfua1,SCOPe-ALL,family,d.106.1.3,d,d.106,d.106.1,d.106.1.3,126
d2hv2a1,SCOPe-ALL,family,d.106.1.4,d,d.106,d.106.1,d.106.1.4,111
d2ozga1,SCOPe-ALL,family,d.106.1.4,d,d.106,d.106.1,d.106.1.4,105
d2i00a1,SCOPe-ALL,family,d.106.1.4,d,d.106,d.106.1,d.106.1.4,106
d4pdxa2,SCOPe-ALL,family,d.106.1.0,d,d.106,d.106.1,d.106.1.0,119
d4av7a2,SCOPe-ALL,family,d.106.1.0,d,d.106,d.106.1,d.106.1.0,122
d6ovpa_,SCOPe-ALL,family,d.106.1.0,d,d.106,d.106.1,d.106.1.0,118
d3bkra_,SCOPe-ALL,family,d.106.1.0,d,d.106,d.106.1,d.106.1.0,119
d1jhsa_,SCOPe-ALL,family,d.107.1.1,d,d.107,d.107.1,d.107.1.1,188
d1v2ba_,SCOPe-ALL,family,d.107.1.2,d,d.107,d.107.1,d.107.1.2,171
d1tu1a1,SCOPe-ALL,family,d.107.1.3,d,d.107,d.107.1,d.107.1.3,142
d2i8ga_,SCOPe-ALL,family,d.107.1.4,d,d.107,d.107.1,d.107.1.4,147
d1m4ia_,SCOPe-ALL,family,d.108.1.1,d,d.108,d.108.1,d.108.1.1,181
d1n71a_,SCOPe-ALL,family,d.108.1.1,d,d.108,d.108.1,d.108.1.1,180
d1s3za1,SCOPe-ALL,family,d.108.1.1,d,d.108,d.108.1,d.108.1.1,145
d1z4ra1,SCOPe-ALL,family,d.108.1.1,d,d.108,d.108.1,d.108.1.1,162
d2b5ga_,SCOPe-ALL,family,d.108.1.1,d,d.108,d.108.1,d.108.1.1,168
d1i12a_,SCOPe-ALL,family,d.108.1.1,d,d.108,d.108.1,d.108.1.1,157
d4pswa_,SCOPe-ALL,family,d.108.1.1,d,d.108,d.108.1,d.108.1.1,316
d2p0wa_,SCOPe-ALL,family,d.108.1.1,d,d.108,d.108.1,d.108.1.1,319
d1qsma_,SCOPe-ALL,family,d.108.1.1,d,d.108,d.108.1,d.108.1.1,150
d2q44a_,SCOPe-ALL,family,d.108.1.1,d,d.108,d.108.1,d.108.1.1,95
d2aj6a1,SCOPe-ALL,family,d.108.1.1,d,d.108,d.108.1,d.108.1.1,118
d1xeba_,SCOPe-ALL,family,d.108.1.1,d,d.108,d.108.1,d.108.1.1,149
d1yrea1,SCOPe-ALL,family,d.108.1.1,d,d.108,d.108.1,d.108.1.1,183
d2gana1,SCOPe-ALL,family,d.108.1.1,d,d.108,d.108.1,d.108.1.1,182
d1wwza1,SCOPe-ALL,family,d.108.1.1,d,d.108,d.108.1,d.108.1.1,157
d1yk3a1,SCOPe-ALL,family,d.108.1.1,d,d.108,d.108.1,d.108.1.1,198
d1y7ra1,SCOPe-ALL,family,d.108.1.1,d,d.108,d.108.1,d.108.1.1,133
d1r57a1,SCOPe-ALL,family,d.108.1.1,d,d.108,d.108.1,d.108.1.1,94
d2d4pa1,SCOPe-ALL,family,d.108.1.1,d,d.108,d.108.1,d.108.1.1,130
d1mk4a1,SCOPe-ALL,family,d.108.1.1,d,d.108,d.108.1,d.108.1.1,156
d1yx0a1,SCOPe-ALL,family,d.108.1.1,d,d.108,d.108.1,d.108.1.1,149
d1y9ka1,SCOPe-ALL,family,d.108.1.1,d,d.108,d.108.1,d.108.1.1,151
d1p0ha_,SCOPe-ALL,family,d.108.1.1,d,d.108,d.108.1,d.108.1.1,308
d2fsra1,SCOPe-ALL,family,d.108.1.1,d,d.108,d.108.1,d.108.1.1,164
d2g3aa1,SCOPe-ALL,family,d.108.1.1,d,d.108,d.108.1,d.108.1.1,137
d2ge3a1,SCOPe-ALL,family,d.108.1.1,d,d.108,d.108.1,d.108.1.1,164
d1y9wa1,SCOPe-ALL,family,d.108.1.1,d,d.108,d.108.1,d.108.1.1,140
d2fiaa1,SCOPe-ALL,family,d.108.1.1,d,d.108,d.108.1,d.108.1.1,157
d2euia1,SCOPe-ALL,family,d.108.1.1,d,d.108,d.108.1,d.108.1.1,153
d2atra1,SCOPe-ALL,family,d.108.1.1,d,d.108,d.108.1,d.108.1.1,137
d2cy2a1,SCOPe-ALL,family,d.108.1.1,d,d.108,d.108.1,d.108.1.1,174
d1nsla1,SCOPe-ALL,family,d.108.1.1,d,d.108,d.108.1,d.108.1.1,179
d2jdca1,SCOPe-ALL,family,d.108.1.1,d,d.108,d.108.1,d.108.1.1,145
d2fe7a1,SCOPe-ALL,family,d.108.1.1,d,d.108,d.108.1,d.108.1.1,156
d2fiwa1,SCOPe-ALL,family,d.108.1.1,d,d.108,d.108.1,d.108.1.1,158
d2fl4a1,SCOPe-ALL,family,d.108.1.1,d,d.108,d.108.1,d.108.1.1,146
d1tiqa1,SCOPe-ALL,family,d.108.1.1,d,d.108,d.108.1,d.108.1.1,171
d2ae6a1,SCOPe-ALL,family,d.108.1.1,d,d.108,d.108.1,d.108.1.1,161
d1u6ma1,SCOPe-ALL,family,d.108.1.1,d,d.108,d.108.1,d.108.1.1,186
d4m3sa_,SCOPe-ALL,family,d.108.1.1,d,d.108,d.108.1,d.108.1.1,160
d1vkca_,SCOPe-ALL,family,d.108.1.1,d,d.108,d.108.1,d.108.1.1,149
d1on0a1,SCOPe-ALL,family,d.108.1.1,d,d.108,d.108.1,d.108.1.1,155
d1vhsa1,SCOPe-ALL,family,d.108.1.1,d,d.108,d.108.1,d.108.1.1,162
d2fcka1,SCOPe-ALL,family,d.108.1.1,d,d.108,d.108.1,d.108.1.1,178
d1cjwa_,SCOPe-ALL,family,d.108.1.1,d,d.108,d.108.1,d.108.1.1,166
d1ghea_,SCOPe-ALL,family,d.108.1.1,d,d.108,d.108.1,d.108.1.1,170
d1z4ea1,SCOPe-ALL,family,d.108.1.1,d,d.108,d.108.1,d.108.1.1,150
d2pq8a_,SCOPe-ALL,family,d.108.1.1,d,d.108,d.108.1,d.108.1.1,271
d3dr6a_,SCOPe-ALL,family,d.108.1.1,d,d.108,d.108.1,d.108.1.1,172
d1iyka2,SCOPe-ALL,family,d.108.1.2,d,d.108,d.108.1,d.108.1.2,227
d1kzfa_,SCOPe-ALL,family,d.108.1.3,d,d.108,d.108.1,d.108.1.3,210
d1ro5a1,SCOPe-ALL,family,d.108.1.3,d,d.108,d.108.1,d.108.1.3,194
d2hqya1,SCOPe-ALL,family,d.108.1.4,d,d.108,d.108.1,d.108.1.4,164
d2hqya2,SCOPe-ALL,family,d.108.1.4,d,d.108,d.108.1,d.108.1.4,134
d1lrza2,SCOPe-ALL,family,d.108.1.4,d,d.108,d.108.1,d.108.1.4,165
d1lrza3,SCOPe-ALL,family,d.108.1.4,d,d.108,d.108.1,d.108.1.4,183
d1ne9a1,SCOPe-ALL,family,d.108.1.4,d,d.108,d.108.1,d.108.1.4,164
d1ne9a2,SCOPe-ALL,family,d.108.1.4,d,d.108,d.108.1,d.108.1.4,171
d1sqha_,SCOPe-ALL,family,d.108.1.5,d,d.108,d.108.1,d.108.1.5,297
d2cxaa1,SCOPe-ALL,family,d.108.1.6,d,d.108,d.108.1,d.108.1.6,232
d4zgyb_,SCOPe-ALL,family,d.108.1.7,d,d.108,d.108.1,d.108.1.7,125
d1ylea1,SCOPe-ALL,family,d.108.1.8,d,d.108,d.108.1,d.108.1.8,338
d2arha1,SCOPe-ALL,family,d.108.1.9,d,d.108,d.108.1,d.108.1.9,196
d2hv2a2,SCOPe-ALL,family,d.108.1.10,d,d.108,d.108.1,d.108.1.10,285
d2ozga2,SCOPe-ALL,family,d.108.1.10,d,d.108,d.108.1,d.108.1.10,283
d2i00a2,SCOPe-ALL,family,d.108.1.10,d,d.108,d.108.1,d.108.1.10,291
d3biya_,SCOPe-ALL,family,d.108.1.11,d,d.108,d.108.1,d.108.1.11,378
d2jlma_,SCOPe-ALL,family,d.108.1.0,d,d.108,d.108.1,d.108.1.0,177
d2veza_,SCOPe-ALL,family,d.108.1.0,d,d.108,d.108.1,d.108.1.0,165
d6erda1,SCOPe-ALL,family,d.108.1.0,d,d.108,d.108.1,d.108.1.0,168
d6o07c_,SCOPe-ALL,family,d.108.1.0,d,d.108,d.108.1,d.108.1.0,171
d3r9fa_,SCOPe-ALL,family,d.108.1.0,d,d.108,d.108.1,d.108.1.0,180
d6wfna_,SCOPe-ALL,family,d.108.1.0,d,d.108,d.108.1,d.108.1.0,151
d3iu1a1,SCOPe-ALL,family,d.108.1.0,d,d.108,d.108.1,d.108.1.0,181
d3iu1a2,SCOPe-ALL,family,d.108.1.0,d,d.108,d.108.1,d.108.1.0,201
d2hv0a_,SCOPe-ALL,family,d.108.1.0,d,d.108,d.108.1,d.108.1.0,182
d5icva_,SCOPe-ALL,family,d.108.1.0,d,d.108,d.108.1,d.108.1.0,180
d3fnca_,SCOPe-ALL,family,d.108.1.0,d,d.108,d.108.1,d.108.1.0,160
d4ag7a_,SCOPe-ALL,family,d.108.1.0,d,d.108,d.108.1,d.108.1.0,165
d7jzsa1,SCOPe-ALL,family,d.108.1.0,d,d.108,d.108.1,d.108.1.0,177
d2vi7a_,SCOPe-ALL,family,d.108.1.0,d,d.108,d.108.1,d.108.1.0,164
d5wpha_,SCOPe-ALL,family,d.108.1.0,d,d.108,d.108.1,d.108.1.0,179
d1s7ka_,SCOPe-ALL,family,d.108.1.0,d,d.108,d.108.1,d.108.1.0,177
d4kvxa_,SCOPe-ALL,family,d.108.1.0,d,d.108,d.108.1,d.108.1.0,152
d6bvca_,SCOPe-ALL,family,d.108.1.0,d,d.108,d.108.1,d.108.1.0,154
d4jxqa_,SCOPe-ALL,family,d.108.1.0,d,d.108,d.108.1,d.108.1.0,185
d4m85a1,SCOPe-ALL,family,d.108.1.0,d,d.108,d.108.1,d.108.1.0,182
d5jpha1,SCOPe-ALL,family,d.108.1.0,d,d.108,d.108.1,d.108.1.0,141
d4e2aa_,SCOPe-ALL,family,d.108.1.0,d,d.108,d.108.1,d.108.1.0,170
d3ld2a1,SCOPe-ALL,family,d.108.1.0,d,d.108,d.108.1,d.108.1.0,158
d2i79a_,SCOPe-ALL,family,d.108.1.0,d,d.108,d.108.1,d.108.1.0,171
d5t7da_,SCOPe-ALL,family,d.108.1.0,d,d.108,d.108.1,d.108.1.0,173
d2x7ba_,SCOPe-ALL,family,d.108.1.0,d,d.108,d.108.1,d.108.1.0,156
d3t90a_,SCOPe-ALL,family,d.108.1.0,d,d.108,d.108.1,d.108.1.0,147
d6th0a_,SCOPe-ALL,family,d.108.1.0,d,d.108,d.108.1,d.108.1.0,176
d3ne7a_,SCOPe-ALL,family,d.108.1.0,d,d.108,d.108.1,d.108.1.0,159
d2z10a_,SCOPe-ALL,family,d.108.1.0,d,d.108,d.108.1,d.108.1.0,188
d3i3ga_,SCOPe-ALL,family,d.108.1.0,d,d.108,d.108.1,d.108.1.0,143
d5f47a_,SCOPe-ALL,family,d.108.1.0,d,d.108,d.108.1,d.108.1.0,151
d6e1xa_,SCOPe-ALL,family,d.108.1.0,d,d.108,d.108.1,d.108.1.0,170
d3i9sa_,SCOPe-ALL,family,d.108.1.0,d,d.108,d.108.1,d.108.1.0,161
d3igra_,SCOPe-ALL,family,d.108.1.0,d,d.108,d.108.1,d.108.1.0,183
d5fafa1,SCOPe-ALL,family,d.109.1.1,d,d.109,d.109.1,d.109.1.1,110
d2fh1a1,SCOPe-ALL,family,d.109.1.1,d,d.109,d.109.1,d.109.1.1,121
d2fh1a2,SCOPe-ALL,family,d.109.1.1,d,d.109,d.109.1,d.109.1.1,96
d2fh1a3,SCOPe-ALL,family,d.109.1.1,d,d.109,d.109.1,d.109.1.1,113
d1j72a3,SCOPe-ALL,family,d.109.1.1,d,d.109,d.109.1,d.109.1.1,107
d1svya_,SCOPe-ALL,family,d.109.1.1,d,d.109,d.109.1,d.109.1.1,102
d4cbug_,SCOPe-ALL,family,d.109.1.1,d,d.109,d.109.1,d.109.1.1,125
d1m4ja_,SCOPe-ALL,family,d.109.1.2,d,d.109,d.109.1,d.109.1.2,133
d1f7sa_,SCOPe-ALL,family,d.109.1.2,d,d.109,d.109.1,d.109.1.2,124
d1hqz1_,SCOPe-ALL,family,d.109.1.2,d,d.109,d.109.1,d.109.1.2,139
d1vkka_,SCOPe-ALL,family,d.109.1.2,d,d.109,d.109.1,d.109.1.2,137
d4kefa1,SCOPe-ALL,family,d.109.1.2,d,d.109,d.109.1,d.109.1.2,138
d1t3ya_,SCOPe-ALL,family,d.109.1.2,d,d.109,d.109.1,d.109.1.2,131
d4bex1_,SCOPe-ALL,family,d.109.1.2,d,d.109,d.109.1,d.109.1.2,166
d7c2gg1,SCOPe-ALL,family,d.109.1.0,d,d.109,d.109.1,d.109.1.0,98
d7c2gg2,SCOPe-ALL,family,d.109.1.0,d,d.109,d.109.1,d.109.1.0,98
d6k2fa1,SCOPe-ALL,family,d.109.1.0,d,d.109,d.109.1,d.109.1.0,137
d2mv2a_,SCOPe-ALL,family,d.109.1.0,d,d.109,d.109.1,d.109.1.0,148
d2w0ia_,SCOPe-ALL,family,d.109.1.0,d,d.109,d.109.1,d.109.1.0,135
d2kvka1,SCOPe-ALL,family,d.109.1.0,d,d.109,d.109.1,d.109.1.0,142
d2lxxa_,SCOPe-ALL,family,d.109.1.0,d,d.109,d.109.1,d.109.1.0,152
d2lrba_,SCOPe-ALL,family,d.109.1.0,d,d.109,d.109.1,d.109.1.0,165
d2xfaa_,SCOPe-ALL,family,d.109.1.0,d,d.109,d.109.1,d.109.1.0,143
d3q2ba_,SCOPe-ALL,family,d.109.1.0,d,d.109,d.109.1,d.109.1.0,120
d1m2oa4,SCOPe-ALL,family,d.109.2.1,d,d.109,d.109.2,d.109.2.1,139
d1pd0a4,SCOPe-ALL,family,d.109.2.1,d,d.109,d.109.2,d.109.2.1,173
d2gnxa2,SCOPe-ALL,family,d.109.3.1,d,d.109,d.109.3,d.109.3.1,146
d5em0a1,SCOPe-ALL,family,d.110.1.1,d,d.110,d.110.1,d.110.1.1,132
d2pbdp_,SCOPe-ALL,family,d.110.1.1,d,d.110,d.110.1,d.110.1.1,139
d3d9ya_,SCOPe-ALL,family,d.110.1.0,d,d.110,d.110.1,d.110.1.0,126
d4qwoa1,SCOPe-ALL,family,d.110.1.0,d,d.110,d.110.1,d.110.1.0,133
d1mc0a1,SCOPe-ALL,family,d.110.2.1,d,d.110,d.110.2,d.110.2.1,187
d1mc0a2,SCOPe-ALL,family,d.110.2.1,d,d.110,d.110.2,d.110.2.1,154
d1f5ma_,SCOPe-ALL,family,d.110.2.1,d,d.110,d.110.2,d.110.2.1,176
d2lb9a1,SCOPe-ALL,family,d.110.2.1,d,d.110,d.110.2,d.110.2.1,170
d2oola1,SCOPe-ALL,family,d.110.2.1,d,d.110,d.110.2,d.110.2.1,194
d4cqha2,SCOPe-ALL,family,d.110.2.1,d,d.110,d.110.2,d.110.2.1,181
d2o9aa2,SCOPe-ALL,family,d.110.2.2,d,d.110,d.110.2,d.110.2.2,177
d1jmrb4,SCOPe-ALL,family,d.110.2.2,d,d.110,d.110.2,d.110.2.2,171
d1stza2,SCOPe-ALL,family,d.110.2.3,d,d.110,d.110.2,d.110.2.3,236
d3nhqa3,SCOPe-ALL,family,d.110.2.4,d,d.110,d.110.2,d.110.2.4,185
d3obfa1,SCOPe-ALL,family,d.110.2.0,d,d.110,d.110.2,d.110.2.0,173
d1ysqa1,SCOPe-ALL,family,d.110.2.0,d,d.110,d.110.2,d.110.2.0,186
d1yspa1,SCOPe-ALL,family,d.110.2.0,d,d.110,d.110.2,d.110.2.0,171
d7ckva1,SCOPe-ALL,family,d.110.2.0,d,d.110,d.110.2,d.110.2.0,149
d3mmha_,SCOPe-ALL,family,d.110.2.0,d,d.110,d.110.2,d.110.2.0,167
d5viqa2,SCOPe-ALL,family,d.110.2.0,d,d.110,d.110.2,d.110.2.0,188
d3rfba_,SCOPe-ALL,family,d.110.2.0,d,d.110,d.110.2,d.110.2.0,160
d5m82a1,SCOPe-ALL,family,d.110.2.0,d,d.110,d.110.2,d.110.2.0,157
d3zq5a3,SCOPe-ALL,family,d.110.2.0,d,d.110,d.110.2,d.110.2.0,188
d6p58a_,SCOPe-ALL,family,d.110.2.0,d,d.110,d.110.2,d.110.2.0,150
d6xhha_,SCOPe-ALL,family,d.110.2.0,d,d.110,d.110.2,d.110.2.0,179
d1nwza_,SCOPe-ALL,family,d.110.3.1,d,d.110,d.110.3,d.110.3.1,125
d1v9ya_,SCOPe-ALL,family,d.110.3.2,d,d.110,d.110.3,d.110.3.2,113
d1d06a_,SCOPe-ALL,family,d.110.3.2,d,d.110,d.110.3,d.110.3.2,130
d1ll8a1,SCOPe-ALL,family,d.110.3.5,d,d.110,d.110.3,d.110.3.5,107
d4hqaa_,SCOPe-ALL,family,d.110.3.6,d,d.110,d.110.3,d.110.3.6,110
d6qqha_,SCOPe-ALL,family,d.110.3.6,d,d.110,d.110.3,d.110.3.6,117
d1oj5a_,SCOPe-ALL,family,d.110.3.8,d,d.110,d.110.3,d.110.3.8,109
d3nhqa1,SCOPe-ALL,family,d.110.3.9,d,d.110,d.110.3,d.110.3.9,113
d2gj3a_,SCOPe-ALL,family,d.110.3.0,d,d.110,d.110.3,d.110.3.0,119
d6ywha1,SCOPe-ALL,family,d.110.3.0,d,d.110,d.110.3,d.110.3.0,106
d4cqha1,SCOPe-ALL,family,d.110.3.0,d,d.110,d.110.3,d.110.3.0,123
d4kuka1,SCOPe-ALL,family,d.110.3.0,d,d.110,d.110.3,d.110.3.0,119
d5f68a_,SCOPe-ALL,family,d.110.3.0,d,d.110,d.110.3,d.110.3.0,103
d4wn5a1,SCOPe-ALL,family,d.110.3.0,d,d.110,d.110.3,d.110.3.0,107
d3f1pb_,SCOPe-ALL,family,d.110.3.0,d,d.110,d.110.3,d.110.3.0,111
d4hoia1,SCOPe-ALL,family,d.110.3.0,d,d.110,d.110.3,d.110.3.0,110
d6gg9a1,SCOPe-ALL,family,d.110.3.0,d,d.110,d.110.3,d.110.3.0,132
d5viqa1,SCOPe-ALL,family,d.110.3.0,d,d.110,d.110.3,d.110.3.0,108
d4e04a1,SCOPe-ALL,family,d.110.3.0,d,d.110,d.110.3,d.110.3.0,114
d6bafa1,SCOPe-ALL,family,d.110.3.0,d,d.110,d.110.3,d.110.3.0,115
d3zq5a1,SCOPe-ALL,family,d.110.3.0,d,d.110,d.110.3,d.110.3.0,129
d5svva_,SCOPe-ALL,family,d.110.3.0,d,d.110,d.110.3,d.110.3.0,116
d1ifqa1,SCOPe-ALL,family,d.110.4.1,d,d.110,d.110.4,d.110.4.1,126
d3bw6a1,SCOPe-ALL,family,d.110.4.1,d,d.110,d.110.4,d.110.4.1,135
d6qh5s_,SCOPe-ALL,family,d.110.4.2,d,d.110,d.110.4,d.110.4.2,142
d6qh5n_,SCOPe-ALL,family,d.110.4.2,d,d.110,d.110.4,d.110.4.2,141
d2j3wa_,SCOPe-ALL,family,d.110.4.3,d,d.110,d.110.4,d.110.4.3,142
d2fh5a1,SCOPe-ALL,family,d.110.4.4,d,d.110,d.110.4,d.110.4.4,129
d1nrja_,SCOPe-ALL,family,d.110.4.4,d,d.110,d.110.4,d.110.4.4,155
d1l3la2,SCOPe-ALL,family,d.110.5.1,d,d.110,d.110.5,d.110.5.1,168
d1p0za1,SCOPe-ALL,family,d.110.6.1,d,d.110,d.110.6,d.110.6.1,129
d3by8a_,SCOPe-ALL,family,d.110.6.1,d,d.110,d.110.6,d.110.6.1,133
d2p7ja1,SCOPe-ALL,family,d.110.6.2,d,d.110,d.110.6,d.110.6.2,93
d2p7ja2,SCOPe-ALL,family,d.110.6.2,d,d.110,d.110.6,d.110.6.2,172
d2basa2,SCOPe-ALL,family,d.110.6.2,d,d.110,d.110.6,d.110.6.2,145
d3c38a_,SCOPe-ALL,family,d.110.6.3,d,d.110,d.110.6,d.110.6.3,220
d2hjea_,SCOPe-ALL,family,d.110.6.3,d,d.110,d.110.6,d.110.6.3,220
d4xmra1,SCOPe-ALL,family,d.110.6.4,d,d.110,d.110.6,d.110.6.4,245
d3li9a_,SCOPe-ALL,family,d.110.6.4,d,d.110,d.110.6,d.110.6.4,262
d3c8ca1,SCOPe-ALL,family,d.110.6.4,d,d.110,d.110.6,d.110.6.4,238
d6py3a_,SCOPe-ALL,family,d.110.6.4,d,d.110,d.110.6,d.110.6.4,237
d1j3wa_,SCOPe-ALL,family,d.110.7.1,d,d.110,d.110.7,d.110.7.1,134
d3l7ha_,SCOPe-ALL,family,d.110.7.1,d,d.110,d.110.7,d.110.7.1,86
d6b9xb1,SCOPe-ALL,family,d.110.7.1,d,d.110,d.110.7,d.110.7.1,125
d6b9xc_,SCOPe-ALL,family,d.110.7.1,d,d.110,d.110.7,d.110.7.1,121
d6h5bb_,SCOPe-ALL,family,d.110.7.0,d,d.110,d.110.7,d.110.7.0,129
d2inwa1,SCOPe-ALL,family,d.110.8.1,d,d.110,d.110.8,d.110.8.1,117
d2a2la1,SCOPe-ALL,family,d.110.9.1,d,d.110,d.110.9,d.110.9.1,142
d2grga1,SCOPe-ALL,family,d.110.10.1,d,d.110,d.110.10,d.110.10.1,97
d1smba_,SCOPe-ALL,family,d.111.1.1,d,d.111,d.111.1,d.111.1.1,149
d1qnxa1,SCOPe-ALL,family,d.111.1.1,d,d.111,d.111.1,d.111.1.1,204
d1cfea_,SCOPe-ALL,family,d.111.1.1,d,d.111,d.111.1,d.111.1.1,135
d1xtaa1,SCOPe-ALL,family,d.111.1.1,d,d.111,d.111.1,d.111.1.1,163
d1a6ja_,SCOPe-ALL,family,d.112.1.1,d,d.112,d.112.1,d.112.1.1,150
d1a3aa_,SCOPe-ALL,family,d.112.1.1,d,d.112,d.112.1,d.112.1.1,145
d3lf6a_,SCOPe-ALL,family,d.112.1.1,d,d.112,d.112.1,d.112.1.1,154
d4ky9a_,SCOPe-ALL,family,d.112.1.2,d,d.112,d.112.1,d.112.1.2,294
d3urra1,SCOPe-ALL,family,d.112.1.0,d,d.112,d.112.1,d.112.1.0,151
d3bjva_,SCOPe-ALL,family,d.112.1.0,d,d.112,d.112.1,d.112.1.0,156
d3oxpa1,SCOPe-ALL,family,d.112.1.0,d,d.112,d.112.1,d.112.1.0,147
d1vhza1,SCOPe-ALL,family,d.113.1.1,d,d.113,d.113.1,d.113.1.1,184
d1g0sa_,SCOPe-ALL,family,d.113.1.1,d,d.113,d.113.1,d.113.1.1,209
d1mqea_,SCOPe-ALL,family,d.113.1.1,d,d.113,d.113.1,d.113.1.1,202
d3x0ia_,SCOPe-ALL,family,d.113.1.1,d,d.113,d.113.1,d.113.1.1,159
d3o69a_,SCOPe-ALL,family,d.113.1.1,d,d.113,d.113.1,d.113.1.1,190
d1vcda_,SCOPe-ALL,family,d.113.1.1,d,d.113,d.113.1,d.113.1.1,126
d1nqza_,SCOPe-ALL,family,d.113.1.1,d,d.113,d.113.1,d.113.1.1,187
d1jkna1,SCOPe-ALL,family,d.113.1.1,d,d.113,d.113.1,d.113.1.1,160
d1ktga_,SCOPe-ALL,family,d.113.1.1,d,d.113,d.113.1,d.113.1.1,137
d2fvva1,SCOPe-ALL,family,d.113.1.1,d,d.113,d.113.1,d.113.1.1,135
d1sjya_,SCOPe-ALL,family,d.113.1.1,d,d.113,d.113.1,d.113.1.1,158
d2azwa1,SCOPe-ALL,family,d.113.1.1,d,d.113,d.113.1,d.113.1.1,142
d2b0va1,SCOPe-ALL,family,d.113.1.1,d,d.113,d.113.1,d.113.1.1,146
d1k2ea1,SCOPe-ALL,family,d.113.1.1,d,d.113,d.113.1,d.113.1.1,143
d2b06a1,SCOPe-ALL,family,d.113.1.1,d,d.113,d.113.1,d.113.1.1,155
d3a6sa_,SCOPe-ALL,family,d.113.1.1,d,d.113,d.113.1,d.113.1.1,129
d1q33a_,SCOPe-ALL,family,d.113.1.1,d,d.113,d.113.1,d.113.1.1,292
d1u20a1,SCOPe-ALL,family,d.113.1.1,d,d.113,d.113.1,d.113.1.1,196
d5otna_,SCOPe-ALL,family,d.113.1.1,d,d.113,d.113.1,d.113.1.1,156
d2o5fa_,SCOPe-ALL,family,d.113.1.2,d,d.113,d.113.1,d.113.1.2,162
d2fkba1,SCOPe-ALL,family,d.113.1.2,d,d.113,d.113.1,d.113.1.2,161
d1hzta1,SCOPe-ALL,family,d.113.1.2,d,d.113,d.113.1,d.113.1.2,152
d1x51a1,SCOPe-ALL,family,d.113.1.3,d,d.113,d.113.1,d.113.1.3,142
d1rrqa2,SCOPe-ALL,family,d.113.1.3,d,d.113,d.113.1,d.113.1.3,127
d2gb5a1,SCOPe-ALL,family,d.113.1.4,d,d.113,d.113.1,d.113.1.4,96
d2gb5a3,SCOPe-ALL,family,d.113.1.4,d,d.113,d.113.1,d.113.1.4,132
d2i8ta_,SCOPe-ALL,family,d.113.1.5,d,d.113,d.113.1,d.113.1.5,149
d5deqa1,SCOPe-ALL,family,d.113.1.6,d,d.113,d.113.1,d.113.1.6,149
d2fmla2,SCOPe-ALL,family,d.113.1.6,d,d.113,d.113.1,d.113.1.6,202
d3fk9a1,SCOPe-ALL,family,d.113.1.0,d,d.113,d.113.1,d.113.1.0,152
d3gwya1,SCOPe-ALL,family,d.113.1.0,d,d.113,d.113.1,d.113.1.0,128
d4kg3a_,SCOPe-ALL,family,d.113.1.0,d,d.113,d.113.1,d.113.1.0,138
d3hhja_,SCOPe-ALL,family,d.113.1.0,d,d.113,d.113.1,d.113.1.0,130
d5c7qa_,SCOPe-ALL,family,d.113.1.0,d,d.113,d.113.1,d.113.1.0,182
d3eesa_,SCOPe-ALL,family,d.113.1.0,d,d.113,d.113.1,d.113.1.0,131
d4dywa_,SCOPe-ALL,family,d.113.1.0,d,d.113,d.113.1,d.113.1.0,129
d4mpoa_,SCOPe-ALL,family,d.113.1.0,d,d.113,d.113.1,d.113.1.0,145
d2rrka1,SCOPe-ALL,family,d.113.1.0,d,d.113,d.113.1,d.113.1.0,135
d3shda_,SCOPe-ALL,family,d.113.1.0,d,d.113,d.113.1,d.113.1.0,150
d4hvya_,SCOPe-ALL,family,d.113.1.0,d,d.113,d.113.1,d.113.1.0,135
d5qoqa_,SCOPe-ALL,family,d.113.1.0,d,d.113,d.113.1,d.113.1.0,149
d5zrca_,SCOPe-ALL,family,d.113.1.0,d,d.113,d.113.1,d.113.1.0,126
d5cfja_,SCOPe-ALL,family,d.113.1.0,d,d.113,d.113.1,d.113.1.0,146
d1hp1a1,SCOPe-ALL,family,d.114.1.1,d,d.114,d.114.1,d.114.1.1,188
d2z1aa1,SCOPe-ALL,family,d.114.1.1,d,d.114,d.114.1,d.114.1.1,205
d3c9fa1,SCOPe-ALL,family,d.114.1.1,d,d.114,d.114.1,d.114.1.1,223
d1jcua_,SCOPe-ALL,family,d.115.1.1,d,d.115,d.115.1,d.115.1.1,208
d1k7ja_,SCOPe-ALL,family,d.115.1.1,d,d.115,d.115.1,d.115.1.1,206
d1hrua_,SCOPe-ALL,family,d.115.1.1,d,d.115,d.115.1,d.115.1.1,186
d1k4ia_,SCOPe-ALL,family,d.115.1.2,d,d.115,d.115.1,d.115.1.2,216
d1snna_,SCOPe-ALL,family,d.115.1.2,d,d.115,d.115.1,d.115.1.2,219
d1wdva_,SCOPe-ALL,family,d.116.1.1,d,d.116,d.116.1,d.116.1.1,150
d1vjfa_,SCOPe-ALL,family,d.116.1.1,d,d.116,d.116.1,d.116.1.1,168
d2dxaa_,SCOPe-ALL,family,d.116.1.0,d,d.116,d.116.1,d.116.1.0,158
d3op6a_,SCOPe-ALL,family,d.116.1.0,d,d.116,d.116.1,d.116.1.0,151
d2z0xa_,SCOPe-ALL,family,d.116.1.0,d,d.116,d.116.1,d.116.1.0,157
d1b5ea_,SCOPe-ALL,family,d.117.1.1,d,d.117,d.117.1,d.117.1.1,241
d1bkpa_,SCOPe-ALL,family,d.117.1.1,d,d.117,d.117.1,d.117.1.1,278
d4ez8a_,SCOPe-ALL,family,d.117.1.1,d,d.117,d.117.1,d.117.1.1,287
d3v8ha_,SCOPe-ALL,family,d.117.1.0,d,d.117,d.117.1,d.117.1.0,314
d2y28a_,SCOPe-ALL,family,d.118.1.1,d,d.118,d.118.1,d.118.1.1,180
d1lbaa_,SCOPe-ALL,family,d.118.1.1,d,d.118,d.118.1,d.118.1.1,146
d1yb0a1,SCOPe-ALL,family,d.118.1.1,d,d.118,d.118.1,d.118.1.1,157
d1ohta_,SCOPe-ALL,family,d.118.1.1,d,d.118,d.118.1,d.118.1.1,174
d2wkxa2,SCOPe-ALL,family,d.118.1.1,d,d.118,d.118.1,d.118.1.1,175
d3mu9a_,SCOPe-ALL,family,d.118.1.1,d,d.118,d.118.1,d.118.1.1,171
d3ep1a_,SCOPe-ALL,family,d.118.1.0,d,d.118,d.118.1,d.118.1.0,174
d3hmaa_,SCOPe-ALL,family,d.118.1.0,d,d.118,d.118.1,d.118.1.0,153
d6srta1,SCOPe-ALL,family,d.118.1.0,d,d.118,d.118.1,d.118.1.0,148
d2rkqa1,SCOPe-ALL,family,d.118.1.0,d,d.118,d.118.1,d.118.1.0,168
d2xz4a_,SCOPe-ALL,family,d.118.1.0,d,d.118,d.118.1,d.118.1.0,165
d2f2la2,SCOPe-ALL,family,d.118.1.0,d,d.118,d.118.1,d.118.1.0,166
d5xz3a1,SCOPe-ALL,family,d.118.1.0,d,d.118,d.118.1,d.118.1.0,170
d6su5a_,SCOPe-ALL,family,d.118.1.0,d,d.118,d.118.1,d.118.1.0,154
d1cxya_,SCOPe-ALL,family,d.120.1.1,d,d.120,d.120.1,d.120.1.1,81
d1kbia2,SCOPe-ALL,family,d.120.1.1,d,d.120,d.120.1,d.120.1.1,97
d1mj4a_,SCOPe-ALL,family,d.120.1.1,d,d.120,d.120.1,d.120.1.1,80
d3x34a_,SCOPe-ALL,family,d.120.1.1,d,d.120,d.120.1,d.120.1.1,87
d1sv7a_,SCOPe-ALL,family,d.120.1.2,d,d.120,d.120.1,d.120.1.2,109
d3lf5a_,SCOPe-ALL,family,d.120.1.0,d,d.120,d.120.1,d.120.1.0,87
d2keoa_,SCOPe-ALL,family,d.120.1.0,d,d.120,d.120.1,d.120.1.0,92
d1x3xa_,SCOPe-ALL,family,d.120.1.0,d,d.120,d.120.1,d.120.1.0,82
d7bwha_,SCOPe-ALL,family,d.120.1.0,d,d.120,d.120.1,d.120.1.0,88
d1vcca_,SCOPe-ALL,family,d.121.1.1,d,d.121,d.121.1,d.121.1.1,77
d3t0ha_,SCOPe-ALL,family,d.122.1.1,d,d.122,d.122.1,d.122.1.1,209
d1b63a2,SCOPe-ALL,family,d.122.1.2,d,d.122,d.122.1,d.122.1.2,216
d1h7sa2,SCOPe-ALL,family,d.122.1.2,d,d.122,d.122.1,d.122.1.2,203
d1q1da1,SCOPe-ALL,family,d.122.1.2,d,d.122,d.122.1,d.122.1.2,239
d1s14a_,SCOPe-ALL,family,d.122.1.2,d,d.122,d.122.1,d.122.1.2,168
d2hkja3,SCOPe-ALL,family,d.122.1.2,d,d.122,d.122.1,d.122.1.2,219
d1th8a1,SCOPe-ALL,family,d.122.1.3,d,d.122,d.122.1,d.122.1.3,136
d1i58a_,SCOPe-ALL,family,d.122.1.3,d,d.122,d.122.1,d.122.1.3,189
d1bxda_,SCOPe-ALL,family,d.122.1.3,d,d.122,d.122.1,d.122.1.3,161
d1id0a_,SCOPe-ALL,family,d.122.1.3,d,d.122,d.122.1,d.122.1.3,146
d1r62a_,SCOPe-ALL,family,d.122.1.3,d,d.122,d.122.1,d.122.1.3,156
d2c2aa2,SCOPe-ALL,family,d.122.1.3,d,d.122,d.122.1,d.122.1.3,161
d1ysra_,SCOPe-ALL,family,d.122.1.3,d,d.122,d.122.1,d.122.1.3,148
d4e01a2,SCOPe-ALL,family,d.122.1.4,d,d.122,d.122.1,d.122.1.4,190
d6m37a_,SCOPe-ALL,family,d.122.1.0,d,d.122,d.122.1,d.122.1.0,140
d4k4oa1,SCOPe-ALL,family,d.122.1.0,d,d.122,d.122.1,d.122.1.0,207
d2e0aa2,SCOPe-ALL,family,d.122.1.0,d,d.122,d.122.1,d.122.1.0,199
d3cwva1,SCOPe-ALL,family,d.122.1.0,d,d.122,d.122.1,d.122.1.0,199
d1ixma_,SCOPe-ALL,family,d.123.1.1,d,d.123,d.123.1,d.123.1.1,179
d1iooa_,SCOPe-ALL,family,d.124.1.1,d,d.124,d.124.1,d.124.1.1,196
d1ucda_,SCOPe-ALL,family,d.124.1.1,d,d.124,d.124.1,d.124.1.1,190
d1bola_,SCOPe-ALL,family,d.124.1.1,d,d.124,d.124.1,d.124.1.1,222
d1iyba1,SCOPe-ALL,family,d.124.1.1,d,d.124,d.124.1,d.124.1.1,204
d1jy5a_,SCOPe-ALL,family,d.124.1.1,d,d.124,d.124.1,d.124.1.1,207
d1iqqa_,SCOPe-ALL,family,d.124.1.1,d,d.124,d.124.1,d.124.1.1,200
d1sgla_,SCOPe-ALL,family,d.124.1.1,d,d.124,d.124.1,d.124.1.1,206
d3d3za_,SCOPe-ALL,family,d.124.1.0,d,d.124,d.124.1,d.124.1.0,238
d1orda3,SCOPe-ALL,family,d.125.1.1,d,d.125,d.125.1,d.125.1.1,161
d1g61a_,SCOPe-ALL,family,d.126.1.1,d,d.126,d.126.1,d.126.1.1,225
d5m3qa_,SCOPe-ALL,family,d.126.1.1,d,d.126,d.126.1,d.126.1.1,224
d1jdwa_,SCOPe-ALL,family,d.126.1.2,d,d.126,d.126.1,d.126.1.2,360
d1bwda_,SCOPe-ALL,family,d.126.1.2,d,d.126,d.126.1,d.126.1.2,348
d3rhya_,SCOPe-ALL,family,d.126.1.3,d,d.126,d.126.1,d.126.1.3,254
d1s9ra_,SCOPe-ALL,family,d.126.1.4,d,d.126,d.126.1,d.126.1.4,409
d2a9ga1,SCOPe-ALL,family,d.126.1.4,d,d.126,d.126.1,d.126.1.4,412
d1xkna1,SCOPe-ALL,family,d.126.1.6,d,d.126,d.126.1,d.126.1.6,346
d1zbra1,SCOPe-ALL,family,d.126.1.6,d,d.126,d.126.1,d.126.1.6,339
d2q3ua_,SCOPe-ALL,family,d.126.1.6,d,d.126,d.126.1,d.126.1.6,372
d1ynfa1,SCOPe-ALL,family,d.126.1.7,d,d.126,d.126.1,d.126.1.7,440
d6b10a1,SCOPe-ALL,family,d.126.1.0,d,d.126,d.126.1,d.126.1.0,325
d2ci1a_,SCOPe-ALL,family,d.126.1.0,d,d.126,d.126.1,d.126.1.0,275
d4n2ka3,SCOPe-ALL,family,d.126.1.0,d,d.126,d.126.1,d.126.1.0,371
d4bofa_,SCOPe-ALL,family,d.126.1.0,d,d.126,d.126.1,d.126.1.0,408
d1wl6a2,SCOPe-ALL,family,d.127.1.1,d,d.127,d.127.1,d.127.1.1,264
d1pv9a2,SCOPe-ALL,family,d.127.1.1,d,d.127,d.127.1,d.127.1.1,221
d1chma2,SCOPe-ALL,family,d.127.1.1,d,d.127,d.127.1,d.127.1.1,246
d2ggca_,SCOPe-ALL,family,d.127.1.1,d,d.127,d.127.1,d.127.1.1,263
d1qzya2,SCOPe-ALL,family,d.127.1.1,d,d.127,d.127.1,d.127.1.1,296
d1xgsa2,SCOPe-ALL,family,d.127.1.1,d,d.127,d.127.1,d.127.1.1,219
d1qxya_,SCOPe-ALL,family,d.127.1.1,d,d.127,d.127.1,d.127.1.1,249
d3tb5a_,SCOPe-ALL,family,d.127.1.0,d,d.127,d.127.1,d.127.1.0,254
d3tava1,SCOPe-ALL,family,d.127.1.0,d,d.127,d.127.1,d.127.1.0,263
d4z9ma2,SCOPe-ALL,family,d.128.1.2,d,d.128,d.128.1,d.128.1.2,260
d4am1a2,SCOPe-ALL,family,d.128.1.2,d,d.128,d.128.1,d.128.1.2,261
d1r8ga_,SCOPe-ALL,family,d.128.1.3,d,d.128,d.128.1,d.128.1.3,368
d1va6a_,SCOPe-ALL,family,d.128.1.4,d,d.128,d.128.1,d.128.1.4,515
d2f2ab2,SCOPe-ALL,family,d.128.1.5,d,d.128,d.128.1,d.128.1.5,290
d1zq1c3,SCOPe-ALL,family,d.128.1.5,d,d.128,d.128.1,d.128.1.5,322
d4lnoa2,SCOPe-ALL,family,d.128.1.0,d,d.128,d.128.1,d.128.1.0,340
d2bvca2,SCOPe-ALL,family,d.128.1.0,d,d.128,d.128.1,d.128.1.0,374
d1aisa1,SCOPe-ALL,family,d.129.1.1,d,d.129,d.129.1,d.129.1.1,92
d1pcza2,SCOPe-ALL,family,d.129.1.1,d,d.129,d.129.1,d.129.1.1,92
d1mpga2,SCOPe-ALL,family,d.129.1.2,d,d.129,d.129.1,d.129.1.2,99
d3eika1,SCOPe-ALL,family,d.129.1.0,d,d.129,d.129.1,d.129.1.0,94
d3eika2,SCOPe-ALL,family,d.129.1.0,d,d.129,d.129.1,d.129.1.0,84
d2xhia1,SCOPe-ALL,family,d.129.1.0,d,d.129,d.129.1,d.129.1.0,126
d1wjwa1,SCOPe-ALL,family,d.129.2.1,d,d.129,d.129.2,d.129.2.1,99
d1k2yx4,SCOPe-ALL,family,d.129.2.1,d,d.129,d.129.2,d.129.2.1,96
d6y8ya4,SCOPe-ALL,family,d.129.2.0,d,d.129,d.129.2,d.129.2.0,142
d2q3qa2,SCOPe-ALL,family,d.129.3.1,d,d.129,d.129.3,d.129.3.1,119
d4a8ua_,SCOPe-ALL,family,d.129.3.1,d,d.129,d.129.3,d.129.3.1,159
d6v8ma_,SCOPe-ALL,family,d.129.3.1,d,d.129,d.129.3,d.129.3.1,152
d1ln1a_,SCOPe-ALL,family,d.129.3.2,d,d.129,d.129.3,d.129.3.2,203
d2psoa1,SCOPe-ALL,family,d.129.3.2,d,d.129,d.129.3,d.129.3.2,197
d5i9ja_,SCOPe-ALL,family,d.129.3.2,d,d.129,d.129.3,d.129.3.2,214
d1z02a2,SCOPe-ALL,family,d.129.3.3,d,d.129,d.129.3,d.129.3.3,279
d4hjla2,SCOPe-ALL,family,d.129.3.3,d,d.129,d.129.3,d.129.3.3,292
d2b1xa2,SCOPe-ALL,family,d.129.3.3,d,d.129,d.129.3,d.129.3.3,279
d7buga2,SCOPe-ALL,family,d.129.3.3,d,d.129,d.129.3,d.129.3.3,242
d1kcma_,SCOPe-ALL,family,d.129.3.4,d,d.129,d.129.3,d.129.3.4,256
d1x53a1,SCOPe-ALL,family,d.129.3.5,d,d.129,d.129.3,d.129.3.5,132
d2l65a1,SCOPe-ALL,family,d.129.3.5,d,d.129,d.129.3,d.129.3.5,155
d1z94a1,SCOPe-ALL,family,d.129.3.5,d,d.129,d.129.3,d.129.3.5,143
d2nn5a1,SCOPe-ALL,family,d.129.3.5,d,d.129,d.129.3,d.129.3.5,160
d1xuva1,SCOPe-ALL,family,d.129.3.5,d,d.129,d.129.3,d.129.3.5,160
d1xfsa_,SCOPe-ALL,family,d.129.3.5,d,d.129,d.129.3,d.129.3.5,165
d2il5a1,SCOPe-ALL,family,d.129.3.5,d,d.129,d.129.3,d.129.3.5,164
d2k5ga1,SCOPe-ALL,family,d.129.3.5,d,d.129,d.129.3,d.129.3.5,183
d3elia1,SCOPe-ALL,family,d.129.3.5,d,d.129,d.129.3,d.129.3.5,143
d2ktea1,SCOPe-ALL,family,d.129.3.5,d,d.129,d.129.3,d.129.3.5,144
d1t17a_,SCOPe-ALL,family,d.129.3.6,d,d.129,d.129.3,d.129.3.6,148
d2d4ra1,SCOPe-ALL,family,d.129.3.6,d,d.129,d.129.3,d.129.3.6,146
d3tvqa_,SCOPe-ALL,family,d.129.3.6,d,d.129,d.129.3,d.129.3.6,152
d2ffsa1,SCOPe-ALL,family,d.129.3.7,d,d.129,d.129.3,d.129.3.7,151
d2qpva1,SCOPe-ALL,family,d.129.3.8,d,d.129,d.129.3,d.129.3.8,133
d3f08a_,SCOPe-ALL,family,d.129.3.8,d,d.129,d.129.3,d.129.3.8,137
d2b79a2,SCOPe-ALL,family,d.129.3.9,d,d.129,d.129.3,d.129.3.9,137
d2ns9a1,SCOPe-ALL,family,d.129.3.10,d,d.129,d.129.3,d.129.3.10,147
d2pcsa1,SCOPe-ALL,family,d.129.3.10,d,d.129,d.129.3,d.129.3.10,146
d2vjga_,SCOPe-ALL,family,d.129.3.0,d,d.129,d.129.3,d.129.3.0,152
d3gzya2,SCOPe-ALL,family,d.129.3.0,d,d.129,d.129.3,d.129.3.0,279
d2lf2a1,SCOPe-ALL,family,d.129.3.0,d,d.129,d.129.3,d.129.3.0,167
d6l1ma_,SCOPe-ALL,family,d.129.3.0,d,d.129,d.129.3,d.129.3.0,200
d2r55a1,SCOPe-ALL,family,d.129.3.0,d,d.129,d.129.3,d.129.3.0,208
d2moua_,SCOPe-ALL,family,d.129.3.0,d,d.129,d.129.3,d.129.3.0,220
d5i8fa1,SCOPe-ALL,family,d.129.3.0,d,d.129,d.129.3,d.129.3.0,159
d3ni8a1,SCOPe-ALL,family,d.129.3.0,d,d.129,d.129.3,d.129.3.0,139
d2flha_,SCOPe-ALL,family,d.129.3.0,d,d.129,d.129.3,d.129.3.0,151
d3uida1,SCOPe-ALL,family,d.129.3.0,d,d.129,d.129.3,d.129.3.0,160
d2ckfa2,SCOPe-ALL,family,d.129.3.0,d,d.129,d.129.3,d.129.3.0,300
d2le1a1,SCOPe-ALL,family,d.129.3.0,d,d.129,d.129.3,d.129.3.0,143
d1f46a_,SCOPe-ALL,family,d.129.4.1,d,d.129,d.129.4,d.129.4.1,139
d1v8ca2,SCOPe-ALL,family,d.129.5.1,d,d.129,d.129.5,d.129.5.1,78
d3osea_,SCOPe-ALL,family,d.129.6.1,d,d.129,d.129.6,d.129.6.1,100
d2v8qa1,SCOPe-ALL,family,d.129.6.2,d,d.129,d.129.6,d.129.6.2,153
d2qrda_,SCOPe-ALL,family,d.129.6.2,d,d.129,d.129.6,d.129.6.2,127
d3t4na_,SCOPe-ALL,family,d.129.6.2,d,d.129,d.129.6,d.129.6.2,166
d1j3ma_,SCOPe-ALL,family,d.129.7.1,d,d.129,d.129.7,d.129.7.1,127
d1q9ua_,SCOPe-ALL,family,d.129.7.1,d,d.129,d.129.7,d.129.7.1,128
d1t6aa_,SCOPe-ALL,family,d.129.8.1,d,d.129,d.129.8,d.129.8.1,124
d1xsza2,SCOPe-ALL,family,d.129.9.1,d,d.129,d.129.9,d.129.9.1,156
d2fpna1,SCOPe-ALL,family,d.129.10.1,d,d.129,d.129.10,d.129.10.1,214
d2pwwa1,SCOPe-ALL,family,d.129.11.1,d,d.129,d.129.11,d.129.11.1,113
d2hj2a1,SCOPe-ALL,family,d.130.1.1,d,d.130,d.130.1,d.130.1.1,110
d2hj2a2,SCOPe-ALL,family,d.130.1.1,d,d.130,d.130.1,d.130.1.1,126
d2hj2a3,SCOPe-ALL,family,d.130.1.1,d,d.130,d.130.1,d.130.1.1,144
d4le5a1,SCOPe-ALL,family,d.130.1.0,d,d.130,d.130.1,d.130.1.0,106
d4le5a2,SCOPe-ALL,family,d.130.1.0,d,d.130,d.130.1,d.130.1.0,126
d6rk7a2,SCOPe-ALL,family,d.130.1.0,d,d.130,d.130.1,d.130.1.0,119
d4k3la1,SCOPe-ALL,family,d.131.1.1,d,d.131,d.131.1,d.131.1.1,122
d4k3la2,SCOPe-ALL,family,d.131.1.1,d,d.131,d.131.1,d.131.1.1,122
d4k3la3,SCOPe-ALL,family,d.131.1.1,d,d.131,d.131.1,d.131.1.1,121
d1vpka1,SCOPe-ALL,family,d.131.1.1,d,d.131,d.131.1,d.131.1.1,120
d1vpka2,SCOPe-ALL,family,d.131.1.1,d,d.131,d.131.1,d.131.1.1,123
d1vpka3,SCOPe-ALL,family,d.131.1.1,d,d.131,d.131.1,d.131.1.1,123
d1b77a1,SCOPe-ALL,family,d.131.1.2,d,d.131,d.131.1,d.131.1.2,110
d1b77a2,SCOPe-ALL,family,d.131.1.2,d,d.131,d.131.1,d.131.1.2,118
d1rwza1,SCOPe-ALL,family,d.131.1.2,d,d.131,d.131.1,d.131.1.2,122
d1rwza2,SCOPe-ALL,family,d.131.1.2,d,d.131,d.131.1,d.131.1.2,122
d1plqa1,SCOPe-ALL,family,d.131.1.2,d,d.131,d.131.1,d.131.1.2,126
d1plqa2,SCOPe-ALL,family,d.131.1.2,d,d.131,d.131.1,d.131.1.2,132
d3ifva1,SCOPe-ALL,family,d.131.1.2,d,d.131,d.131.1,d.131.1.2,111
d3ifva2,SCOPe-ALL,family,d.131.1.2,d,d.131,d.131.1,d.131.1.2,131
d1u7ba1,SCOPe-ALL,family,d.131.1.2,d,d.131,d.131.1,d.131.1.2,126
d1u7ba2,SCOPe-ALL,family,d.131.1.2,d,d.131,d.131.1,d.131.1.2,129
d1iz5a1,SCOPe-ALL,family,d.131.1.2,d,d.131,d.131.1,d.131.1.2,119
d1iz5a2,SCOPe-ALL,family,d.131.1.2,d,d.131,d.131.1,d.131.1.2,121
d1ud9a1,SCOPe-ALL,family,d.131.1.2,d,d.131,d.131.1,d.131.1.2,119
d1ud9a2,SCOPe-ALL,family,d.131.1.2,d,d.131,d.131.1,d.131.1.2,119
d1dmla1,SCOPe-ALL,family,d.131.1.2,d,d.131,d.131.1,d.131.1.2,141
d1dmla2,SCOPe-ALL,family,d.131.1.2,d,d.131,d.131.1,d.131.1.2,150
d1t6la1,SCOPe-ALL,family,d.131.1.2,d,d.131,d.131.1,d.131.1.2,126
d1t6la2,SCOPe-ALL,family,d.131.1.2,d,d.131,d.131.1,d.131.1.2,135
d6dega1,SCOPe-ALL,family,d.131.1.0,d,d.131,d.131.1,d.131.1.0,119
d5wcea2,SCOPe-ALL,family,d.131.1.0,d,d.131,d.131.1,d.131.1.0,132
d5wcea3,SCOPe-ALL,family,d.131.1.0,d,d.131,d.131.1,d.131.1.0,122
d3p91a1,SCOPe-ALL,family,d.131.1.0,d,d.131,d.131.1,d.131.1.0,127
d3p91a2,SCOPe-ALL,family,d.131.1.0,d,d.131,d.131.1,d.131.1.0,127
d5w7za1,SCOPe-ALL,family,d.131.1.0,d,d.131,d.131.1,d.131.1.0,122
d5w7za2,SCOPe-ALL,family,d.131.1.0,d,d.131,d.131.1,d.131.1.0,126
d5w7za3,SCOPe-ALL,family,d.131.1.0,d,d.131,d.131.1,d.131.1.0,131
d2ix2b2,SCOPe-ALL,family,d.131.1.0,d,d.131,d.131.1,d.131.1.0,119
d3aixa1,SCOPe-ALL,family,d.131.1.0,d,d.131,d.131.1,d.131.1.0,126
d1rm6a2,SCOPe-ALL,family,d.133.1.1,d,d.133,d.133.1,d.133.1.1,636
d1n62b2,SCOPe-ALL,family,d.133.1.1,d,d.133,d.133.1,d.133.1.1,663
d1t3qb2,SCOPe-ALL,family,d.133.1.1,d,d.133,d.133.1,d.133.1.1,621
d3nvvc2,SCOPe-ALL,family,d.133.1.1,d,d.133,d.133.1,d.133.1.1,631
d1hlra8,SCOPe-ALL,family,d.133.1.0,d,d.133,d.133.1,d.133.1.0,597
d3mmca3,SCOPe-ALL,family,d.134.1.1,d,d.134,d.134.1,d.134.1.1,186
d3c7bb5,SCOPe-ALL,family,d.134.1.1,d,d.134,d.134.1,d.134.1.1,180
d1zj9a3,SCOPe-ALL,family,d.134.1.1,d,d.134,d.134.1,d.134.1.1,149
d1zj9a4,SCOPe-ALL,family,d.134.1.1,d,d.134,d.134.1,d.134.1.1,165
d6c3ma2,SCOPe-ALL,family,d.134.1.0,d,d.134,d.134.1,d.134.1.0,200
d6c3ma4,SCOPe-ALL,family,d.134.1.0,d,d.134,d.134.1,d.134.1.0,145
d3b0ga2,SCOPe-ALL,family,d.134.1.0,d,d.134,d.134.1,d.134.1.0,171
d3b0ga4,SCOPe-ALL,family,d.134.1.0,d,d.134,d.134.1,d.134.1.0,126
d2qyfa_,SCOPe-ALL,family,d.135.1.1,d,d.135,d.135.1,d.135.1.1,197
d1byra_,SCOPe-ALL,family,d.136.1.1,d,d.136,d.136.1,d.136.1.1,152
d1v0wa1,SCOPe-ALL,family,d.136.1.2,d,d.136,d.136.1,d.136.1.2,258
d1v0wa2,SCOPe-ALL,family,d.136.1.2,d,d.136,d.136.1,d.136.1.2,246
d6w7ja1,SCOPe-ALL,family,d.136.1.3,d,d.136,d.136.1,d.136.1.3,189
d6w7ja2,SCOPe-ALL,family,d.136.1.3,d,d.136,d.136.1,d.136.1.3,257
d3sq7a1,SCOPe-ALL,family,d.136.1.3,d,d.136,d.136.1,d.136.1.3,215
d3sq7a2,SCOPe-ALL,family,d.136.1.3,d,d.136,d.136.1,d.136.1.3,246
d1xdpa3,SCOPe-ALL,family,d.136.1.4,d,d.136,d.136.1,d.136.1.4,187
d2o8ra3,SCOPe-ALL,family,d.136.1.4,d,d.136,d.136.1,d.136.1.4,188
d2o8ra4,SCOPe-ALL,family,d.136.1.4,d,d.136,d.136.1,d.136.1.4,186
d2f5tx2,SCOPe-ALL,family,d.136.1.5,d,d.136,d.136.1,d.136.1.5,137
d4gena1,SCOPe-ALL,family,d.136.1.0,d,d.136,d.136.1,d.136.1.0,153
d3ge3e_,SCOPe-ALL,family,d.137.1.1,d,d.137,d.137.1,d.137.1.1,102
d6vk5d_,SCOPe-ALL,family,d.137.1.1,d,d.137,d.137.1,d.137.1.1,132
d2inpl_,SCOPe-ALL,family,d.137.1.1,d,d.137,d.137.1,d.137.1.1,86
d1t3ta7,SCOPe-ALL,family,d.139.1.1,d,d.139,d.139.1,d.139.1.1,217
d1t3ta6,SCOPe-ALL,family,d.139.1.1,d,d.139,d.139.1,d.139.1.1,187
d2z1ea2,SCOPe-ALL,family,d.139.1.1,d,d.139,d.139.1,d.139.1.1,179
d1vk3a3,SCOPe-ALL,family,d.139.1.1,d,d.139,d.139.1,d.139.1.1,179
d1vk3a4,SCOPe-ALL,family,d.139.1.1,d,d.139,d.139.1,d.139.1.1,96
d2yyda2,SCOPe-ALL,family,d.139.1.1,d,d.139,d.139.1,d.139.1.1,182
d3c9ua2,SCOPe-ALL,family,d.139.1.1,d,d.139,d.139.1,d.139.1.1,169
d5cm7a2,SCOPe-ALL,family,d.139.1.0,d,d.139,d.139.1,d.139.1.0,169
d2btua2,SCOPe-ALL,family,d.139.1.0,d,d.139,d.139.1,d.139.1.0,174
d3u0oa2,SCOPe-ALL,family,d.139.1.0,d,d.139,d.139.1,d.139.1.0,185
d3qtya2,SCOPe-ALL,family,d.139.1.0,d,d.139,d.139.1,d.139.1.0,177
d2v9ya2,SCOPe-ALL,family,d.139.1.0,d,d.139,d.139.1,d.139.1.0,193
d6xepa2,SCOPe-ALL,family,d.139.1.0,d,d.139,d.139.1,d.139.1.0,174
d1seia_,SCOPe-ALL,family,d.140.1.1,d,d.140,d.140.1,d.140.1.1,130
d1i6ua_,SCOPe-ALL,family,d.140.1.1,d,d.140,d.140.1,d.140.1.1,129
d1rl6a1,SCOPe-ALL,family,d.141.1.1,d,d.141,d.141.1,d.141.1.1,75
d1rl6a2,SCOPe-ALL,family,d.141.1.1,d,d.141,d.141.1,d.141.1.1,89
d2qamg1,SCOPe-ALL,family,d.141.1.1,d,d.141,d.141.1,d.141.1.1,81
d1vq8e1,SCOPe-ALL,family,d.141.1.1,d,d.141,d.141.1,d.141.1.1,79
d1vq8e2,SCOPe-ALL,family,d.141.1.1,d,d.141,d.141.1,d.141.1.1,93
d2cqla1,SCOPe-ALL,family,d.141.1.1,d,d.141,d.141.1,d.141.1.1,87
d1ehia2,SCOPe-ALL,family,d.142.1.1,d,d.142,d.142.1,d.142.1.1,228
d1gsaa2,SCOPe-ALL,family,d.142.1.1,d,d.142,d.142.1,d.142.1.1,192
d1w96a3,SCOPe-ALL,family,d.142.1.2,d,d.142,d.142.1,d.142.1.2,267
d2w70a2,SCOPe-ALL,family,d.142.1.2,d,d.142,d.142.1,d.142.1.2,216
d1t36a5,SCOPe-ALL,family,d.142.1.2,d,d.142,d.142.1,d.142.1.2,275
d1t36a6,SCOPe-ALL,family,d.142.1.2,d,d.142,d.142.1,d.142.1.2,259
d1gsoa3,SCOPe-ALL,family,d.142.1.2,d,d.142,d.142.1,d.142.1.2,224
d1vkza3,SCOPe-ALL,family,d.142.1.2,d,d.142,d.142.1,d.142.1.2,220
d1kjqa3,SCOPe-ALL,family,d.142.1.2,d,d.142,d.142.1,d.142.1.2,206
d3etja3,SCOPe-ALL,family,d.142.1.2,d,d.142,d.142.1,d.142.1.2,198
d1i7na2,SCOPe-ALL,family,d.142.1.3,d,d.142,d.142.1,d.142.1.3,206
d2nu8b2,SCOPe-ALL,family,d.142.1.4,d,d.142,d.142.1,d.142.1.4,238
d6xrub1,SCOPe-ALL,family,d.142.1.4,d,d.142,d.142.1,d.142.1.4,245
d1kbla3,SCOPe-ALL,family,d.142.1.5,d,d.142,d.142.1,d.142.1.5,375
d1m0wa2,SCOPe-ALL,family,d.142.1.6,d,d.142,d.142.1,d.142.1.6,374
d2hgsa4,SCOPe-ALL,family,d.142.1.6,d,d.142,d.142.1,d.142.1.6,371
d3vpda2,SCOPe-ALL,family,d.142.1.7,d,d.142,d.142.1,d.142.1.7,193
d2io8a3,SCOPe-ALL,family,d.142.1.8,d,d.142,d.142.1,d.142.1.8,301
d2r85a2,SCOPe-ALL,family,d.142.1.9,d,d.142,d.142.1,d.142.1.9,235
d2pbza2,SCOPe-ALL,family,d.142.1.9,d,d.142,d.142.1,d.142.1.9,213
d5s5df2,SCOPe-ALL,family,d.142.1.10,d,d.142,d.142.1,d.142.1.10,302
d3r23a1,SCOPe-ALL,family,d.142.1.0,d,d.142,d.142.1,d.142.1.0,210
d5nrha2,SCOPe-ALL,family,d.142.1.0,d,d.142,d.142.1,d.142.1.0,210
d6melb1,SCOPe-ALL,family,d.142.1.0,d,d.142,d.142.1,d.142.1.0,238
d3tqta2,SCOPe-ALL,family,d.142.1.0,d,d.142,d.142.1,d.142.1.0,232
d4fu0a2,SCOPe-ALL,family,d.142.1.0,d,d.142,d.142.1,d.142.1.0,210
d5jvlb2,SCOPe-ALL,family,d.142.1.0,d,d.142,d.142.1,d.142.1.0,123
d2zdha2,SCOPe-ALL,family,d.142.1.0,d,d.142,d.142.1,d.142.1.0,205
d6dgia2,SCOPe-ALL,family,d.142.1.0,d,d.142,d.142.1,d.142.1.0,217
d1a0ia2,SCOPe-ALL,family,d.142.2.1,d,d.142,d.142.2,d.142.2.1,239
d1fvia2,SCOPe-ALL,family,d.142.2.1,d,d.142,d.142.2,d.142.2.1,188
d1x9na3,SCOPe-ALL,family,d.142.2.1,d,d.142,d.142.2,d.142.2.1,220
d3jsla_,SCOPe-ALL,family,d.142.2.2,d,d.142,d.142.2,d.142.2.2,308
d1p16a2,SCOPe-ALL,family,d.142.2.3,d,d.142,d.142.2,d.142.2.3,244
d1ckma2,SCOPe-ALL,family,d.142.2.3,d,d.142,d.142.2,d.142.2.3,228
d1xdna_,SCOPe-ALL,family,d.142.2.4,d,d.142,d.142.2,d.142.2.4,265
d1s68a_,SCOPe-ALL,family,d.142.2.4,d,d.142,d.142.2,d.142.2.4,233
d1xk5a_,SCOPe-ALL,family,d.142.2.5,d,d.142,d.142.2,d.142.2.5,204
d7k72a_,SCOPe-ALL,family,d.142.2.0,d,d.142,d.142.2,d.142.2.0,318
d2cnqa_,SCOPe-ALL,family,d.143.1.1,d,d.143,d.143.1,d.143.1.1,304
d1kuta_,SCOPe-ALL,family,d.143.1.1,d,d.143,d.143.1,d.143.1.1,224
d6ux9a1,SCOPe-ALL,family,d.143.1.2,d,d.143,d.143.1,d.143.1.2,347
d1w2fa_,SCOPe-ALL,family,d.143.1.3,d,d.143,d.143.1,d.143.1.3,276
d3nuaa1,SCOPe-ALL,family,d.143.1.0,d,d.143,d.143.1,d.143.1.0,235
d6cn2a_,SCOPe-ALL,family,d.143.1.0,d,d.143,d.143.1,d.143.1.0,369
d1cjaa_,SCOPe-ALL,family,d.144.1.3,d,d.144,d.144.1,d.144.1.3,342
d4jspa1,SCOPe-ALL,family,d.144.1.4,d,d.144,d.144.1,d.144.1.4,457
d3ihya1,SCOPe-ALL,family,d.144.1.4,d,d.144,d.144.1,d.144.1.4,340
d1e7ua4,SCOPe-ALL,family,d.144.1.4,d,d.144,d.144.1,d.144.1.4,369
d1ia9a_,SCOPe-ALL,family,d.144.1.5,d,d.144,d.144.1,d.144.1.5,278
d1nd4a_,SCOPe-ALL,family,d.144.1.6,d,d.144,d.144.1,d.144.1.6,255
d2ppqa1,SCOPe-ALL,family,d.144.1.6,d,d.144,d.144.1,d.144.1.6,316
d2pula_,SCOPe-ALL,family,d.144.1.6,d,d.144,d.144.1,d.144.1.6,392
d1zyla1,SCOPe-ALL,family,d.144.1.6,d,d.144,d.144.1,d.144.1.6,325
d3tm0a_,SCOPe-ALL,family,d.144.1.6,d,d.144,d.144.1,d.144.1.6,263
d4hzra_,SCOPe-ALL,family,d.144.1.7,d,d.144,d.144.1,d.144.1.7,273
d5n3ja_,SCOPe-ALL,family,d.144.1.7,d,d.144,d.144.1,d.144.1.7,340
d3mi9a_,SCOPe-ALL,family,d.144.1.7,d,d.144,d.144.1,d.144.1.7,337
d6q4ga_,SCOPe-ALL,family,d.144.1.7,d,d.144,d.144.1,d.144.1.7,298
d4pf4a1,SCOPe-ALL,family,d.144.1.7,d,d.144,d.144.1,d.144.1.7,277
d7b7rb_,SCOPe-ALL,family,d.144.1.7,d,d.144,d.144.1,d.144.1.7,306
d3poza_,SCOPe-ALL,family,d.144.1.7,d,d.144,d.144.1,d.144.1.7,317
d2rioa_,SCOPe-ALL,family,d.144.1.7,d,d.144,d.144.1,d.144.1.7,427
d6yoja_,SCOPe-ALL,family,d.144.1.7,d,d.144,d.144.1,d.144.1.7,273
d1phka_,SCOPe-ALL,family,d.144.1.7,d,d.144,d.144.1,d.144.1.7,277
d1j1ba_,SCOPe-ALL,family,d.144.1.7,d,d.144,d.144.1,d.144.1.7,354
d3f66a_,SCOPe-ALL,family,d.144.1.7,d,d.144,d.144.1,d.144.1.7,298
d1p4oa_,SCOPe-ALL,family,d.144.1.7,d,d.144,d.144.1,d.144.1.7,308
d3dnua_,SCOPe-ALL,family,d.144.1.7,d,d.144,d.144.1,d.144.1.7,436
d1o6la_,SCOPe-ALL,family,d.144.1.7,d,d.144,d.144.1,d.144.1.7,337
d3a99a_,SCOPe-ALL,family,d.144.1.7,d,d.144,d.144.1,d.144.1.7,273
d1howa_,SCOPe-ALL,family,d.144.1.7,d,d.144,d.144.1,d.144.1.7,362
d1tkia_,SCOPe-ALL,family,d.144.1.7,d,d.144,d.144.1,d.144.1.7,321
d1koba_,SCOPe-ALL,family,d.144.1.7,d,d.144,d.144.1,d.144.1.7,352
d6zcsa1,SCOPe-ALL,family,d.144.1.7,d,d.144,d.144.1,d.144.1.7,273
d3vo3a_,SCOPe-ALL,family,d.144.1.7,d,d.144,d.144.1,d.144.1.7,307
d6tgua_,SCOPe-ALL,family,d.144.1.7,d,d.144,d.144.1,d.144.1.7,327
d6q7da_,SCOPe-ALL,family,d.144.1.7,d,d.144,d.144.1,d.144.1.7,297
d2yexa_,SCOPe-ALL,family,d.144.1.7,d,d.144,d.144.1,d.144.1.7,269
d5p9ja_,SCOPe-ALL,family,d.144.1.7,d,d.144,d.144.1,d.144.1.7,266
d2xrwa1,SCOPe-ALL,family,d.144.1.7,d,d.144,d.144.1,d.144.1.7,363
d5s75a_,SCOPe-ALL,family,d.144.1.7,d,d.144,d.144.1,d.144.1.7,298
d2w5aa1,SCOPe-ALL,family,d.144.1.7,d,d.144,d.144.1,d.144.1.7,269
d2izra_,SCOPe-ALL,family,d.144.1.7,d,d.144,d.144.1,d.144.1.7,299
d3v5wa2,SCOPe-ALL,family,d.144.1.7,d,d.144,d.144.1,d.144.1.7,364
d3fxwa_,SCOPe-ALL,family,d.144.1.7,d,d.144,d.144.1,d.144.1.7,317
d2oo8x_,SCOPe-ALL,family,d.144.1.7,d,d.144,d.144.1,d.144.1.7,282
d3orka1,SCOPe-ALL,family,d.144.1.7,d,d.144,d.144.1,d.144.1.7,290
d1t4ha_,SCOPe-ALL,family,d.144.1.7,d,d.144,d.144.1,d.144.1.7,270
d3fega_,SCOPe-ALL,family,d.144.1.8,d,d.144,d.144.1,d.144.1.8,347
d1tqia2,SCOPe-ALL,family,d.144.1.9,d,d.144,d.144.1,d.144.1.9,192
d4feva_,SCOPe-ALL,family,d.144.1.0,d,d.144,d.144.1,d.144.1.0,267
d4c2va_,SCOPe-ALL,family,d.144.1.0,d,d.144,d.144.1,d.144.1.0,271
d2b9ha_,SCOPe-ALL,family,d.144.1.0,d,d.144,d.144.1,d.144.1.0,353
d7jv7a_,SCOPe-ALL,family,d.144.1.0,d,d.144,d.144.1,d.144.1.0,311
d1zy4a1,SCOPe-ALL,family,d.144.1.0,d,d.144,d.144.1,d.144.1.0,300
d6z3ub_,SCOPe-ALL,family,d.144.1.0,d,d.144,d.144.1,d.144.1.0,322
d2weia1,SCOPe-ALL,family,d.144.1.0,d,d.144,d.144.1,d.144.1.0,269
d6vvga_,SCOPe-ALL,family,d.144.1.0,d,d.144,d.144.1,d.144.1.0,277
d6s14a_,SCOPe-ALL,family,d.144.1.0,d,d.144,d.144.1,d.144.1.0,347
d5lvoa_,SCOPe-ALL,family,d.144.1.0,d,d.144,d.144.1,d.144.1.0,287
d6fexa_,SCOPe-ALL,family,d.144.1.0,d,d.144,d.144.1,d.144.1.0,301
d3a7ia_,SCOPe-ALL,family,d.144.1.0,d,d.144,d.144.1,d.144.1.0,287
d2eu9a_,SCOPe-ALL,family,d.144.1.0,d,d.144,d.144.1,d.144.1.0,346
d4nfna_,SCOPe-ALL,family,d.144.1.0,d,d.144,d.144.1,d.144.1.0,293
d6n7aa_,SCOPe-ALL,family,d.144.1.0,d,d.144,d.144.1,d.144.1.0,290
d5qina_,SCOPe-ALL,family,d.144.1.0,d,d.144,d.144.1,d.144.1.0,302
d6egea_,SCOPe-ALL,family,d.144.1.0,d,d.144,d.144.1,d.144.1.0,295
d4ks7a_,SCOPe-ALL,family,d.144.1.0,d,d.144,d.144.1,d.144.1.0,287
d2ycfa_,SCOPe-ALL,family,d.144.1.0,d,d.144,d.144.1,d.144.1.0,301
d4itja_,SCOPe-ALL,family,d.144.1.0,d,d.144,d.144.1,d.144.1.0,287
d3kmua_,SCOPe-ALL,family,d.144.1.0,d,d.144,d.144.1,d.144.1.0,267
d4mwia_,SCOPe-ALL,family,d.144.1.0,d,d.144,d.144.1,d.144.1.0,278
d5ut3a_,SCOPe-ALL,family,d.144.1.0,d,d.144,d.144.1,d.144.1.0,272
d6yz4a_,SCOPe-ALL,family,d.144.1.0,d,d.144,d.144.1,d.144.1.0,304
d1x8ba_,SCOPe-ALL,family,d.144.1.0,d,d.144,d.144.1,d.144.1.0,279
d4wnoa_,SCOPe-ALL,family,d.144.1.0,d,d.144,d.144.1,d.144.1.0,273
d3fe3a_,SCOPe-ALL,family,d.144.1.0,d,d.144,d.144.1,d.144.1.0,317
d4x7ka_,SCOPe-ALL,family,d.144.1.0,d,d.144,d.144.1,d.144.1.0,298
d2wqma_,SCOPe-ALL,family,d.144.1.0,d,d.144,d.144.1,d.144.1.0,281
d5uyja1,SCOPe-ALL,family,d.144.1.0,d,d.144,d.144.1,d.144.1.0,289
d4b9da1,SCOPe-ALL,family,d.144.1.0,d,d.144,d.144.1,d.144.1.0,292
d6juua_,SCOPe-ALL,family,d.144.1.0,d,d.144,d.144.1,d.144.1.0,292
d6tszu1,SCOPe-ALL,family,d.144.1.0,d,d.144,d.144.1,d.144.1.0,284
d4b6la_,SCOPe-ALL,family,d.144.1.0,d,d.144,d.144.1,d.144.1.0,281
d7k0va1,SCOPe-ALL,family,d.144.1.0,d,d.144,d.144.1,d.144.1.0,257
d6fdyu_,SCOPe-ALL,family,d.144.1.0,d,d.144,d.144.1,d.144.1.0,266
d6vxua_,SCOPe-ALL,family,d.144.1.0,d,d.144,d.144.1,d.144.1.0,322
d5jzja_,SCOPe-ALL,family,d.144.1.0,d,d.144,d.144.1,d.144.1.0,275
d4bf2a_,SCOPe-ALL,family,d.144.1.0,d,d.144,d.144.1,d.144.1.0,269
d4w9wa_,SCOPe-ALL,family,d.144.1.0,d,d.144,d.144.1,d.144.1.0,306
d6tu9a_,SCOPe-ALL,family,d.144.1.0,d,d.144,d.144.1,d.144.1.0,290
d2ac3a1,SCOPe-ALL,family,d.144.1.0,d,d.144,d.144.1,d.144.1.0,298
d6ziwi_,SCOPe-ALL,family,d.144.1.0,d,d.144,d.144.1,d.144.1.0,299
d3hmoa_,SCOPe-ALL,family,d.144.1.0,d,d.144,d.144.1,d.144.1.0,281
d6seqa_,SCOPe-ALL,family,d.144.1.0,d,d.144,d.144.1,d.144.1.0,284
d6vg3a_,SCOPe-ALL,family,d.144.1.0,d,d.144,d.144.1,d.144.1.0,277
d7aqba_,SCOPe-ALL,family,d.144.1.0,d,d.144,d.144.1,d.144.1.0,308
d4bgqa_,SCOPe-ALL,family,d.144.1.0,d,d.144,d.144.1,d.144.1.0,294
d3coka1,SCOPe-ALL,family,d.144.1.0,d,d.144,d.144.1,d.144.1.0,265
d5ng0a_,SCOPe-ALL,family,d.144.1.0,d,d.144,d.144.1,d.144.1.0,295
d6cnha1,SCOPe-ALL,family,d.144.1.0,d,d.144,d.144.1,d.144.1.0,349
d3dlsa_,SCOPe-ALL,family,d.144.1.0,d,d.144,d.144.1,d.144.1.0,285
d2a19b1,SCOPe-ALL,family,d.144.1.0,d,d.144,d.144.1,d.144.1.0,271
d6g77a_,SCOPe-ALL,family,d.144.1.0,d,d.144,d.144.1,d.144.1.0,299
d2wtkc1,SCOPe-ALL,family,d.144.1.0,d,d.144,d.144.1,d.144.1.0,264
d7jurb_,SCOPe-ALL,family,d.144.1.0,d,d.144,d.144.1,d.144.1.0,281
d2buja1,SCOPe-ALL,family,d.144.1.0,d,d.144,d.144.1,d.144.1.0,287
d4yfia_,SCOPe-ALL,family,d.144.1.0,d,d.144,d.144.1,d.144.1.0,286
d5j0aa1,SCOPe-ALL,family,d.144.1.0,d,d.144,d.144.1,d.144.1.0,298
d5o0ya_,SCOPe-ALL,family,d.144.1.0,d,d.144,d.144.1,d.144.1.0,288
d5loha_,SCOPe-ALL,family,d.144.1.0,d,d.144,d.144.1,d.144.1.0,284
d4o2za1,SCOPe-ALL,family,d.144.1.0,d,d.144,d.144.1,d.144.1.0,359
d3pg1a_,SCOPe-ALL,family,d.144.1.0,d,d.144,d.144.1,d.144.1.0,356
d6cpyb_,SCOPe-ALL,family,d.144.1.0,d,d.144,d.144.1,d.144.1.0,284
d5uv4a_,SCOPe-ALL,family,d.144.1.0,d,d.144,d.144.1,d.144.1.0,302
d2qr7a_,SCOPe-ALL,family,d.144.1.0,d,d.144,d.144.1,d.144.1.0,298
d5xkaa_,SCOPe-ALL,family,d.144.1.0,d,d.144,d.144.1,d.144.1.0,259
d2bdwa_,SCOPe-ALL,family,d.144.1.0,d,d.144,d.144.1,d.144.1.0,309
d6m0ua_,SCOPe-ALL,family,d.144.1.0,d,d.144,d.144.1,d.144.1.0,300
d3llta_,SCOPe-ALL,family,d.144.1.0,d,d.144,d.144.1,d.144.1.0,341
d5hnva1,SCOPe-ALL,family,d.144.1.0,d,d.144,d.144.1,d.144.1.0,283
d4f0fa1,SCOPe-ALL,family,d.144.1.0,d,d.144,d.144.1,d.144.1.0,274
d4eqma_,SCOPe-ALL,family,d.144.1.0,d,d.144,d.144.1,d.144.1.0,282
d6fuca_,SCOPe-ALL,family,d.144.1.0,d,d.144,d.144.1,d.144.1.0,272
d4h05a1,SCOPe-ALL,family,d.144.1.0,d,d.144,d.144.1,d.144.1.0,267
d4i93a_,SCOPe-ALL,family,d.144.1.0,d,d.144,d.144.1,d.144.1.0,289
d3uc3a_,SCOPe-ALL,family,d.144.1.0,d,d.144,d.144.1,d.144.1.0,309
d2pywa_,SCOPe-ALL,family,d.144.1.0,d,d.144,d.144.1,d.144.1.0,417
d5xd6a1,SCOPe-ALL,family,d.144.1.0,d,d.144,d.144.1,d.144.1.0,301
d4czua1,SCOPe-ALL,family,d.144.1.0,d,d.144,d.144.1,d.144.1.0,296
d3tl8a_,SCOPe-ALL,family,d.144.1.0,d,d.144,d.144.1,d.144.1.0,304
d3p86a_,SCOPe-ALL,family,d.144.1.0,d,d.144,d.144.1,d.144.1.0,267
d6ctha1,SCOPe-ALL,family,d.144.1.0,d,d.144,d.144.1,d.144.1.0,300
d6v6aa_,SCOPe-ALL,family,d.144.1.0,d,d.144,d.144.1,d.144.1.0,346
d3is5a1,SCOPe-ALL,family,d.144.1.0,d,d.144,d.144.1,d.144.1.0,266
d2bvfa1,SCOPe-ALL,family,d.145.1.1,d,d.145,d.145.1,d.145.1.1,201
d2vfra2,SCOPe-ALL,family,d.145.1.1,d,d.145,d.145.1,d.145.1.1,180
d1f0xa2,SCOPe-ALL,family,d.145.1.1,d,d.145,d.145.1,d.145.1.1,265
d1wvfa2,SCOPe-ALL,family,d.145.1.1,d,d.145,d.145.1,d.145.1.1,236
d1uxya1,SCOPe-ALL,family,d.145.1.2,d,d.145,d.145.1,d.145.1.2,198
d1hska1,SCOPe-ALL,family,d.145.1.2,d,d.145,d.145.1,d.145.1.2,194
d1rm6b2,SCOPe-ALL,family,d.145.1.3,d,d.145,d.145.1,d.145.1.3,216
d1n62c2,SCOPe-ALL,family,d.145.1.3,d,d.145,d.145.1,d.145.1.3,177
d1t3qc2,SCOPe-ALL,family,d.145.1.3,d,d.145,d.145.1,d.145.1.3,176
d3nvvb1,SCOPe-ALL,family,d.145.1.3,d,d.145,d.145.1,d.145.1.3,220
d2oaia1,SCOPe-ALL,family,d.145.1.4,d,d.145,d.145.1,d.145.1.4,87
d2p4pa1,SCOPe-ALL,family,d.145.1.4,d,d.145,d.145.1,d.145.1.4,82
d3laea1,SCOPe-ALL,family,d.145.1.4,d,d.145,d.145.1,d.145.1.4,78
d2nqwa1,SCOPe-ALL,family,d.145.1.4,d,d.145,d.145.1,d.145.1.4,87
d2r2za1,SCOPe-ALL,family,d.145.1.4,d,d.145,d.145.1,d.145.1.4,84
d2rk5a1,SCOPe-ALL,family,d.145.1.4,d,d.145,d.145.1,d.145.1.4,84
d2o3ga1,SCOPe-ALL,family,d.145.1.4,d,d.145,d.145.1,d.145.1.4,76
d2p3ha1,SCOPe-ALL,family,d.145.1.4,d,d.145,d.145.1,d.145.1.4,98
d2p13a1,SCOPe-ALL,family,d.145.1.4,d,d.145,d.145.1,d.145.1.4,85
d2plia1,SCOPe-ALL,family,d.145.1.4,d,d.145,d.145.1,d.145.1.4,84
d2i0ka2,SCOPe-ALL,family,d.145.1.0,d,d.145,d.145.1,d.145.1.0,216
d2w3sa3,SCOPe-ALL,family,d.145.1.0,d,d.145,d.145.1,d.145.1.0,167
d4zohb1,SCOPe-ALL,family,d.145.1.0,d,d.145,d.145.1,d.145.1.0,170
d2q4wa1,SCOPe-ALL,family,d.145.1.0,d,d.145,d.145.1,d.145.1.0,205
d1uxya2,SCOPe-ALL,family,d.146.1.1,d,d.146,d.146.1,d.146.1.1,142
d1hska2,SCOPe-ALL,family,d.146.1.1,d,d.146,d.146.1,d.146.1.1,109
d4gvqa_,SCOPe-ALL,family,d.147.1.0,d,d.147,d.147.1,d.147.1.0,315
d1c4za_,SCOPe-ALL,family,d.148.1.1,d,d.148,d.148.1,d.148.1.1,350
d3h1da1,SCOPe-ALL,family,d.148.1.0,d,d.148,d.148.1,d.148.1.0,374
d6jx5a_,SCOPe-ALL,family,d.148.1.0,d,d.148,d.148.1,d.148.1.0,378
d3hhta_,SCOPe-ALL,family,d.149.1.1,d,d.149,d.149.1,d.149.1.1,202
d4mrta1,SCOPe-ALL,family,d.150.1.1,d,d.150,d.150.1,d.150.1.1,101
d4mrta2,SCOPe-ALL,family,d.150.1.1,d,d.150,d.150.1,d.150.1.1,123
d2wasa_,SCOPe-ALL,family,d.150.1.0,d,d.150,d.150.1,d.150.1.0,120
d5xuka_,SCOPe-ALL,family,d.150.1.0,d,d.150,d.150.1,d.150.1.0,115
d3hqja_,SCOPe-ALL,family,d.150.1.0,d,d.150,d.150.1,d.150.1.0,129
d2wdsa_,SCOPe-ALL,family,d.150.1.0,d,d.150,d.150.1,d.150.1.0,123
d3otaa1,SCOPe-ALL,family,d.150.1.0,d,d.150,d.150.1,d.150.1.0,125
d1sr4b_,SCOPe-ALL,family,d.151.1.1,d,d.151,d.151.1,d.151.1.1,261
d2a40b_,SCOPe-ALL,family,d.151.1.1,d,d.151,d.151.1,d.151.1.1,260
d4qhea_,SCOPe-ALL,family,d.151.1.1,d,d.151,d.151.1,d.151.1.1,281
d1akoa_,SCOPe-ALL,family,d.151.1.1,d,d.151,d.151.1,d.151.1.1,268
d1wdua_,SCOPe-ALL,family,d.151.1.1,d,d.151,d.151.1,d.151.1.1,228
d2v0sa_,SCOPe-ALL,family,d.151.1.1,d,d.151,d.151.1,d.151.1.1,229
d1i9za_,SCOPe-ALL,family,d.151.1.2,d,d.151,d.151.1,d.151.1.2,345
d2imqx_,SCOPe-ALL,family,d.151.1.2,d,d.151,d.151.1,d.151.1.2,280
d2ddra1,SCOPe-ALL,family,d.151.1.3,d,d.151,d.151.1,d.151.1.3,299
d3g91a1,SCOPe-ALL,family,d.151.1.0,d,d.151,d.151.1,d.151.1.0,256
d2jc4a_,SCOPe-ALL,family,d.151.1.0,d,d.151,d.151.1,d.151.1.0,256
d4jg3a1,SCOPe-ALL,family,d.151.1.0,d,d.151,d.151.1,d.151.1.0,259
d2ei9a_,SCOPe-ALL,family,d.151.1.0,d,d.151,d.151.1,d.151.1.0,214
d5ewta_,SCOPe-ALL,family,d.151.1.0,d,d.151,d.151.1,d.151.1.0,247
d1b25a2,SCOPe-ALL,family,d.152.1.1,d,d.152,d.152.1,d.152.1.1,210
d1ofda3,SCOPe-ALL,family,d.153.1.1,d,d.153,d.153.1,d.153.1.1,430
d1ct9a2,SCOPe-ALL,family,d.153.1.1,d,d.153,d.153.1,d.153.1.1,192
d1q15a2,SCOPe-ALL,family,d.153.1.1,d,d.153,d.153.1,d.153.1.1,204
d1m1za2,SCOPe-ALL,family,d.153.1.1,d,d.153,d.153.1,d.153.1.1,207
d1gdoa_,SCOPe-ALL,family,d.153.1.1,d,d.153,d.153.1,d.153.1.1,238
d1ao0a2,SCOPe-ALL,family,d.153.1.1,d,d.153,d.153.1,d.153.1.1,234
d1ecfa2,SCOPe-ALL,family,d.153.1.1,d,d.153,d.153.1,d.153.1.1,249
d1te5a_,SCOPe-ALL,family,d.153.1.1,d,d.153,d.153.1,d.153.1.1,253
d1g3ka_,SCOPe-ALL,family,d.153.1.4,d,d.153,d.153.1,d.153.1.4,173
d1rypd_,SCOPe-ALL,family,d.153.1.4,d,d.153,d.153.1,d.153.1.4,241
d5le5a_,SCOPe-ALL,family,d.153.1.4,d,d.153,d.153.1,d.153.1.4,230
d5le5b_,SCOPe-ALL,family,d.153.1.4,d,d.153,d.153.1,d.153.1.4,248
d5le5k_,SCOPe-ALL,family,d.153.1.4,d,d.153,d.153.1,d.153.1.4,201
d5le5l_,SCOPe-ALL,family,d.153.1.4,d,d.153,d.153.1,d.153.1.4,213
d5le5n_,SCOPe-ALL,family,d.153.1.4,d,d.153,d.153.1,d.153.1.4,202
d5le5d_,SCOPe-ALL,family,d.153.1.4,d,d.153,d.153.1,d.153.1.4,233
d5le5g_,SCOPe-ALL,family,d.153.1.4,d,d.153,d.153.1,d.153.1.4,244
d5le5h_,SCOPe-ALL,family,d.153.1.4,d,d.153,d.153.1,d.153.1.4,220
d5le5j_,SCOPe-ALL,family,d.153.1.4,d,d.153,d.153.1,d.153.1.4,196
d3mi01_,SCOPe-ALL,family,d.153.1.4,d,d.153,d.153.1,d.153.1.4,227
d3mi02_,SCOPe-ALL,family,d.153.1.4,d,d.153,d.153.1,d.153.1.4,223
d1yara_,SCOPe-ALL,family,d.153.1.4,d,d.153,d.153.1,d.153.1.4,221
d1yarh_,SCOPe-ALL,family,d.153.1.4,d,d.153,d.153.1,d.153.1.4,203
d3ljqa_,SCOPe-ALL,family,d.153.1.5,d,d.153,d.153.1,d.153.1.5,294
d2nlza1,SCOPe-ALL,family,d.153.1.6,d,d.153,d.153.1,d.153.1.6,537
d2i3oa1,SCOPe-ALL,family,d.153.1.6,d,d.153,d.153.1,d.153.1.6,516
d2imha1,SCOPe-ALL,family,d.153.1.7,d,d.153,d.153.1,d.153.1.7,222
d2quya_,SCOPe-ALL,family,d.153.1.0,d,d.153,d.153.1,d.153.1.0,330
d3hbca1,SCOPe-ALL,family,d.153.1.0,d,d.153,d.153.1,d.153.1.0,318
d2bjfa_,SCOPe-ALL,family,d.153.1.0,d,d.153,d.153.1,d.153.1.0,328
d5le5e_,SCOPe-ALL,family,d.153.1.0,d,d.153,d.153.1,d.153.1.0,234
d5le5f_,SCOPe-ALL,family,d.153.1.0,d,d.153,d.153.1,d.153.1.0,239
d5le5i_,SCOPe-ALL,family,d.153.1.0,d,d.153,d.153.1,d.153.1.0,204
d5le5m_,SCOPe-ALL,family,d.153.1.0,d,d.153,d.153.1,d.153.1.0,216
d5hkea_,SCOPe-ALL,family,d.153.1.0,d,d.153,d.153.1,d.153.1.0,322
d6qm7b_,SCOPe-ALL,family,d.153.1.0,d,d.153,d.153.1,d.153.1.0,218
d6qm7k_,SCOPe-ALL,family,d.153.1.0,d,d.153,d.153.1,d.153.1.0,206
d2ntka2,SCOPe-ALL,family,d.153.2.1,d,d.153,d.153.2,d.153.2.1,202
d1vz6a_,SCOPe-ALL,family,d.154.1.2,d,d.154,d.154.1,d.154.1.2,383
d3ndva_,SCOPe-ALL,family,d.154.1.0,d,d.154,d.154.1,d.154.1.0,371
d1jl0a_,SCOPe-ALL,family,d.156.1.1,d,d.156,d.156.1,d.156.1.1,325
d1vr7a_,SCOPe-ALL,family,d.156.1.2,d,d.156,d.156.1,d.156.1.2,120
d2iiia_,SCOPe-ALL,family,d.156.1.0,d,d.156,d.156.1,d.156.1.0,121
d3ioga_,SCOPe-ALL,family,d.157.1.1,d,d.157,d.157.1,d.157.1.1,227
d4c1ha_,SCOPe-ALL,family,d.157.1.1,d,d.157,d.157.1,d.157.1.1,222
d1a7ta_,SCOPe-ALL,family,d.157.1.1,d,d.157,d.157.1,d.157.1.1,227
d1m2xa_,SCOPe-ALL,family,d.157.1.1,d,d.157,d.157.1,d.157.1.1,219
d1k07a_,SCOPe-ALL,family,d.157.1.1,d,d.157,d.157.1,d.157.1.1,262
d3lvza_,SCOPe-ALL,family,d.157.1.1,d,d.157,d.157.1,d.157.1.1,272
d6tm9a_,SCOPe-ALL,family,d.157.1.1,d,d.157,d.157.1,d.157.1.1,230
d2aioa_,SCOPe-ALL,family,d.157.1.1,d,d.157,d.157.1,d.157.1.1,266
d1qh5a_,SCOPe-ALL,family,d.157.1.2,d,d.157,d.157.1,d.157.1.2,260
d2q9ua1,SCOPe-ALL,family,d.157.1.3,d,d.157,d.157.1,d.157.1.3,250
d1vmea2,SCOPe-ALL,family,d.157.1.3,d,d.157,d.157.1,d.157.1.3,250
d1e5da2,SCOPe-ALL,family,d.157.1.3,d,d.157,d.157.1,d.157.1.3,249
d1vjna1,SCOPe-ALL,family,d.157.1.4,d,d.157,d.157.1,d.157.1.4,208
d6c2ca_,SCOPe-ALL,family,d.157.1.5,d,d.157,d.157.1,d.157.1.5,299
d3jxpa1,SCOPe-ALL,family,d.157.1.6,d,d.157,d.157.1,d.157.1.6,303
d1y44a1,SCOPe-ALL,family,d.157.1.7,d,d.157,d.157.1,d.157.1.7,307
d2e7ya_,SCOPe-ALL,family,d.157.1.7,d,d.157,d.157.1,d.157.1.7,280
d1wraa1,SCOPe-ALL,family,d.157.1.8,d,d.157,d.157.1,d.157.1.8,305
d1zkpa1,SCOPe-ALL,family,d.157.1.9,d,d.157,d.157.1,d.157.1.9,244
d2i7va_,SCOPe-ALL,family,d.157.1.10,d,d.157,d.157.1,d.157.1.10,453
d2i7xa1,SCOPe-ALL,family,d.157.1.10,d,d.157,d.157.1,d.157.1.10,515
d2az4a1,SCOPe-ALL,family,d.157.1.10,d,d.157,d.157.1,d.157.1.10,183
d3ieka_,SCOPe-ALL,family,d.157.1.10,d,d.157,d.157.1,d.157.1.10,431
d1ztca1,SCOPe-ALL,family,d.157.1.11,d,d.157,d.157.1,d.157.1.11,207
d2p97a1,SCOPe-ALL,family,d.157.1.12,d,d.157,d.157.1,d.157.1.12,200
d2cfua2,SCOPe-ALL,family,d.157.1.13,d,d.157,d.157.1,d.157.1.13,505
d2q0ia2,SCOPe-ALL,family,d.157.1.14,d,d.157,d.157.1,d.157.1.14,298
d5q22a_,SCOPe-ALL,family,d.157.1.15,d,d.157,d.157.1,d.157.1.15,341
d6n36a_,SCOPe-ALL,family,d.157.1.0,d,d.157,d.157.1,d.157.1.0,265
d4zo2a_,SCOPe-ALL,family,d.157.1.0,d,d.157,d.157.1,d.157.1.0,293
d6dqha_,SCOPe-ALL,family,d.157.1.0,d,d.157,d.157.1,d.157.1.0,250
d6t5kc_,SCOPe-ALL,family,d.157.1.0,d,d.157,d.157.1,d.157.1.0,224
d6rz0a_,SCOPe-ALL,family,d.157.1.0,d,d.157,d.157.1,d.157.1.0,251
d6v54a_,SCOPe-ALL,family,d.157.1.0,d,d.157,d.157.1,d.157.1.0,219
d5zioa_,SCOPe-ALL,family,d.157.1.0,d,d.157,d.157.1,d.157.1.0,228
d2ohha1,SCOPe-ALL,family,d.157.1.0,d,d.157,d.157.1,d.157.1.0,254
d6aufb_,SCOPe-ALL,family,d.157.1.0,d,d.157,d.157.1,d.157.1.0,273
d2ynta1,SCOPe-ALL,family,d.157.1.0,d,d.157,d.157.1,d.157.1.0,220
d5ndea_,SCOPe-ALL,family,d.157.1.0,d,d.157,d.157.1,d.157.1.0,244
d6cqsa_,SCOPe-ALL,family,d.157.1.0,d,d.157,d.157.1,d.157.1.0,242
d6k4xa_,SCOPe-ALL,family,d.157.1.0,d,d.157,d.157.1,d.157.1.0,260
d5uq6a_,SCOPe-ALL,family,d.159.1.1,d,d.159,d.159.1,d.159.1.1,301
d6hwra2,SCOPe-ALL,family,d.159.1.1,d,d.159,d.159.1,d.159.1.1,310
d1hp1a2,SCOPe-ALL,family,d.159.1.2,d,d.159,d.159.1,d.159.1.2,328
d2z1aa2,SCOPe-ALL,family,d.159.1.2,d,d.159,d.159.1,d.159.1.2,302
d3c9fa2,SCOPe-ALL,family,d.159.1.2,d,d.159,d.159.1,d.159.1.2,322
d1g5ba_,SCOPe-ALL,family,d.159.1.3,d,d.159,d.159.1,d.159.1.3,219
d4f0za_,SCOPe-ALL,family,d.159.1.3,d,d.159,d.159.1,d.159.1.3,357
d3h63a_,SCOPe-ALL,family,d.159.1.3,d,d.159,d.159.1,d.159.1.3,315
d5inba_,SCOPe-ALL,family,d.159.1.3,d,d.159,d.159.1,d.159.1.3,293
d1ii7a_,SCOPe-ALL,family,d.159.1.4,d,d.159,d.159.1,d.159.1.4,333
d2gjua_,SCOPe-ALL,family,d.159.1.5,d,d.159,d.159.1,d.159.1.5,252
d1uf3a_,SCOPe-ALL,family,d.159.1.6,d,d.159,d.159.1,d.159.1.6,228
d2yvta1,SCOPe-ALL,family,d.159.1.6,d,d.159,d.159.1,d.159.1.6,257
d1su1a_,SCOPe-ALL,family,d.159.1.7,d,d.159,d.159.1,d.159.1.7,184
d1s3la_,SCOPe-ALL,family,d.159.1.7,d,d.159,d.159.1,d.159.1.7,165
d3ck2a1,SCOPe-ALL,family,d.159.1.7,d,d.159,d.159.1,d.159.1.7,173
d5gtua1,SCOPe-ALL,family,d.159.1.7,d,d.159,d.159.1,d.159.1.7,181
d1xm7a1,SCOPe-ALL,family,d.159.1.8,d,d.159,d.159.1,d.159.1.8,186
d1t71a_,SCOPe-ALL,family,d.159.1.9,d,d.159,d.159.1,d.159.1.9,281
d3d03a_,SCOPe-ALL,family,d.159.1.11,d,d.159,d.159.1,d.159.1.11,274
d2hy1a1,SCOPe-ALL,family,d.159.1.11,d,d.159,d.159.1,d.159.1.11,256
d2nxfa1,SCOPe-ALL,family,d.159.1.12,d,d.159,d.159.1,d.159.1.12,320
d4b2oa_,SCOPe-ALL,family,d.159.1.0,d,d.159,d.159.1,d.159.1.0,264
d3rqza1,SCOPe-ALL,family,d.159.1.0,d,d.159,d.159.1,d.159.1.0,243
d3qfma_,SCOPe-ALL,family,d.159.1.0,d,d.159,d.159.1,d.159.1.0,258
d1emsa2,SCOPe-ALL,family,d.160.1.1,d,d.160,d.160.1,d.160.1.1,271
d1uf5a_,SCOPe-ALL,family,d.160.1.2,d,d.160,d.160.1,d.160.1.2,303
d3ivza_,SCOPe-ALL,family,d.160.1.2,d,d.160,d.160.1,d.160.1.2,261
d5h8ia_,SCOPe-ALL,family,d.160.1.0,d,d.160,d.160.1,d.160.1.0,298
d2w1va_,SCOPe-ALL,family,d.160.1.0,d,d.160,d.160.1,d.160.1.0,274
d3p8ka1,SCOPe-ALL,family,d.160.1.0,d,d.160,d.160.1,d.160.1.0,260
d2e11a_,SCOPe-ALL,family,d.160.1.0,d,d.160,d.160.1,d.160.1.0,265
d1i7qa_,SCOPe-ALL,family,d.161.1.1,d,d.161,d.161.1,d.161.1.1,517
d1qdla_,SCOPe-ALL,family,d.161.1.1,d,d.161,d.161.1,d.161.1.1,422
d1k0ea_,SCOPe-ALL,family,d.161.1.1,d,d.161,d.161.1,d.161.1.1,451
d2g5fa1,SCOPe-ALL,family,d.161.1.1,d,d.161,d.161.1,d.161.1.1,435
d2fn1a2,SCOPe-ALL,family,d.161.1.1,d,d.161,d.161.1,d.161.1.1,432
d3bzna_,SCOPe-ALL,family,d.161.1.1,d,d.161,d.161.1,d.161.1.1,430
d1hyha2,SCOPe-ALL,family,d.162.1.1,d,d.162,d.162.1,d.162.1.1,163
d1ojsa4,SCOPe-ALL,family,d.162.1.1,d,d.162,d.162.1,d.162.1.1,152
d1t2da2,SCOPe-ALL,family,d.162.1.1,d,d.162,d.162.1,d.162.1.1,165
d1o6za2,SCOPe-ALL,family,d.162.1.1,d,d.162,d.162.1,d.162.1.1,161
d7mdha2,SCOPe-ALL,family,d.162.1.1,d,d.162,d.162.1,d.162.1.1,188
d1hyea2,SCOPe-ALL,family,d.162.1.1,d,d.162,d.162.1,d.162.1.1,168
d3hhpa2,SCOPe-ALL,family,d.162.1.1,d,d.162,d.162.1,d.162.1.1,167
d4al4a2,SCOPe-ALL,family,d.162.1.1,d,d.162,d.162.1,d.162.1.1,172
d1s6ya2,SCOPe-ALL,family,d.162.1.2,d,d.162,d.162.1,d.162.1.2,270
d1up7a2,SCOPe-ALL,family,d.162.1.2,d,d.162,d.162.1,d.162.1.2,253
d1nrhx4,SCOPe-ALL,family,d.162.1.2,d,d.162,d.162.1,d.162.1.2,276
d3fefa2,SCOPe-ALL,family,d.162.1.2,d,d.162,d.162.1,d.162.1.2,269
d3u95a2,SCOPe-ALL,family,d.162.1.2,d,d.162,d.162.1,d.162.1.2,277
d2d4aa2,SCOPe-ALL,family,d.162.1.0,d,d.162,d.162.1,d.162.1.0,167
d4m1qa2,SCOPe-ALL,family,d.162.1.0,d,d.162,d.162.1,d.162.1.0,170
d5zi2a2,SCOPe-ALL,family,d.162.1.0,d,d.162,d.162.1,d.162.1.0,195
d6itka2,SCOPe-ALL,family,d.162.1.0,d,d.162,d.162.1,d.162.1.0,168
d3p7ma2,SCOPe-ALL,family,d.162.1.0,d,d.162,d.162.1,d.162.1.0,173
d3dl2a2,SCOPe-ALL,family,d.162.1.0,d,d.162,d.162.1,d.162.1.0,153
d6qssa2,SCOPe-ALL,family,d.162.1.0,d,d.162,d.162.1,d.162.1.0,161
d4h7pa2,SCOPe-ALL,family,d.162.1.0,d,d.162,d.162.1,d.162.1.0,169
d6r8ga2,SCOPe-ALL,family,d.162.1.0,d,d.162,d.162.1,d.162.1.0,169
d6ihea2,SCOPe-ALL,family,d.162.1.0,d,d.162,d.162.1,d.162.1.0,163
d3fi9a2,SCOPe-ALL,family,d.162.1.0,d,d.162,d.162.1,d.162.1.0,180
d7naya2,SCOPe-ALL,family,d.162.1.0,d,d.162,d.162.1,d.162.1.0,169
d2xxja2,SCOPe-ALL,family,d.162.1.0,d,d.162,d.162.1,d.162.1.0,169
d4uula2,SCOPe-ALL,family,d.162.1.0,d,d.162,d.162.1,d.162.1.0,179
d1f44a2,SCOPe-ALL,family,d.163.1.1,d,d.163,d.163.1,d.163.1.1,214
d1p4ea2,SCOPe-ALL,family,d.163.1.1,d,d.163,d.163.1,d.163.1.1,287
d1ae9a_,SCOPe-ALL,family,d.163.1.1,d,d.163,d.163.1,d.163.1.1,179
d5c6ka_,SCOPe-ALL,family,d.163.1.1,d,d.163,d.163.1,d.163.1.1,165
d1a0pa2,SCOPe-ALL,family,d.163.1.1,d,d.163,d.163.1,d.163.1.1,182
d1k4ta2,SCOPe-ALL,family,d.163.1.2,d,d.163,d.163.1,d.163.1.2,264
d1a41a_,SCOPe-ALL,family,d.163.1.2,d,d.163,d.163.1,d.163.1.2,230
d3qsvd_,SCOPe-ALL,family,d.164.1.0,d,d.164,d.164.1,d.164.1.0,125
d1rl0a_,SCOPe-ALL,family,d.165.1.1,d,d.165,d.165.1,d.165.1.1,255
d1hwma_,SCOPe-ALL,family,d.165.1.1,d,d.165,d.165.1,d.165.1.1,251
d2vc3a_,SCOPe-ALL,family,d.165.1.1,d,d.165,d.165.1,d.165.1.1,263
d5z37a_,SCOPe-ALL,family,d.165.1.1,d,d.165,d.165.1,d.165.1.1,246
d3bwha_,SCOPe-ALL,family,d.165.1.1,d,d.165,d.165.1,d.165.1.1,244
d4zura_,SCOPe-ALL,family,d.165.1.1,d,d.165,d.165.1,d.165.1.1,341
d2z4ua_,SCOPe-ALL,family,d.165.1.1,d,d.165,d.165.1,d.165.1.1,261
d4m1ua_,SCOPe-ALL,family,d.165.1.2,d,d.165,d.165.1,d.165.1.2,297
d4za3a_,SCOPe-ALL,family,d.165.1.0,d,d.165,d.165.1,d.165.1.0,247
d1wuca_,SCOPe-ALL,family,d.165.1.0,d,d.165,d.165.1,d.165.1.0,248
d3mena1,SCOPe-ALL,family,d.165.1.0,d,d.165,d.165.1,d.165.1.0,338
d3ktza_,SCOPe-ALL,family,d.165.1.0,d,d.165,d.165.1,d.165.1.0,251
d3mvga_,SCOPe-ALL,family,d.165.1.0,d,d.165,d.165.1,d.165.1.0,251
d2g5xa_,SCOPe-ALL,family,d.165.1.0,d,d.165,d.165.1,d.165.1.0,234
d2a5db1,SCOPe-ALL,family,d.166.1.1,d,d.166,d.166.1,d.166.1.1,186
d1f0la2,SCOPe-ALL,family,d.166.1.1,d,d.166,d.166.1,d.166.1.1,187
d1ojza_,SCOPe-ALL,family,d.166.1.1,d,d.166,d.166.1,d.166.1.1,212
d1ikpa2,SCOPe-ALL,family,d.166.1.1,d,d.166,d.166.1,d.166.1.1,212
d1qs1a1,SCOPe-ALL,family,d.166.1.1,d,d.166,d.166.1,d.166.1.1,205
d1qs1a2,SCOPe-ALL,family,d.166.1.1,d,d.166,d.166.1,d.166.1.1,197
d4dv8a1,SCOPe-ALL,family,d.166.1.1,d,d.166,d.166.1,d.166.1.1,286
d6ro0a_,SCOPe-ALL,family,d.166.1.1,d,d.166,d.166.1,d.166.1.1,234
d2c8ee_,SCOPe-ALL,family,d.166.1.1,d,d.166,d.166.1,d.166.1.1,200
d4h03a1,SCOPe-ALL,family,d.166.1.1,d,d.166,d.166.1,d.166.1.1,209
d4h0ya2,SCOPe-ALL,family,d.166.1.1,d,d.166,d.166.1,d.166.1.1,204
d1gy0a_,SCOPe-ALL,family,d.166.1.3,d,d.166,d.166.1,d.166.1.3,223
d1s21a_,SCOPe-ALL,family,d.166.1.4,d,d.166,d.166.1,d.166.1.4,176
d1wfxa_,SCOPe-ALL,family,d.166.1.5,d,d.166,d.166.1,d.166.1.5,180
d2auaa1,SCOPe-ALL,family,d.166.1.6,d,d.166,d.166.1,d.166.1.6,194
d2o0qa1,SCOPe-ALL,family,d.166.1.7,d,d.166,d.166.1,d.166.1.7,113
d4xsgb_,SCOPe-ALL,family,d.166.1.0,d,d.166,d.166.1,d.166.1.0,205
d2j3xa1,SCOPe-ALL,family,d.166.1.0,d,d.166,d.166.1,d.166.1.0,216
d2j3xa2,SCOPe-ALL,family,d.166.1.0,d,d.166,d.166.1,d.166.1.0,214
d5wtza1,SCOPe-ALL,family,d.166.1.0,d,d.166,d.166.1,d.166.1.0,210
d6e3aa_,SCOPe-ALL,family,d.166.1.0,d,d.166,d.166.1,d.166.1.0,180
d4gv2a2,SCOPe-ALL,family,d.166.1.0,d,d.166,d.166.1,d.166.1.0,211
d7aaca2,SCOPe-ALL,family,d.166.1.0,d,d.166,d.166.1,d.166.1.0,215
d4k6lg_,SCOPe-ALL,family,d.166.1.0,d,d.166,d.166.1,d.166.1.0,224
d3ki2a1,SCOPe-ALL,family,d.166.1.0,d,d.166,d.166.1,d.166.1.0,202
d2os0a1,SCOPe-ALL,family,d.167.1.1,d,d.167,d.167.1,d.167.1.1,187
d1xeoa_,SCOPe-ALL,family,d.167.1.1,d,d.167,d.167.1,d.167.1.1,165
d1rl4a_,SCOPe-ALL,family,d.167.1.1,d,d.167,d.167.1,d.167.1.1,165
d1v3ya_,SCOPe-ALL,family,d.167.1.1,d,d.167,d.167.1,d.167.1.1,182
d6jf8a_,SCOPe-ALL,family,d.167.1.0,d,d.167,d.167.1,d.167.1.0,159
d1ws0a_,SCOPe-ALL,family,d.167.1.0,d,d.167,d.167.1,d.167.1.0,151
d5hgwa1,SCOPe-ALL,family,d.167.1.0,d,d.167,d.167.1,d.167.1.0,171
d3ocaa_,SCOPe-ALL,family,d.167.1.0,d,d.167,d.167.1,d.167.1.0,187
d3g5ka1,SCOPe-ALL,family,d.167.1.0,d,d.167,d.167.1,d.167.1.0,180
d3e3ua_,SCOPe-ALL,family,d.167.1.0,d,d.167,d.167.1,d.167.1.0,196
d4dr8a_,SCOPe-ALL,family,d.167.1.0,d,d.167,d.167.1,d.167.1.0,188
d4je6a1,SCOPe-ALL,family,d.167.1.0,d,d.167,d.167.1,d.167.1.0,189
d1jnra3,SCOPe-ALL,family,d.168.1.1,d,d.168,d.168.1,d.168.1.1,145
d1y0pa3,SCOPe-ALL,family,d.168.1.1,d,d.168,d.168.1,d.168.1.1,146
d2bs2a3,SCOPe-ALL,family,d.168.1.1,d,d.168,d.168.1,d.168.1.1,121
d1chua3,SCOPe-ALL,family,d.168.1.1,d,d.168,d.168.1,d.168.1.1,116
d3sfda2,SCOPe-ALL,family,d.168.1.1,d,d.168,d.168.1,d.168.1.1,87
d1tdqb_,SCOPe-ALL,family,d.169.1.1,d,d.169,d.169.1,d.169.1.1,126
d3bdwa_,SCOPe-ALL,family,d.169.1.1,d,d.169,d.169.1,d.169.1.1,123
d1sl6a_,SCOPe-ALL,family,d.169.1.1,d,d.169,d.169.1,d.169.1.1,179
d1g1ta1,SCOPe-ALL,family,d.169.1.1,d,d.169,d.169.1,d.169.1.1,118
d1h8ua_,SCOPe-ALL,family,d.169.1.1,d,d.169,d.169.1,d.169.1.1,115
d1jzna_,SCOPe-ALL,family,d.169.1.1,d,d.169,d.169.1,d.169.1.1,135
d1wk1a1,SCOPe-ALL,family,d.169.1.1,d,d.169,d.169.1,d.169.1.1,137
d1wmya_,SCOPe-ALL,family,d.169.1.1,d,d.169,d.169.1,d.169.1.1,140
d1byfa_,SCOPe-ALL,family,d.169.1.1,d,d.169,d.169.1,d.169.1.1,123
d1qdda_,SCOPe-ALL,family,d.169.1.1,d,d.169,d.169.1,d.169.1.1,144
d1rtm11,SCOPe-ALL,family,d.169.1.1,d,d.169,d.169.1,d.169.1.1,117
d4pp8a_,SCOPe-ALL,family,d.169.1.1,d,d.169,d.169.1,d.169.1.1,125
d1gz2a_,SCOPe-ALL,family,d.169.1.1,d,d.169,d.169.1,d.169.1.1,139
d1j34a_,SCOPe-ALL,family,d.169.1.1,d,d.169,d.169.1,d.169.1.1,129
d1jwib_,SCOPe-ALL,family,d.169.1.1,d,d.169,d.169.1,d.169.1.1,123
d1ukmb_,SCOPe-ALL,family,d.169.1.1,d,d.169,d.169.1,d.169.1.1,124
d3pbfa2,SCOPe-ALL,family,d.169.1.1,d,d.169,d.169.1,d.169.1.1,119
d1tn3a_,SCOPe-ALL,family,d.169.1.1,d,d.169,d.169.1,d.169.1.1,137
d2ziba1,SCOPe-ALL,family,d.169.1.1,d,d.169,d.169.1,d.169.1.1,127
d6ryna_,SCOPe-ALL,family,d.169.1.1,d,d.169,d.169.1,d.169.1.1,122
d6pwsa_,SCOPe-ALL,family,d.169.1.1,d,d.169,d.169.1,d.169.1.1,129
d3hupa_,SCOPe-ALL,family,d.169.1.1,d,d.169,d.169.1,d.169.1.1,121
d3bdwb_,SCOPe-ALL,family,d.169.1.1,d,d.169,d.169.1,d.169.1.1,120
d3fd4a_,SCOPe-ALL,family,d.169.1.1,d,d.169,d.169.1,d.169.1.1,140
d3g8ka_,SCOPe-ALL,family,d.169.1.1,d,d.169,d.169.1,d.169.1.1,127
d3c0na1,SCOPe-ALL,family,d.169.1.2,d,d.169,d.169.1,d.169.1.2,83
d6ro0b1,SCOPe-ALL,family,d.169.1.2,d,d.169,d.169.1,d.169.1.2,87
d1f00i3,SCOPe-ALL,family,d.169.1.3,d,d.169,d.169.1,d.169.1.3,98
d1cwva5,SCOPe-ALL,family,d.169.1.3,d,d.169,d.169.1,d.169.1.3,100
d2pf5a_,SCOPe-ALL,family,d.169.1.4,d,d.169,d.169.1,d.169.1.4,95
d4pz3a_,SCOPe-ALL,family,d.169.1.4,d,d.169,d.169.1,d.169.1.4,150
d1koea_,SCOPe-ALL,family,d.169.1.5,d,d.169,d.169.1,d.169.1.5,172
d1t61a1,SCOPe-ALL,family,d.169.1.6,d,d.169,d.169.1,d.169.1.6,109
d1t61a2,SCOPe-ALL,family,d.169.1.6,d,d.169,d.169.1,d.169.1.6,111
d1z70x_,SCOPe-ALL,family,d.169.1.7,d,d.169,d.169.1,d.169.1.7,286
d1yu0a2,SCOPe-ALL,family,d.169.1.8,d,d.169,d.169.1,d.169.1.8,210
d5ktia1,SCOPe-ALL,family,d.169.1.0,d,d.169,d.169.1,d.169.1.0,145
d3alua_,SCOPe-ALL,family,d.169.1.0,d,d.169,d.169.1,d.169.1.0,157
d6tl7a1,SCOPe-ALL,family,d.169.1.0,d,d.169,d.169.1,d.169.1.0,131
d7juba_,SCOPe-ALL,family,d.169.1.0,d,d.169,d.169.1,d.169.1.0,122
d6puva1,SCOPe-ALL,family,d.169.1.0,d,d.169,d.169.1,d.169.1.0,128
d3c22a_,SCOPe-ALL,family,d.169.1.0,d,d.169,d.169.1,d.169.1.0,130
d3vppa_,SCOPe-ALL,family,d.169.1.0,d,d.169,d.169.1,d.169.1.0,127
d6jlia_,SCOPe-ALL,family,d.169.1.0,d,d.169,d.169.1,d.169.1.0,118
d2yhfa_,SCOPe-ALL,family,d.169.1.0,d,d.169,d.169.1,d.169.1.0,118
d2c6ua_,SCOPe-ALL,family,d.169.1.0,d,d.169,d.169.1,d.169.1.0,122
d2nana1,SCOPe-ALL,family,d.169.1.0,d,d.169,d.169.1,d.169.1.0,139
d2kv3a1,SCOPe-ALL,family,d.169.1.0,d,d.169,d.169.1,d.169.1.0,130
d6vqpa_,SCOPe-ALL,family,d.169.1.0,d,d.169,d.169.1,d.169.1.0,292
d3vyka1,SCOPe-ALL,family,d.169.1.0,d,d.169,d.169.1,d.169.1.0,127
d3rs1a_,SCOPe-ALL,family,d.169.1.0,d,d.169,d.169.1,d.169.1.0,122
d3m9za_,SCOPe-ALL,family,d.169.1.0,d,d.169,d.169.1,d.169.1.0,124
d3ff9a1,SCOPe-ALL,family,d.169.1.0,d,d.169,d.169.1,d.169.1.0,114
d5hhaa_,SCOPe-ALL,family,d.169.1.0,d,d.169,d.169.1,d.169.1.0,261
d6m5ma_,SCOPe-ALL,family,d.169.1.0,d,d.169,d.169.1,d.169.1.0,136
d5aoha_,SCOPe-ALL,family,d.169.1.0,d,d.169,d.169.1,d.169.1.0,265
d4uwwa_,SCOPe-ALL,family,d.169.1.0,d,d.169,d.169.1,d.169.1.0,132
d1z8ga2,SCOPe-ALL,family,d.170.1.2,d,d.170,d.170.1,d.170.1.2,110
d6sa5a1,SCOPe-ALL,family,d.170.1.0,d,d.170,d.170.1,d.170.1.0,105
d6k0oa1,SCOPe-ALL,family,d.170.1.0,d,d.170,d.170.1,d.170.1.0,101
d4pqda_,SCOPe-ALL,family,d.170.2.1,d,d.170,d.170.2,d.170.2.1,105
d1m1jb1,SCOPe-ALL,family,d.171.1.1,d,d.171,d.171.1,d.171.1.1,265
d1lwuc1,SCOPe-ALL,family,d.171.1.1,d,d.171,d.171.1,d.171.1.1,262
d2wnpf_,SCOPe-ALL,family,d.171.1.0,d,d.171,d.171.1,d.171.1.0,217
d6y43a1,SCOPe-ALL,family,d.171.1.0,d,d.171,d.171.1,d.171.1.0,220
d6euaa1,SCOPe-ALL,family,d.171.1.0,d,d.171,d.171.1,d.171.1.0,214
d2nxya1,SCOPe-ALL,family,d.172.1.1,d,d.172,d.172.1,d.172.1.1,316
d1j6ra1,SCOPe-ALL,family,d.173.1.2,d,d.173,d.173.1,d.173.1.2,195
d2o2ka_,SCOPe-ALL,family,d.173.1.0,d,d.173,d.173.1,d.173.1.0,338
d4fvya_,SCOPe-ALL,family,d.174.1.1,d,d.174,d.174.1,d.174.1.1,418
d4uqra_,SCOPe-ALL,family,d.174.1.1,d,d.174,d.174.1,d.174.1.1,362
d1vqqa2,SCOPe-ALL,family,d.175.1.1,d,d.175,d.175.1,d.175.1.1,189
d1pyya3,SCOPe-ALL,family,d.175.1.1,d,d.175,d.175.1,d.175.1.1,191
d4ovda1,SCOPe-ALL,family,d.175.1.0,d,d.175,d.175.1,d.175.1.0,171
d3equa1,SCOPe-ALL,family,d.175.1.0,d,d.175,d.175.1,d.175.1.0,175
d6hr4a1,SCOPe-ALL,family,d.175.1.0,d,d.175,d.175.1,d.175.1.0,172
d5troa1,SCOPe-ALL,family,d.175.1.0,d,d.175,d.175.1,d.175.1.0,182
d1xdya_,SCOPe-ALL,family,d.176.1.1,d,d.176,d.176.1,d.176.1.1,269
d2a9da2,SCOPe-ALL,family,d.176.1.1,d,d.176,d.176.1,d.176.1.1,249
d1gtta1,SCOPe-ALL,family,d.177.1.1,d,d.177,d.177.1,d.177.1.1,213
d1gtta2,SCOPe-ALL,family,d.177.1.1,d,d.177,d.177.1,d.177.1.1,216
d1hyoa2,SCOPe-ALL,family,d.177.1.1,d,d.177,d.177.1,d.177.1.1,298
d1nkqa_,SCOPe-ALL,family,d.177.1.1,d,d.177,d.177.1,d.177.1.1,257
d2wqta_,SCOPe-ALL,family,d.177.1.1,d,d.177,d.177.1,d.177.1.1,262
d6foha_,SCOPe-ALL,family,d.177.1.1,d,d.177,d.177.1,d.177.1.1,219
d3s52a_,SCOPe-ALL,family,d.177.1.1,d,d.177,d.177.1,d.177.1.1,218
d2eb4a_,SCOPe-ALL,family,d.177.1.0,d,d.177,d.177.1,d.177.1.0,267
d6j5ya1,SCOPe-ALL,family,d.177.1.0,d,d.177,d.177.1,d.177.1.0,231
d5d2ka_,SCOPe-ALL,family,d.177.1.0,d,d.177,d.177.1,d.177.1.0,263
d4esma_,SCOPe-ALL,family,d.178.1.1,d,d.178,d.178.1,d.178.1.1,276
d1j8ua_,SCOPe-ALL,family,d.178.1.1,d,d.178,d.178.1,d.178.1.1,307
d1hwla2,SCOPe-ALL,family,d.179.1.1,d,d.179,d.179.1,d.179.1.1,303
d4i6ya1,SCOPe-ALL,family,d.179.1.1,d,d.179,d.179.1,d.179.1.1,265
d16vpa_,SCOPe-ALL,family,d.180.1.1,d,d.180,d.180.1,d.180.1.1,356
d1bdfa2,SCOPe-ALL,family,d.181.1.1,d,d.181,d.181.1,d.181.1.1,126
d4c2mc2,SCOPe-ALL,family,d.181.1.1,d,d.181,d.181.1,d.181.1.1,146
d1twfc2,SCOPe-ALL,family,d.181.1.1,d,d.181,d.181.1,d.181.1.1,131
d1el6a_,SCOPe-ALL,family,d.182.1.1,d,d.182,d.182.1,d.182.1.1,208
d2fsya1,SCOPe-ALL,family,d.183.1.1,d,d.183,d.183.1,d.183.1.1,280
d1xg0a_,SCOPe-ALL,family,d.184.1.1,d,d.184,d.184.1,d.184.1.1,76
d1jyoe_,SCOPe-ALL,family,d.184.1.2,d,d.184,d.184.1,d.184.1.2,102
d1l2wi_,SCOPe-ALL,family,d.184.1.2,d,d.184,d.184.1,d.184.1.2,57
d1pp9i_,SCOPe-ALL,family,d.184.1.3,d,d.184,d.184.1,d.184.1.3,47
d4lmsa_,SCOPe-ALL,family,d.184.1.0,d,d.184,d.184.1,d.184.1.0,80
d3cx5a1,SCOPe-ALL,family,d.185.1.1,d,d.185,d.185.1,d.185.1.1,213
d3cx5a2,SCOPe-ALL,family,d.185.1.1,d,d.185,d.185.1,d.185.1.1,218
d1pp9a1,SCOPe-ALL,family,d.185.1.1,d,d.185,d.185.1,d.185.1.1,233
d1pp9a2,SCOPe-ALL,family,d.185.1.1,d,d.185,d.185.1,d.185.1.1,209
d3cx5b1,SCOPe-ALL,family,d.185.1.1,d,d.185,d.185.1,d.185.1.1,202
d3cx5b2,SCOPe-ALL,family,d.185.1.1,d,d.185,d.185.1,d.185.1.1,150
d1pp9b1,SCOPe-ALL,family,d.185.1.1,d,d.185,d.185.1,d.185.1.1,219
d1pp9b2,SCOPe-ALL,family,d.185.1.1,d,d.185,d.185.1,d.185.1.1,204
d1hr6a1,SCOPe-ALL,family,d.185.1.1,d,d.185,d.185.1,d.185.1.1,220
d1hr6a2,SCOPe-ALL,family,d.185.1.1,d,d.185,d.185.1,d.185.1.1,237
d1hr6b2,SCOPe-ALL,family,d.185.1.1,d,d.185,d.185.1,d.185.1.1,217
d2fgea1,SCOPe-ALL,family,d.185.1.1,d,d.185,d.185.1,d.185.1.1,258
d2fgea2,SCOPe-ALL,family,d.185.1.1,d,d.185,d.185.1,d.185.1.1,196
d2fgea3,SCOPe-ALL,family,d.185.1.1,d,d.185,d.185.1,d.185.1.1,268
d2fgea4,SCOPe-ALL,family,d.185.1.1,d,d.185,d.185.1,d.185.1.1,257
d1q2la1,SCOPe-ALL,family,d.185.1.1,d,d.185,d.185.1,d.185.1.1,229
d1q2la2,SCOPe-ALL,family,d.185.1.1,d,d.185,d.185.1,d.185.1.1,228
d1q2la3,SCOPe-ALL,family,d.185.1.1,d,d.185,d.185.1,d.185.1.1,240
d1q2la4,SCOPe-ALL,family,d.185.1.1,d,d.185,d.185.1,d.185.1.1,240
d1j98a_,SCOPe-ALL,family,d.185.1.2,d,d.185,d.185.1,d.185.1.2,154
d4xcha_,SCOPe-ALL,family,d.185.1.2,d,d.185,d.185.1,d.185.1.2,149
d5e68a_,SCOPe-ALL,family,d.185.1.2,d,d.185,d.185.1,d.185.1.2,167
d2l6qa_,SCOPe-ALL,family,d.186.1.1,d,d.186,d.186.1,d.186.1.1,62
d2hg7a1,SCOPe-ALL,family,d.186.2.1,d,d.186,d.186.2,d.186.2.1,60
d6ly5d_,SCOPe-ALL,family,d.187.1.1,d,d.187,d.187.1,d.187.1.1,132
d2cqma1,SCOPe-ALL,family,d.188.1.1,d,d.188,d.188.1,d.188.1.1,109
d1gd8a_,SCOPe-ALL,family,d.188.1.1,d,d.188,d.188.1,d.188.1.1,105
d1h6ha_,SCOPe-ALL,family,d.189.1.1,d,d.189,d.189.1,d.189.1.1,143
d1kq6a_,SCOPe-ALL,family,d.189.1.1,d,d.189,d.189.1,d.189.1.1,140
d1xtea_,SCOPe-ALL,family,d.189.1.1,d,d.189,d.189.1,d.189.1.1,116
d1ocsa_,SCOPe-ALL,family,d.189.1.1,d,d.189,d.189.1,d.189.1.1,132
d1kmda_,SCOPe-ALL,family,d.189.1.1,d,d.189,d.189.1,d.189.1.1,117
d2wwea1,SCOPe-ALL,family,d.189.1.0,d,d.189,d.189.1,d.189.1.0,104
d4hasa_,SCOPe-ALL,family,d.189.1.0,d,d.189,d.189.1,d.189.1.0,104
d3luia_,SCOPe-ALL,family,d.189.1.0,d,d.189,d.189.1,d.189.1.0,109
d2ar5a1,SCOPe-ALL,family,d.189.1.0,d,d.189,d.189.1,d.189.1.0,114
d3p0ca1,SCOPe-ALL,family,d.189.1.0,d,d.189,d.189.1,d.189.1.0,104
d3iq2a1,SCOPe-ALL,family,d.189.1.0,d,d.189,d.189.1,d.189.1.0,126
d4az9a1,SCOPe-ALL,family,d.189.1.0,d,d.189,d.189.1,d.189.1.0,102
d2i4ka_,SCOPe-ALL,family,d.189.1.0,d,d.189,d.189.1,d.189.1.0,128
d1tt8a_,SCOPe-ALL,family,d.190.1.1,d,d.190,d.190.1,d.190.1.1,164
d2pkha1,SCOPe-ALL,family,d.190.1.2,d,d.190,d.190.1,d.190.1.2,141
d2ooia1,SCOPe-ALL,family,d.190.1.2,d,d.190,d.190.1,d.190.1.2,161
d2ikka1,SCOPe-ALL,family,d.190.1.2,d,d.190,d.190.1,d.190.1.2,138
d2fa1a1,SCOPe-ALL,family,d.190.1.2,d,d.190,d.190.1,d.190.1.2,157
d3cnva1,SCOPe-ALL,family,d.190.1.2,d,d.190,d.190.1,d.190.1.2,162
d2ra5a1,SCOPe-ALL,family,d.190.1.2,d,d.190,d.190.1,d.190.1.2,180
d2p19a1,SCOPe-ALL,family,d.190.1.2,d,d.190,d.190.1,d.190.1.2,148
d3ddva1,SCOPe-ALL,family,d.190.1.2,d,d.190,d.190.1,d.190.1.2,143
d3bwga2,SCOPe-ALL,family,d.190.1.2,d,d.190,d.190.1,d.190.1.2,145
d2ogga1,SCOPe-ALL,family,d.190.1.2,d,d.190,d.190.1,d.190.1.2,144
d2nwia1,SCOPe-ALL,family,d.190.1.3,d,d.190,d.190.1,d.190.1.3,159
d3lhea_,SCOPe-ALL,family,d.190.1.0,d,d.190,d.190.1,d.190.1.0,139
d3hfia_,SCOPe-ALL,family,d.190.1.0,d,d.190,d.190.1,d.190.1.0,137
d3f8la_,SCOPe-ALL,family,d.190.1.0,d,d.190,d.190.1,d.190.1.0,162
d4zsia1,SCOPe-ALL,family,d.190.1.0,d,d.190,d.190.1,d.190.1.0,165
d1g2ra_,SCOPe-ALL,family,d.192.1.1,d,d.192,d.192.1,d.192.1.1,94
d1vzya1,SCOPe-ALL,family,d.193.1.1,d,d.193,d.193.1,d.193.1.1,233
d1hw7a_,SCOPe-ALL,family,d.193.1.1,d,d.193,d.193.1,d.193.1.1,229
d1vq0a1,SCOPe-ALL,family,d.193.1.1,d,d.193,d.193.1,d.193.1.1,230
d6yhma1,SCOPe-ALL,family,d.194.1.1,d,d.194,d.194.1,d.194.1.1,295
d1xfja_,SCOPe-ALL,family,d.194.1.2,d,d.194,d.194.1,d.194.1.2,256
d1z9ta_,SCOPe-ALL,family,d.194.1.2,d,d.194,d.194.1,d.194.1.2,242
d6t0ya_,SCOPe-ALL,family,d.194.1.2,d,d.194,d.194.1,d.194.1.2,270
d2f9zc1,SCOPe-ALL,family,d.194.1.3,d,d.194,d.194.1,d.194.1.3,157
d1hufa_,SCOPe-ALL,family,d.195.1.1,d,d.195,d.195.1,d.195.1.1,123
d1fn9a_,SCOPe-ALL,family,d.196.1.1,d,d.196,d.196.1,d.196.1.1,365
d1dl5a2,SCOPe-ALL,family,d.197.1.1,d,d.197,d.197.1,d.197.1.1,104
d1s28a1,SCOPe-ALL,family,d.198.1.1,d,d.198,d.198.1,d.198.1.1,128
d1xkpb1,SCOPe-ALL,family,d.198.1.1,d,d.198,d.198.1,d.198.1.1,121
d1xkpc1,SCOPe-ALL,family,d.198.1.1,d,d.198,d.198.1,d.198.1.1,126
d1k3sa_,SCOPe-ALL,family,d.198.1.1,d,d.198,d.198.1,d.198.1.1,113
d2fm8a1,SCOPe-ALL,family,d.198.1.1,d,d.198,d.198.1,d.198.1.1,134
d1ry9a_,SCOPe-ALL,family,d.198.1.1,d,d.198,d.198.1,d.198.1.1,133
d1jyoa_,SCOPe-ALL,family,d.198.1.1,d,d.198,d.198.1,d.198.1.1,130
d1k6za1,SCOPe-ALL,family,d.198.1.1,d,d.198,d.198.1,d.198.1.1,128
d4gf3a_,SCOPe-ALL,family,d.198.1.1,d,d.198,d.198.1,d.198.1.1,136
d2plga1,SCOPe-ALL,family,d.198.1.2,d,d.198,d.198.1,d.198.1.2,151
d3epua_,SCOPe-ALL,family,d.198.1.0,d,d.198,d.198.1,d.198.1.0,136
d1k8kd1,SCOPe-ALL,family,d.198.2.1,d,d.198,d.198.2,d.198.2.1,120
d1k8kd2,SCOPe-ALL,family,d.198.2.1,d,d.198,d.198.2,d.198.2.1,164
d1k8kf_,SCOPe-ALL,family,d.198.2.1,d,d.198,d.198.2,d.198.2.1,167
d2a1va1,SCOPe-ALL,family,d.198.3.1,d,d.198,d.198.3,d.198.3.1,131
d2fkia1,SCOPe-ALL,family,d.198.3.1,d,d.198,d.198.3,d.198.3.1,118
d2i8da1,SCOPe-ALL,family,d.198.4.1,d,d.198,d.198.4,d.198.4.1,121
d2kl4a1,SCOPe-ALL,family,d.198.4.1,d,d.198,d.198.4,d.198.4.1,115
d2g7ja1,SCOPe-ALL,family,d.198.5.1,d,d.198,d.198.5,d.198.5.1,112
d2od0a1,SCOPe-ALL,family,d.198.5.2,d,d.198,d.198.5,d.198.5.2,103
d1kafa_,SCOPe-ALL,family,d.199.1.1,d,d.199,d.199.1,d.199.1.1,108
d1jv2b3,SCOPe-ALL,family,d.200.1.1,d,d.200,d.200.1,d.200.1.1,85
d1kvna_,SCOPe-ALL,family,d.201.1.1,d,d.201,d.201.1,d.201.1.1,104
d1jida_,SCOPe-ALL,family,d.201.1.1,d,d.201,d.201.1,d.201.1.1,114
d1lnga_,SCOPe-ALL,family,d.201.1.1,d,d.201,d.201.1,d.201.1.1,87
d3dlua1,SCOPe-ALL,family,d.201.1.0,d,d.201,d.201.1,d.201.1.0,99
d1k0ra4,SCOPe-ALL,family,d.202.1.1,d,d.202,d.202.1,d.202.1.1,99
d1hh2p4,SCOPe-ALL,family,d.202.1.1,d,d.202,d.202.1,d.202.1.1,126
d1saua_,SCOPe-ALL,family,d.203.1.1,d,d.203,d.203.1,d.203.1.1,114
d2ywqa1,SCOPe-ALL,family,d.204.1.1,d,d.204,d.204.1,d.204.1.1,95
d3v2cy_,SCOPe-ALL,family,d.204.1.1,d,d.204,d.204.1,d.204.1.1,95
d3tqma_,SCOPe-ALL,family,d.204.1.0,d,d.204,d.204.1,d.204.1.0,91
d6qbza_,SCOPe-ALL,family,d.204.1.0,d,d.204,d.204.1,d.204.1.0,110
d4fyla1,SCOPe-ALL,family,d.204.1.0,d,d.204,d.204.1,d.204.1.0,91
d7acca_,SCOPe-ALL,family,d.205.1.1,d,d.205,d.205.1,d.205.1.1,83
d1jrma1,SCOPe-ALL,family,d.206.1.1,d,d.206,d.206.1,d.206.1.1,103
d1n91a1,SCOPe-ALL,family,d.206.1.1,d,d.206,d.206.1,d.206.1.1,100
d4gt9a1,SCOPe-ALL,family,d.207.1.1,d,d.207,d.207.1,d.207.1.1,216
d4p5aa_,SCOPe-ALL,family,d.207.1.0,d,d.207,d.207.1,d.207.1.0,236
d1jw3a_,SCOPe-ALL,family,d.208.1.1,d,d.208,d.208.1,d.208.1.1,140
d1j5ua1,SCOPe-ALL,family,d.208.1.1,d,d.208,d.208.1,d.208.1.1,124
d1jbia_,SCOPe-ALL,family,d.209.1.1,d,d.209,d.209.1,d.209.1.1,100
d1k92a2,SCOPe-ALL,family,d.210.1.1,d,d.210,d.210.1,d.210.1.1,256
d1vl2a2,SCOPe-ALL,family,d.210.1.1,d,d.210,d.210.1,d.210.1.1,236
d7k5za2,SCOPe-ALL,family,d.210.1.0,d,d.210,d.210.1,d.210.1.0,236
d4xfja2,SCOPe-ALL,family,d.210.1.0,d,d.210,d.210.1,d.210.1.0,226
d1uoha_,SCOPe-ALL,family,d.211.1.1,d,d.211,d.211.1,d.211.1.1,223
d1k1aa_,SCOPe-ALL,family,d.211.1.1,d,d.211,d.211.1,d.211.1.1,228
d5wp6b2,SCOPe-ALL,family,d.211.1.1,d,d.211,d.211.1,d.211.1.1,191
d1a5ea_,SCOPe-ALL,family,d.211.1.1,d,d.211,d.211.1,d.211.1.1,156
d1bd8a_,SCOPe-ALL,family,d.211.1.1,d,d.211,d.211.1,d.211.1.1,156
d1iknd_,SCOPe-ALL,family,d.211.1.1,d,d.211,d.211.1,d.211.1.1,221
d2fo1e1,SCOPe-ALL,family,d.211.1.1,d,d.211,d.211.1,d.211.1.1,277
d5vkqa1,SCOPe-ALL,family,d.211.1.1,d,d.211,d.211.1,d.211.1.1,1046
d1s70b_,SCOPe-ALL,family,d.211.1.1,d,d.211,d.211.1,d.211.1.1,291
d1wdya_,SCOPe-ALL,family,d.211.1.1,d,d.211,d.211.1,d.211.1.1,285
d1sw6a_,SCOPe-ALL,family,d.211.1.1,d,d.211,d.211.1,d.211.1.1,301
d1oy3d_,SCOPe-ALL,family,d.211.1.1,d,d.211,d.211.1,d.211.1.1,255
d4duia1,SCOPe-ALL,family,d.211.1.1,d,d.211,d.211.1,d.211.1.1,157
d2dzna_,SCOPe-ALL,family,d.211.1.1,d,d.211,d.211.1,d.211.1.1,226
d2f8ya_,SCOPe-ALL,family,d.211.1.1,d,d.211,d.211.1,d.211.1.1,215
d3c5ra2,SCOPe-ALL,family,d.211.1.1,d,d.211,d.211.1,d.211.1.1,122
d3aaac_,SCOPe-ALL,family,d.211.1.1,d,d.211,d.211.1,d.211.1.1,117
d6ghmc1,SCOPe-ALL,family,d.211.1.1,d,d.211,d.211.1,d.211.1.1,136
d3deoa2,SCOPe-ALL,family,d.211.1.1,d,d.211,d.211.1,d.211.1.1,89
d5d66a1,SCOPe-ALL,family,d.211.1.0,d,d.211,d.211.1,d.211.1.0,96
d5d66a2,SCOPe-ALL,family,d.211.1.0,d,d.211,d.211.1,d.211.1.0,100
d7kb2a1,SCOPe-ALL,family,d.211.1.0,d,d.211,d.211.1,d.211.1.0,176
d3hraa1,SCOPe-ALL,family,d.211.1.0,d,d.211,d.211.1,d.211.1.0,100
d4hi8a_,SCOPe-ALL,family,d.211.1.0,d,d.211,d.211.1,d.211.1.0,170
d3eu9a1,SCOPe-ALL,family,d.211.1.0,d,d.211,d.211.1,d.211.1.0,231
d2b0oe2,SCOPe-ALL,family,d.211.1.0,d,d.211,d.211.1,d.211.1.0,143
d4uuca_,SCOPe-ALL,family,d.211.1.0,d,d.211,d.211.1,d.211.1.0,221
d3so8a_,SCOPe-ALL,family,d.211.1.0,d,d.211,d.211.1,d.211.1.0,162
d5y4fa_,SCOPe-ALL,family,d.211.1.0,d,d.211,d.211.1,d.211.1.0,415
d3b95a1,SCOPe-ALL,family,d.211.1.0,d,d.211,d.211.1,d.211.1.0,234
d5z2mb1,SCOPe-ALL,family,d.211.1.0,d,d.211,d.211.1,d.211.1.0,136
d5eida_,SCOPe-ALL,family,d.211.1.0,d,d.211,d.211.1,d.211.1.0,123
d1lm5a_,SCOPe-ALL,family,d.211.2.1,d,d.211,d.211.2,d.211.2.1,196
d5dzza1,SCOPe-ALL,family,d.211.2.0,d,d.211,d.211.2,d.211.2.0,246
d1lr0a1,SCOPe-ALL,family,d.212.1.1,d,d.212,d.212.1,d.212.1.1,121
d3qdpa_,SCOPe-ALL,family,d.212.1.1,d,d.212,d.212.1,d.212.1.1,88
d1u07a_,SCOPe-ALL,family,d.212.1.2,d,d.212,d.212.1,d.212.1.2,90
d1lg7a_,SCOPe-ALL,family,d.213.1.1,d,d.213,d.213.1,d.213.1.1,170
d1iqoa_,SCOPe-ALL,family,d.214.1.1,d,d.214,d.214.1,d.214.1.1,88
d1gxja_,SCOPe-ALL,family,d.215.1.1,d,d.215,d.215.1,d.215.1.1,161
d3l51b1,SCOPe-ALL,family,d.215.1.0,d,d.215,d.215.1,d.215.1.0,158
d2r7ja2,SCOPe-ALL,family,d.216.1.1,d,d.216,d.216.1,d.216.1.1,142
d2gu0a1,SCOPe-ALL,family,d.216.1.0,d,d.216,d.216.1,d.216.1.0,142
d1oqja_,SCOPe-ALL,family,d.217.1.1,d,d.217,d.217.1,d.217.1.1,90
d1ufna1,SCOPe-ALL,family,d.217.1.1,d,d.217,d.217.1,d.217.1.1,81
d1mr1c1,SCOPe-ALL,family,d.217.1.2,d,d.217,d.217.1,d.217.1.2,94
d6un8a1,SCOPe-ALL,family,d.218.1.1,d,d.218,d.218.1,d.218.1.1,124
d2fmpa3,SCOPe-ALL,family,d.218.1.2,d,d.218,d.218.1,d.218.1.2,187
d2bcqa3,SCOPe-ALL,family,d.218.1.2,d,d.218,d.218.1,d.218.1.2,190
d2m2ua_,SCOPe-ALL,family,d.218.1.2,d,d.218,d.218.1,d.218.1.2,174
d2hhpa2,SCOPe-ALL,family,d.218.1.3,d,d.218,d.218.1,d.218.1.3,198
d1vfga2,SCOPe-ALL,family,d.218.1.4,d,d.218,d.218.1,d.218.1.4,136
d1miwa2,SCOPe-ALL,family,d.218.1.4,d,d.218,d.218.1,d.218.1.4,139
d1ou5a2,SCOPe-ALL,family,d.218.1.4,d,d.218,d.218.1,d.218.1.4,150
d1no5a_,SCOPe-ALL,family,d.218.1.5,d,d.218,d.218.1,d.218.1.5,100
d1ylqa1,SCOPe-ALL,family,d.218.1.5,d,d.218,d.218.1,d.218.1.5,90
d1j0la_,SCOPe-ALL,family,d.218.1.5,d,d.218,d.218.1,d.218.1.5,98
d1px5a2,SCOPe-ALL,family,d.218.1.6,d,d.218,d.218.1,d.218.1.6,200
d1r89a2,SCOPe-ALL,family,d.218.1.7,d,d.218,d.218.1,d.218.1.7,142
d1vj7a2,SCOPe-ALL,family,d.218.1.8,d,d.218,d.218.1,d.218.1.8,175
d5deca_,SCOPe-ALL,family,d.218.1.8,d,d.218,d.218.1,d.218.1.8,195
d1v4aa2,SCOPe-ALL,family,d.218.1.9,d,d.218,d.218.1,d.218.1.9,285
d2b4va2,SCOPe-ALL,family,d.218.1.10,d,d.218,d.218.1,d.218.1.10,259
d2fcla1,SCOPe-ALL,family,d.218.1.11,d,d.218,d.218.1,d.218.1.11,156
d2id1a1,SCOPe-ALL,family,d.218.1.12,d,d.218,d.218.1,d.218.1.12,120
d6sj5a_,SCOPe-ALL,family,d.218.1.12,d,d.218,d.218.1,d.218.1.12,112
d2pbea2,SCOPe-ALL,family,d.218.1.13,d,d.218,d.218.1,d.218.1.13,134
d2nrka1,SCOPe-ALL,family,d.218.1.14,d,d.218,d.218.1,d.218.1.14,167
d4k8va1,SCOPe-ALL,family,d.218.1.15,d,d.218,d.218.1,d.218.1.15,247
d7bl46_,SCOPe-ALL,family,d.218.1.0,d,d.218,d.218.1,d.218.1.0,102
d6ipna3,SCOPe-ALL,family,d.218.1.0,d,d.218,d.218.1,d.218.1.0,193
d4xq7a1,SCOPe-ALL,family,d.218.1.0,d,d.218,d.218.1,d.218.1.0,198
d7of0u_,SCOPe-ALL,family,d.218.1.0,d,d.218,d.218.1,d.218.1.0,111
d6ewza_,SCOPe-ALL,family,d.218.1.0,d,d.218,d.218.1,d.218.1.0,202
d3upsa_,SCOPe-ALL,family,d.218.1.0,d,d.218,d.218.1,d.218.1.0,108
d1txoa_,SCOPe-ALL,family,d.219.1.1,d,d.219,d.219.1,d.219.1.1,235
d3fxka1,SCOPe-ALL,family,d.219.1.1,d,d.219,d.219.1,d.219.1.1,295
d2jfra_,SCOPe-ALL,family,d.219.1.0,d,d.219,d.219.1,d.219.1.0,234
d6jkva_,SCOPe-ALL,family,d.219.1.0,d,d.219,d.219.1,d.219.1.0,239
d6ihra1,SCOPe-ALL,family,d.219.1.0,d,d.219,d.219.1,d.219.1.0,245
d2pk0a1,SCOPe-ALL,family,d.219.1.0,d,d.219,d.219.1,d.219.1.0,242
d2j82a_,SCOPe-ALL,family,d.219.1.0,d,d.219,d.219.1,d.219.1.0,240
d3ar4a4,SCOPe-ALL,family,d.220.1.1,d,d.220,d.220.1,d.220.1.1,239
d2b8ea2,SCOPe-ALL,family,d.220.1.1,d,d.220,d.220.1,d.220.1.1,113
d2a29a_,SCOPe-ALL,family,d.220.1.1,d,d.220,d.220.1,d.220.1.1,136
d2zxea1,SCOPe-ALL,family,d.220.1.1,d,d.220,d.220.1,d.220.1.1,208
d2o3bb2,SCOPe-ALL,family,d.221.1.1,d,d.221,d.221.1,d.221.1.1,134
d1j8ba_,SCOPe-ALL,family,d.222.1.1,d,d.222,d.222.1,d.222.1.1,92
d1ybxa_,SCOPe-ALL,family,d.222.1.0,d,d.222,d.222.1,d.222.1.0,91
d3f42a1,SCOPe-ALL,family,d.222.1.0,d,d.222,d.222.1,d.222.1.0,92
d1mbya_,SCOPe-ALL,family,d.223.1.1,d,d.223,d.223.1,d.223.1.1,75
d3rq7a1,SCOPe-ALL,family,d.223.1.2,d,d.223,d.223.1,d.223.1.2,128
d3rq7a2,SCOPe-ALL,family,d.223.1.2,d,d.223,d.223.1,d.223.1.2,87
d5lhxa_,SCOPe-ALL,family,d.223.1.0,d,d.223,d.223.1,d.223.1.0,87
d4lw4c_,SCOPe-ALL,family,d.224.1.1,d,d.224,d.224.1,d.224.1.1,145
d3g0ma_,SCOPe-ALL,family,d.224.1.1,d,d.224,d.224.1,d.224.1.1,138
d3a7ra2,SCOPe-ALL,family,d.224.1.3,d,d.224,d.224.1,d.224.1.3,91
d5ufta1,SCOPe-ALL,family,d.224.1.0,d,d.224,d.224.1,d.224.1.0,143
d5idha2,SCOPe-ALL,family,d.224.1.0,d,d.224,d.224.1,d.224.1.0,87
d5ij6a2,SCOPe-ALL,family,d.224.1.0,d,d.224,d.224.1,d.224.1.0,88
d6a6fa1,SCOPe-ALL,family,d.224.1.0,d,d.224,d.224.1,d.224.1.0,133
d7c8na_,SCOPe-ALL,family,d.224.1.0,d,d.224,d.224.1,d.224.1.0,127
d2qq4a_,SCOPe-ALL,family,d.224.1.0,d,d.224,d.224.1,d.224.1.0,138
d1iwga5,SCOPe-ALL,family,d.225.1.1,d,d.225,d.225.1,d.225.1.1,92
d1iwga6,SCOPe-ALL,family,d.225.1.1,d,d.225,d.225.1,d.225.1.1,88
d1mk0a_,SCOPe-ALL,family,d.226.1.1,d,d.226,d.226.1,d.226.1.1,97
d2opla1,SCOPe-ALL,family,d.227.1.1,d,d.227,d.227.1,d.227.1.1,182
d1lqla_,SCOPe-ALL,family,d.227.1.1,d,d.227,d.227.1,d.227.1.1,141
d1ukka_,SCOPe-ALL,family,d.227.1.1,d,d.227,d.227.1,d.227.1.1,141
d2onfa1,SCOPe-ALL,family,d.227.1.1,d,d.227,d.227.1,d.227.1.1,139
d2d7va1,SCOPe-ALL,family,d.227.1.1,d,d.227,d.227.1,d.227.1.1,155
d2pn2a1,SCOPe-ALL,family,d.227.1.1,d,d.227,d.227.1,d.227.1.1,132
d1vlaa1,SCOPe-ALL,family,d.227.1.2,d,d.227,d.227.1,d.227.1.2,138
d2bjoa_,SCOPe-ALL,family,d.227.1.0,d,d.227,d.227.1,d.227.1.0,135
d3eera_,SCOPe-ALL,family,d.227.1.0,d,d.227,d.227.1,d.227.1.0,140
d3sk7a1,SCOPe-ALL,family,d.228.1.1,d,d.228,d.228.1,d.228.1.1,109
d1wy5a2,SCOPe-ALL,family,d.229.1.1,d,d.229,d.229.1,d.229.1.1,95
d1ni5a4,SCOPe-ALL,family,d.229.1.1,d,d.229,d.229.1,d.229.1.1,88
d1y14b2,SCOPe-ALL,family,d.230.1.1,d,d.230,d.230.1,d.230.1.1,80
d1go3e2,SCOPe-ALL,family,d.230.1.1,d,d.230,d.230.1,d.230.1.1,78
d4c2mg1,SCOPe-ALL,family,d.230.1.2,d,d.230,d.230.1,d.230.1.2,113
d2cc6a_,SCOPe-ALL,family,d.230.2.1,d,d.230,d.230.2,d.230.2.1,64
d2vyxa_,SCOPe-ALL,family,d.230.2.1,d,d.230,d.230.2,d.230.2.1,68
d2fmaa1,SCOPe-ALL,family,d.230.3.1,d,d.230,d.230.3,d.230.3.1,57
d2m05a1,SCOPe-ALL,family,d.230.3.0,d,d.230,d.230.3,d.230.3.0,63
d1xrsb2,SCOPe-ALL,family,d.230.4.1,d,d.230,d.230.4,d.230.4.1,52
d1ybba_,SCOPe-ALL,family,d.230.5.1,d,d.230,d.230.5,d.230.5.1,103
d2jnaa1,SCOPe-ALL,family,d.230.6.1,d,d.230,d.230.6,d.230.6.1,96
d2noca1,SCOPe-ALL,family,d.230.6.1,d,d.230,d.230.6,d.230.6.1,91
d1zhqa1,SCOPe-ALL,family,d.230.7.1,d,d.230,d.230.7,d.230.7.1,56
d3h9va1,SCOPe-ALL,family,d.230.8.1,d,d.230,d.230.8,d.230.8.1,52
d3h9va3,SCOPe-ALL,family,d.230.9.1,d,d.230,d.230.9,d.230.9.1,57
d1ocya_,SCOPe-ALL,family,d.231.1.1,d,d.231,d.231.1,d.231.1.1,198
d1oo0a_,SCOPe-ALL,family,d.232.1.1,d,d.232,d.232.1,d.232.1.1,144
d1gpqa_,SCOPe-ALL,family,d.233.1.1,d,d.233,d.233.1,d.233.1.1,127
d4ps6a1,SCOPe-ALL,family,d.233.1.1,d,d.233,d.233.1,d.233.1.1,129
d1o8ra_,SCOPe-ALL,family,d.234.1.1,d,d.234,d.234.1,d.234.1.1,94
d1nyna_,SCOPe-ALL,family,d.235.1.1,d,d.235,d.235.1,d.235.1.1,111
d1t95a2,SCOPe-ALL,family,d.235.1.2,d,d.235,d.235.1,d.235.1.2,76
d1nr3a_,SCOPe-ALL,family,d.236.1.1,d,d.236,d.236.1,d.236.1.1,122
d4ixna2,SCOPe-ALL,family,d.237.1.1,d,d.237,d.237.1,d.237.1.1,95
d1o22a_,SCOPe-ALL,family,d.238.1.1,d,d.238,d.238.1,d.238.1.1,149
d1odha_,SCOPe-ALL,family,d.239.1.1,d,d.239,d.239.1,d.239.1.1,158
d1jx4a1,SCOPe-ALL,family,d.240.1.1,d,d.240,d.240.1,d.240.1.1,101
d1jiha1,SCOPe-ALL,family,d.240.1.1,d,d.240,d.240.1,d.240.1.1,120
d3gv7b2,SCOPe-ALL,family,d.240.1.1,d,d.240,d.240.1,d.240.1.1,115
d1unnc1,SCOPe-ALL,family,d.240.1.1,d,d.240,d.240.1,d.240.1.1,109
d1t94a1,SCOPe-ALL,family,d.240.1.1,d,d.240,d.240.1,d.240.1.1,105
d1k8ba_,SCOPe-ALL,family,d.241.1.1,d,d.241,d.241.1,d.241.1.1,52
d2d74b1,SCOPe-ALL,family,d.241.1.0,d,d.241,d.241.1,d.241.1.0,101
d1p9ya_,SCOPe-ALL,family,d.241.2.1,d,d.241,d.241.2,d.241.2.1,117
d1udxa3,SCOPe-ALL,family,d.242.1.1,d,d.242,d.242.1,d.242.1.1,76
d1v74a_,SCOPe-ALL,family,d.243.1.1,d,d.243,d.243.1,d.243.1.1,107
d2fhzb_,SCOPe-ALL,family,d.243.1.2,d,d.243,d.243.1,d.243.1.2,93
d1t3ua_,SCOPe-ALL,family,d.244.1.1,d,d.244,d.244.1,d.244.1.1,92
d4p1ma_,SCOPe-ALL,family,d.244.1.0,d,d.244,d.244.1,d.244.1.0,106
d1ss6a1,SCOPe-ALL,family,d.245.1.1,d,d.245,d.245.1,d.245.1.1,100
d1vlra2,SCOPe-ALL,family,d.246.1.1,d,d.246,d.246.1,d.246.1.1,107
d2khla_,SCOPe-ALL,family,d.247.1.1,d,d.247,d.247.1,d.247.1.1,93
d2aexa_,SCOPe-ALL,family,d.248.1.0,d,d.248,d.248.1,d.248.1.0,336
d3i94a_,SCOPe-ALL,family,d.248.2.1,d,d.248,d.248.2,d.248.2.1,243
d1qw2a1,SCOPe-ALL,family,d.249.1.1,d,d.249,d.249.1,d.249.1.1,95
d1vloa2,SCOPe-ALL,family,d.250.1.1,d,d.250,d.250.1,d.250.1.1,274
d1v5va2,SCOPe-ALL,family,d.250.1.1,d,d.250,d.250.1,d.250.1.1,310
d1vlya2,SCOPe-ALL,family,d.250.1.1,d,d.250,d.250.1,d.250.1.1,241
d1pj5a4,SCOPe-ALL,family,d.250.1.1,d,d.250,d.250.1,d.250.1.1,315
d1xzpa3,SCOPe-ALL,family,d.250.1.2,d,d.250,d.250.1,d.250.1.2,117
d1pv5a_,SCOPe-ALL,family,d.251.1.1,d,d.251,d.251.1,d.251.1.1,261
d1xkra_,SCOPe-ALL,family,d.252.1.1,d,d.252,d.252.1,d.252.1.1,205
d1squa_,SCOPe-ALL,family,d.252.1.1,d,d.252,d.252.1,d.252.1.1,152
d1neia_,SCOPe-ALL,family,d.253.1.1,d,d.253,d.253.1,d.253.1.1,60
d2i9fa1,SCOPe-ALL,family,d.254.1.1,d,d.254,d.254.1,d.254.1.1,56
d1p65a_,SCOPe-ALL,family,d.254.1.1,d,d.254,d.254.1,d.254.1.1,57
d2ge8a1,SCOPe-ALL,family,d.254.1.2,d,d.254,d.254.1,d.254.1.2,112
d6zcoa_,SCOPe-ALL,family,d.254.1.2,d,d.254,d.254.1,d.254.1.2,118
d5epwa_,SCOPe-ALL,family,d.254.1.0,d,d.254,d.254.1,d.254.1.0,104
d1r9fa1,SCOPe-ALL,family,d.255.1.1,d,d.255,d.255.1,d.255.1.1,122
d1wvqa_,SCOPe-ALL,family,d.256.1.0,d,d.256,d.256.1,d.256.1.0,163
d1o5ya1,SCOPe-ALL,family,d.257.1.1,d,d.257,d.257.1,d.257.1.1,150
d1um0a_,SCOPe-ALL,family,d.258.1.1,d,d.258,d.258.1,d.258.1.1,365
d7rcaa1,SCOPe-ALL,family,d.258.1.1,d,d.258,d.258.1,d.258.1.1,376
d2o11a_,SCOPe-ALL,family,d.258.1.0,d,d.258,d.258.1,d.258.1.0,392
d1mw5a1,SCOPe-ALL,family,d.259.1.1,d,d.259,d.259.1,d.259.1.1,154
d6lpha_,SCOPe-ALL,family,d.260.1.0,d,d.260,d.260.1,d.260.1.0,244
d4dwra1,SCOPe-ALL,family,d.261.1.1,d,d.261,d.261.1,d.261.1.1,480
d1pc6a_,SCOPe-ALL,family,d.262.1.1,d,d.262,d.262.1,d.262.1.1,141
d1n6za_,SCOPe-ALL,family,d.263.1.1,d,d.263,d.263.1,d.263.1.1,105
d1v33a_,SCOPe-ALL,family,d.264.1.1,d,d.264,d.264.1,d.264.1.1,346
d1zt2a1,SCOPe-ALL,family,d.264.1.1,d,d.264,d.264.1,d.264.1.1,327
d1ro2a_,SCOPe-ALL,family,d.264.1.2,d,d.264,d.264.1,d.264.1.2,210
d2atza1,SCOPe-ALL,family,d.264.1.3,d,d.264,d.264.1,d.264.1.3,176
d1dj0a_,SCOPe-ALL,family,d.265.1.1,d,d.265,d.265.1,d.265.1.1,264
d1k8wa5,SCOPe-ALL,family,d.265.1.2,d,d.265,d.265.1,d.265.1.2,241
d2apoa2,SCOPe-ALL,family,d.265.1.2,d,d.265,d.265.1,d.265.1.2,230
d1s71a1,SCOPe-ALL,family,d.265.1.2,d,d.265,d.265.1,d.265.1.2,233
d2ab4a2,SCOPe-ALL,family,d.265.1.2,d,d.265,d.265.1,d.265.1.2,228
d1v9ka_,SCOPe-ALL,family,d.265.1.3,d,d.265,d.265.1,d.265.1.3,227
d1v9fa_,SCOPe-ALL,family,d.265.1.3,d,d.265,d.265.1,d.265.1.3,250
d1vioa1,SCOPe-ALL,family,d.265.1.3,d,d.265,d.265.1,d.265.1.3,174
d1sb7a1,SCOPe-ALL,family,d.265.1.4,d,d.265,d.265.1,d.265.1.4,341
d1pu1a_,SCOPe-ALL,family,d.266.1.1,d,d.266,d.266.1,d.266.1.1,91
d2ffma_,SCOPe-ALL,family,d.267.1.1,d,d.267,d.267.1,d.267.1.1,83
d1vk1a_,SCOPe-ALL,family,d.268.1.2,d,d.268,d.268.1,d.268.1.2,232
d2hwja1,SCOPe-ALL,family,d.268.1.3,d,d.268,d.268.1,d.268.1.3,201
d1xw3a1,SCOPe-ALL,family,d.268.1.4,d,d.268,d.268.1,d.268.1.4,106
d6sdka1,SCOPe-ALL,family,d.268.1.0,d,d.268,d.268.1,d.268.1.0,96
d1vkba1,SCOPe-ALL,family,d.269.1.1,d,d.269,d.269.1,d.269.1.1,149
d1v30a1,SCOPe-ALL,family,d.269.1.1,d,d.269,d.269.1,d.269.1.1,110
d1xhsa_,SCOPe-ALL,family,d.269.1.1,d,d.269,d.269.1,d.269.1.1,113
d1sr9a3,SCOPe-ALL,family,d.270.1.1,d,d.270,d.270.1,d.270.1.1,152
d1sf8a1,SCOPe-ALL,family,d.271.1.1,d,d.271,d.271.1,d.271.1.1,114
d4wiqa2,SCOPe-ALL,family,d.272.1.1,d,d.272,d.272.1,d.272.1.1,125
d1vmha_,SCOPe-ALL,family,d.273.1.1,d,d.273,d.273.1,d.273.1.1,129
d1vmja_,SCOPe-ALL,family,d.273.1.1,d,d.273,d.273.1,d.273.1.1,139
d2p6ha_,SCOPe-ALL,family,d.273.1.0,d,d.273,d.273.1,d.273.1.0,134
d2cu5a_,SCOPe-ALL,family,d.273.1.0,d,d.273,d.273.1,d.273.1.0,129
d2pk8a_,SCOPe-ALL,family,d.274.1.1,d,d.274,d.274.1,d.274.1.1,94
d2gzta_,SCOPe-ALL,family,d.275.1.1,d,d.275,d.275.1,d.275.1.1,147
d1ryla_,SCOPe-ALL,family,d.276.1.1,d,d.276,d.276.1,d.276.1.1,164
d1r7la1,SCOPe-ALL,family,d.277.1.1,d,d.277,d.277.1,d.277.1.1,96
d1u55a_,SCOPe-ALL,family,d.278.1.1,d,d.278,d.278.1,d.278.1.1,188
d2j3wb1,SCOPe-ALL,family,d.278.1.2,d,d.278,d.278.1,d.278.1.2,168
d1sz7a_,SCOPe-ALL,family,d.278.1.2,d,d.278,d.278.1,d.278.1.2,159
d2osoa2,SCOPe-ALL,family,d.278.1.3,d,d.278,d.278.1,d.278.1.3,158
d1t07a1,SCOPe-ALL,family,d.279.1.1,d,d.279,d.279.1,d.279.1.1,79
d3t2ca_,SCOPe-ALL,family,d.280.1.1,d,d.280,d.280.1,d.280.1.1,389
d2z48a3,SCOPe-ALL,family,d.281.1.1,d,d.281,d.281.1,d.281.1.1,149
d1tlja_,SCOPe-ALL,family,d.282.1.1,d,d.282,d.282.1,d.282.1.1,189
d1vl4a_,SCOPe-ALL,family,d.283.1.1,d,d.283,d.283.1,d.283.1.1,433
d1vpba_,SCOPe-ALL,family,d.283.1.1,d,d.283,d.283.1,d.283.1.1,439
d5njcb_,SCOPe-ALL,family,d.283.1.0,d,d.283,d.283.1,d.283.1.0,443
d1t4aa_,SCOPe-ALL,family,d.284.1.1,d,d.284,d.284.1,d.284.1.1,80
d1gtda_,SCOPe-ALL,family,d.284.1.1,d,d.284,d.284.1,d.284.1.1,82
d1vq3a1,SCOPe-ALL,family,d.284.1.1,d,d.284,d.284.1,d.284.1.1,82
d1t3ta3,SCOPe-ALL,family,d.284.1.2,d,d.284,d.284.1,d.284.1.2,152
d2zw2a_,SCOPe-ALL,family,d.284.1.0,d,d.284,d.284.1,d.284.1.0,85
d1i3ja_,SCOPe-ALL,family,d.285.1.1,d,d.285,d.285.1,d.285.1.1,96
d1u3em2,SCOPe-ALL,family,d.285.1.1,d,d.285,d.285.1,d.285.1.1,69
d1vcta2,SCOPe-ALL,family,d.286.1.1,d,d.286,d.286.1,d.286.1.1,94
d2aefa2,SCOPe-ALL,family,d.286.1.1,d,d.286,d.286.1,d.286.1.1,92
d2ih2a2,SCOPe-ALL,family,d.287.1.1,d,d.287,d.287.1,d.287.1.1,170
d1ydxa1,SCOPe-ALL,family,d.287.1.2,d,d.287,d.287.1,d.287.1.2,193
d1ydxa2,SCOPe-ALL,family,d.287.1.2,d,d.287,d.287.1,d.287.1.2,181
d1yf2a1,SCOPe-ALL,family,d.287.1.2,d,d.287,d.287.1,d.287.1.2,220
d1yf2a2,SCOPe-ALL,family,d.287.1.2,d,d.287,d.287.1,d.287.1.2,205
d2dzqa1,SCOPe-ALL,family,d.288.1.0,d,d.288,d.288.1,d.288.1.0,86
d2d9ba1,SCOPe-ALL,family,d.288.1.0,d,d.288,d.288.1,d.288.1.0,96
d2ejea1,SCOPe-ALL,family,d.288.1.0,d,d.288,d.288.1,d.288.1.0,101
d2dn5a1,SCOPe-ALL,family,d.288.1.0,d,d.288,d.288.1,d.288.1.0,76
d2a90a1,SCOPe-ALL,family,d.289.1.1,d,d.289,d.289.1,d.289.1.1,89
d2a90a2,SCOPe-ALL,family,d.289.1.1,d,d.289,d.289.1,d.289.1.1,80
d2rsfa1,SCOPe-ALL,family,d.289.1.1,d,d.289,d.289.1,d.289.1.1,97
d1xv2a_,SCOPe-ALL,family,d.290.1.1,d,d.290,d.290.1,d.290.1.1,232
d1xcra1,SCOPe-ALL,family,d.290.1.2,d,d.290,d.290.1,d.290.1.2,313
d2nmua1,SCOPe-ALL,family,d.290.1.3,d,d.290,d.290.1,d.290.1.3,136
d5xnea_,SCOPe-ALL,family,d.290.1.0,d,d.290,d.290.1,d.290.1.0,235
d3htna_,SCOPe-ALL,family,d.290.1.0,d,d.290,d.290.1,d.290.1.0,143
d4bt7a_,SCOPe-ALL,family,d.290.1.0,d,d.290,d.290.1,d.290.1.0,236
d5yhob_,SCOPe-ALL,family,d.290.1.0,d,d.290,d.290.1,d.290.1.0,235
d2dt4a_,SCOPe-ALL,family,d.290.1.0,d,d.290,d.290.1,d.290.1.0,143
d3hwua_,SCOPe-ALL,family,d.290.1.0,d,d.290,d.290.1,d.290.1.0,144
d2p6ya1,SCOPe-ALL,family,d.290.1.0,d,d.290,d.290.1,d.290.1.0,130
d1y0na1,SCOPe-ALL,family,d.291.1.1,d,d.291,d.291.1,d.291.1.1,76
d1x9za_,SCOPe-ALL,family,d.292.1.1,d,d.292,d.292.1,d.292.1.1,182
d1vyia_,SCOPe-ALL,family,d.293.1.1,d,d.293,d.293.1,d.293.1.1,111
d2c1wa1,SCOPe-ALL,family,d.294.1.1,d,d.294,d.294.1,d.294.1.1,284
d6wlca2,SCOPe-ALL,family,d.294.1.2,d,d.294,d.294.1,d.294.1.2,156
d1ydla1,SCOPe-ALL,family,d.295.1.1,d,d.295,d.295.1,d.295.1.1,66
d3dgpb_,SCOPe-ALL,family,d.295.1.0,d,d.295,d.295.1,d.295.1.0,63
d6trsd_,SCOPe-ALL,family,d.295.1.0,d,d.295,d.295.1,d.295.1.0,66
d2a8ea1,SCOPe-ALL,family,d.296.1.1,d,d.296,d.296.1,d.296.1.1,210
d1yb3a1,SCOPe-ALL,family,d.296.1.2,d,d.296,d.296.1,d.296.1.2,166
d2cr9a1,SCOPe-ALL,family,d.297.1.1,d,d.297,d.297.1,d.297.1.1,126
d6n90a_,SCOPe-ALL,family,d.298.1.1,d,d.298,d.298.1,d.298.1.1,88
d1wmia1,SCOPe-ALL,family,d.298.1.2,d,d.298,d.298.1,d.298.1.2,88
d4ltta1,SCOPe-ALL,family,d.298.1.2,d,d.298,d.298.1,d.298.1.2,88
d4ml2a_,SCOPe-ALL,family,d.298.1.0,d,d.298,d.298.1,d.298.1.0,90
d6l8gb_,SCOPe-ALL,family,d.298.1.0,d,d.298,d.298.1,d.298.1.0,87
d3rvca_,SCOPe-ALL,family,d.299.1.1,d,d.299,d.299.1,d.299.1.1,118
d2ftxa1,SCOPe-ALL,family,d.300.1.1,d,d.300,d.300.1,d.300.1.1,89
d2ftxb1,SCOPe-ALL,family,d.300.1.2,d,d.300,d.300.1,d.300.1.2,59
d2qam31,SCOPe-ALL,family,d.301.1.1,d,d.301,d.301.1,d.301.1.1,64
d2j0181,SCOPe-ALL,family,d.301.1.1,d,d.301,d.301.1,d.301.1.1,64
d6xipb_,SCOPe-ALL,family,d.302.1.1,d,d.302,d.302.1,d.302.1.1,115
d2aega1,SCOPe-ALL,family,d.303.1.1,d,d.303,d.303.1,d.303.1.1,243
d2f20a1,SCOPe-ALL,family,d.303.1.1,d,d.303,d.303.1,d.303.1.1,231
d1zn6a1,SCOPe-ALL,family,d.303.1.1,d,d.303,d.303.1,d.303.1.1,218
d2bdva1,SCOPe-ALL,family,d.303.1.1,d,d.303,d.303.1,d.303.1.1,217
d2icua_,SCOPe-ALL,family,d.303.1.0,d,d.303,d.303.1,d.303.1.0,220
d1wv8a1,SCOPe-ALL,family,d.304.1.1,d,d.304,d.304.1,d.304.1.1,71
d2dsya1,SCOPe-ALL,family,d.304.1.2,d,d.304,d.304.1,d.304.1.2,80
d2ayua1,SCOPe-ALL,family,d.305.1.1,d,d.305,d.305.1,d.305.1.1,301
d7mtoa1,SCOPe-ALL,family,d.305.1.1,d,d.305,d.305.1,d.305.1.1,203
d5x7va_,SCOPe-ALL,family,d.305.1.0,d,d.305,d.305.1,d.305.1.0,189
d6k02a1,SCOPe-ALL,family,d.305.1.0,d,d.305,d.305.1,d.305.1.0,285
d5gpla_,SCOPe-ALL,family,d.305.1.0,d,d.305,d.305.1,d.305.1.0,206
d2odka1,SCOPe-ALL,family,d.306.1.1,d,d.306,d.306.1,d.306.1.1,51
d3d55a_,SCOPe-ALL,family,d.306.1.0,d,d.306,d.306.1,d.306.1.0,68
d7bwfb1,SCOPe-ALL,family,d.306.1.0,d,d.306,d.306.1,d.306.1.0,83
d3iam5_,SCOPe-ALL,family,d.307.1.1,d,d.307,d.307.1,d.307.1.1,196
d1vbka2,SCOPe-ALL,family,d.308.1.1,d,d.308,d.308.1,d.308.1.1,175
d2c5sa2,SCOPe-ALL,family,d.308.1.1,d,d.308,d.308.1,d.308.1.1,171
d1rkia1,SCOPe-ALL,family,d.308.1.2,d,d.308,d.308.1,d.308.1.2,98
d2dira1,SCOPe-ALL,family,d.308.1.3,d,d.308,d.308.1,d.308.1.3,85
d1vaja1,SCOPe-ALL,family,d.309.1.1,d,d.309,d.309.1,d.309.1.1,203
d2ew0a1,SCOPe-ALL,family,d.310.1.1,d,d.310,d.310.1,d.310.1.1,175
d2gs5a1,SCOPe-ALL,family,d.310.1.1,d,d.310,d.310.1,d.310.1.1,193
d2hafa1,SCOPe-ALL,family,d.310.1.1,d,d.310,d.310.1,d.310.1.1,177
d2fhza1,SCOPe-ALL,family,d.311.1.1,d,d.311,d.311.1,d.311.1.1,83
d1vr8a1,SCOPe-ALL,family,d.312.1.1,d,d.312,d.312.1,d.312.1.1,130
d1zdya_,SCOPe-ALL,family,d.313.1.1,d,d.313,d.313.1,d.313.1.1,301
d4ee6a_,SCOPe-ALL,family,d.313.1.0,d,d.313,d.313.1,d.313.1.0,288
d2ccqa1,SCOPe-ALL,family,d.314.1.1,d,d.314,d.314.1,d.314.1.1,99
d2eyqa6,SCOPe-ALL,family,d.315.1.1,d,d.315,d.315.1,d.315.1.1,158
d2i52a1,SCOPe-ALL,family,d.316.1.1,d,d.316,d.316.1,d.316.1.1,119
d2ogfa1,SCOPe-ALL,family,d.316.1.0,d,d.316,d.316.1,d.316.1.0,119
d2ffga1,SCOPe-ALL,family,d.317.1.1,d,d.317,d.317.1,d.317.1.1,78
d3jcla1,SCOPe-ALL,family,d.318.1.1,d,d.318,d.318.1,d.318.1.1,249
d7eama_,SCOPe-ALL,family,d.318.1.1,d,d.318,d.318.1,d.318.1.1,204
d1wnaa_,SCOPe-ALL,family,d.319.1.1,d,d.319,d.319.1,d.319.1.1,127
d2fb5a1,SCOPe-ALL,family,d.320.1.1,d,d.320,d.320.1,d.320.1.1,201
d2j6ba1,SCOPe-ALL,family,d.321.1.1,d,d.321,d.321.1,d.321.1.1,109
d2blkb1,SCOPe-ALL,family,d.321.1.0,d,d.321,d.321.1,d.321.1.0,115
d2hw4a1,SCOPe-ALL,family,d.322.1.1,d,d.322,d.322.1,d.322.1.1,118
d1xdpa2,SCOPe-ALL,family,d.322.1.2,d,d.322,d.322.1,d.322.1.2,208
d2o8ra2,SCOPe-ALL,family,d.322.1.2,d,d.322,d.322.1,d.322.1.2,205
d3fz2a1,SCOPe-ALL,family,d.323.1.1,d,d.323,d.323.1,d.323.1.1,131
d2gjva1,SCOPe-ALL,family,d.323.1.2,d,d.323,d.323.1,d.323.1.2,134
d3lmna_,SCOPe-ALL,family,d.324.1.1,d,d.324,d.324.1,d.324.1.1,132
d2zjru1,SCOPe-ALL,family,d.325.1.1,d,d.325,d.325.1,d.325.1.1,72
d2qamz1,SCOPe-ALL,family,d.325.1.1,d,d.325,d.325.1,d.325.1.1,77
d2jz6a1,SCOPe-ALL,family,d.325.1.1,d,d.325,d.325.1,d.325.1.1,70
d2j0111,SCOPe-ALL,family,d.325.1.1,d,d.325,d.325.1,d.325.1.1,89
d2j0141,SCOPe-ALL,family,d.325.1.2,d,d.325,d.325.1,d.325.1.2,50
d2nwva1,SCOPe-ALL,family,d.326.1.1,d,d.326,d.326.1,d.326.1.1,112
d2nlva1,SCOPe-ALL,family,d.326.1.1,d,d.326,d.326.1,d.326.1.1,111
d2nvma1,SCOPe-ALL,family,d.326.1.1,d,d.326,d.326.1,d.326.1.1,117
d4n7ta2,SCOPe-ALL,family,d.327.1.1,d,d.327,d.327.1,d.327.1.1,119
d2bbha1,SCOPe-ALL,family,d.328.1.1,d,d.328,d.328.1,d.328.1.1,232
d1zd0a1,SCOPe-ALL,family,d.329.1.1,d,d.329,d.329.1,d.329.1.1,138
d2i4f1_,SCOPe-ALL,family,d.330.1.1,d,d.330,d.330.1,d.330.1.1,100
d2auwa2,SCOPe-ALL,family,d.331.1.1,d,d.331,d.331.1,d.331.1.1,84
d3ieza_,SCOPe-ALL,family,d.332.1.1,d,d.332,d.332.1,d.332.1.1,94
d5m1ea2,SCOPe-ALL,family,d.333.1.0,d,d.333,d.333.1,d.333.1.0,167
d2gp4a2,SCOPe-ALL,family,d.334.1.1,d,d.334,d.334.1,d.334.1.1,418
d1zata2,SCOPe-ALL,family,d.335.1.1,d,d.335,d.335.1,d.335.1.1,122
d2b3wa1,SCOPe-ALL,family,d.336.1.1,d,d.336,d.336.1,d.336.1.1,160
d2fdoa1,SCOPe-ALL,family,d.337.1.1,d,d.337,d.337.1,d.337.1.1,92
d1zhxa2,SCOPe-ALL,family,d.338.1.1,d,d.338,d.338.1,d.338.1.1,433
d1z1aa1,SCOPe-ALL,family,d.339.1.1,d,d.339,d.339.1,d.339.1.1,128
d2phna_,SCOPe-ALL,family,d.340.1.1,d,d.340,d.340.1,d.340.1.1,248
d2c1ia2,SCOPe-ALL,family,d.341.1.1,d,d.341,d.341.1,d.341.1.1,222
d2hq4a1,SCOPe-ALL,family,d.342.1.1,d,d.342,d.342.1,d.342.1.1,152
d2i1sa1,SCOPe-ALL,family,d.343.1.1,d,d.343,d.343.1,d.343.1.1,185
d2hjqa2,SCOPe-ALL,family,d.344.1.1,d,d.344,d.344.1,d.344.1.1,49
d2outa2,SCOPe-ALL,family,d.344.1.1,d,d.344,d.344.1,d.344.1.1,67
d2q9qb2,SCOPe-ALL,family,d.344.1.3,d,d.344,d.344.1,d.344.1.3,57
d2q9qd2,SCOPe-ALL,family,d.344.1.4,d,d.344,d.344.1,d.344.1.4,86
d2q9qa2,SCOPe-ALL,family,d.344.1.0,d,d.344,d.344.1,d.344.1.0,61
d2fzpa1,SCOPe-ALL,family,d.345.1.1,d,d.345,d.345.1,d.345.1.1,125
d7eq4a1,SCOPe-ALL,family,d.346.1.1,d,d.346,d.346.1,d.346.1.1,115
d3c8wa1,SCOPe-ALL,family,d.347.1.1,d,d.347,d.347.1,d.347.1.1,250
d3cmba1,SCOPe-ALL,family,d.347.1.1,d,d.347,d.347.1,d.347.1.1,264
d3bida1,SCOPe-ALL,family,d.348.1.1,d,d.348,d.348.1,d.348.1.1,56
d2k49a1,SCOPe-ALL,family,d.348.1.1,d,d.348,d.348.1,d.348.1.1,52
d2k49a2,SCOPe-ALL,family,d.348.1.1,d,d.348,d.348.1,d.348.1.1,58
d6q2za_,SCOPe-ALL,family,d.348.1.0,d,d.348,d.348.1,d.348.1.0,60
d2jova1,SCOPe-ALL,family,d.349.1.1,d,d.349,d.349.1,d.349.1.1,77
d2h7aa1,SCOPe-ALL,family,d.350.1.1,d,d.350,d.350.1,d.350.1.1,108
d2gkpa1,SCOPe-ALL,family,d.351.1.1,d,d.351,d.351.1,d.351.1.1,164
d2hc5a1,SCOPe-ALL,family,d.352.1.1,d,d.352,d.352.1,d.352.1.1,108
d2v8qb1,SCOPe-ALL,family,d.353.1.1,d,d.353,d.353.1,d.353.1.1,83
d2qlvb2,SCOPe-ALL,family,d.353.1.1,d,d.353,d.353.1,d.353.1.1,107
d2gpia1,SCOPe-ALL,family,d.354.1.1,d,d.354,d.354.1,d.354.1.1,90
d2jxta1,SCOPe-ALL,family,d.355.1.1,d,d.355,d.355.1,d.355.1.1,78
d2hiya1,SCOPe-ALL,family,d.356.1.1,d,d.356,d.356.1,d.356.1.1,180
d2hpua1,SCOPe-ALL,family,d.357.1.1,d,d.357,d.357.1,d.357.1.1,126
d3f0pa2,SCOPe-ALL,family,d.357.1.2,d,d.357,d.357.1,d.357.1.2,128
d2hh8a1,SCOPe-ALL,family,d.358.1.1,d,d.358,d.358.1,d.358.1.1,127
d2ia1a1,SCOPe-ALL,family,d.359.1.1,d,d.359,d.359.1,d.359.1.1,165
d2guka1,SCOPe-ALL,family,d.360.1.1,d,d.360,d.360.1,d.360.1.1,111
d5d9ac1,SCOPe-ALL,family,d.361.1.1,d,d.361,d.361.1,d.361.1.1,70
d2vy6a2,SCOPe-ALL,family,d.361.1.0,d,d.361,d.361.1,d.361.1.0,56
d2oa5a2,SCOPe-ALL,family,d.362.1.1,d,d.362,d.362.1,d.362.1.1,97
d2o5ha1,SCOPe-ALL,family,d.363.1.1,d,d.363,d.363.1,d.363.1.1,131
d2hg6a1,SCOPe-ALL,family,d.364.1.1,d,d.364,d.364.1,d.364.1.1,106
d2q22a1,SCOPe-ALL,family,d.365.1.1,d,d.365,d.365.1,d.365.1.1,131
d2i9xa1,SCOPe-ALL,family,d.366.1.1,d,d.366,d.366.1,d.366.1.1,84
d3t7ya_,SCOPe-ALL,family,d.367.1.0,d,d.367,d.367.1,d.367.1.0,94
d5cula_,SCOPe-ALL,family,d.367.1.0,d,d.367,d.367.1,d.367.1.0,28
d2jlia_,SCOPe-ALL,family,d.367.1.0,d,d.367,d.367.1,d.367.1.0,100
d2h4oa1,SCOPe-ALL,family,d.368.1.1,d,d.368,d.368.1,d.368.1.1,62
d2paga1,SCOPe-ALL,family,d.369.1.1,d,d.369,d.369.1,d.369.1.1,135
d2icga1,SCOPe-ALL,family,d.369.1.1,d,d.369,d.369.1,d.369.1.1,158
d2prva1,SCOPe-ALL,family,d.369.1.1,d,d.369,d.369.1,d.369.1.1,152
d3e9va1,SCOPe-ALL,family,d.370.1.1,d,d.370,d.370.1,d.370.1.1,120
d2joea1,SCOPe-ALL,family,d.371.1.1,d,d.371,d.371.1,d.371.1.1,130
d2dsma1,SCOPe-ALL,family,d.372.1.1,d,d.372,d.372.1,d.372.1.1,64
d2ia7a1,SCOPe-ALL,family,d.373.1.1,d,d.373,d.373.1,d.373.1.1,111
d2dbsa1,SCOPe-ALL,family,d.374.1.1,d,d.374,d.374.1,d.374.1.1,80
d2hfqa1,SCOPe-ALL,family,d.375.1.1,d,d.375,d.375.1,d.375.1.1,85
d2iaya1,SCOPe-ALL,family,d.376.1.1,d,d.376,d.376.1,d.376.1.1,113
d1zela2,SCOPe-ALL,family,d.377.1.1,d,d.377,d.377.1,d.377.1.1,212
d2fqma1,SCOPe-ALL,family,d.378.1.1,d,d.378,d.378.1,d.378.1.1,65
d2j49a1,SCOPe-ALL,family,d.379.1.1,d,d.379,d.379.1,d.379.1.1,134
d2j4ba1,SCOPe-ALL,family,d.379.1.1,d,d.379,d.379.1,d.379.1.1,131
d2nxpa1,SCOPe-ALL,family,d.379.1.1,d,d.379,d.379.1,d.379.1.1,149
d2pw4a_,SCOPe-ALL,family,d.380.1.1,d,d.380,d.380.1,d.380.1.1,184
d2r31a2,SCOPe-ALL,family,d.381.1.1,d,d.381,d.381.1,d.381.1.1,235
d2r6ia1,SCOPe-ALL,family,d.381.1.1,d,d.381,d.381.1,d.381.1.1,261
d2pifa1,SCOPe-ALL,family,d.382.1.1,d,d.382,d.382.1,d.382.1.1,256
d2p3pa1,SCOPe-ALL,family,d.383.1.1,d,d.383,d.383.1,d.383.1.1,197
d2b5lc_,SCOPe-ALL,family,d.384.1.1,d,d.384,d.384.1,d.384.1.1,207
d3nuhb2,SCOPe-ALL,family,d.385.1.1,d,d.385,d.385.1,d.385.1.1,171
d3awub_,SCOPe-ALL,family,d.386.1.1,d,d.386,d.386.1,d.386.1.1,84
d4emta1,SCOPe-ALL,family,d.387.1.1,d,d.387,d.387.1,d.387.1.1,183
d5cfla1,SCOPe-ALL,family,d.387.1.0,d,d.387,d.387.1,d.387.1.0,185
d3fkea_,SCOPe-ALL,family,d.388.1.1,d,d.388,d.388.1,d.388.1.1,123
d6dkua_,SCOPe-ALL,family,d.388.1.0,d,d.388,d.388.1,d.388.1.0,125
d4gq4a1,SCOPe-ALL,family,d.389.1.1,d,d.389,d.389.1,d.389.1.1,209
d2vz8a5,SCOPe-ALL,family,d.390.1.1,d,d.390,d.390.1,d.390.1.1,79
d2hg4a4,SCOPe-ALL,family,d.390.1.1,d,d.390,d.390.1,d.390.1.1,84
d2mhja1,SCOPe-ALL,family,d.391.1.1,d,d.391,d.391.1,d.391.1.1,80
d2qdfa1,SCOPe-ALL,family,d.391.1.1,d,d.391,d.391.1,d.391.1.1,71
d2qdfa2,SCOPe-ALL,family,d.391.1.1,d,d.391,d.391.1,d.391.1.1,83
d4xgab1,SCOPe-ALL,family,d.391.1.0,d,d.391,d.391.1,d.391.1.0,91
d4xgab2,SCOPe-ALL,family,d.391.1.0,d,d.391,d.391.1,d.391.1.0,83
d6j09a1,SCOPe-ALL,family,d.391.1.0,d,d.391,d.391.1,d.391.1.0,70
d6j09a2,SCOPe-ALL,family,d.391.1.0,d,d.391,d.391.1,d.391.1.0,83
d6j09a3,SCOPe-ALL,family,d.391.1.0,d,d.391,d.391.1,d.391.1.0,89
d6j09a4,SCOPe-ALL,family,d.391.1.0,d,d.391,d.391.1,d.391.1.0,87
d3luua_,SCOPe-ALL,family,d.392.1.1,d,d.392,d.392.1,d.392.1.1,99
d3n6wa1,SCOPe-ALL,family,d.392.1.1,d,d.392,d.392.1,d.392.1.1,95
d4ogca3,SCOPe-ALL,family,d.393.1.1,d,d.393,d.393.1,d.393.1.1,215
d5axwa3,SCOPe-ALL,family,d.393.1.1,d,d.393,d.393.1,d.393.1.1,389
d4oo8a3,SCOPe-ALL,family,d.393.1.1,d,d.393,d.393.1,d.393.1.1,655
d3jb9a5,SCOPe-ALL,family,d.394.1.1,d,d.394,d.394.1,d.394.1.1,651
d5gmkf_,SCOPe-ALL,family,d.395.1.1,d,d.395,d.395.1,d.395.1.1,115
d2vy8a_,SCOPe-ALL,family,d.396.1.1,d,d.396,d.396.1,d.396.1.1,157
d5d9ac2,SCOPe-ALL,family,d.396.1.1,d,d.396,d.396.1,d.396.1.1,144
d5wopa_,SCOPe-ALL,family,d.397.1.1,d,d.397,d.397.1,d.397.1.1,159
d5ef9a1,SCOPe-ALL,family,d.397.1.1,d,d.397,d.397.1,d.397.1.1,162
d5d9ac3,SCOPe-ALL,family,d.397.1.1,d,d.397,d.397.1,d.397.1.1,166
d5id6a2,SCOPe-ALL,family,d.398.1.1,d,d.398,d.398.1,d.398.1.1,126
d4qb0a_,SCOPe-ALL,family,d.399.1.1,d,d.399,d.399.1,d.399.1.1,95
d5bq9a2,SCOPe-ALL,family,d.400.1.1,d,d.400,d.400.1,d.400.1.1,134
d4qqwa4,SCOPe-ALL,family,d.401.1.1,d,d.401,d.401.1,d.401.1.1,122
d6ifka5,SCOPe-ALL,family,d.402.1.1,d,d.402,d.402.1,d.402.1.1,84
d4uw2a5,SCOPe-ALL,family,d.402.1.1,d,d.402,d.402.1,d.402.1.1,73
d4zh7a2,SCOPe-ALL,family,d.403.1.1,d,d.403,d.403.1,d.403.1.1,81
d1k9oi_,SCOPe-ALL,family,e.1.1.1,e,e.1,e.1.1,e.1.1.1,376
d3kcgi_,SCOPe-ALL,family,e.1.1.1,e,e.1,e.1.1,e.1.1.1,429
d1jmja_,SCOPe-ALL,family,e.1.1.1,e,e.1,e.1.1,e.1.1.1,420
d1uhga_,SCOPe-ALL,family,e.1.1.1,e,e.1,e.1.1,e.1.1.1,385
d1imva_,SCOPe-ALL,family,e.1.1.1,e,e.1,e.1.1,e.1.1.1,383
d1lj5a_,SCOPe-ALL,family,e.1.1.1,e,e.1,e.1.1,e.1.1.1,379
d1snga1,SCOPe-ALL,family,e.1.1.1,e,e.1,e.1.1,e.1.1.1,365
d2arqa_,SCOPe-ALL,family,e.1.1.1,e,e.1,e.1.1,e.1.1.1,380
d1wz9a_,SCOPe-ALL,family,e.1.1.1,e,e.1,e.1.1,e.1.1.1,375
d3pzfa_,SCOPe-ALL,family,e.1.1.0,e,e.1,e.1.1,e.1.1.0,383
d3stoa_,SCOPe-ALL,family,e.1.1.0,e,e.1,e.1.1,e.1.1.0,388
d4p0fa_,SCOPe-ALL,family,e.1.1.0,e,e.1,e.1.1,e.1.1.0,384
d4x30a_,SCOPe-ALL,family,e.1.1.0,e,e.1,e.1.1,e.1.1.0,378
d3f1sa_,SCOPe-ALL,family,e.1.1.0,e,e.1,e.1.1,e.1.1.0,385
d2oaya1,SCOPe-ALL,family,e.1.1.0,e,e.1,e.1.1,e.1.1.0,372
d3ndaa_,SCOPe-ALL,family,e.1.1.0,e,e.1,e.1.1,e.1.1.0,377
d2v6da_,SCOPe-ALL,family,e.1.1.0,e,e.1,e.1.1,e.1.1.0,368
d5ncsa1,SCOPe-ALL,family,e.1.1.0,e,e.1,e.1.1,e.1.1.0,370
d3le2a1,SCOPe-ALL,family,e.1.1.0,e,e.1,e.1.1,e.1.1.0,391
d2pefa_,SCOPe-ALL,family,e.1.1.0,e,e.1,e.1.1,e.1.1.0,373
d6cj7a_,SCOPe-ALL,family,e.1.1.0,e,e.1,e.1.1,e.1.1.0,372
d3ozqa1,SCOPe-ALL,family,e.1.1.0,e,e.1,e.1.1,e.1.1.0,373
d2i06a_,SCOPe-ALL,family,e.2.1.1,e,e.2,e.2.1,e.2.1.1,305
d2dcfa1,SCOPe-ALL,family,e.3.1.1,e,e.3,e.3.1,e.3.1.1,388
d2ffya_,SCOPe-ALL,family,e.3.1.1,e,e.3,e.3.1,e.3.1.1,358
d1l7ua_,SCOPe-ALL,family,e.3.1.1,e,e.3,e.3.1,e.3.1.1,263
d1djaa_,SCOPe-ALL,family,e.3.1.1,e,e.3,e.3.1,e.3.1.1,258
d4f7ya_,SCOPe-ALL,family,e.3.1.1,e,e.3,e.3.1,e.3.1.1,250
d1k55a_,SCOPe-ALL,family,e.3.1.1,e,e.3,e.3.1,e.3.1.1,245
d1k38a_,SCOPe-ALL,family,e.3.1.1,e,e.3,e.3.1,e.3.1.1,241
d1xp4a2,SCOPe-ALL,family,e.3.1.1,e,e.3,e.3.1,e.3.1.1,269
d1es5a_,SCOPe-ALL,family,e.3.1.1,e,e.3,e.3.1,e.3.1.1,260
d2d83a_,SCOPe-ALL,family,e.3.1.1,e,e.3,e.3.1,e.3.1.1,362
d1ei5a3,SCOPe-ALL,family,e.3.1.1,e,e.3,e.3.1,e.3.1.1,333
d1ci9a_,SCOPe-ALL,family,e.3.1.1,e,e.3,e.3.1,e.3.1.1,377
d1vqqa3,SCOPe-ALL,family,e.3.1.1,e,e.3,e.3.1,e.3.1.1,341
d2fffb1,SCOPe-ALL,family,e.3.1.1,e,e.3,e.3.1,e.3.1.1,453
d2olua2,SCOPe-ALL,family,e.3.1.1,e,e.3,e.3.1,e.3.1.1,400
d1pyya4,SCOPe-ALL,family,e.3.1.1,e,e.3,e.3.1,e.3.1.1,368
d3beca2,SCOPe-ALL,family,e.3.1.1,e,e.3,e.3.1,e.3.1.1,259
d4ua6a_,SCOPe-ALL,family,e.3.1.1,e,e.3,e.3.1,e.3.1.1,263
d2v2ff_,SCOPe-ALL,family,e.3.1.1,e,e.3,e.3.1,e.3.1.1,384
d7kcva1,SCOPe-ALL,family,e.3.1.1,e,e.3,e.3.1,e.3.1.1,294
d1yqsa_,SCOPe-ALL,family,e.3.1.1,e,e.3,e.3.1,e.3.1.1,345
d1u60a_,SCOPe-ALL,family,e.3.1.2,e,e.3,e.3.1,e.3.1.2,309
d3brma_,SCOPe-ALL,family,e.3.1.2,e,e.3,e.3.1,e.3.1.2,315
d2y5oa_,SCOPe-ALL,family,e.3.1.3,e,e.3,e.3.1,e.3.1.3,466
d3a3da1,SCOPe-ALL,family,e.3.1.3,e,e.3,e.3.1,e.3.1.3,452
d4jf5a_,SCOPe-ALL,family,e.3.1.0,e,e.3,e.3.1,e.3.1.0,242
d4ovda2,SCOPe-ALL,family,e.3.1.0,e,e.3,e.3.1,e.3.1.0,340
d5ctma_,SCOPe-ALL,family,e.3.1.0,e,e.3,e.3.1,e.3.1.0,233
d5tfqa_,SCOPe-ALL,family,e.3.1.0,e,e.3,e.3.1,e.3.1.0,277
d5hw3a1,SCOPe-ALL,family,e.3.1.0,e,e.3,e.3.1,e.3.1.0,264
d6v4wa_,SCOPe-ALL,family,e.3.1.0,e,e.3,e.3.1,e.3.1.0,274
d7k3ma_,SCOPe-ALL,family,e.3.1.0,e,e.3,e.3.1,e.3.1.0,245
d6i1ha1,SCOPe-ALL,family,e.3.1.0,e,e.3,e.3.1,e.3.1.0,339
d6edma1,SCOPe-ALL,family,e.3.1.0,e,e.3,e.3.1,e.3.1.0,250
d3p09a_,SCOPe-ALL,family,e.3.1.0,e,e.3,e.3.1,e.3.1.0,268
d4ieda_,SCOPe-ALL,family,e.3.1.0,e,e.3,e.3.1,e.3.1.0,242
d3voya1,SCOPe-ALL,family,e.3.1.0,e,e.3,e.3.1,e.3.1.0,313
d2qpna_,SCOPe-ALL,family,e.3.1.0,e,e.3,e.3.1,e.3.1.0,265
d6kbya1,SCOPe-ALL,family,e.3.1.0,e,e.3,e.3.1,e.3.1.0,363
d6huha1,SCOPe-ALL,family,e.3.1.0,e,e.3,e.3.1,e.3.1.0,241
d4ztka_,SCOPe-ALL,family,e.3.1.0,e,e.3,e.3.1,e.3.1.0,299
d5zqaa_,SCOPe-ALL,family,e.3.1.0,e,e.3,e.3.1,e.3.1.0,248
d6xqya1,SCOPe-ALL,family,e.3.1.0,e,e.3,e.3.1,e.3.1.0,324
d6hr4a2,SCOPe-ALL,family,e.3.1.0,e,e.3,e.3.1,e.3.1.0,342
d6n1na1,SCOPe-ALL,family,e.3.1.0,e,e.3,e.3.1,e.3.1.0,247
d6o9sa_,SCOPe-ALL,family,e.3.1.0,e,e.3,e.3.1,e.3.1.0,246
d5troa2,SCOPe-ALL,family,e.3.1.0,e,e.3,e.3.1,e.3.1.0,348
d6njka_,SCOPe-ALL,family,e.3.1.0,e,e.3,e.3.1,e.3.1.0,362
d6muqa_,SCOPe-ALL,family,e.3.1.0,e,e.3,e.3.1,e.3.1.0,267
d1gwea_,SCOPe-ALL,family,e.5.1.1,e,e.5,e.5.1,e.5.1.1,498
d1m7sa_,SCOPe-ALL,family,e.5.1.1,e,e.5,e.5.1,e.5.1.1,484
d3ttva1,SCOPe-ALL,family,e.5.1.1,e,e.5,e.5.1,e.5.1.1,570
d2xq1a_,SCOPe-ALL,family,e.5.1.1,e,e.5,e.5.1,e.5.1.1,497
d1u5ua_,SCOPe-ALL,family,e.5.1.2,e,e.5,e.5.1,e.5.1.2,366
d1u8va2,SCOPe-ALL,family,e.6.1.1,e,e.6,e.6.1,e.6.1.1,275
d2d29a2,SCOPe-ALL,family,e.6.1.1,e,e.6,e.6.1,e.6.1.1,233
d1rx0a2,SCOPe-ALL,family,e.6.1.1,e,e.6,e.6.1,e.6.1.1,231
d4p13a1,SCOPe-ALL,family,e.6.1.1,e,e.6,e.6.1,e.6.1.1,232
d2c0ua2,SCOPe-ALL,family,e.6.1.1,e,e.6,e.6.1,e.6.1.1,259
d1r2ja2,SCOPe-ALL,family,e.6.1.1,e,e.6,e.6.1,e.6.1.1,210
d2ddha3,SCOPe-ALL,family,e.6.1.2,e,e.6,e.6.1,e.6.1.2,267
d4l1fa1,SCOPe-ALL,family,e.6.1.0,e,e.6,e.6.1,e.6.1.0,228
d5af7a1,SCOPe-ALL,family,e.6.1.0,e,e.6,e.6.1,e.6.1.0,230
d3ii9a1,SCOPe-ALL,family,e.6.1.0,e,e.6,e.6.1,e.6.1.0,240
d5jsca1,SCOPe-ALL,family,e.6.1.0,e,e.6,e.6.1,e.6.1.0,234
d3mpia1,SCOPe-ALL,family,e.6.1.0,e,e.6,e.6.1,e.6.1.0,231
d2jifa1,SCOPe-ALL,family,e.6.1.0,e,e.6,e.6.1,e.6.1.0,228
d6cxtb1,SCOPe-ALL,family,e.6.1.0,e,e.6,e.6.1,e.6.1.0,228
d4hr3a1,SCOPe-ALL,family,e.6.1.0,e,e.6,e.6.1,e.6.1.0,251
d3r7ka1,SCOPe-ALL,family,e.6.1.0,e,e.6,e.6.1,e.6.1.0,228
d4iv6a1,SCOPe-ALL,family,e.6.1.0,e,e.6,e.6.1,e.6.1.0,224
d3pfda1,SCOPe-ALL,family,e.6.1.0,e,e.6,e.6.1,e.6.1.0,221
d3nf4a1,SCOPe-ALL,family,e.6.1.0,e,e.6,e.6.1,e.6.1.0,228
d5zw7a1,SCOPe-ALL,family,e.6.1.0,e,e.6,e.6.1,e.6.1.0,230
d4rm7a1,SCOPe-ALL,family,e.6.1.0,e,e.6,e.6.1,e.6.1.0,229
d6u1va1,SCOPe-ALL,family,e.6.1.0,e,e.6,e.6.1,e.6.1.0,217
d1ka1a_,SCOPe-ALL,family,e.7.1.1,e,e.7,e.7.1,e.7.1.1,354
d1lbva_,SCOPe-ALL,family,e.7.1.1,e,e.7,e.7.1,e.7.1.1,252
d1vdwa_,SCOPe-ALL,family,e.7.1.1,e,e.7,e.7.1,e.7.1.1,253
d1nuwa_,SCOPe-ALL,family,e.7.1.1,e,e.7,e.7.1,e.7.1.1,328
d1inpa_,SCOPe-ALL,family,e.7.1.1,e,e.7,e.7.1,e.7.1.1,400
d1jp4a_,SCOPe-ALL,family,e.7.1.1,e,e.7,e.7.1,e.7.1.1,304
d2bjia_,SCOPe-ALL,family,e.7.1.1,e,e.7,e.7.1,e.7.1.1,275
d3biga_,SCOPe-ALL,family,e.7.1.2,e,e.7,e.7.1,e.7.1.2,324
d2pcrb_,SCOPe-ALL,family,e.7.1.0,e,e.7,e.7.1,e.7.1.0,263
d3lv0a_,SCOPe-ALL,family,e.7.1.0,e,e.7,e.7.1,e.7.1.0,260
d5eq7a_,SCOPe-ALL,family,e.7.1.0,e,e.7,e.7.1,e.7.1.0,265
d5zhha_,SCOPe-ALL,family,e.7.1.0,e,e.7,e.7.1,e.7.1.0,268
d5iz3a_,SCOPe-ALL,family,e.7.1.0,e,e.7,e.7.1,e.7.1.0,316
d3t0ja_,SCOPe-ALL,family,e.7.1.0,e,e.7,e.7.1,e.7.1.0,272
d3uksa_,SCOPe-ALL,family,e.7.1.0,e,e.7,e.7.1,e.7.1.0,324
d3ncia2,SCOPe-ALL,family,e.8.1.1,e,e.8,e.8.1,e.8.1.1,528
d1q8ia2,SCOPe-ALL,family,e.8.1.1,e,e.8,e.8.1,e.8.1.1,394
d1s5ja2,SCOPe-ALL,family,e.8.1.1,e,e.8,e.8.1,e.8.1.1,415
d2py5a2,SCOPe-ALL,family,e.8.1.1,e,e.8,e.8.1,e.8.1.1,388
d1x9ma2,SCOPe-ALL,family,e.8.1.1,e,e.8,e.8.1,e.8.1.1,494
d4dqqa2,SCOPe-ALL,family,e.8.1.1,e,e.8,e.8.1,e.8.1.1,408
d1mmla_,SCOPe-ALL,family,e.8.1.2,e,e.8,e.8.1,e.8.1.2,251
d4i7ga1,SCOPe-ALL,family,e.8.1.2,e,e.8,e.8.1,e.8.1.2,431
d1mswd_,SCOPe-ALL,family,e.8.1.3,e,e.8,e.8.1,e.8.1.3,882
d1muka_,SCOPe-ALL,family,e.8.1.4,e,e.8,e.8.1,e.8.1.4,1264
d1u09a1,SCOPe-ALL,family,e.8.1.4,e,e.8,e.8.1,e.8.1.4,470
d3tyqa_,SCOPe-ALL,family,e.8.1.4,e,e.8,e.8.1,e.8.1.4,568
d3bsoa_,SCOPe-ALL,family,e.8.1.4,e,e.8,e.8.1,e.8.1.4,484
d1khva_,SCOPe-ALL,family,e.8.1.4,e,e.8,e.8.1,e.8.1.4,497
d2cjqa_,SCOPe-ALL,family,e.8.1.4,e,e.8,e.8.1,e.8.1.4,582
d4zpca_,SCOPe-ALL,family,e.8.1.4,e,e.8,e.8.1,e.8.1.4,462
d1hhsa_,SCOPe-ALL,family,e.8.1.6,e,e.8,e.8.1,e.8.1.6,664
d1jx4a2,SCOPe-ALL,family,e.8.1.7,e,e.8,e.8.1,e.8.1.7,240
d1jiha2,SCOPe-ALL,family,e.8.1.7,e,e.8,e.8.1,e.8.1.7,389
d3gv7b1,SCOPe-ALL,family,e.8.1.7,e,e.8,e.8.1,e.8.1.7,274
d1t94a2,SCOPe-ALL,family,e.8.1.7,e,e.8,e.8.1,e.8.1.7,333
d4i43b4,SCOPe-ALL,family,e.8.1.8,e,e.8,e.8.1,e.8.1.8,768
d4wsbb_,SCOPe-ALL,family,e.8.1.9,e,e.8,e.8.1,e.8.1.9,754
d5d9ab_,SCOPe-ALL,family,e.8.1.9,e,e.8,e.8.1,e.8.1.9,753
d6qwta_,SCOPe-ALL,family,e.8.1.0,e,e.8,e.8.1,e.8.1.0,472
d3zeda_,SCOPe-ALL,family,e.8.1.0,e,e.8,e.8.1,e.8.1.0,766
d4ahca2,SCOPe-ALL,family,e.8.1.0,e,e.8,e.8.1,e.8.1.0,410
d2ckwa_,SCOPe-ALL,family,e.8.1.0,e,e.8,e.8.1,e.8.1.0,496
d1mw9x_,SCOPe-ALL,family,e.10.1.1,e,e.10,e.10.1,e.10.1.1,591
d1i7da_,SCOPe-ALL,family,e.10.1.1,e,e.10,e.10.1,e.10.1.1,620
d1gkub3,SCOPe-ALL,family,e.10.1.1,e,e.10,e.10.1,e.10.1.1,556
d1bjta_,SCOPe-ALL,family,e.11.1.1,e,e.11,e.11.1,e.11.1.1,760
d3ku8a_,SCOPe-ALL,family,e.11.1.1,e,e.11,e.11.1,e.11.1.1,135
d3ilwa_,SCOPe-ALL,family,e.11.1.0,e,e.11,e.11.1,e.11.1.0,464
d1d3ya_,SCOPe-ALL,family,e.12.1.1,e,e.12,e.12.1,e.12.1.1,298
d1dd9a_,SCOPe-ALL,family,e.13.1.1,e,e.13,e.13.1,e.13.1.1,314
d1nuia1,SCOPe-ALL,family,e.13.1.2,e,e.13,e.13.1,e.13.1.2,192
d1oisa_,SCOPe-ALL,family,e.15.1.1,e,e.15,e.15.1,e.15.1.1,223
d1et0a_,SCOPe-ALL,family,e.17.1.1,e,e.17,e.17.1,e.17.1.1,266
d5mpra1,SCOPe-ALL,family,e.17.1.1,e,e.17,e.17.1,e.17.1.1,365
d3daaa_,SCOPe-ALL,family,e.17.1.1,e,e.17,e.17.1,e.17.1.1,277
d4tm5a_,SCOPe-ALL,family,e.17.1.0,e,e.17,e.17.1,e.17.1.0,296
d3dtha_,SCOPe-ALL,family,e.17.1.0,e,e.17,e.17.1,e.17.1.0,363
d6jifa_,SCOPe-ALL,family,e.17.1.0,e,e.17,e.17.1,e.17.1.0,333
d4jxua_,SCOPe-ALL,family,e.17.1.0,e,e.17,e.17.1,e.17.1.0,288
d6q8ea_,SCOPe-ALL,family,e.17.1.0,e,e.17,e.17.1,e.17.1.0,307
d3cswa1,SCOPe-ALL,family,e.17.1.0,e,e.17,e.17.1,e.17.1.0,273
d1wrva_,SCOPe-ALL,family,e.17.1.0,e,e.17,e.17.1,e.17.1.0,305
d6z8mb_,SCOPe-ALL,family,e.18.1.1,e,e.18,e.18.1,e.18.1.1,483
d4u9hl_,SCOPe-ALL,family,e.18.1.1,e,e.18,e.18.1,e.18.1.1,533
d5aa5c_,SCOPe-ALL,family,e.18.1.0,e,e.18,e.18.1,e.18.1.0,561
d6qgra_,SCOPe-ALL,family,e.18.1.0,e,e.18,e.18.1,e.18.1.0,437
d5odqf_,SCOPe-ALL,family,e.18.1.0,e,e.18,e.18.1,e.18.1.0,447
d6zk94_,SCOPe-ALL,family,e.18.1.0,e,e.18,e.18.1,e.18.1.0,386
d4u9hs_,SCOPe-ALL,family,e.19.1.1,e,e.19,e.19.1,e.19.1.1,265
d3iam6_,SCOPe-ALL,family,e.19.1.2,e,e.19,e.19.1,e.19.1.2,161
d1sg6a_,SCOPe-ALL,family,e.22.1.1,e,e.22,e.22.1,e.22.1.1,389
d1ujna_,SCOPe-ALL,family,e.22.1.1,e,e.22,e.22.1,e.22.1.1,347
d1j5rb1,SCOPe-ALL,family,e.22.1.2,e,e.22,e.22.1,e.22.1.2,358
d1jq5a_,SCOPe-ALL,family,e.22.1.2,e,e.22,e.22.1,e.22.1.2,366
d1oj7a1,SCOPe-ALL,family,e.22.1.2,e,e.22,e.22.1,e.22.1.2,386
d1vlja1,SCOPe-ALL,family,e.22.1.2,e,e.22,e.22.1,e.22.1.2,395
d5br4a1,SCOPe-ALL,family,e.22.1.2,e,e.22,e.22.1,e.22.1.2,383
d3hl0a_,SCOPe-ALL,family,e.22.1.0,e,e.22,e.22.1,e.22.1.0,351
d5yvra1,SCOPe-ALL,family,e.22.1.0,e,e.22,e.22.1,e.22.1.0,400
d3iv7a_,SCOPe-ALL,family,e.22.1.0,e,e.22,e.22.1,e.22.1.0,356
d3cw9a_,SCOPe-ALL,family,e.23.1.1,e,e.23,e.23.1,e.23.1.1,503
d1nnma_,SCOPe-ALL,family,e.23.1.1,e,e.23,e.23.1,e.23.1.1,643
d1v25a_,SCOPe-ALL,family,e.23.1.1,e,e.23,e.23.1,e.23.1.1,534
d2d1sa_,SCOPe-ALL,family,e.23.1.1,e,e.23,e.23.1,e.23.1.1,539
d1amua_,SCOPe-ALL,family,e.23.1.1,e,e.23,e.23.1,e.23.1.1,514
d3o83a_,SCOPe-ALL,family,e.23.1.0,e,e.23,e.23.1,e.23.1.0,435
d3fcea_,SCOPe-ALL,family,e.23.1.0,e,e.23,e.23.1,e.23.1.0,504
d5x8fa_,SCOPe-ALL,family,e.23.1.0,e,e.23,e.23.1,e.23.1.0,484
d5gxda_,SCOPe-ALL,family,e.23.1.0,e,e.23,e.23.1,e.23.1.0,627
d6m01a_,SCOPe-ALL,family,e.23.1.0,e,e.23,e.23.1,e.23.1.0,506
d3eyna_,SCOPe-ALL,family,e.23.1.0,e,e.23,e.23.1,e.23.1.0,534
d6vhva_,SCOPe-ALL,family,e.23.1.0,e,e.23,e.23.1,e.23.1.0,496
d3r44a1,SCOPe-ALL,family,e.23.1.0,e,e.23,e.23.1,e.23.1.0,502
d4isba_,SCOPe-ALL,family,e.23.1.0,e,e.23,e.23.1,e.23.1.0,523
d3iteb_,SCOPe-ALL,family,e.23.1.0,e,e.23,e.23.1,e.23.1.0,525
d7a9ja_,SCOPe-ALL,family,e.23.1.0,e,e.23,e.23.1,e.23.1.0,516
d4dg8a_,SCOPe-ALL,family,e.23.1.0,e,e.23,e.23.1,e.23.1.0,499
d6o6eb1,SCOPe-ALL,family,e.23.1.0,e,e.23,e.23.1,e.23.1.0,497
d6m2oa_,SCOPe-ALL,family,e.23.1.0,e,e.23,e.23.1,e.23.1.0,518
d3ivra1,SCOPe-ALL,family,e.23.1.0,e,e.23,e.23.1,e.23.1.0,395
d4futa_,SCOPe-ALL,family,e.23.1.0,e,e.23,e.23.1,e.23.1.0,503
d3ipla1,SCOPe-ALL,family,e.23.1.0,e,e.23,e.23.1,e.23.1.0,476
d5wm2a1,SCOPe-ALL,family,e.23.1.0,e,e.23,e.23.1,e.23.1.0,534
d5upta1,SCOPe-ALL,family,e.23.1.0,e,e.23,e.23.1,e.23.1.0,512
d3vnqa_,SCOPe-ALL,family,e.23.1.0,e,e.23,e.23.1,e.23.1.0,511
d5bsra_,SCOPe-ALL,family,e.23.1.0,e,e.23,e.23.1,e.23.1.0,528
d1i2aa_,SCOPe-ALL,family,e.24.1.1,e,e.24,e.24.1,e.24.1.1,212
d1mzpa1,SCOPe-ALL,family,e.24.1.1,e,e.24,e.24.1,e.24.1.1,216
d1ad2a_,SCOPe-ALL,family,e.24.1.1,e,e.24,e.24.1,e.24.1.1,224
d3c98a_,SCOPe-ALL,family,e.25.1.1,e,e.25,e.25.1,e.25.1.1,589
d1mqsa_,SCOPe-ALL,family,e.25.1.1,e,e.25,e.25.1,e.25.1.1,653
d1gnla_,SCOPe-ALL,family,e.26.1.1,e,e.26,e.26.1,e.26.1.1,543
d2yivx_,SCOPe-ALL,family,e.26.1.2,e,e.26,e.26.1,e.26.1.2,635
d3i01m_,SCOPe-ALL,family,e.26.1.3,e,e.26,e.26.1,e.26.1.3,728
d1h5wa_,SCOPe-ALL,family,e.27.1.1,e,e.27,e.27.1,e.27.1.1,269
d2btva_,SCOPe-ALL,family,e.28.1.1,e,e.28,e.28.1,e.28.1.1,845
d1uf2a_,SCOPe-ALL,family,e.28.1.2,e,e.28,e.28.1,e.28.1.2,967
d1twfb_,SCOPe-ALL,family,e.29.1.1,e,e.29,e.29.1,e.29.1.1,1207
d4c2mb_,SCOPe-ALL,family,e.29.1.1,e,e.29,e.29.1,e.29.1.1,1196
d4g7hc_,SCOPe-ALL,family,e.29.1.1,e,e.29,e.29.1,e.29.1.1,1118
d1twfa_,SCOPe-ALL,family,e.29.1.2,e,e.29,e.29.1,e.29.1.2,1449
d4c2ma_,SCOPe-ALL,family,e.29.1.2,e,e.29,e.29.1,e.29.1.2,1664
d4g7hd_,SCOPe-ALL,family,e.29.1.2,e,e.29,e.29.1,e.29.1.2,1500
d1io1a_,SCOPe-ALL,family,e.32.1.1,e,e.32,e.32.1,e.32.1.1,395
d1knza_,SCOPe-ALL,family,e.34.1.1,e,e.34,e.34.1,e.34.1.1,157
d1kyqa2,SCOPe-ALL,family,e.37.1.1,e,e.37,e.37.1,e.37.1.1,123
d6pr1a2,SCOPe-ALL,family,e.37.1.0,e,e.37,e.37.1,e.37.1.0,102
d1gqea_,SCOPe-ALL,family,e.38.1.1,e,e.38,e.38.1,e.38.1.1,362
d1zbta1,SCOPe-ALL,family,e.38.1.0,e,e.38,e.38.1,e.38.1.0,358
d1lfpa_,SCOPe-ALL,family,e.39.1.1,e,e.39,e.39.1,e.39.1.1,243
d1mw7a_,SCOPe-ALL,family,e.39.1.1,e,e.39,e.39.1,e.39.1.1,220
d5ekza_,SCOPe-ALL,family,e.39.1.0,e,e.39,e.39.1,e.39.1.0,221
d1ldja3,SCOPe-ALL,family,e.40.1.1,e,e.40,e.40.1,e.40.1.1,276
d2hyec3,SCOPe-ALL,family,e.40.1.1,e,e.40,e.40.1,e.40.1.1,273
d1k8ta_,SCOPe-ALL,family,e.41.1.1,e,e.41,e.41.1,e.41.1.1,509
d1m1ca_,SCOPe-ALL,family,e.42.1.1,e,e.42,e.42.1,e.42.1.1,651
d3aa0a_,SCOPe-ALL,family,e.43.1.1,e,e.43,e.43.1,e.43.1.1,270
d3aa7b_,SCOPe-ALL,family,e.43.1.2,e,e.43,e.43.1,e.43.1.2,243
d5muxa_,SCOPe-ALL,family,e.44.1.1,e,e.44,e.44.1,e.44.1.1,469
d1nh1a_,SCOPe-ALL,family,e.45.1.1,e,e.45,e.45.1,e.45.1.1,290
d4jbua1,SCOPe-ALL,family,e.46.1.1,e,e.46,e.46.1,e.46.1.1,292
d1q88a_,SCOPe-ALL,family,e.47.1.1,e,e.47,e.47.1,e.47.1.1,192
d1no7a_,SCOPe-ALL,family,e.48.1.1,e,e.48,e.48.1,e.48.1.1,562
d3vdpa_,SCOPe-ALL,family,e.49.1.1,e,e.49,e.49.1,e.49.1.1,197
d2ffja1,SCOPe-ALL,family,e.50.1.1,e,e.50,e.50.1,e.50.1.1,282
d2q40a_,SCOPe-ALL,family,e.50.1.1,e,e.50,e.50.1,e.50.1.1,360
d2g8la1,SCOPe-ALL,family,e.50.1.1,e,e.50,e.50.1,e.50.1.1,284
d1uwka_,SCOPe-ALL,family,e.51.1.1,e,e.51,e.51.1,e.51.1.1,554
d1z0sa_,SCOPe-ALL,family,e.52.1.1,e,e.52,e.52.1,e.52.1.1,249
d1u0ta_,SCOPe-ALL,family,e.52.1.1,e,e.52,e.52.1,e.52.1.1,302
d2qv7a1,SCOPe-ALL,family,e.52.1.2,e,e.52,e.52.1,e.52.1.2,312
d2bona1,SCOPe-ALL,family,e.52.1.2,e,e.52,e.52.1,e.52.1.2,295
d3s40a_,SCOPe-ALL,family,e.52.1.0,e,e.52,e.52.1,e.52.1.0,298
d4wera1,SCOPe-ALL,family,e.52.1.0,e,e.52,e.52.1,e.52.1.0,297
d1vkya_,SCOPe-ALL,family,e.53.1.1,e,e.53,e.53.1,e.53.1.1,332
d1sr8a_,SCOPe-ALL,family,e.54.1.1,e,e.54,e.54.1,e.54.1.1,282
d1srqa_,SCOPe-ALL,family,e.55.1.1,e,e.55,e.55.1,e.55.1.1,336
d1xqba_,SCOPe-ALL,family,e.56.1.1,e,e.56,e.56.1,e.56.1.1,231
d1u7la_,SCOPe-ALL,family,e.57.1.1,e,e.57,e.57.1,e.57.1.1,388
d1urja_,SCOPe-ALL,family,e.58.1.1,e,e.58,e.58.1,e.58.1.1,1122
d2fiya1,SCOPe-ALL,family,e.59.1.1,e,e.59,e.59.1,e.59.1.1,290
d1zjca1,SCOPe-ALL,family,e.60.1.1,e,e.60,e.60.1,e.60.1.1,413
d2ayia1,SCOPe-ALL,family,e.60.1.1,e,e.60,e.60.1,e.60.1.1,406
d1zbpa1,SCOPe-ALL,family,e.61.1.1,e,e.61,e.61.1,e.61.1.1,264
d2hq2a2,SCOPe-ALL,family,e.62.1.1,e,e.62,e.62.1,e.62.1.1,337
d2hqva1,SCOPe-ALL,family,e.62.1.2,e,e.62,e.62.1,e.62.1.2,176
d2azea1,SCOPe-ALL,family,e.63.1.1,e,e.63,e.63.1,e.63.1.1,148
d2azeb1,SCOPe-ALL,family,e.63.1.2,e,e.63,e.63.1,e.63.1.2,101
d5tuvb_,SCOPe-ALL,family,e.63.1.0,e,e.63,e.63.1,e.63.1.0,107
d2avue1,SCOPe-ALL,family,e.64.1.1,e,e.64,e.64.1,e.64.1.1,156
d3vb9a_,SCOPe-ALL,family,e.65.1.1,e,e.65,e.65.1,e.65.1.1,460
d2ijra1,SCOPe-ALL,family,e.66.1.1,e,e.66,e.66.1,e.66.1.1,280
d2p62a1,SCOPe-ALL,family,e.67.1.1,e,e.67,e.67.1,e.67.1.1,241
d2oeza1,SCOPe-ALL,family,e.68.1.1,e,e.68,e.68.1,e.68.1.1,244
d3er9b_,SCOPe-ALL,family,e.69.1.1,e,e.69,e.69.1,e.69.1.1,468
d3rlff1,SCOPe-ALL,family,e.70.1.1,e,e.70,e.70.1,e.70.1.1,251
d2i5ha1,SCOPe-ALL,family,e.71.1.1,e,e.71,e.71.1,e.71.1.1,180
d2i71a1,SCOPe-ALL,family,e.72.1.1,e,e.72,e.72.1,e.72.1.1,377
d2o3ia1,SCOPe-ALL,family,e.73.1.1,e,e.73,e.73.1,e.73.1.1,389
d2i0za2,SCOPe-ALL,family,e.74.1.1,e,e.74,e.74.1,e.74.1.1,169
d2gqfa2,SCOPe-ALL,family,e.74.1.1,e,e.74,e.74.1,e.74.1.1,148
d4dyna_,SCOPe-ALL,family,e.75.1.1,e,e.75,e.75.1,e.75.1.1,480
d3nwaa_,SCOPe-ALL,family,e.76.1.1,e,e.76,e.76.1,e.76.1.1,622
d6tita_,SCOPe-ALL,family,e.76.1.2,e,e.76,e.76.1,e.76.1.2,432
d5mdmc_,SCOPe-ALL,family,e.76.1.0,e,e.76,e.76.1,e.76.1.0,405
d5d9aa3,SCOPe-ALL,family,e.77.1.1,e,e.77,e.77.1,e.77.1.1,471
d4iuja_,SCOPe-ALL,family,e.77.1.1,e,e.77,e.77.1,e.77.1.1,448
d3m4ia_,SCOPe-ALL,family,e.78.1.1,e,e.78,e.78.1,e.78.1.1,207
d2yzsa_,SCOPe-ALL,family,e.79.1.1,e,e.79,e.79.1,e.79.1.1,315
d3goda_,SCOPe-ALL,family,e.79.1.1,e,e.79,e.79.1,e.79.1.1,320
d3nkea_,SCOPe-ALL,family,e.79.1.1,e,e.79,e.79.1,e.79.1.1,187
d4w8ka_,SCOPe-ALL,family,e.79.1.0,e,e.79,e.79.1,e.79.1.0,293
d4ogca4,SCOPe-ALL,family,e.80.1.1,e,e.80,e.80.1,e.80.1.1,280
d5axwa4,SCOPe-ALL,family,e.80.1.1,e,e.80,e.80.1,e.80.1.1,271
d4oo8a4,SCOPe-ALL,family,e.80.1.1,e,e.80,e.80.1,e.80.1.1,264
d4an8a_,SCOPe-ALL,family,e.81.1.1,e,e.81,e.81.1,e.81.1.1,493
d4wsbc6,SCOPe-ALL,family,e.82.1.1,e,e.82,e.82.1,e.82.1.1,247
d5d9ac6,SCOPe-ALL,family,e.82.1.1,e,e.82,e.82.1,e.82.1.1,254
d3jcla3,SCOPe-ALL,family,e.83.1.1,e,e.83,e.83.1,e.83.1.1,184
d5id6a5,SCOPe-ALL,family,e.84.1.1,e,e.84,e.84.1,e.84.1.1,480
d1cola_,SCOPe-ALL,family,f.1.1.1,f,f.1,f.1.1,f.1.1.1,197
d1ciia1,SCOPe-ALL,family,f.1.1.1,f,f.1,f.1.1,f.1.1.1,174
d1f0la3,SCOPe-ALL,family,f.1.2.1,f,f.1,f.1.2,f.1.2.1,180
d1i5pa3,SCOPe-ALL,family,f.1.3.1,f,f.1,f.1.3,f.1.3.1,263
d1w99a1,SCOPe-ALL,family,f.1.3.1,f,f.1,f.1.3,f.1.3.1,193
d2qkga1,SCOPe-ALL,family,f.1.3.0,f,f.1,f.1.3,f.1.3.0,228
d7jgwa1,SCOPe-ALL,family,f.1.4.1,f,f.1,f.1.4,f.1.4.1,140
d1ohua_,SCOPe-ALL,family,f.1.4.1,f,f.1,f.1.4,f.1.4.1,172
d1k3ka_,SCOPe-ALL,family,f.1.4.1,f,f.1,f.1.4,f.1.4.1,146
d3bl2a_,SCOPe-ALL,family,f.1.4.1,f,f.1,f.1.4,f.1.4.1,131
d1q59a1,SCOPe-ALL,family,f.1.4.1,f,f.1,f.1.4,f.1.4.1,160
d6udva_,SCOPe-ALL,family,f.1.4.1,f,f.1,f.1.4,f.1.4.1,155
d1ddba_,SCOPe-ALL,family,f.1.4.1,f,f.1,f.1.4,f.1.4.1,195
d5wdda_,SCOPe-ALL,family,f.1.4.0,f,f.1,f.1.4,f.1.4.0,160
d5vx1a1,SCOPe-ALL,family,f.1.4.0,f,f.1,f.1.4,f.1.4.0,161
d4bd8a_,SCOPe-ALL,family,f.1.4.0,f,f.1,f.1.4,f.1.4.0,160
d2vofa1,SCOPe-ALL,family,f.1.4.0,f,f.1,f.1.4,f.1.4.0,150
d6v4ma_,SCOPe-ALL,family,f.1.4.0,f,f.1,f.1.4,f.1.4.0,163
d6h1na1,SCOPe-ALL,family,f.1.4.0,f,f.1,f.1.4,f.1.4.0,146
d1ikpa3,SCOPe-ALL,family,f.1.5.1,f,f.1,f.1.5,f.1.5.1,143
d1jo5a_,SCOPe-ALL,family,f.3.1.1,f,f.3,f.3.1,f.3.1.1,48
d1nkza_,SCOPe-ALL,family,f.3.1.1,f,f.3,f.3.1,f.3.1.1,53
d1nkzb_,SCOPe-ALL,family,f.3.1.1,f,f.3,f.3.1,f.3.1.1,41
d1lgha_,SCOPe-ALL,family,f.3.1.1,f,f.3,f.3.1,f.3.1.1,56
d1lghb_,SCOPe-ALL,family,f.3.1.1,f,f.3,f.3.1,f.3.1.1,43
d1xrda1,SCOPe-ALL,family,f.3.1.1,f,f.3,f.3.1,f.3.1.1,52
d6zxab_,SCOPe-ALL,family,f.3.1.0,f,f.3,f.3.1,f.3.1.0,44
d5y5s0_,SCOPe-ALL,family,f.3.1.0,f,f.3,f.3.1,f.3.1.0,43
d5y5s1_,SCOPe-ALL,family,f.3.1.0,f,f.3,f.3.1,f.3.1.0,56
d1qjpa_,SCOPe-ALL,family,f.4.1.1,f,f.4,f.4.1,f.4.1.1,171
d1p4ta_,SCOPe-ALL,family,f.4.1.1,f,f.4,f.4.1,f.4.1.1,155
d3gp6a1,SCOPe-ALL,family,f.4.1.2,f,f.4,f.4.1,f.4.1.2,162
d3hola1,SCOPe-ALL,family,f.4.1.3,f,f.4,f.4.1,f.4.1.3,164
d3hola2,SCOPe-ALL,family,f.4.1.3,f,f.4,f.4.1,f.4.1.3,144
d5b5eo_,SCOPe-ALL,family,f.4.1.4,f,f.4,f.4.1,f.4.1.4,243
d4ayna1,SCOPe-ALL,family,f.4.1.0,f,f.4,f.4.1,f.4.1.0,120
d3qraa_,SCOPe-ALL,family,f.4.1.0,f,f.4,f.4.1,f.4.1.0,157
d1qd5a_,SCOPe-ALL,family,f.4.2.1,f,f.4,f.4.2,f.4.2.1,257
d2zfga_,SCOPe-ALL,family,f.4.3.1,f,f.4,f.4.3,f.4.3.1,340
d2pora_,SCOPe-ALL,family,f.4.3.1,f,f.4,f.4.3,f.4.3.1,301
d3prna_,SCOPe-ALL,family,f.4.3.1,f,f.4,f.4.3,f.4.3.1,289
d2fgra_,SCOPe-ALL,family,f.4.3.1,f,f.4,f.4.3,f.4.3.1,332
d1mpra_,SCOPe-ALL,family,f.4.3.2,f,f.4,f.4.3,f.4.3.2,427
d1a0tp_,SCOPe-ALL,family,f.4.3.2,f,f.4,f.4.3,f.4.3.2,413
d1fepa_,SCOPe-ALL,family,f.4.3.3,f,f.4,f.4.3,f.4.3.3,714
d1by5a_,SCOPe-ALL,family,f.4.3.3,f,f.4,f.4.3,f.4.3.3,697
d2gufa_,SCOPe-ALL,family,f.4.3.3,f,f.4,f.4.3,f.4.3.3,594
d1po0a_,SCOPe-ALL,family,f.4.3.3,f,f.4,f.4.3,f.4.3.3,661
d3pgsa1,SCOPe-ALL,family,f.4.3.4,f,f.4,f.4.3,f.4.3.4,421
d6hcpa_,SCOPe-ALL,family,f.4.3.0,f,f.4,f.4.3,f.4.3.0,671
d3efma_,SCOPe-ALL,family,f.4.3.0,f,f.4,f.4.3,f.4.3.0,687
d6e4va_,SCOPe-ALL,family,f.4.3.0,f,f.4,f.4.3,f.4.3.0,672
d5foka1,SCOPe-ALL,family,f.4.3.0,f,f.4,f.4.3,f.4.3.0,692
d1xkwa_,SCOPe-ALL,family,f.4.3.0,f,f.4,f.4.3,f.4.3.0,665
d6i96a_,SCOPe-ALL,family,f.4.3.0,f,f.4,f.4.3,f.4.3.0,677
d6ehba_,SCOPe-ALL,family,f.4.3.0,f,f.4,f.4.3,f.4.3.0,320
d1k24a_,SCOPe-ALL,family,f.4.4.2,f,f.4,f.4.4,f.4.4.2,249
d2x55a1,SCOPe-ALL,family,f.4.4.0,f,f.4,f.4.4,f.4.4.0,289
d1uynx_,SCOPe-ALL,family,f.4.5.1,f,f.4,f.4.5,f.4.5.1,299
d1tlwa1,SCOPe-ALL,family,f.4.6.1,f,f.4,f.4.6,f.4.6.1,264
d3syba_,SCOPe-ALL,family,f.4.7.1,f,f.4,f.4.7,f.4.7.1,452
d3sy7a1,SCOPe-ALL,family,f.4.7.1,f,f.4,f.4.7,f.4.7.1,420
d3szva1,SCOPe-ALL,family,f.4.7.2,f,f.4,f.4.7,f.4.7.2,384
d5dl7a_,SCOPe-ALL,family,f.4.7.0,f,f.4,f.4.7,f.4.7.0,402
d5dl5a1,SCOPe-ALL,family,f.4.7.0,f,f.4,f.4.7,f.4.7.0,415
d5dl8a_,SCOPe-ALL,family,f.4.7.0,f,f.4,f.4.7,f.4.7.0,391
d1ek9a_,SCOPe-ALL,family,f.5.1.1,f,f.5,f.5.1,f.5.1.1,428
d3pika_,SCOPe-ALL,family,f.5.1.0,f,f.5,f.5.1,f.5.1.0,440
d5azpa_,SCOPe-ALL,family,f.5.1.0,f,f.5,f.5.1,f.5.1.0,446
d5azsa_,SCOPe-ALL,family,f.5.1.0,f,f.5,f.5.1,f.5.1.0,443
d1yc9a_,SCOPe-ALL,family,f.5.1.0,f,f.5,f.5.1,f.5.1.0,418
d7ahla_,SCOPe-ALL,family,f.6.1.1,f,f.6,f.6.1,f.6.1.1,293
d6u2sa_,SCOPe-ALL,family,f.6.1.1,f,f.6,f.6.1,f.6.1.1,301
d1uuna_,SCOPe-ALL,family,f.6.1.2,f,f.6,f.6.1,f.6.1.2,184
d4i0na_,SCOPe-ALL,family,f.6.1.0,f,f.6,f.6.1,f.6.1.0,278
d6rhvg_,SCOPe-ALL,family,f.6.1.0,f,f.6,f.6.1,f.6.1.0,287
d6rhvh_,SCOPe-ALL,family,f.6.1.0,f,f.6,f.6.1,f.6.1.0,288
d4iyaa_,SCOPe-ALL,family,f.6.1.0,f,f.6,f.6.1,f.6.1.0,283
d1lsha2,SCOPe-ALL,family,f.7.1.1,f,f.7,f.7.1,f.7.1.1,268
d1lsha3,SCOPe-ALL,family,f.7.1.1,f,f.7,f.7.1,f.7.1.1,452
d1lshb_,SCOPe-ALL,family,f.7.1.1,f,f.7,f.7.1,f.7.1.1,174
d3c0na2,SCOPe-ALL,family,f.8.1.1,f,f.8,f.8.1,f.8.1.1,384
d3zjxa1,SCOPe-ALL,family,f.8.1.2,f,f.8,f.8.1,f.8.1.2,286
d3ziwa1,SCOPe-ALL,family,f.8.1.3,f,f.8,f.8.1,f.8.1.3,162
d1svba2,SCOPe-ALL,family,f.10.1.1,f,f.10,f.10.1,f.10.1.1,302
d3n40f1,SCOPe-ALL,family,f.10.1.1,f,f.10,f.10.1,f.10.1.1,294
d3p54a1,SCOPe-ALL,family,f.10.1.0,f,f.10,f.10.1,f.10.1.0,299
d1g5ga1,SCOPe-ALL,family,f.12.1.1,f,f.12,f.12.1,f.12.1.1,266
d1xioa_,SCOPe-ALL,family,f.13.1.1,f,f.13,f.13.1,f.13.1.1,226
d1h2sa_,SCOPe-ALL,family,f.13.1.1,f,f.13,f.13.1,f.13.1.1,225
d2jafa_,SCOPe-ALL,family,f.13.1.1,f,f.13,f.13.1,f.13.1.1,242
d6s6ca_,SCOPe-ALL,family,f.13.1.1,f,f.13,f.13.1,f.13.1.1,241
d5dysa_,SCOPe-ALL,family,f.13.1.2,f,f.13,f.13.1,f.13.1.2,326
d2rh1a1,SCOPe-ALL,family,f.13.1.3,f,f.13,f.13.1,f.13.1.3,283
d3emla1,SCOPe-ALL,family,f.13.1.4,f,f.13,f.13.1,f.13.1.4,296
d5jsia_,SCOPe-ALL,family,f.13.1.0,f,f.13,f.13.1,f.13.1.0,215
d6tk6a_,SCOPe-ALL,family,f.13.1.0,f,f.13,f.13.1,f.13.1.0,265
d4hyja_,SCOPe-ALL,family,f.13.1.0,f,f.13,f.13.1,f.13.1.0,239
d6eida_,SCOPe-ALL,family,f.13.1.0,f,f.13,f.13.1,f.13.1.0,247
d7l1vr_,SCOPe-ALL,family,f.13.1.0,f,f.13,f.13.1,f.13.1.0,293
d6n4br_,SCOPe-ALL,family,f.13.1.0,f,f.13,f.13.1,f.13.1.0,303
d6xl3a_,SCOPe-ALL,family,f.13.1.0,f,f.13,f.13.1,f.13.1.0,223
d5c1ma_,SCOPe-ALL,family,f.13.1.0,f,f.13,f.13.1,f.13.1.0,296
d7crja_,SCOPe-ALL,family,f.13.1.0,f,f.13,f.13.1,f.13.1.0,264
d6rnka_,SCOPe-ALL,family,f.13.1.0,f,f.13,f.13.1,f.13.1.0,299
d3ddla_,SCOPe-ALL,family,f.13.1.0,f,f.13,f.13.1,f.13.1.0,258
d6lm1a1,SCOPe-ALL,family,f.13.1.0,f,f.13,f.13.1,f.13.1.0,227
d4jq6a_,SCOPe-ALL,family,f.13.1.0,f,f.13,f.13.1,f.13.1.0,223
d1orsc1,SCOPe-ALL,family,f.14.1.1,f,f.14,f.14.1,f.14.1.1,129
d2ih3c_,SCOPe-ALL,family,f.14.1.1,f,f.14,f.14.1,f.14.1.1,98
d1lnqa2,SCOPe-ALL,family,f.14.1.1,f,f.14,f.14.1,f.14.1.1,80
d6o9ua1,SCOPe-ALL,family,f.14.1.1,f,f.14,f.14.1,f.14.1.1,127
d3jbra1,SCOPe-ALL,family,f.14.1.2,f,f.14,f.14.1,f.14.1.2,313
d3jbra2,SCOPe-ALL,family,f.14.1.2,f,f.14,f.14.1,f.14.1.2,245
d3jbra3,SCOPe-ALL,family,f.14.1.2,f,f.14,f.14.1,f.14.1.2,293
d3jbra4,SCOPe-ALL,family,f.14.1.2,f,f.14,f.14.1,f.14.1.2,279
d6mwdb1,SCOPe-ALL,family,f.14.1.2,f,f.14,f.14.1,f.14.1.2,238
d5vkqa2,SCOPe-ALL,family,f.14.1.3,f,f.14,f.14.1,f.14.1.3,520
d6bcoa2,SCOPe-ALL,family,f.14.1.4,f,f.14,f.14.1,f.14.1.4,579
d4dxwa_,SCOPe-ALL,family,f.14.1.0,f,f.14,f.14.1,f.14.1.0,227
d6vwxa_,SCOPe-ALL,family,f.14.1.0,f,f.14,f.14.1,f.14.1.0,225
d3kg2a3,SCOPe-ALL,family,f.14.2.1,f,f.14,f.14.2,f.14.2.1,170
d4j9yb1,SCOPe-ALL,family,f.15.1.1,f,f.15,f.15.1,f.15.1.1,92
d2oara1,SCOPe-ALL,family,f.16.1.1,f,f.16,f.16.1,f.16.1.1,118
d6m0rd1,SCOPe-ALL,family,f.17.1.1,f,f.17,f.17.1,f.17.1.1,83
d6oqri_,SCOPe-ALL,family,f.17.1.1,f,f.17,f.17.1,f.17.1.1,77
d6m0rd2,SCOPe-ALL,family,f.17.1.0,f,f.17,f.17.1,f.17.1.0,75
d3s8gb1,SCOPe-ALL,family,f.17.2.1,f,f.17,f.17.2,f.17.2.1,38
d6wtib1,SCOPe-ALL,family,f.17.2.1,f,f.17,f.17.2,f.17.2.1,94
d7cohb1,SCOPe-ALL,family,f.17.2.1,f,f.17,f.17.2,f.17.2.1,90
d6pw1b1,SCOPe-ALL,family,f.17.2.1,f,f.17,f.17.2,f.17.2.1,100
d4i0ua2,SCOPe-ALL,family,f.17.3.1,f,f.17,f.17.3,f.17.3.1,64
d1h2sb_,SCOPe-ALL,family,f.17.4.1,f,f.17,f.17.4,f.17.4.1,60
d5b5ez_,SCOPe-ALL,family,f.17.5.1,f,f.17,f.17.5,f.17.5.1,62
d1rh5c_,SCOPe-ALL,family,f.17.6.1,f,f.17,f.17.6,f.17.6.1,32
d3dine_,SCOPe-ALL,family,f.17.6.2,f,f.17,f.17.6,f.17.6.2,65
d1c17m_,SCOPe-ALL,family,f.18.1.1,f,f.18,f.18.1,f.18.1.1,171
d2o9ga1,SCOPe-ALL,family,f.19.1.1,f,f.19,f.19.1,f.19.1.1,230
d1ldfa_,SCOPe-ALL,family,f.19.1.1,f,f.19,f.19.1,f.19.1.1,254
d3d9sa1,SCOPe-ALL,family,f.19.1.0,f,f.19,f.19.1,f.19.1.0,244
d6f7ha_,SCOPe-ALL,family,f.19.1.0,f,f.19,f.19.1,f.19.1.0,251
d2f2ba_,SCOPe-ALL,family,f.19.1.0,f,f.19,f.19.1,f.19.1.0,245
d3c02a_,SCOPe-ALL,family,f.19.1.0,f,f.19,f.19.1,f.19.1.0,242
d3cn5a_,SCOPe-ALL,family,f.19.1.0,f,f.19,f.19.1,f.19.1.0,237
d4enea_,SCOPe-ALL,family,f.20.1.1,f,f.20,f.20.1,f.20.1.1,444
d1kqfc_,SCOPe-ALL,family,f.21.1.1,f,f.21,f.21.1,f.21.1.1,216
d4ogqa_,SCOPe-ALL,family,f.21.1.2,f,f.21,f.21.1,f.21.1.2,214
d3cx5c2,SCOPe-ALL,family,f.21.1.2,f,f.21,f.21.1,f.21.1.2,261
d2bs2c_,SCOPe-ALL,family,f.21.2.1,f,f.21,f.21.2,f.21.2.1,255
d1kf6c_,SCOPe-ALL,family,f.21.2.2,f,f.21,f.21.2,f.21.2.2,130
d1kf6d_,SCOPe-ALL,family,f.21.2.2,f,f.21,f.21.2,f.21.2.2,119
d2wu2c_,SCOPe-ALL,family,f.21.2.2,f,f.21,f.21.2,f.21.2.2,122
d2wu2d_,SCOPe-ALL,family,f.21.2.2,f,f.21,f.21.2,f.21.2.2,105
d2h88d_,SCOPe-ALL,family,f.21.2.2,f,f.21,f.21.2,f.21.2.2,101
d2fbwc_,SCOPe-ALL,family,f.21.2.2,f,f.21,f.21.2,f.21.2.2,139
d1q16c_,SCOPe-ALL,family,f.21.3.1,f,f.21,f.21.3,f.21.3.1,225
d2qi9a_,SCOPe-ALL,family,f.22.1.1,f,f.22,f.22.1,f.22.1.1,324
d7cohd_,SCOPe-ALL,family,f.23.1.1,f,f.23,f.23.1,f.23.1.1,143
d7cohg_,SCOPe-ALL,family,f.23.2.1,f,f.23,f.23.2,f.23.2.1,72
d7cohi_,SCOPe-ALL,family,f.23.3.1,f,f.23,f.23.3,f.23.3.1,70
d7cohj_,SCOPe-ALL,family,f.23.4.1,f,f.23,f.23.4,f.23.4.1,56
d7cohk_,SCOPe-ALL,family,f.23.5.1,f,f.23,f.23.5,f.23.5.1,49
d7cohl_,SCOPe-ALL,family,f.23.6.1,f,f.23,f.23.6,f.23.6.1,44
d7cohm_,SCOPe-ALL,family,f.23.7.1,f,f.23,f.23.7,f.23.7.1,40
d1m56d_,SCOPe-ALL,family,f.23.8.1,f,f.23,f.23.8,f.23.8.1,42
d3s8gc_,SCOPe-ALL,family,f.23.9.1,f,f.23,f.23.9,f.23.9.1,31
d1rzhh2,SCOPe-ALL,family,f.23.10.1,f,f.23,f.23.10,f.23.10.1,25
d3t6eh1,SCOPe-ALL,family,f.23.10.1,f,f.23,f.23.10,f.23.10.1,36
d5y5sh1,SCOPe-ALL,family,f.23.10.0,f,f.23,f.23.10,f.23.10.0,39
d3cx5d2,SCOPe-ALL,family,f.23.11.1,f,f.23,f.23.11,f.23.11.1,49
d3cx5e2,SCOPe-ALL,family,f.23.12.1,f,f.23,f.23.12,f.23.12.1,56
d1pp9e2,SCOPe-ALL,family,f.23.12.1,f,f.23,f.23.12,f.23.12.1,69
d1q90r_,SCOPe-ALL,family,f.23.12.1,f,f.23,f.23.12,f.23.12.1,39
d4pv1d1,SCOPe-ALL,family,f.23.12.0,f,f.23,f.23.12,f.23.12.0,37
d3cx5h_,SCOPe-ALL,family,f.23.13.1,f,f.23,f.23.13,f.23.13.1,93
d1pp9g_,SCOPe-ALL,family,f.23.13.1,f,f.23,f.23.13,f.23.13.1,75
d1pp9j_,SCOPe-ALL,family,f.23.14.1,f,f.23,f.23.14,f.23.14.1,62
d3cx5i_,SCOPe-ALL,family,f.23.14.1,f,f.23,f.23.14,f.23.14.1,57
d2fyuk_,SCOPe-ALL,family,f.23.15.1,f,f.23,f.23.15,f.23.15.1,53
d6ly5f1,SCOPe-ALL,family,f.23.16.0,f,f.23,f.23.16,f.23.16.0,157
d6trai_,SCOPe-ALL,family,f.23.17.1,f,f.23,f.23.17,f.23.17.1,38
d6ly5j_,SCOPe-ALL,family,f.23.18.0,f,f.23,f.23.18,f.23.18.0,41
d6k61m_,SCOPe-ALL,family,f.23.19.1,f,f.23,f.23.19,f.23.19.1,31
d6trax_,SCOPe-ALL,family,f.23.20.1,f,f.23,f.23.20,f.23.20.1,27
d1l2pa_,SCOPe-ALL,family,f.23.21.1,f,f.23,f.23.21,f.23.21.1,61
d1kqfb2,SCOPe-ALL,family,f.23.22.1,f,f.23,f.23.22,f.23.22.1,45
d1q90a3,SCOPe-ALL,family,f.23.23.1,f,f.23,f.23.23,f.23.23.1,39
d1q90l_,SCOPe-ALL,family,f.23.24.1,f,f.23,f.23.24,f.23.24.1,32
d4pv1e_,SCOPe-ALL,family,f.23.24.1,f,f.23,f.23.24,f.23.24.1,28
d1q90m_,SCOPe-ALL,family,f.23.25.1,f,f.23,f.23.25,f.23.25.1,34
d4ogqf_,SCOPe-ALL,family,f.23.25.1,f,f.23,f.23.25,f.23.25.1,32
d4pv1g_,SCOPe-ALL,family,f.23.26.1,f,f.23,f.23.26,f.23.26.1,37
d4ogqh_,SCOPe-ALL,family,f.23.27.1,f,f.23,f.23.27,f.23.27.1,29
d1rh5b_,SCOPe-ALL,family,f.23.28.1,f,f.23,f.23.28,f.23.28.1,56
d3dind_,SCOPe-ALL,family,f.23.28.1,f,f.23,f.23.28,f.23.28.1,56
d6xcua1,SCOPe-ALL,family,f.23.30.1,f,f.23,f.23.30,f.23.30.1,36
d5b5el_,SCOPe-ALL,family,f.23.31.1,f,f.23,f.23.31,f.23.31.1,37
d5b5ej_,SCOPe-ALL,family,f.23.32.1,f,f.23,f.23.32,f.23.32.1,40
d5b5eh_,SCOPe-ALL,family,f.23.33.1,f,f.23,f.23.33,f.23.33.1,63
d5b5et_,SCOPe-ALL,family,f.23.34.1,f,f.23,f.23.34,f.23.34.1,30
d5b5em_,SCOPe-ALL,family,f.23.35.1,f,f.23,f.23.35,f.23.35.1,34
d5b5ek_,SCOPe-ALL,family,f.23.36.1,f,f.23,f.23.36,f.23.36.1,37
d5b5ei_,SCOPe-ALL,family,f.23.37.1,f,f.23,f.23.37,f.23.37.1,35
d5b5ee_,SCOPe-ALL,family,f.23.38.1,f,f.23,f.23.38,f.23.38.1,79
d5b5ef_,SCOPe-ALL,family,f.23.38.1,f,f.23,f.23.38,f.23.38.1,35
d5b5ex_,SCOPe-ALL,family,f.23.40.1,f,f.23,f.23.40,f.23.40.1,38
d3a0hy_,SCOPe-ALL,family,f.23.41.1,f,f.23,f.23.41,f.23.41.1,28
d2zxeb1,SCOPe-ALL,family,f.23.42.1,f,f.23,f.23.42,f.23.42.1,41
d2zxeg_,SCOPe-ALL,family,f.23.43.1,f,f.23,f.23.43,f.23.43.1,39
d2jo1a_,SCOPe-ALL,family,f.23.43.1,f,f.23,f.23.43,f.23.43.1,72
d2jp3a_,SCOPe-ALL,family,f.23.43.1,f,f.23,f.23.43,f.23.43.1,67
d3wgue_,SCOPe-ALL,family,f.23.43.1,f,f.23,f.23.43,f.23.43.1,35
d3s8ga_,SCOPe-ALL,family,f.24.1.1,f,f.24,f.24.1,f.24.1.1,554
d7coha_,SCOPe-ALL,family,f.24.1.1,f,f.24,f.24.1,f.24.1.1,513
d1fftc2,SCOPe-ALL,family,f.25.1.1,f,f.25,f.25.1,f.25.1.1,179
d7cohc_,SCOPe-ALL,family,f.25.1.1,f,f.25,f.25.1,f.25.1.1,258
d3t6el_,SCOPe-ALL,family,f.26.1.1,f,f.26,f.26.1,f.26.1.1,273
d3t6em_,SCOPe-ALL,family,f.26.1.1,f,f.26,f.26.1,f.26.1.1,323
d5b5ea_,SCOPe-ALL,family,f.26.1.1,f,f.26,f.26.1,f.26.1.1,334
d5b5ed_,SCOPe-ALL,family,f.26.1.1,f,f.26,f.26.1,f.26.1.1,342
d1pp9f_,SCOPe-ALL,family,f.27.1.1,f,f.27,f.27.1,f.27.1.1,99
d3cx5g_,SCOPe-ALL,family,f.27.1.1,f,f.27,f.27.1,f.27.1.1,126
d1pp9h_,SCOPe-ALL,family,f.28.1.1,f,f.28,f.28.1,f.28.1.1,66
d3cx5f_,SCOPe-ALL,family,f.28.1.1,f,f.28,f.28.1,f.28.1.1,74
d6ly5a_,SCOPe-ALL,family,f.29.1.1,f,f.29,f.29.1,f.29.1.1,742
d1jb0k_,SCOPe-ALL,family,f.30.1.1,f,f.30,f.30.1,f.30.1.1,58
d7lx0l_,SCOPe-ALL,family,f.31.1.0,f,f.31,f.31.1,f.31.1.0,163
d7dkzl_,SCOPe-ALL,family,f.31.1.0,f,f.31,f.31.1,f.31.1.0,151
d4ogqb_,SCOPe-ALL,family,f.32.1.1,f,f.32,f.32.1,f.32.1.1,159
d3cx5c1,SCOPe-ALL,family,f.32.1.0,f,f.32,f.32.1,f.32.1.0,124
d3ar4a1,SCOPe-ALL,family,f.33.1.1,f,f.33,f.33.1,f.33.1.1,474
d2zxea4,SCOPe-ALL,family,f.33.1.1,f,f.33,f.33.1,f.33.1.1,489
d2vv5a3,SCOPe-ALL,family,f.34.1.1,f,f.34,f.34.1,f.34.1.1,86
d1iwga7,SCOPe-ALL,family,f.35.1.1,f,f.35,f.35.1,f.35.1.1,200
d1iwga8,SCOPe-ALL,family,f.35.1.1,f,f.35,f.35.1,f.35.1.1,223
d1oeda_,SCOPe-ALL,family,f.36.1.1,f,f.36,f.36.1,f.36.1.1,227
d1oedc_,SCOPe-ALL,family,f.36.1.1,f,f.36,f.36.1,f.36.1.1,260
d3g60a1,SCOPe-ALL,family,f.37.1.1,f,f.37,f.37.1,f.37.1.1,339
d3g60a2,SCOPe-ALL,family,f.37.1.1,f,f.37,f.37.1,f.37.1.1,330
d4a82a1,SCOPe-ALL,family,f.37.1.1,f,f.37,f.37.1,f.37.1.1,323
d6bpla1,SCOPe-ALL,family,f.37.1.1,f,f.37,f.37.1,f.37.1.1,325
d4q4hb1,SCOPe-ALL,family,f.37.1.0,f,f.37,f.37.1,f.37.1.0,330
d6raha1,SCOPe-ALL,family,f.37.1.0,f,f.37,f.37.1,f.37.1.0,326
d1pw4a1,SCOPe-ALL,family,f.38.1.1,f,f.38,f.38.1,f.38.1.1,444
d6vbga_,SCOPe-ALL,family,f.38.1.2,f,f.38,f.38.1,f.38.1.2,409
d4ikva_,SCOPe-ALL,family,f.38.1.3,f,f.38,f.38.1,f.38.1.3,492
d2xuta_,SCOPe-ALL,family,f.38.1.3,f,f.38,f.38.1,f.38.1.3,488
d4oh3a_,SCOPe-ALL,family,f.38.1.3,f,f.38,f.38.1,f.38.1.3,568
d3o7qa_,SCOPe-ALL,family,f.38.1.4,f,f.38,f.38.1,f.38.1.4,414
d6gs4a_,SCOPe-ALL,family,f.38.1.0,f,f.38,f.38.1,f.38.1.0,472
d4tpha_,SCOPe-ALL,family,f.38.1.0,f,f.38,f.38.1,f.38.1.0,485
d1v9ma_,SCOPe-ALL,family,f.40.1.1,f,f.40,f.40.1,f.40.1.1,319
d6m0rb_,SCOPe-ALL,family,f.40.1.1,f,f.40,f.40.1,f.40.1.1,345
d1rh5a_,SCOPe-ALL,family,f.41.1.1,f,f.41,f.41.1,f.41.1.1,422
d6z3ta_,SCOPe-ALL,family,f.41.1.0,f,f.41,f.41.1,f.41.1.0,438
d5awwy_,SCOPe-ALL,family,f.41.1.0,f,f.41,f.41.1,f.41.1.0,424
d1okca_,SCOPe-ALL,family,f.42.1.1,f,f.42,f.42.1,f.42.1.1,292
d2lcka_,SCOPe-ALL,family,f.42.1.0,f,f.42,f.42.1,f.42.1.0,297
d7dz7u_,SCOPe-ALL,family,f.43.1.1,f,f.43,f.43.1,f.43.1.1,219
d7dz79_,SCOPe-ALL,family,f.43.1.0,f,f.43,f.43.1,f.43.1.0,183
d7dkz1_,SCOPe-ALL,family,f.43.1.0,f,f.43,f.43.1,f.43.1.0,195
d6yac3_,SCOPe-ALL,family,f.43.1.0,f,f.43,f.43.1,f.43.1.0,221
d1u7ga_,SCOPe-ALL,family,f.44.1.1,f,f.44,f.44.1,f.44.1.1,383
d2b2ha_,SCOPe-ALL,family,f.44.1.0,f,f.44,f.44.1,f.44.1.0,391
d2clyc_,SCOPe-ALL,family,f.45.1.1,f,f.45,f.45.1,f.45.1.1,66
d1vf7a_,SCOPe-ALL,family,f.46.1.1,f,f.46,f.46.1,f.46.1.1,237
d3lnnb_,SCOPe-ALL,family,f.46.1.0,f,f.46,f.46.1,f.46.1.0,245
d1slqa_,SCOPe-ALL,family,f.47.1.1,f,f.47,f.47.1,f.47.1.1,270
d1sg2a_,SCOPe-ALL,family,f.48.1.1,f,f.48,f.48.1,f.48.1.1,141
d7ahka1,SCOPe-ALL,family,f.49.1.1,f,f.49,f.49.1,f.49.1.1,406
d1r5sa1,SCOPe-ALL,family,f.50.1.1,f,f.50,f.50.1,f.50.1.1,128
d2xova_,SCOPe-ALL,family,f.51.1.1,f,f.51,f.51.1,f.51.1.1,181
d2nr9a1,SCOPe-ALL,family,f.51.1.1,f,f.51,f.51.1,f.51.1.1,189
d2clya1,SCOPe-ALL,family,f.52.1.1,f,f.52,f.52.1,f.52.1.1,105
d2clyb1,SCOPe-ALL,family,f.53.1.1,f,f.53,f.53.1,f.53.1.1,120
d2a65a1,SCOPe-ALL,family,f.54.1.1,f,f.54,f.54.1,f.54.1.1,509
d3giaa_,SCOPe-ALL,family,f.54.1.2,f,f.54,f.54.1,f.54.1.2,433
d5j4ia_,SCOPe-ALL,family,f.54.1.2,f,f.54,f.54.1,f.54.1.2,437
d3ooia1,SCOPe-ALL,family,f.54.1.2,f,f.54,f.54.1,f.54.1.2,231
d5lt7a1,SCOPe-ALL,family,f.54.1.2,f,f.54,f.54.1,f.54.1.2,265
d5b5eb_,SCOPe-ALL,family,f.55.1.1,f,f.55,f.55.1,f.55.1.1,503
d5b5ec_,SCOPe-ALL,family,f.55.1.1,f,f.55,f.55.1,f.55.1.1,455
d2q7ra1,SCOPe-ALL,family,f.56.1.1,f,f.56,f.56.1,f.56.1.1,139
d2uuia1,SCOPe-ALL,family,f.56.1.1,f,f.56,f.56.1,f.56.1.1,146
d2h8aa1,SCOPe-ALL,family,f.56.1.1,f,f.56,f.56.1,f.56.1.1,139
d4al0a_,SCOPe-ALL,family,f.56.1.0,f,f.56,f.56.1,f.56.1.0,146
d2zy9a3,SCOPe-ALL,family,f.57.1.1,f,f.57,f.57.1,f.57.1.1,174
d3rlff2,SCOPe-ALL,family,f.58.1.1,f,f.58,f.58.1,f.58.1.1,243
d2onkc1,SCOPe-ALL,family,f.58.1.1,f,f.58,f.58.1,f.58.1.1,252
d3rlfg_,SCOPe-ALL,family,f.58.1.1,f,f.58,f.58.1,f.58.1.1,286
d3tuia_,SCOPe-ALL,family,f.58.1.1,f,f.58,f.58.1,f.58.1.1,216
d3h90a1,SCOPe-ALL,family,f.59.1.1,f,f.59,f.59.1,f.59.1.1,201
d3tewa1,SCOPe-ALL,family,f.60.1.1,f,f.60,f.60.1,f.60.1.1,490
d5c6na_,SCOPe-ALL,family,f.61.1.1,f,f.61,f.61.1,f.61.1.1,446
d3mkua_,SCOPe-ALL,family,f.61.1.1,f,f.61,f.61.1,f.61.1.1,460
d3ze3a_,SCOPe-ALL,family,f.62.1.1,f,f.62,f.62.1,f.62.1.1,116
d4p79a1,SCOPe-ALL,family,f.63.1.1,f,f.63,f.63.1,f.63.1.1,185
d3x29a_,SCOPe-ALL,family,f.63.1.1,f,f.63,f.63.1,f.63.1.1,182
d3jbre_,SCOPe-ALL,family,f.63.1.1,f,f.63,f.63.1,f.63.1.1,206
d6hs4a1,SCOPe-ALL,family,f.64.1.1,f,f.64,f.64.1,f.64.1.1,288
d5i1mv_,SCOPe-ALL,family,f.65.1.1,f,f.65,f.65.1,f.65.1.1,458
d4wwxb3,SCOPe-ALL,family,f.66.1.1,f,f.66,f.66.1,f.66.1.1,167
d4wwxx_,SCOPe-ALL,family,f.66.1.2,f,f.66,f.66.1,f.66.1.2,349
d4wd8a_,SCOPe-ALL,family,f.67.1.1,f,f.67,f.67.1,f.67.1.1,268
d6vx8a_,SCOPe-ALL,family,f.67.1.1,f,f.67,f.67.1,f.67.1.1,324
d4wisa1,SCOPe-ALL,family,f.68.1.1,f,f.68,f.68.1,f.68.1.1,478
d5z1fa1,SCOPe-ALL,family,f.68.1.2,f,f.68,f.68.1,f.68.1.2,499
d3bq9a3,SCOPe-ALL,family,f.68.2.0,f,f.68,f.68.2,f.68.2.0,101
d6nala1,SCOPe-ALL,family,f.69.1.1,f,f.69,f.69.1,f.69.1.1,364
d1pfoa1,SCOPe-ALL,family,f.69.1.1,f,f.69,f.69.1,f.69.1.1,361
d6jmpa_,SCOPe-ALL,family,f.69.1.1,f,f.69,f.69.1,f.69.1.1,469
d3hvna3,SCOPe-ALL,family,f.69.1.1,f,f.69,f.69.1,f.69.1.1,356
d2qp2a1,SCOPe-ALL,family,f.69.1.2,f,f.69,f.69.1,f.69.1.2,350
d4zh7a1,SCOPe-ALL,family,f.70.1.1,f,f.70,f.70.1,f.70.1.1,421
d4o5ja_,SCOPe-ALL,family,f.70.1.1,f,f.70,f.70.1,f.70.1.1,374
d6uxeb_,SCOPe-ALL,family,f.71.1.1,f,f.71,f.71.1,f.71.1.1,85
d6zk9g_,SCOPe-ALL,family,f.71.1.1,f,f.71,f.71.1,f.71.1.1,114
d6yj4w_,SCOPe-ALL,family,f.71.1.0,f,f.71,f.71.1,f.71.1.0,123
d3rkol_,SCOPe-ALL,family,f.72.1.1,f,f.72,f.72.1,f.72.1.1,612
d4he8m_,SCOPe-ALL,family,f.72.1.1,f,f.72,f.72.1,f.72.1.1,467
d4he8n_,SCOPe-ALL,family,f.72.1.1,f,f.72,f.72.1,f.72.1.1,427
d3rkoc_,SCOPe-ALL,family,f.72.1.1,f,f.72,f.72.1,f.72.1.1,504
d3rkod_,SCOPe-ALL,family,f.72.1.1,f,f.72,f.72.1,f.72.1.1,485
d5lc5h_,SCOPe-ALL,family,f.72.1.2,f,f.72,f.72.1,f.72.1.2,313
d4he8c_,SCOPe-ALL,family,f.72.1.2,f,f.72,f.72.1,f.72.1.2,353
d6khid_,SCOPe-ALL,family,f.72.1.0,f,f.72,f.72.1,f.72.1.0,504
d4he8k_,SCOPe-ALL,family,f.73.1.1,f,f.73,f.73.1,f.73.1.1,95
d3rkog_,SCOPe-ALL,family,f.73.1.1,f,f.73,f.73.1,f.73.1.1,100
d3rkoj_,SCOPe-ALL,family,f.73.2.1,f,f.73,f.73.2,f.73.2.1,168
d4he8j_,SCOPe-ALL,family,f.73.2.1,f,f.73,f.73.2,f.73.2.1,160
d3rkoa_,SCOPe-ALL,family,f.73.3.1,f,f.73,f.73.3,f.73.3.1,112
d4he8a_,SCOPe-ALL,family,f.73.3.1,f,f.73,f.73.3,f.73.3.1,116
d6rvax1,SCOPe-ALL,family,g.1.1.1,g,g.1,g.1.1,g.1.1.1,70
d1ehsa_,SCOPe-ALL,family,g.2.1.1,g,g.2,g.2.1,g.2.1.1,48
d1viba_,SCOPe-ALL,family,g.2.2.1,g,g.2,g.2.2,g.2.2.1,55
d1ss3a_,SCOPe-ALL,family,g.2.3.1,g,g.2,g.2.3,g.2.3.1,50
d2cmyb1,SCOPe-ALL,family,g.2.4.1,g,g.2,g.2.4,g.2.4.1,23
d1p9ga_,SCOPe-ALL,family,g.3.1.1,g,g.3,g.3.1,g.3.1.1,41
d1en2a1,SCOPe-ALL,family,g.3.1.1,g,g.3,g.3.1,g.3.1.1,45
d1uhaa1,SCOPe-ALL,family,g.3.1.1,g,g.3,g.3.1,g.3.1.1,42
d1clvi_,SCOPe-ALL,family,g.3.2.1,g,g.3,g.3.2,g.3.2.1,32
d4cpai_,SCOPe-ALL,family,g.3.2.1,g,g.3,g.3.2,g.3.2.1,37
d1lu0a_,SCOPe-ALL,family,g.3.2.1,g,g.3,g.3.2,g.3.2.1,29
d1kala_,SCOPe-ALL,family,g.3.3.1,g,g.3,g.3.3,g.3.3.1,29
d3e4ha_,SCOPe-ALL,family,g.3.3.1,g,g.3,g.3.3,g.3.3.1,29
d2kcga_,SCOPe-ALL,family,g.3.3.3,g,g.3,g.3.3,g.3.3.3,30
d1r1fa_,SCOPe-ALL,family,g.3.3.4,g,g.3,g.3.3,g.3.3.4,37
d5olla_,SCOPe-ALL,family,g.3.4.1,g,g.3,g.3.4,g.3.4.1,35
d1q3ja_,SCOPe-ALL,family,g.3.4.2,g,g.3,g.3.4,g.3.4.2,36
d1dkca_,SCOPe-ALL,family,g.3.4.2,g,g.3,g.3.4,g.3.4.2,38
d1hyka_,SCOPe-ALL,family,g.3.5.1,g,g.3,g.3.5,g.3.5.1,46
d1g1pa_,SCOPe-ALL,family,g.3.6.1,g,g.3,g.3.6,g.3.6.1,32
d1ixta_,SCOPe-ALL,family,g.3.6.1,g,g.3,g.3.6,g.3.6.1,27
d1av3a_,SCOPe-ALL,family,g.3.6.1,g,g.3,g.3.6,g.3.6.1,27
d1fu3a_,SCOPe-ALL,family,g.3.6.1,g,g.3,g.3.6,g.3.6.1,27
d1f3ka_,SCOPe-ALL,family,g.3.6.1,g,g.3,g.3.6,g.3.6.1,26
d1rmka_,SCOPe-ALL,family,g.3.6.1,g,g.3,g.3.6,g.3.6.1,31
d1omca_,SCOPe-ALL,family,g.3.6.1,g,g.3,g.3.6,g.3.6.1,27
d1cnna_,SCOPe-ALL,family,g.3.6.1,g,g.3,g.3.6,g.3.6.1,26
d1ag7a_,SCOPe-ALL,family,g.3.6.1,g,g.3,g.3.6,g.3.6.1,34
d1kqha_,SCOPe-ALL,family,g.3.6.2,g,g.3,g.3.6,g.3.6.2,38
d1g9pa_,SCOPe-ALL,family,g.3.6.2,g,g.3,g.3.6,g.3.6.2,45
d1axha_,SCOPe-ALL,family,g.3.6.2,g,g.3,g.3.6,g.3.6.2,37
d1vtxa_,SCOPe-ALL,family,g.3.6.2,g,g.3,g.3.6,g.3.6.2,42
d1i25a_,SCOPe-ALL,family,g.3.6.2,g,g.3,g.3.6,g.3.6.2,37
d1y29a_,SCOPe-ALL,family,g.3.6.2,g,g.3,g.3.6,g.3.6.2,28
d1dl0a_,SCOPe-ALL,family,g.3.6.2,g,g.3,g.3.6,g.3.6.2,37
d1c6wa_,SCOPe-ALL,family,g.3.6.2,g,g.3,g.3.6,g.3.6.2,33
d1eita_,SCOPe-ALL,family,g.3.6.2,g,g.3,g.3.6,g.3.6.2,36
d1agga_,SCOPe-ALL,family,g.3.6.2,g,g.3,g.3.6,g.3.6.2,48
d1v7fa_,SCOPe-ALL,family,g.3.6.2,g,g.3,g.3.6,g.3.6.2,29
d1cixa_,SCOPe-ALL,family,g.3.6.2,g,g.3,g.3.6,g.3.6.2,44
d6gfta_,SCOPe-ALL,family,g.3.6.2,g,g.3,g.3.6,g.3.6.2,33
d1lqra_,SCOPe-ALL,family,g.3.6.2,g,g.3,g.3.6,g.3.6.2,35
d6av8a_,SCOPe-ALL,family,g.3.6.2,g,g.3,g.3.6,g.3.6.2,29
d6v6ta1,SCOPe-ALL,family,g.3.6.2,g,g.3,g.3.6,g.3.6.2,34
d2knia1,SCOPe-ALL,family,g.3.6.2,g,g.3,g.3.6,g.3.6.2,40
d1lmra_,SCOPe-ALL,family,g.3.6.3,g,g.3,g.3.6,g.3.6.3,35
d1p8ba_,SCOPe-ALL,family,g.3.6.4,g,g.3,g.3.6,g.3.6.4,37
d1xi7a_,SCOPe-ALL,family,g.3.6.5,g,g.3,g.3.6,g.3.6.5,47
d1pe4a_,SCOPe-ALL,family,g.3.7.1,g,g.3,g.3.7,g.3.7.1,67
d2yc1c_,SCOPe-ALL,family,g.3.7.1,g,g.3,g.3.7,g.3.7.1,65
d1ahoa_,SCOPe-ALL,family,g.3.7.1,g,g.3,g.3.7,g.3.7.1,64
d2i61a_,SCOPe-ALL,family,g.3.7.1,g,g.3,g.3.7,g.3.7.1,62
d1wwna_,SCOPe-ALL,family,g.3.7.1,g,g.3,g.3.7,g.3.7.1,69
d1jlza_,SCOPe-ALL,family,g.3.7.2,g,g.3,g.3.7,g.3.7.2,23
d1rjia_,SCOPe-ALL,family,g.3.7.2,g,g.3,g.3.7,g.3.7.2,31
d1cmra_,SCOPe-ALL,family,g.3.7.2,g,g.3,g.3.7,g.3.7.2,31
d1px9a_,SCOPe-ALL,family,g.3.7.2,g,g.3,g.3.7,g.3.7.2,42
d1pvza_,SCOPe-ALL,family,g.3.7.2,g,g.3,g.3.7,g.3.7.2,31
d1r1ga_,SCOPe-ALL,family,g.3.7.2,g,g.3,g.3.7,g.3.7.2,31
d1acwa_,SCOPe-ALL,family,g.3.7.2,g,g.3,g.3.7,g.3.7.2,29
d6avaa1,SCOPe-ALL,family,g.3.7.2,g,g.3,g.3.7,g.3.7.2,36
d6d8ha_,SCOPe-ALL,family,g.3.7.2,g,g.3,g.3.7,g.3.7.2,32
d2ktca1,SCOPe-ALL,family,g.3.7.2,g,g.3,g.3.7,g.3.7.2,32
d6avda1,SCOPe-ALL,family,g.3.7.2,g,g.3,g.3.7,g.3.7.2,38
d6ay7a1,SCOPe-ALL,family,g.3.7.2,g,g.3,g.3.7,g.3.7.2,37
d6atla1,SCOPe-ALL,family,g.3.7.2,g,g.3,g.3.7,g.3.7.2,35
d1fjna_,SCOPe-ALL,family,g.3.7.3,g,g.3,g.3.7,g.3.7.3,39
d1mm0a_,SCOPe-ALL,family,g.3.7.4,g,g.3,g.3.7,g.3.7.4,36
d1ozza_,SCOPe-ALL,family,g.3.7.4,g,g.3,g.3.7,g.3.7.4,44
d1myna_,SCOPe-ALL,family,g.3.7.4,g,g.3,g.3.7,g.3.7.4,44
d2llda_,SCOPe-ALL,family,g.3.7.4,g,g.3,g.3.7,g.3.7.4,40
d4he7a_,SCOPe-ALL,family,g.3.7.5,g,g.3,g.3.7,g.3.7.5,54
d4aaza_,SCOPe-ALL,family,g.3.7.5,g,g.3,g.3.7,g.3.7.5,47
d1ugla_,SCOPe-ALL,family,g.3.7.5,g,g.3,g.3.7,g.3.7.5,50
d1jxca_,SCOPe-ALL,family,g.3.7.5,g,g.3,g.3.7,g.3.7.5,68
d3psma_,SCOPe-ALL,family,g.3.7.5,g,g.3,g.3.7,g.3.7.5,47
d2n2ra_,SCOPe-ALL,family,g.3.7.5,g,g.3,g.3.7,g.3.7.5,51
d6avca1,SCOPe-ALL,family,g.3.7.0,g,g.3,g.3.7,g.3.7.0,36
d6lcqa1,SCOPe-ALL,family,g.3.7.0,g,g.3,g.3.7,g.3.7.0,49
d1cbha_,SCOPe-ALL,family,g.3.8.1,g,g.3,g.3.8,g.3.8.1,36
d3p0ya2,SCOPe-ALL,family,g.3.9.1,g,g.3,g.3.9,g.3.9.1,23
d1wqjb1,SCOPe-ALL,family,g.3.9.1,g,g.3,g.3.9,g.3.9.1,80
d1n8yc4,SCOPe-ALL,family,g.3.9.1,g,g.3,g.3.9,g.3.9.1,120
d4bspa_,SCOPe-ALL,family,g.3.9.1,g,g.3,g.3.9,g.3.9.1,88
d5my6a2,SCOPe-ALL,family,g.3.9.0,g,g.3,g.3.9,g.3.9.0,157
d3h3ba2,SCOPe-ALL,family,g.3.9.0,g,g.3,g.3.9,g.3.9.0,27
d2hr7a2,SCOPe-ALL,family,g.3.9.0,g,g.3,g.3.9,g.3.9.0,155
d1lpba1,SCOPe-ALL,family,g.3.10.1,g,g.3,g.3.10,g.3.10.1,39
d1lpba2,SCOPe-ALL,family,g.3.10.1,g,g.3,g.3.10,g.3.10.1,46
d2kraa1,SCOPe-ALL,family,g.3.10.0,g,g.3,g.3.10,g.3.10.0,36
d2kraa2,SCOPe-ALL,family,g.3.10.0,g,g.3,g.3.10,g.3.10.0,41
d6r2wl2,SCOPe-ALL,family,g.3.11.1,g,g.3,g.3.11,g.3.11.1,38
d6r2wl3,SCOPe-ALL,family,g.3.11.1,g,g.3,g.3.11,g.3.11.1,57
d1nzia2,SCOPe-ALL,family,g.3.11.1,g,g.3,g.3.11,g.3.11.1,42
d1apqa_,SCOPe-ALL,family,g.3.11.1,g,g.3,g.3.11,g.3.11.1,53
d1g1ta2,SCOPe-ALL,family,g.3.11.1,g,g.3,g.3.11,g.3.11.1,39
d2kv4a_,SCOPe-ALL,family,g.3.11.1,g,g.3,g.3.11,g.3.11.1,53
d1uzka1,SCOPe-ALL,family,g.3.11.1,g,g.3,g.3.11,g.3.11.1,43
d1lmja1,SCOPe-ALL,family,g.3.11.1,g,g.3,g.3.11,g.3.11.1,44
d1xdtr_,SCOPe-ALL,family,g.3.11.1,g,g.3,g.3.11,g.3.11.1,41
d1haea_,SCOPe-ALL,family,g.3.11.1,g,g.3,g.3.11,g.3.11.1,63
d1ijqa2,SCOPe-ALL,family,g.3.11.1,g,g.3,g.3.11,g.3.11.1,50
d1szba2,SCOPe-ALL,family,g.3.11.1,g,g.3,g.3.11,g.3.11.1,45
d1q4ga2,SCOPe-ALL,family,g.3.11.1,g,g.3,g.3.11,g.3.11.1,42
d1dx5i1,SCOPe-ALL,family,g.3.11.1,g,g.3,g.3.11,g.3.11.1,43
d1dx5i2,SCOPe-ALL,family,g.3.11.1,g,g.3,g.3.11,g.3.11.1,35
d1dx5i3,SCOPe-ALL,family,g.3.11.1,g,g.3,g.3.11,g.3.11.1,40
d1moxc_,SCOPe-ALL,family,g.3.11.1,g,g.3,g.3.11,g.3.11.1,49
d2y5fl_,SCOPe-ALL,family,g.3.11.1,g,g.3,g.3.11,g.3.11.1,54
d5e8da_,SCOPe-ALL,family,g.3.11.1,g,g.3,g.3.11,g.3.11.1,43
d1kloa1,SCOPe-ALL,family,g.3.11.2,g,g.3,g.3.11,g.3.11.2,55
d1kloa2,SCOPe-ALL,family,g.3.11.2,g,g.3,g.3.11,g.3.11.2,56
d1kloa3,SCOPe-ALL,family,g.3.11.2,g,g.3,g.3.11,g.3.11.2,51
d1nuba2,SCOPe-ALL,family,g.3.11.3,g,g.3,g.3.11,g.3.11.3,25
d1lr7a1,SCOPe-ALL,family,g.3.11.3,g,g.3,g.3.11,g.3.11.3,25
d1b9wa1,SCOPe-ALL,family,g.3.11.4,g,g.3,g.3.11,g.3.11.4,45
d1b9wa2,SCOPe-ALL,family,g.3.11.4,g,g.3,g.3.11,g.3.11.4,44
d1gl4a2,SCOPe-ALL,family,g.3.11.5,g,g.3,g.3.11,g.3.11.5,40
d1jv2b4,SCOPe-ALL,family,g.3.11.6,g,g.3,g.3.11,g.3.11.6,31
d1jv2b5,SCOPe-ALL,family,g.3.11.6,g,g.3,g.3.11,g.3.11.6,43
d1l3ya1,SCOPe-ALL,family,g.3.11.6,g,g.3,g.3.11,g.3.11.6,40
d2j5ha1,SCOPe-ALL,family,g.3.11.7,g,g.3,g.3.11,g.3.11.7,39
d4d0ea1,SCOPe-ALL,family,g.3.11.0,g,g.3,g.3.11,g.3.11.0,41
d4d0ea3,SCOPe-ALL,family,g.3.11.0,g,g.3,g.3.11,g.3.11.0,35
d2fd6a1,SCOPe-ALL,family,g.3.11.0,g,g.3,g.3.11,g.3.11.0,39
d2w2ne1,SCOPe-ALL,family,g.3.11.0,g,g.3,g.3.11,g.3.11.0,41
d6m3bd1,SCOPe-ALL,family,g.3.11.0,g,g.3,g.3.11,g.3.11.0,47
d5wb8c_,SCOPe-ALL,family,g.3.11.0,g,g.3,g.3.11,g.3.11.0,36
d1bi6h1,SCOPe-ALL,family,g.3.12.1,g,g.3,g.3.12,g.3.12.1,24
d2g81i1,SCOPe-ALL,family,g.3.13.1,g,g.3,g.3.13,g.3.13.1,56
d2fj8a1,SCOPe-ALL,family,g.3.13.1,g,g.3,g.3.13,g.3.13.1,59
d1udka_,SCOPe-ALL,family,g.3.14.1,g,g.3,g.3.14,g.3.14.1,51
d2z7fi_,SCOPe-ALL,family,g.3.14.0,g,g.3,g.3.14,g.3.14.0,50
d1skza1,SCOPe-ALL,family,g.3.15.1,g,g.3,g.3.15,g.3.15.1,52
d1bx7a_,SCOPe-ALL,family,g.3.15.1,g,g.3,g.3.15,g.3.15.1,51
d1deca_,SCOPe-ALL,family,g.3.15.2,g,g.3,g.3.15,g.3.15.2,39
d1e0fi_,SCOPe-ALL,family,g.3.15.2,g,g.3,g.3.15,g.3.15.2,57
d2pw8i1,SCOPe-ALL,family,g.3.15.2,g,g.3,g.3.15,g.3.15.2,63
d1i8xa_,SCOPe-ALL,family,g.3.16.1,g,g.3,g.3.16,g.3.16.1,30
d1fwoa_,SCOPe-ALL,family,g.3.16.1,g,g.3,g.3.16,g.3.16.1,35
d1hy9a_,SCOPe-ALL,family,g.3.17.1,g,g.3,g.3.17,g.3.17.1,41
d1oiga_,SCOPe-ALL,family,g.3.18.1,g,g.3,g.3.18,g.3.18.1,24
d1uoya_,SCOPe-ALL,family,g.3.19.1,g,g.3,g.3.19,g.3.19.1,64
d1gl0i_,SCOPe-ALL,family,g.4.1.1,g,g.4,g.4.1,g.4.1.1,32
d3tvji_,SCOPe-ALL,family,g.4.1.1,g,g.4,g.4.1,g.4.1.1,35
d1mkna_,SCOPe-ALL,family,g.5.1.1,g,g.5,g.5.1,g.5.1.1,59
d1mkca_,SCOPe-ALL,family,g.5.1.2,g,g.5,g.5.1,g.5.1.2,43
d1bbga_,SCOPe-ALL,family,g.6.1.1,g,g.6,g.6.1,g.6.1.1,40
d4aeaa_,SCOPe-ALL,family,g.7.1.1,g,g.7,g.7.1,g.7.1.1,67
d2h8ua_,SCOPe-ALL,family,g.7.1.1,g,g.7,g.7.1,g.7.1.1,65
d1f94a_,SCOPe-ALL,family,g.7.1.1,g,g.7,g.7.1,g.7.1.1,63
d1jgka_,SCOPe-ALL,family,g.7.1.1,g,g.7,g.7.1,g.7.1.1,66
d1v6pa_,SCOPe-ALL,family,g.7.1.1,g,g.7,g.7.1,g.7.1.1,62
d1fsca_,SCOPe-ALL,family,g.7.1.1,g,g.7,g.7.1,g.7.1.1,61
d2h7za1,SCOPe-ALL,family,g.7.1.1,g,g.7,g.7.1,g.7.1.1,75
d1ug4a_,SCOPe-ALL,family,g.7.1.1,g,g.7,g.7.1,g.7.1.1,60
d4iyea1,SCOPe-ALL,family,g.7.1.1,g,g.7,g.7.1,g.7.1.1,65
d1drsa_,SCOPe-ALL,family,g.7.1.2,g,g.7,g.7.1,g.7.1.2,59
d2j8ba_,SCOPe-ALL,family,g.7.1.3,g,g.7,g.7.1,g.7.1.3,78
d1m9za_,SCOPe-ALL,family,g.7.1.3,g,g.7,g.7.1,g.7.1.3,105
d1btea_,SCOPe-ALL,family,g.7.1.3,g,g.7,g.7.1,g.7.1.3,96
d2fd6u1,SCOPe-ALL,family,g.7.1.3,g,g.7,g.7.1,g.7.1.3,80
d2fd6u2,SCOPe-ALL,family,g.7.1.3,g,g.7,g.7.1,g.7.1.3,87
d2fd6u3,SCOPe-ALL,family,g.7.1.3,g,g.7,g.7.1,g.7.1.3,97
d2h62c_,SCOPe-ALL,family,g.7.1.3,g,g.7,g.7.1,g.7.1.3,84
d2jqpa_,SCOPe-ALL,family,g.7.1.0,g,g.7,g.7.1,g.7.1.0,65
d1bunb_,SCOPe-ALL,family,g.8.1.1,g,g.8,g.8.1,g.8.1.1,61
d1ktha_,SCOPe-ALL,family,g.8.1.1,g,g.8,g.8.1,g.8.1.1,58
d1dema_,SCOPe-ALL,family,g.8.1.1,g,g.8,g.8.1,g.8.1.1,60
d1g6xa_,SCOPe-ALL,family,g.8.1.1,g,g.8,g.8.1,g.8.1.1,58
d1adza_,SCOPe-ALL,family,g.8.1.1,g,g.8,g.8.1,g.8.1.1,71
d3m7qb1,SCOPe-ALL,family,g.8.1.1,g,g.8,g.8.1,g.8.1.1,55
d1d0da_,SCOPe-ALL,family,g.8.1.2,g,g.8,g.8.1,g.8.1.2,60
d1tocr1,SCOPe-ALL,family,g.8.1.2,g,g.8,g.8.1,g.8.1.2,57
d1tocr2,SCOPe-ALL,family,g.8.1.2,g,g.8,g.8.1,g.8.1.2,63
d2uuyb1,SCOPe-ALL,family,g.8.1.3,g,g.8,g.8.1,g.8.1.3,51
d6q61a_,SCOPe-ALL,family,g.8.1.0,g,g.8,g.8.1,g.8.1.0,59
d2kcra_,SCOPe-ALL,family,g.8.1.0,g,g.8,g.8.1,g.8.1.0,61
d4ntwb_,SCOPe-ALL,family,g.8.1.0,g,g.8,g.8.1,g.8.1.0,60
d2odye2,SCOPe-ALL,family,g.8.1.0,g,g.8,g.8.1,g.8.1.0,62
d1ewsa_,SCOPe-ALL,family,g.9.1.1,g,g.9,g.9.1,g.9.1.1,32
d1ahla_,SCOPe-ALL,family,g.9.1.1,g,g.9,g.9.1,g.9.1.1,49
d1bdsa_,SCOPe-ALL,family,g.9.1.1,g,g.9,g.9.1,g.9.1.1,43
d1bnba_,SCOPe-ALL,family,g.9.1.1,g,g.9,g.9.1,g.9.1.1,38
d1fd3a_,SCOPe-ALL,family,g.9.1.1,g,g.9,g.9.1,g.9.1.1,41
d1kj6a_,SCOPe-ALL,family,g.9.1.1,g,g.9,g.9.1,g.9.1.1,45
d1ut3a_,SCOPe-ALL,family,g.9.1.1,g,g.9,g.9.1,g.9.1.1,38
d1e4ta_,SCOPe-ALL,family,g.9.1.1,g,g.9,g.9.1,g.9.1.1,37
d1b8wa_,SCOPe-ALL,family,g.9.1.1,g,g.9,g.9.1,g.9.1.1,42
d1zuea1,SCOPe-ALL,family,g.9.1.1,g,g.9,g.9.1,g.9.1.1,42
d2gw9a_,SCOPe-ALL,family,g.9.1.1,g,g.9,g.9.1,g.9.1.1,32
d1sh1a_,SCOPe-ALL,family,g.9.1.1,g,g.9,g.9.1,g.9.1.1,48
d2nlsa_,SCOPe-ALL,family,g.9.1.1,g,g.9,g.9.1,g.9.1.1,36
d1zmia_,SCOPe-ALL,family,g.9.1.1,g,g.9,g.9.1,g.9.1.1,29
d4gv5a_,SCOPe-ALL,family,g.9.1.2,g,g.9,g.9.1,g.9.1.2,42
d3d4ub1,SCOPe-ALL,family,g.9.1.3,g,g.9,g.9.1,g.9.1.3,37
d3d4ub2,SCOPe-ALL,family,g.9.1.3,g,g.9,g.9.1,g.9.1.3,37
d3hmsa_,SCOPe-ALL,family,g.10.1.1,g,g.10,g.10.1,g.10.1.1,91
d1i8na_,SCOPe-ALL,family,g.10.1.2,g,g.10,g.10.1,g.10.1.2,89
d1hkya1,SCOPe-ALL,family,g.10.1.3,g,g.10,g.10.1,g.10.1.3,78
d1ansa_,SCOPe-ALL,family,g.11.1.1,g,g.11,g.11.1,g.11.1.1,27
d2gtlm2,SCOPe-ALL,family,g.12.1.1,g,g.12,g.12.1,g.12.1.1,42
d2fcwb1,SCOPe-ALL,family,g.12.1.1,g,g.12,g.12.1,g.12.1.1,39
d1j8ea_,SCOPe-ALL,family,g.12.1.1,g,g.12,g.12.1,g.12.1.1,44
d1xfea2,SCOPe-ALL,family,g.12.1.1,g,g.12,g.12.1,g.12.1.1,43
d1v9u5_,SCOPe-ALL,family,g.12.1.1,g,g.12,g.12.1,g.12.1.1,39
d1bhpa_,SCOPe-ALL,family,g.13.1.1,g,g.13,g.13.1,g.13.1.1,45
d3nira_,SCOPe-ALL,family,g.13.1.1,g,g.13,g.13.1,g.13.1.1,46
d2fd6a2,SCOPe-ALL,family,g.14.1.1,g,g.14,g.14.1,g.14.1.1,83
d3k65a_,SCOPe-ALL,family,g.14.1.1,g,g.14,g.14.1,g.14.1.1,80
d1l6ja3,SCOPe-ALL,family,g.14.1.2,g,g.14,g.14.1,g.14.1.2,59
d1h8pa1,SCOPe-ALL,family,g.14.1.2,g,g.14,g.14.1,g.14.1.2,46
d6dcma_,SCOPe-ALL,family,g.14.1.0,g,g.14,g.14.1,g.14.1.0,85
d6szwd_,SCOPe-ALL,family,g.14.1.0,g,g.14,g.14.1,g.14.1.0,52
d2k4ra_,SCOPe-ALL,family,g.14.1.0,g,g.14,g.14.1,g.14.1.0,77
d2pspa2,SCOPe-ALL,family,g.16.1.1,g,g.16,g.16.1,g.16.1.1,53
d6v1ca_,SCOPe-ALL,family,g.16.1.1,g,g.16,g.16.1,g.16.1.1,53
d6wvzm2,SCOPe-ALL,family,g.16.2.1,g,g.16,g.16.2,g.16.2.1,49
d1txvb4,SCOPe-ALL,family,g.16.2.1,g,g.16,g.16.2,g.16.2.1,57
d1olza3,SCOPe-ALL,family,g.16.2.1,g,g.16,g.16.2,g.16.2.1,56
d1xu6a1,SCOPe-ALL,family,g.16.3.1,g,g.16,g.16.3,g.16.3.1,75
d6zflv_,SCOPe-ALL,family,g.17.1.1,g,g.17,g.17.1,g.17.1.1,96
d3mjga_,SCOPe-ALL,family,g.17.1.1,g,g.17,g.17.1,g.17.1.1,97
d1agqa_,SCOPe-ALL,family,g.17.1.2,g,g.17,g.17.1,g.17.1.2,97
d6xm2i_,SCOPe-ALL,family,g.17.1.2,g,g.17,g.17.1,g.17.1.2,112
d1bnda_,SCOPe-ALL,family,g.17.1.3,g,g.17,g.17.1,g.17.1.3,109
d1hcna_,SCOPe-ALL,family,g.17.1.4,g,g.17,g.17.1,g.17.1.4,85
d1hcnb_,SCOPe-ALL,family,g.17.1.4,g,g.17,g.17.1,g.17.1.4,110
d4ay9b_,SCOPe-ALL,family,g.17.1.4,g,g.17,g.17.1,g.17.1.4,107
d1aoca_,SCOPe-ALL,family,g.17.1.5,g,g.17,g.17.1,g.17.1.5,175
d6hgoa_,SCOPe-ALL,family,g.17.1.6,g,g.17,g.17.1,g.17.1.6,126
d1m4ua1,SCOPe-ALL,family,g.17.1.7,g,g.17,g.17.1,g.17.1.7,205
d2aska_,SCOPe-ALL,family,g.17.1.0,g,g.17,g.17.1,g.17.1.0,101
d6z3ja_,SCOPe-ALL,family,g.17.1.0,g,g.17,g.17.1,g.17.1.0,105
d5e4ga_,SCOPe-ALL,family,g.17.1.0,g,g.17,g.17.1,g.17.1.0,108
d5vz3a_,SCOPe-ALL,family,g.17.1.0,g,g.17,g.17.1,g.17.1.0,108
d7l0ja_,SCOPe-ALL,family,g.17.1.0,g,g.17,g.17.1,g.17.1.0,102
d2x1wa_,SCOPe-ALL,family,g.17.1.0,g,g.17,g.17.1,g.17.1.0,98
d3op8a1,SCOPe-ALL,family,g.18.1.1,g,g.18,g.18.1,g.18.1.1,83
d2o39c1,SCOPe-ALL,family,g.18.1.1,g,g.18,g.18.1,g.18.1.1,62
d2o39c2,SCOPe-ALL,family,g.18.1.1,g,g.18,g.18.1,g.18.1.1,64
d1elva2,SCOPe-ALL,family,g.18.1.1,g,g.18,g.18.1,g.18.1.1,68
d1rida1,SCOPe-ALL,family,g.18.1.1,g,g.18,g.18.1,g.18.1.1,64
d1rida3,SCOPe-ALL,family,g.18.1.1,g,g.18,g.18.1,g.18.1.1,58
d1rida4,SCOPe-ALL,family,g.18.1.1,g,g.18,g.18.1,g.18.1.1,60
d1h03p1,SCOPe-ALL,family,g.18.1.1,g,g.18,g.18.1,g.18.1.1,62
d1h03p2,SCOPe-ALL,family,g.18.1.1,g,g.18,g.18.1,g.18.1.1,63
d1ok3a1,SCOPe-ALL,family,g.18.1.1,g,g.18,g.18.1,g.18.1.1,62
d1ok3a2,SCOPe-ALL,family,g.18.1.1,g,g.18,g.18.1,g.18.1.1,64
d2ok5a4,SCOPe-ALL,family,g.18.1.1,g,g.18,g.18.1,g.18.1.1,68
d1ppqa1,SCOPe-ALL,family,g.18.1.1,g,g.18,g.18.1,g.18.1.1,64
d1ly2a1,SCOPe-ALL,family,g.18.1.1,g,g.18,g.18.1,g.18.1.1,65
d1ly2a2,SCOPe-ALL,family,g.18.1.1,g,g.18,g.18.1,g.18.1.1,62
d1hfia_,SCOPe-ALL,family,g.18.1.1,g,g.18,g.18.1,g.18.1.1,62
d1hcca_,SCOPe-ALL,family,g.18.1.1,g,g.18,g.18.1,g.18.1.1,59
d1srza1,SCOPe-ALL,family,g.18.1.1,g,g.18,g.18.1,g.18.1.1,64
d2z3qb1,SCOPe-ALL,family,g.18.1.1,g,g.18,g.18.1,g.18.1.1,78
d6yiob1,SCOPe-ALL,family,g.18.1.1,g,g.18,g.18.1,g.18.1.1,61
d6yiob2,SCOPe-ALL,family,g.18.1.1,g,g.18,g.18.1,g.18.1.1,73
d1q3xa2,SCOPe-ALL,family,g.18.1.1,g,g.18,g.18.1,g.18.1.1,78
d1zjka2,SCOPe-ALL,family,g.18.1.1,g,g.18,g.18.1,g.18.1.1,53
d3erba1,SCOPe-ALL,family,g.18.1.0,g,g.18,g.18.1,g.18.1.0,65
d3erba2,SCOPe-ALL,family,g.18.1.0,g,g.18,g.18.1,g.18.1.0,61
d3erba3,SCOPe-ALL,family,g.18.1.0,g,g.18,g.18.1,g.18.1.0,69
d6v06a1,SCOPe-ALL,family,g.18.1.0,g,g.18,g.18.1,g.18.1.0,62
d6v06a3,SCOPe-ALL,family,g.18.1.0,g,g.18,g.18.1,g.18.1.0,63
d6v06a4,SCOPe-ALL,family,g.18.1.0,g,g.18,g.18.1,g.18.1.0,60
d3gova1,SCOPe-ALL,family,g.18.1.0,g,g.18,g.18.1,g.18.1.0,68
d5ubmb1,SCOPe-ALL,family,g.18.1.0,g,g.18,g.18.1,g.18.1.0,70
d2mcza1,SCOPe-ALL,family,g.18.1.0,g,g.18,g.18.1,g.18.1.0,60
d1bgka_,SCOPe-ALL,family,g.19.1.1,g,g.19,g.19.1,g.19.1.1,37
d1rooa_,SCOPe-ALL,family,g.19.1.1,g,g.19,g.19.1,g.19.1.1,35
d1xtaa2,SCOPe-ALL,family,g.19.1.0,g,g.19,g.19.1,g.19.1.0,57
d4r5ra_,SCOPe-ALL,family,g.20.1.1,g,g.20,g.20.1,g.20.1.1,68
d6lsqa1,SCOPe-ALL,family,g.20.1.1,g,g.20,g.20.1,g.20.1.1,45
d2w9ua_,SCOPe-ALL,family,g.20.1.1,g,g.20,g.20.1,g.20.1.1,46
d2agyd_,SCOPe-ALL,family,g.21.1.0,g,g.21,g.21.1,g.21.1.0,109
d1eaic_,SCOPe-ALL,family,g.22.1.1,g,g.22,g.22.1,g.22.1.1,61
d1ataa_,SCOPe-ALL,family,g.22.1.1,g,g.22,g.22.1,g.22.1.1,62
d1ccva_,SCOPe-ALL,family,g.22.1.1,g,g.22,g.22.1,g.22.1.1,56
d2h9ec_,SCOPe-ALL,family,g.22.1.1,g,g.22,g.22.1,g.22.1.1,78
d1hx2a_,SCOPe-ALL,family,g.22.1.2,g,g.22,g.22.1,g.22.1.2,60
d1uzka3,SCOPe-ALL,family,g.23.1.1,g,g.23,g.23.1,g.23.1.1,76
d1apja_,SCOPe-ALL,family,g.23.1.1,g,g.23,g.23.1,g.23.1.1,74
d1ksqa1,SCOPe-ALL,family,g.23.1.1,g,g.23,g.23.1,g.23.1.1,73
d1sg1x1,SCOPe-ALL,family,g.24.1.1,g,g.24,g.24.1,g.24.1.1,55
d1sg1x2,SCOPe-ALL,family,g.24.1.1,g,g.24,g.24.1,g.24.1.1,39
d1sg1x3,SCOPe-ALL,family,g.24.1.1,g,g.24,g.24.1,g.24.1.1,42
d1sg1x4,SCOPe-ALL,family,g.24.1.1,g,g.24,g.24.1,g.24.1.1,24
d1exta3,SCOPe-ALL,family,g.24.1.1,g,g.24,g.24.1,g.24.1.1,57
d1exta2,SCOPe-ALL,family,g.24.1.1,g,g.24,g.24.1,g.24.1.1,44
d1exta1,SCOPe-ALL,family,g.24.1.1,g,g.24,g.24.1,g.24.1.1,59
d2heyr2,SCOPe-ALL,family,g.24.1.1,g,g.24,g.24.1,g.24.1.1,24
d2heyr1,SCOPe-ALL,family,g.24.1.1,g,g.24,g.24.1,g.24.1.1,60
d2heyr3,SCOPe-ALL,family,g.24.1.1,g,g.24,g.24.1,g.24.1.1,54
d1xu1r_,SCOPe-ALL,family,g.24.1.2,g,g.24,g.24.1,g.24.1.2,38
d1xu2r_,SCOPe-ALL,family,g.24.1.2,g,g.24,g.24.1,g.24.1.2,36
d2hfgr_,SCOPe-ALL,family,g.24.1.2,g,g.24,g.24.1,g.24.1.2,27
d3wvta1,SCOPe-ALL,family,g.24.1.0,g,g.24,g.24.1,g.24.1.0,58
d3wvta2,SCOPe-ALL,family,g.24.1.0,g,g.24,g.24.1,g.24.1.0,44
d4i9xc1,SCOPe-ALL,family,g.24.1.0,g,g.24,g.24.1,g.24.1.0,37
d4i9xc2,SCOPe-ALL,family,g.24.1.0,g,g.24,g.24.1,g.24.1.0,40
d4i9xc3,SCOPe-ALL,family,g.24.1.0,g,g.24,g.24.1,g.24.1.0,28
d2vgha_,SCOPe-ALL,family,g.25.1.1,g,g.25,g.25.1,g.25.1.1,55
d1afpa_,SCOPe-ALL,family,g.26.1.1,g,g.26,g.26.1,g.26.1.1,51
d2cg7a1,SCOPe-ALL,family,g.27.1.1,g,g.27,g.27.1,g.27.1.1,43
d2cg7a2,SCOPe-ALL,family,g.27.1.1,g,g.27,g.27.1,g.27.1.1,47
d1o9aa1,SCOPe-ALL,family,g.27.1.1,g,g.27,g.27.1,g.27.1.1,44
d1e88a3,SCOPe-ALL,family,g.27.1.1,g,g.27,g.27.1,g.27.1.1,41
d1tpga2,SCOPe-ALL,family,g.27.1.1,g,g.27,g.27.1,g.27.1.1,50
d1u5ma1,SCOPe-ALL,family,g.27.1.2,g,g.27,g.27.1,g.27.1.2,69
d1icfi_,SCOPe-ALL,family,g.28.1.1,g,g.28,g.28.1,g.28.1.1,65
d1rmja1,SCOPe-ALL,family,g.28.1.1,g,g.28,g.28.1,g.28.1.1,80
d2dsrg1,SCOPe-ALL,family,g.28.1.1,g,g.28,g.28.1,g.28.1.1,79
d1zt5a_,SCOPe-ALL,family,g.28.1.1,g,g.28,g.28.1,g.28.1.1,80
d2h7ta1,SCOPe-ALL,family,g.28.1.0,g,g.28,g.28.1,g.28.1.0,106
d1ct7a1,SCOPe-ALL,family,g.29.1.1,g,g.29,g.29.1,g.29.1.1,49
d1dtdb_,SCOPe-ALL,family,g.30.1.1,g,g.30,g.30.1,g.30.1.1,61
d1dqca_,SCOPe-ALL,family,g.31.1.1,g,g.31,g.31.1,g.31.1.1,73
d1iyca_,SCOPe-ALL,family,g.31.1.2,g,g.31,g.31.1,g.31.1.2,36
d6r2wl1,SCOPe-ALL,family,g.32.1.1,g,g.32,g.32.1,g.32.1.1,48
d2pf1a2,SCOPe-ALL,family,g.32.1.1,g,g.32,g.32.1,g.32.1.1,30
d1vzma_,SCOPe-ALL,family,g.32.1.0,g,g.32,g.32.1,g.32.1.0,43
d1d6ga_,SCOPe-ALL,family,g.33.1.1,g,g.33,g.33.1,g.33.1.1,47
d2n29a_,SCOPe-ALL,family,g.34.1.1,g,g.34,g.34.1,g.34.1.1,54
d1hpia_,SCOPe-ALL,family,g.35.1.1,g,g.35,g.35.1,g.35.1.1,71
d2hipa_,SCOPe-ALL,family,g.35.1.1,g,g.35,g.35.1,g.35.1.1,71
d1isua_,SCOPe-ALL,family,g.35.1.1,g,g.35,g.35.1,g.35.1.1,62
d1hlqa_,SCOPe-ALL,family,g.35.1.1,g,g.35,g.35.1,g.35.1.1,75
d3h31a_,SCOPe-ALL,family,g.35.1.1,g,g.35,g.35.1,g.35.1.1,74
d5d8va_,SCOPe-ALL,family,g.35.1.1,g,g.35,g.35.1,g.35.1.1,83
d7bzka_,SCOPe-ALL,family,g.36.1.1,g,g.36,g.36.1,g.36.1.1,112
d1area_,SCOPe-ALL,family,g.37.1.1,g,g.37,g.37.1,g.37.1.1,29
d1bboa1,SCOPe-ALL,family,g.37.1.1,g,g.37,g.37.1,g.37.1.1,28
d1bboa2,SCOPe-ALL,family,g.37.1.1,g,g.37,g.37.1,g.37.1.1,29
d2glia1,SCOPe-ALL,family,g.37.1.1,g,g.37,g.37.1,g.37.1.1,32
d2glia2,SCOPe-ALL,family,g.37.1.1,g,g.37,g.37.1,g.37.1.1,33
d2glia4,SCOPe-ALL,family,g.37.1.1,g,g.37,g.37.1,g.37.1.1,31
d1yuja_,SCOPe-ALL,family,g.37.1.1,g,g.37,g.37.1,g.37.1.1,54
d2dlqa1,SCOPe-ALL,family,g.37.1.1,g,g.37,g.37.1,g.37.1.1,26
d2dlqa2,SCOPe-ALL,family,g.37.1.1,g,g.37,g.37.1,g.37.1.1,28
d2dlqa3,SCOPe-ALL,family,g.37.1.1,g,g.37,g.37.1,g.37.1.1,30
d2dlqa4,SCOPe-ALL,family,g.37.1.1,g,g.37,g.37.1,g.37.1.1,27
d1u85a1,SCOPe-ALL,family,g.37.1.1,g,g.37,g.37.1,g.37.1.1,31
d2epra1,SCOPe-ALL,family,g.37.1.1,g,g.37,g.37.1,g.37.1.1,35
d2eppa1,SCOPe-ALL,family,g.37.1.1,g,g.37,g.37.1,g.37.1.1,53
d2epsa1,SCOPe-ALL,family,g.37.1.1,g,g.37,g.37.1,g.37.1.1,39
d1ncsa_,SCOPe-ALL,family,g.37.1.1,g,g.37,g.37.1,g.37.1.1,47
d2drpa1,SCOPe-ALL,family,g.37.1.1,g,g.37,g.37.1,g.37.1.1,37
d2drpa2,SCOPe-ALL,family,g.37.1.1,g,g.37,g.37.1,g.37.1.1,26
d1tf3a1,SCOPe-ALL,family,g.37.1.1,g,g.37,g.37.1,g.37.1.1,31
d1tf3a3,SCOPe-ALL,family,g.37.1.1,g,g.37,g.37.1,g.37.1.1,31
d2ct1a1,SCOPe-ALL,family,g.37.1.1,g,g.37,g.37.1,g.37.1.1,28
d1x6ha1,SCOPe-ALL,family,g.37.1.1,g,g.37,g.37.1,g.37.1.1,37
d1x6ha2,SCOPe-ALL,family,g.37.1.1,g,g.37,g.37.1,g.37.1.1,36
d1rmda1,SCOPe-ALL,family,g.37.1.1,g,g.37,g.37.1,g.37.1.1,30
d1znfa_,SCOPe-ALL,family,g.37.1.1,g,g.37,g.37.1,g.37.1.1,25
d1ubdc1,SCOPe-ALL,family,g.37.1.1,g,g.37,g.37.1,g.37.1.1,28
d1ubdc2,SCOPe-ALL,family,g.37.1.1,g,g.37,g.37.1,g.37.1.1,28
d1klra_,SCOPe-ALL,family,g.37.1.1,g,g.37,g.37.1,g.37.1.1,30
d1a1ia1,SCOPe-ALL,family,g.37.1.1,g,g.37,g.37.1,g.37.1.1,29
d1llmc2,SCOPe-ALL,family,g.37.1.1,g,g.37,g.37.1,g.37.1.1,28
d1x3ca1,SCOPe-ALL,family,g.37.1.1,g,g.37,g.37.1,g.37.1.1,60
d1wjpa1,SCOPe-ALL,family,g.37.1.1,g,g.37,g.37.1,g.37.1.1,35
d1wjpa2,SCOPe-ALL,family,g.37.1.1,g,g.37,g.37.1,g.37.1.1,24
d1wjpa3,SCOPe-ALL,family,g.37.1.1,g,g.37,g.37.1,g.37.1.1,35
d2csha1,SCOPe-ALL,family,g.37.1.1,g,g.37,g.37.1,g.37.1.1,53
d2csha2,SCOPe-ALL,family,g.37.1.1,g,g.37,g.37.1,g.37.1.1,44
d1x6fa1,SCOPe-ALL,family,g.37.1.1,g,g.37,g.37.1,g.37.1.1,75
d2ctda1,SCOPe-ALL,family,g.37.1.1,g,g.37,g.37.1,g.37.1.1,53
d2ctda2,SCOPe-ALL,family,g.37.1.1,g,g.37,g.37.1,g.37.1.1,30
d1x5wa1,SCOPe-ALL,family,g.37.1.1,g,g.37,g.37.1,g.37.1.1,28
d2dmda1,SCOPe-ALL,family,g.37.1.1,g,g.37,g.37.1,g.37.1.1,28
d2dlka1,SCOPe-ALL,family,g.37.1.1,g,g.37,g.37.1,g.37.1.1,30
d2dlka2,SCOPe-ALL,family,g.37.1.1,g,g.37,g.37.1,g.37.1.1,36
d1srka1,SCOPe-ALL,family,g.37.1.1,g,g.37,g.37.1,g.37.1.1,33
d2ghfa3,SCOPe-ALL,family,g.37.1.1,g,g.37,g.37.1,g.37.1.1,58
d2ghfa4,SCOPe-ALL,family,g.37.1.1,g,g.37,g.37.1,g.37.1.1,42
d6zr5c_,SCOPe-ALL,family,g.37.1.1,g,g.37,g.37.1,g.37.1.1,36
d2el5a1,SCOPe-ALL,family,g.37.1.1,g,g.37,g.37.1,g.37.1.1,26
d2en2a1,SCOPe-ALL,family,g.37.1.1,g,g.37,g.37.1,g.37.1.1,27
d1wjva1,SCOPe-ALL,family,g.37.1.2,g,g.37,g.37.1,g.37.1.2,28
d1wjva2,SCOPe-ALL,family,g.37.1.2,g,g.37,g.37.1,g.37.1.2,31
d1m36a1,SCOPe-ALL,family,g.37.1.2,g,g.37,g.37.1,g.37.1.2,31
d1y0jb2,SCOPe-ALL,family,g.37.1.2,g,g.37,g.37.1,g.37.1.2,34
d1fu9a1,SCOPe-ALL,family,g.37.1.2,g,g.37,g.37.1,g.37.1.2,34
d1njqa_,SCOPe-ALL,family,g.37.1.3,g,g.37,g.37.1,g.37.1.3,37
d1zu1a1,SCOPe-ALL,family,g.37.1.4,g,g.37,g.37.1,g.37.1.4,72
d1zu1a2,SCOPe-ALL,family,g.37.1.4,g,g.37,g.37.1,g.37.1.4,55
d1uw2a_,SCOPe-ALL,family,g.37.1.4,g,g.37,g.37.1,g.37.1.4,61
d2yrka1,SCOPe-ALL,family,g.37.1.4,g,g.37,g.37.1,g.37.1.4,48
d1zr9a1,SCOPe-ALL,family,g.37.1.4,g,g.37,g.37.1,g.37.1.4,67
d1wira1,SCOPe-ALL,family,g.37.1.5,g,g.37,g.37.1,g.37.1.5,108
d2ct5a1,SCOPe-ALL,family,g.37.1.6,g,g.37,g.37.1,g.37.1.6,60
d2vy4a1,SCOPe-ALL,family,g.37.1.7,g,g.37,g.37.1,g.37.1.7,35
d2j7ja1,SCOPe-ALL,family,g.37.1.0,g,g.37,g.37.1,g.37.1.0,28
d2j7ja3,SCOPe-ALL,family,g.37.1.0,g,g.37,g.37.1,g.37.1.0,28
d2rv6a1,SCOPe-ALL,family,g.37.1.0,g,g.37,g.37.1,g.37.1.0,85
d2lcea1,SCOPe-ALL,family,g.37.1.0,g,g.37,g.37.1,g.37.1.0,63
d2m9aa1,SCOPe-ALL,family,g.37.1.0,g,g.37,g.37.1,g.37.1.0,87
d2wbsa_,SCOPe-ALL,family,g.37.1.0,g,g.37,g.37.1,g.37.1.0,87
d2kmka_,SCOPe-ALL,family,g.37.1.0,g,g.37,g.37.1,g.37.1.0,82
d2alca_,SCOPe-ALL,family,g.38.1.1,g,g.38,g.38.1,g.38.1.1,65
d3coqa1,SCOPe-ALL,family,g.38.1.1,g,g.38,g.38.1,g.38.1.1,41
d1hwtc1,SCOPe-ALL,family,g.38.1.1,g,g.38,g.38.1,g.38.1.1,39
d1pyia1,SCOPe-ALL,family,g.38.1.1,g,g.38,g.38.1,g.38.1.1,42
d1zmec1,SCOPe-ALL,family,g.38.1.1,g,g.38,g.38.1,g.38.1.1,36
d3g9ma1,SCOPe-ALL,family,g.39.1.2,g,g.39,g.39.1,g.39.1.2,75
d2nllb_,SCOPe-ALL,family,g.39.1.2,g,g.39,g.39.1,g.39.1.2,103
d1kb4b_,SCOPe-ALL,family,g.39.1.2,g,g.39,g.39.1,g.39.1.2,99
d1v6ga1,SCOPe-ALL,family,g.39.1.3,g,g.39,g.39.1,g.39.1.3,34
d1v6ga2,SCOPe-ALL,family,g.39.1.3,g,g.39,g.39.1,g.39.1.3,34
d1wiga2,SCOPe-ALL,family,g.39.1.3,g,g.39,g.39.1,g.39.1.3,35
d2dj7a1,SCOPe-ALL,family,g.39.1.3,g,g.39,g.39.1,g.39.1.3,31
d2dj7a2,SCOPe-ALL,family,g.39.1.3,g,g.39,g.39.1,g.39.1.3,36
d1ibia1,SCOPe-ALL,family,g.39.1.3,g,g.39,g.39.1,g.39.1.3,28
d1imla2,SCOPe-ALL,family,g.39.1.3,g,g.39,g.39.1,g.39.1.3,48
d2cuqa1,SCOPe-ALL,family,g.39.1.3,g,g.39,g.39.1,g.39.1.3,32
d2cura2,SCOPe-ALL,family,g.39.1.3,g,g.39,g.39.1,g.39.1.3,25
d2cupa2,SCOPe-ALL,family,g.39.1.3,g,g.39,g.39.1,g.39.1.3,31
d1x4ka1,SCOPe-ALL,family,g.39.1.3,g,g.39,g.39.1,g.39.1.3,32
d1x4ka2,SCOPe-ALL,family,g.39.1.3,g,g.39,g.39.1,g.39.1.3,27
d1x68a1,SCOPe-ALL,family,g.39.1.3,g,g.39,g.39.1,g.39.1.3,29
d1x68a2,SCOPe-ALL,family,g.39.1.3,g,g.39,g.39.1,g.39.1.3,34
d1x3ha1,SCOPe-ALL,family,g.39.1.3,g,g.39,g.39.1,g.39.1.3,35
d1x3ha2,SCOPe-ALL,family,g.39.1.3,g,g.39,g.39.1,g.39.1.3,32
d1x6aa1,SCOPe-ALL,family,g.39.1.3,g,g.39,g.39.1,g.39.1.3,34
d1x6aa2,SCOPe-ALL,family,g.39.1.3,g,g.39,g.39.1,g.39.1.3,34
d1rutx1,SCOPe-ALL,family,g.39.1.3,g,g.39,g.39.1,g.39.1.3,30
d1rutx2,SCOPe-ALL,family,g.39.1.3,g,g.39,g.39.1,g.39.1.3,34
d1rutx3,SCOPe-ALL,family,g.39.1.3,g,g.39,g.39.1,g.39.1.3,31
d1rutx4,SCOPe-ALL,family,g.39.1.3,g,g.39,g.39.1,g.39.1.3,33
d2co8a1,SCOPe-ALL,family,g.39.1.3,g,g.39,g.39.1,g.39.1.3,33
d2co8a2,SCOPe-ALL,family,g.39.1.3,g,g.39,g.39.1,g.39.1.3,36
d1x62a1,SCOPe-ALL,family,g.39.1.3,g,g.39,g.39.1,g.39.1.3,31
d1x62a2,SCOPe-ALL,family,g.39.1.3,g,g.39,g.39.1,g.39.1.3,35
d2dara1,SCOPe-ALL,family,g.39.1.3,g,g.39,g.39.1,g.39.1.3,32
d2dara2,SCOPe-ALL,family,g.39.1.3,g,g.39,g.39.1,g.39.1.3,45
d2d8xa1,SCOPe-ALL,family,g.39.1.3,g,g.39,g.39.1,g.39.1.3,32
d2d8xa2,SCOPe-ALL,family,g.39.1.3,g,g.39,g.39.1,g.39.1.3,25
d1u5sb1,SCOPe-ALL,family,g.39.1.3,g,g.39,g.39.1,g.39.1.3,29
d1u5sb2,SCOPe-ALL,family,g.39.1.3,g,g.39,g.39.1,g.39.1.3,35
d2cora1,SCOPe-ALL,family,g.39.1.3,g,g.39,g.39.1,g.39.1.3,31
d2cora2,SCOPe-ALL,family,g.39.1.3,g,g.39,g.39.1,g.39.1.3,35
d1g47a1,SCOPe-ALL,family,g.39.1.3,g,g.39,g.39.1,g.39.1.3,35
d1x61a1,SCOPe-ALL,family,g.39.1.3,g,g.39,g.39.1,g.39.1.3,27
d1x61a2,SCOPe-ALL,family,g.39.1.3,g,g.39,g.39.1,g.39.1.3,32
d2dloa1,SCOPe-ALL,family,g.39.1.3,g,g.39,g.39.1,g.39.1.3,35
d2dloa2,SCOPe-ALL,family,g.39.1.3,g,g.39,g.39.1,g.39.1.3,33
d1xpaa2,SCOPe-ALL,family,g.39.1.5,g,g.39,g.39.1,g.39.1.5,36
d1vq8u1,SCOPe-ALL,family,g.39.1.6,g,g.39,g.39.1,g.39.1.6,53
d2qaln1,SCOPe-ALL,family,g.39.1.7,g,g.39,g.39.1,g.39.1.7,100
d1fjgn_,SCOPe-ALL,family,g.39.1.7,g,g.39,g.39.1,g.39.1.7,60
d1r2za3,SCOPe-ALL,family,g.39.1.8,g,g.39,g.39.1,g.39.1.8,46
d1k3xa3,SCOPe-ALL,family,g.39.1.8,g,g.39,g.39.1,g.39.1.8,40
d1lv3a_,SCOPe-ALL,family,g.39.1.9,g,g.39,g.39.1,g.39.1.9,65
d1pzwa_,SCOPe-ALL,family,g.39.1.10,g,g.39,g.39.1,g.39.1.10,80
d2ds5a_,SCOPe-ALL,family,g.39.1.11,g,g.39,g.39.1,g.39.1.11,43
d1uw0a_,SCOPe-ALL,family,g.39.1.12,g,g.39,g.39.1,g.39.1.12,117
d1tjla2,SCOPe-ALL,family,g.39.1.13,g,g.39,g.39.1,g.39.1.13,41
d1xx6a2,SCOPe-ALL,family,g.39.1.14,g,g.39,g.39.1,g.39.1.14,49
d2fifb_,SCOPe-ALL,family,g.39.1.15,g,g.39,g.39.1,g.39.1.15,59
d2d8ra1,SCOPe-ALL,family,g.39.1.16,g,g.39,g.39.1,g.39.1.16,86
d2dasa1,SCOPe-ALL,family,g.39.1.17,g,g.39,g.39.1,g.39.1.17,49
d2gvia2,SCOPe-ALL,family,g.39.1.18,g,g.39,g.39.1,g.39.1.18,33
d2vuti_,SCOPe-ALL,family,g.39.1.0,g,g.39,g.39.1,g.39.1.0,42
d1w4ra2,SCOPe-ALL,family,g.39.1.0,g,g.39,g.39.1,g.39.1.0,41
d5itqa3,SCOPe-ALL,family,g.39.1.0,g,g.39,g.39.1,g.39.1.0,44
d2o10a1,SCOPe-ALL,family,g.39.1.0,g,g.39,g.39.1,g.39.1.0,29
d2o10a2,SCOPe-ALL,family,g.39.1.0,g,g.39,g.39.1,g.39.1.0,31
d2lzua1,SCOPe-ALL,family,g.39.1.0,g,g.39,g.39.1,g.39.1.0,33
d2lzua2,SCOPe-ALL,family,g.39.1.0,g,g.39,g.39.1,g.39.1.0,39
d1dsqa_,SCOPe-ALL,family,g.40.1.1,g,g.40,g.40.1,g.40.1.1,21
d1dsva_,SCOPe-ALL,family,g.40.1.1,g,g.40,g.40.1,g.40.1.1,31
d2l4la_,SCOPe-ALL,family,g.40.1.1,g,g.40,g.40.1,g.40.1.1,45
d1a6bb_,SCOPe-ALL,family,g.40.1.1,g,g.40,g.40.1,g.40.1.1,40
d1pfva3,SCOPe-ALL,family,g.41.1.1,g,g.41,g.41.1,g.41.1.1,35
d1zina2,SCOPe-ALL,family,g.41.2.1,g,g.41,g.41.2,g.41.2.1,35
d1akya2,SCOPe-ALL,family,g.41.2.1,g,g.41,g.41.2,g.41.2.1,38
d1zaka2,SCOPe-ALL,family,g.41.2.1,g,g.41,g.41.2,g.41.2.1,31
d1twfi1,SCOPe-ALL,family,g.41.3.1,g,g.41,g.41.3,g.41.3.1,49
d1twfi2,SCOPe-ALL,family,g.41.3.1,g,g.41,g.41.3,g.41.3.1,72
d1qypa1,SCOPe-ALL,family,g.41.3.1,g,g.41,g.41.3,g.41.3.1,53
d4c2mi1,SCOPe-ALL,family,g.41.3.1,g,g.41,g.41.3,g.41.3.1,63
d4c2mi2,SCOPe-ALL,family,g.41.3.1,g,g.41,g.41.3,g.41.3.1,61
d1dl6a_,SCOPe-ALL,family,g.41.3.1,g,g.41,g.41.3,g.41.3.1,58
d1pfta_,SCOPe-ALL,family,g.41.3.1,g,g.41,g.41.3,g.41.3.1,50
d1vd4a_,SCOPe-ALL,family,g.41.3.1,g,g.41,g.41.3,g.41.3.1,62
d1tfia_,SCOPe-ALL,family,g.41.3.1,g,g.41,g.41.3,g.41.3.1,50
d1d0qa_,SCOPe-ALL,family,g.41.3.2,g,g.41,g.41.3,g.41.3.2,102
d1nuia2,SCOPe-ALL,family,g.41.3.2,g,g.41,g.41.3,g.41.3.2,54
d1yuaa1,SCOPe-ALL,family,g.41.3.3,g,g.41,g.41.3,g.41.3.3,65
d1yuaa2,SCOPe-ALL,family,g.41.3.3,g,g.41,g.41.3,g.41.3.3,57
d1wiia1,SCOPe-ALL,family,g.41.3.4,g,g.41,g.41.3,g.41.3.4,78
d2akla2,SCOPe-ALL,family,g.41.3.5,g,g.41,g.41.3,g.41.3.5,38
d7b7ui2,SCOPe-ALL,family,g.41.3.0,g,g.41,g.41.3,g.41.3.0,66
d1qf8a_,SCOPe-ALL,family,g.41.4.1,g,g.41,g.41.4,g.41.4.1,173
d1yuza2,SCOPe-ALL,family,g.41.5.1,g,g.41,g.41.5,g.41.5.1,36
d1dx8a_,SCOPe-ALL,family,g.41.5.1,g,g.41,g.41.5,g.41.5.1,70
d5nw3a_,SCOPe-ALL,family,g.41.5.1,g,g.41,g.41.5,g.41.5.1,54
d1lkoa2,SCOPe-ALL,family,g.41.5.1,g,g.41,g.41.5,g.41.5.1,44
d1vzia2,SCOPe-ALL,family,g.41.5.2,g,g.41,g.41.5,g.41.5.2,37
d7cohf_,SCOPe-ALL,family,g.41.5.3,g,g.41,g.41.5,g.41.5.3,91
d2ms3a_,SCOPe-ALL,family,g.41.5.0,g,g.41,g.41.5,g.41.5.0,57
d1dw7a_,SCOPe-ALL,family,g.41.6.1,g,g.41,g.41.6,g.41.6.1,71
d4fywb2,SCOPe-ALL,family,g.41.7.1,g,g.41,g.41.7,g.41.7.1,53
d2ywwa2,SCOPe-ALL,family,g.41.7.0,g,g.41,g.41.7,g.41.7.0,49
d1vq8z1,SCOPe-ALL,family,g.41.8.1,g,g.41,g.41.8,g.41.8.1,73
d1vq811,SCOPe-ALL,family,g.41.8.2,g,g.41,g.41.8,g.41.8.2,56
d1vq831,SCOPe-ALL,family,g.41.8.3,g,g.41,g.41.8,g.41.8.3,92
d1qxfa_,SCOPe-ALL,family,g.41.8.4,g,g.41,g.41.8,g.41.8.4,58
d2qam01,SCOPe-ALL,family,g.41.8.5,g,g.41,g.41.8,g.41.8.5,56
d2j0151,SCOPe-ALL,family,g.41.8.5,g,g.41,g.41.8,g.41.8.5,59
d2i2t11,SCOPe-ALL,family,g.41.8.6,g,g.41,g.41.8,g.41.8.6,50
d2j0161,SCOPe-ALL,family,g.41.8.6,g,g.41,g.41.8,g.41.8.6,45
d2ayja1,SCOPe-ALL,family,g.41.8.7,g,g.41,g.41.8,g.41.8.7,56
d2k4xa1,SCOPe-ALL,family,g.41.8.8,g,g.41,g.41.8,g.41.8.8,55
d1twfl_,SCOPe-ALL,family,g.41.9.2,g,g.41,g.41.9,g.41.9.2,46
d1ryqa1,SCOPe-ALL,family,g.41.9.3,g,g.41,g.41.9,g.41.9.3,59
d1m2oa5,SCOPe-ALL,family,g.41.10.1,g,g.41,g.41.10,g.41.10.1,75
d1pd0a5,SCOPe-ALL,family,g.41.10.1,g,g.41,g.41.10,g.41.10.1,85
d2cr8a1,SCOPe-ALL,family,g.41.11.1,g,g.41,g.41.11,g.41.11.1,40
d1q5wa1,SCOPe-ALL,family,g.41.11.1,g,g.41,g.41.11,g.41.11.1,29
d2ebva1,SCOPe-ALL,family,g.41.11.1,g,g.41,g.41.11,g.41.11.1,50
d3gj3b_,SCOPe-ALL,family,g.41.11.1,g,g.41,g.41.11,g.41.11.1,27
d2j9ub1,SCOPe-ALL,family,g.41.11.1,g,g.41,g.41.11,g.41.11.1,47
d1n0za1,SCOPe-ALL,family,g.41.11.1,g,g.41,g.41.11,g.41.11.1,40
d4xxbb_,SCOPe-ALL,family,g.41.11.0,g,g.41,g.41.11,g.41.11.0,42
d1pvma3,SCOPe-ALL,family,g.41.13.1,g,g.41,g.41.13,g.41.13.1,36
d2gb5a2,SCOPe-ALL,family,g.41.14.1,g,g.41,g.41.14,g.41.14.1,29
d2cona1,SCOPe-ALL,family,g.41.15.1,g,g.41,g.41.15,g.41.15.1,66
d3u28b_,SCOPe-ALL,family,g.41.16.1,g,g.41,g.41.16,g.41.16.1,48
d2apob_,SCOPe-ALL,family,g.41.16.1,g,g.41,g.41.16,g.41.16.1,55
d5ax2a_,SCOPe-ALL,family,g.41.17.1,g,g.41,g.41.17,g.41.17.1,78
d2jr7a1,SCOPe-ALL,family,g.41.17.1,g,g.41,g.41.17,g.41.17.1,81
d2jnea1,SCOPe-ALL,family,g.41.18.1,g,g.41,g.41.18,g.41.18.1,71
d2zjr41,SCOPe-ALL,family,g.42.1.1,g,g.42,g.42.1,g.42.1.1,37
d2djaa1,SCOPe-ALL,family,g.43.1.1,g,g.43,g.43.1,g.43.1.1,71
d1frea_,SCOPe-ALL,family,g.43.1.1,g,g.43,g.43.1,g.43.1.1,39
d2csva1,SCOPe-ALL,family,g.43.1.1,g,g.43,g.43.1,g.43.1.1,59
d2dida1,SCOPe-ALL,family,g.43.1.1,g,g.43,g.43.1,g.43.1.1,40
d2d8va1,SCOPe-ALL,family,g.43.1.1,g,g.43,g.43.1,g.43.1.1,54
d3ddta1,SCOPe-ALL,family,g.43.1.1,g,g.43,g.43.1,g.43.1.1,45
d5k3qa_,SCOPe-ALL,family,g.43.1.0,g,g.43,g.43.1,g.43.1.0,43
d1jm7b_,SCOPe-ALL,family,g.44.1.1,g,g.44,g.44.1,g.44.1.1,97
d1jm7a_,SCOPe-ALL,family,g.44.1.1,g,g.44,g.44.1,g.44.1.1,103
d1fbva4,SCOPe-ALL,family,g.44.1.1,g,g.44,g.44.1,g.44.1.1,79
d1weoa1,SCOPe-ALL,family,g.44.1.1,g,g.44,g.44.1,g.44.1.1,80
d1v87a1,SCOPe-ALL,family,g.44.1.1,g,g.44,g.44.1,g.44.1.1,101
d1chca_,SCOPe-ALL,family,g.44.1.1,g,g.44,g.44.1,g.44.1.1,68
d3dplr_,SCOPe-ALL,family,g.44.1.1,g,g.44,g.44.1,g.44.1.1,90
d1g25a_,SCOPe-ALL,family,g.44.1.1,g,g.44,g.44.1,g.44.1.1,65
d1wima1,SCOPe-ALL,family,g.44.1.1,g,g.44,g.44.1,g.44.1.1,81
d1rmda2,SCOPe-ALL,family,g.44.1.1,g,g.44,g.44.1,g.44.1.1,86
d5aiea1,SCOPe-ALL,family,g.44.1.1,g,g.44,g.44.1,g.44.1.1,53
d5yufa_,SCOPe-ALL,family,g.44.1.1,g,g.44,g.44.1,g.44.1.1,47
d2m9ya1,SCOPe-ALL,family,g.44.1.1,g,g.44,g.44.1,g.44.1.1,72
d3jb9s1,SCOPe-ALL,family,g.44.1.2,g,g.44,g.44.1,g.44.1.2,57
d2baya_,SCOPe-ALL,family,g.44.1.2,g,g.44,g.44.1,g.44.1.2,56
d2f42a2,SCOPe-ALL,family,g.44.1.2,g,g.44,g.44.1,g.44.1.2,78
d1vyxa_,SCOPe-ALL,family,g.44.1.3,g,g.44,g.44.1,g.44.1.3,60
d2cs3a1,SCOPe-ALL,family,g.44.1.3,g,g.44,g.44.1,g.44.1.3,80
d2ct7a1,SCOPe-ALL,family,g.44.1.4,g,g.44,g.44.1,g.44.1.4,73
d2idaa1,SCOPe-ALL,family,g.44.1.5,g,g.44,g.44.1,g.44.1.5,102
d2uzga1,SCOPe-ALL,family,g.44.1.5,g,g.44,g.44.1,g.44.1.5,95
d7ms7a_,SCOPe-ALL,family,g.44.1.5,g,g.44,g.44.1,g.44.1.5,113
d2dipa1,SCOPe-ALL,family,g.44.1.6,g,g.44,g.44.1,g.44.1.6,85
d2fc7a1,SCOPe-ALL,family,g.44.1.6,g,g.44,g.44.1,g.44.1.6,69
d6ds6a_,SCOPe-ALL,family,g.44.1.6,g,g.44,g.44.1,g.44.1.6,53
d2lwra1,SCOPe-ALL,family,g.44.1.0,g,g.44,g.44.1,g.44.1.0,66
d7c96b_,SCOPe-ALL,family,g.44.1.0,g,g.44,g.44.1,g.44.1.0,73
d2y43a_,SCOPe-ALL,family,g.44.1.0,g,g.44,g.44.1,g.44.1.0,89
d5o75a_,SCOPe-ALL,family,g.44.1.0,g,g.44,g.44.1,g.44.1.0,71
d5d0ib_,SCOPe-ALL,family,g.44.1.0,g,g.44,g.44.1,g.44.1.0,53
d3lrqa1,SCOPe-ALL,family,g.44.1.0,g,g.44,g.44.1,g.44.1.0,81
d2lxhc_,SCOPe-ALL,family,g.44.1.0,g,g.44,g.44.1,g.44.1.0,58
d2ecta1,SCOPe-ALL,family,g.44.1.0,g,g.44,g.44.1,g.44.1.0,71
d1u5ka2,SCOPe-ALL,family,g.45.1.2,g,g.45,g.45.1,g.45.1.2,157
d2b0oe1,SCOPe-ALL,family,g.45.1.0,g,g.45,g.45.1,g.45.1.0,122
d1jjda_,SCOPe-ALL,family,g.46.1.1,g,g.46,g.46.1,g.46.1.1,52
d1rjuv_,SCOPe-ALL,family,g.46.1.1,g,g.46,g.46.1,g.46.1.1,36
d1m0ja_,SCOPe-ALL,family,g.46.1.1,g,g.46,g.46.1,g.46.1.1,28
d1m0ga_,SCOPe-ALL,family,g.46.1.1,g,g.46,g.46.1,g.46.1.1,30
d1dmca_,SCOPe-ALL,family,g.46.1.1,g,g.46,g.46.1,g.46.1.1,31
d1dmea_,SCOPe-ALL,family,g.46.1.1,g,g.46,g.46.1,g.46.1.1,28
d1t2ya_,SCOPe-ALL,family,g.46.1.1,g,g.46,g.46.1,g.46.1.1,25
d1qjka_,SCOPe-ALL,family,g.46.1.1,g,g.46,g.46.1,g.46.1.1,36
d1qjla_,SCOPe-ALL,family,g.46.1.1,g,g.46,g.46.1,g.46.1.1,28
d4mt2a_,SCOPe-ALL,family,g.46.1.1,g,g.46,g.46.1,g.46.1.1,61
d6gv6a_,SCOPe-ALL,family,g.46.1.0,g,g.46,g.46.1,g.46.1.0,52
d1co4a_,SCOPe-ALL,family,g.47.1.1,g,g.47,g.47.1,g.47.1.1,42
d1eyfa_,SCOPe-ALL,family,g.48.1.1,g,g.48,g.48.1,g.48.1.1,92
d1r79a1,SCOPe-ALL,family,g.49.1.1,g,g.49,g.49.1,g.49.1.1,71
d1kbea1,SCOPe-ALL,family,g.49.1.1,g,g.49,g.49.1,g.49.1.1,48
d1faqa_,SCOPe-ALL,family,g.49.1.1,g,g.49,g.49.1,g.49.1.1,52
d4fkda1,SCOPe-ALL,family,g.49.1.1,g,g.49,g.49.1,g.49.1.1,50
d1z60a1,SCOPe-ALL,family,g.49.1.2,g,g.49,g.49.1,g.49.1.2,59
d1v5na1,SCOPe-ALL,family,g.49.1.3,g,g.49,g.49.1,g.49.1.3,76
d2e73a1,SCOPe-ALL,family,g.49.1.0,g,g.49,g.49.1,g.49.1.0,70
d2yuua1,SCOPe-ALL,family,g.49.1.0,g,g.49,g.49.1,g.49.1.0,70
d1zbdb_,SCOPe-ALL,family,g.50.1.1,g,g.50,g.50.1,g.50.1.1,124
d1y02a2,SCOPe-ALL,family,g.50.1.1,g,g.50,g.50.1,g.50.1.1,51
d1vfya1,SCOPe-ALL,family,g.50.1.1,g,g.50,g.50.1,g.50.1.1,62
d1wfka1,SCOPe-ALL,family,g.50.1.1,g,g.50,g.50.1,g.50.1.1,75
d1wema1,SCOPe-ALL,family,g.50.1.2,g,g.50,g.50.1,g.50.1.2,63
d2pnxa1,SCOPe-ALL,family,g.50.1.2,g,g.50,g.50.1,g.50.1.2,51
d1fp0a1,SCOPe-ALL,family,g.50.1.2,g,g.50,g.50.1,g.50.1.2,61
d1weva1,SCOPe-ALL,family,g.50.1.2,g,g.50,g.50.1,g.50.1.2,75
d1weqa1,SCOPe-ALL,family,g.50.1.2,g,g.50,g.50.1,g.50.1.2,72
d1weea1,SCOPe-ALL,family,g.50.1.2,g,g.50,g.50.1,g.50.1.2,59
d1we9a1,SCOPe-ALL,family,g.50.1.2,g,g.50,g.50.1,g.50.1.2,51
d3kqia1,SCOPe-ALL,family,g.50.1.2,g,g.50,g.50.1,g.50.1.2,69
d2v89a2,SCOPe-ALL,family,g.50.1.2,g,g.50,g.50.1,g.50.1.2,74
d1wila1,SCOPe-ALL,family,g.50.1.3,g,g.50,g.50.1,g.50.1.3,76
d3t7la_,SCOPe-ALL,family,g.50.1.0,g,g.50,g.50.1,g.50.1.0,74
d3zvzb1,SCOPe-ALL,family,g.50.1.0,g,g.50,g.50.1,g.50.1.0,52
d2puya1,SCOPe-ALL,family,g.50.1.0,g,g.50,g.50.1,g.50.1.0,58
d3zyqa2,SCOPe-ALL,family,g.50.1.0,g,g.50,g.50.1,g.50.1.0,74
d4qf3a1,SCOPe-ALL,family,g.50.1.0,g,g.50,g.50.1,g.50.1.0,56
d1z2qa1,SCOPe-ALL,family,g.50.1.0,g,g.50,g.50.1,g.50.1.0,78
d2rsda1,SCOPe-ALL,family,g.50.1.0,g,g.50,g.50.1,g.50.1.0,66
d2l7pa1,SCOPe-ALL,family,g.50.2.1,g,g.50,g.50.2,g.50.2.1,89
d2rr4a1,SCOPe-ALL,family,g.50.2.1,g,g.50,g.50.2,g.50.2.1,62
d2wb0x2,SCOPe-ALL,family,g.51.1.1,g,g.51,g.51.1,g.51.1.1,120
d2wb0x3,SCOPe-ALL,family,g.51.1.1,g,g.51,g.51.1,g.51.1.1,144
d2qfaa_,SCOPe-ALL,family,g.52.1.1,g,g.52,g.52.1,g.52.1.1,137
d1se0a_,SCOPe-ALL,family,g.52.1.1,g,g.52,g.52.1,g.52.1.1,97
d1jd5a_,SCOPe-ALL,family,g.52.1.1,g,g.52,g.52.1,g.52.1.1,105
d1i3oe_,SCOPe-ALL,family,g.52.1.1,g,g.52,g.52.1,g.52.1.1,111
d4lgea_,SCOPe-ALL,family,g.52.1.1,g,g.52,g.52.1,g.52.1.1,92
d7lvsb_,SCOPe-ALL,family,g.53.1.1,g,g.53,g.53.1,g.53.1.1,97
d1f81a_,SCOPe-ALL,family,g.53.1.1,g,g.53,g.53.1,g.53.1.1,87
d1exka_,SCOPe-ALL,family,g.54.1.1,g,g.54,g.54.1,g.54.1.1,79
d1nlta3,SCOPe-ALL,family,g.54.1.1,g,g.54,g.54.1,g.54.1.1,74
d1e8pa_,SCOPe-ALL,family,g.55.1.1,g,g.55,g.55.1,g.55.1.1,46
d1ha8a_,SCOPe-ALL,family,g.58.1.1,g,g.58,g.58.1,g.58.1.1,51
d2d74b2,SCOPe-ALL,family,g.59.1.0,g,g.59,g.59.1,g.59.1.0,36
d1lsla1,SCOPe-ALL,family,g.60.1.1,g,g.60,g.60.1,g.60.1.1,54
d2j4wd1,SCOPe-ALL,family,g.61.1.1,g,g.61,g.61.1,g.61.1.1,34
d1hn6a_,SCOPe-ALL,family,g.61.1.1,g,g.61,g.61.1,g.61.1.1,110
d1lpva_,SCOPe-ALL,family,g.62.1.1,g,g.62,g.62.1,g.62.1.1,52
d1nj7a_,SCOPe-ALL,family,g.63.1.1,g,g.63,g.63.1,g.63.1.1,58
d1oc0b_,SCOPe-ALL,family,g.64.1.1,g,g.64,g.64.1,g.64.1.1,37
d1pb5a_,SCOPe-ALL,family,g.65.1.1,g,g.65,g.65.1,g.65.1.1,35
d1rgoa1,SCOPe-ALL,family,g.66.1.1,g,g.66,g.66.1,g.66.1.1,36
d2fc6a1,SCOPe-ALL,family,g.66.1.1,g,g.66,g.66.1,g.66.1.1,37
d2cqea1,SCOPe-ALL,family,g.66.1.1,g,g.66,g.66.1,g.66.1.1,56
d2cqea2,SCOPe-ALL,family,g.66.1.1,g,g.66,g.66.1,g.66.1.1,29
d3u1la1,SCOPe-ALL,family,g.66.1.2,g,g.66,g.66.1,g.66.1.2,119
d3jb9y1,SCOPe-ALL,family,g.66.1.2,g,g.66,g.66.1,g.66.1.2,123
d1k18a_,SCOPe-ALL,family,g.67.1.1,g,g.67,g.67.1,g.67.1.1,31
d1iw4a_,SCOPe-ALL,family,g.68.1.1,g,g.68,g.68.1,g.68.1.1,55
d2erwa1,SCOPe-ALL,family,g.68.1.1,g,g.68,g.68.1,g.68.1.1,53
d1nuba3,SCOPe-ALL,family,g.68.1.1,g,g.68,g.68.1,g.68.1.1,58
d1lr7a2,SCOPe-ALL,family,g.68.1.1,g,g.68,g.68.1,g.68.1.1,48
d1ldtl_,SCOPe-ALL,family,g.68.1.1,g,g.68,g.68.1,g.68.1.1,46
d1r0ri_,SCOPe-ALL,family,g.68.1.1,g,g.68,g.68.1,g.68.1.1,51
d1r0tb_,SCOPe-ALL,family,g.68.1.1,g,g.68,g.68.1,g.68.1.1,62
d1pcea_,SCOPe-ALL,family,g.68.1.1,g,g.68,g.68.1,g.68.1.1,60
d1tgsi_,SCOPe-ALL,family,g.68.1.1,g,g.68,g.68.1,g.68.1.1,56
d1h0za_,SCOPe-ALL,family,g.68.1.2,g,g.68,g.68.1,g.68.1.2,68
d1hdla_,SCOPe-ALL,family,g.68.1.2,g,g.68,g.68.1,g.68.1.2,55
d2n71a_,SCOPe-ALL,family,g.68.1.0,g,g.68,g.68.1,g.68.1.0,50
d6kbrc_,SCOPe-ALL,family,g.68.1.0,g,g.68,g.68.1,g.68.1.0,55
d4sgbi_,SCOPe-ALL,family,g.69.1.1,g,g.69,g.69.1,g.69.1.1,51
d1pjua2,SCOPe-ALL,family,g.69.1.1,g,g.69,g.69.1,g.69.1.1,57
d1kg1a_,SCOPe-ALL,family,g.70.1.1,g,g.70,g.70.1,g.70.1.1,60
d1sopa_,SCOPe-ALL,family,g.71.1.1,g,g.71,g.71.1,g.71.1.1,24
d1ul5a_,SCOPe-ALL,family,g.72.1.1,g,g.72,g.72.1,g.72.1.1,86
d1wj0a_,SCOPe-ALL,family,g.72.1.1,g,g.72,g.72.1,g.72.1.1,58
d1pxea_,SCOPe-ALL,family,g.73.1.1,g,g.73,g.73.1,g.73.1.1,48
d2i9wa2,SCOPe-ALL,family,g.74.1.1,g,g.74,g.74.1,g.74.1.1,39
d2i9wa3,SCOPe-ALL,family,g.74.1.1,g,g.74,g.74.1,g.74.1.1,25
d1ozbi_,SCOPe-ALL,family,g.74.1.1,g,g.74,g.74.1,g.74.1.1,24
d1ux6a2,SCOPe-ALL,family,g.75.1.1,g,g.75,g.75.1,g.75.1.1,124
d1u34a1,SCOPe-ALL,family,g.76.1.1,g,g.76,g.76.1,g.76.1.1,95
d2joda1,SCOPe-ALL,family,g.76.1.1,g,g.76,g.76.1,g.76.1.1,101
d1rgxa_,SCOPe-ALL,family,g.77.1.1,g,g.77,g.77.1,g.77.1.1,89
d6u26b2,SCOPe-ALL,family,g.77.1.2,g,g.77,g.77.1,g.77.1.2,233
d2ayda_,SCOPe-ALL,family,g.79.1.0,g,g.79,g.79.1,g.79.1.0,76
d5w3xd_,SCOPe-ALL,family,g.79.1.0,g,g.79,g.79.1,g.79.1.0,77
d1wfea1,SCOPe-ALL,family,g.80.1.1,g,g.80,g.80.1,g.80.1.1,73
d1wffa1,SCOPe-ALL,family,g.80.1.1,g,g.80,g.80.1,g.80.1.1,72
d1wfpa1,SCOPe-ALL,family,g.80.1.1,g,g.80,g.80.1,g.80.1.1,61
d1xjha_,SCOPe-ALL,family,g.81.1.1,g,g.81,g.81.1,g.81.1.1,62
d1vq0a2,SCOPe-ALL,family,g.81.1.1,g,g.81,g.81.1,g.81.1.1,57
d1wvka1,SCOPe-ALL,family,g.82.1.1,g,g.82,g.82.1,g.82.1.1,77
d2bskb1,SCOPe-ALL,family,g.83.1.1,g,g.83,g.83.1,g.83.1.1,65
d2bska1,SCOPe-ALL,family,g.83.1.1,g,g.83,g.83.1,g.83.1.1,73
d3dxra_,SCOPe-ALL,family,g.83.1.0,g,g.83,g.83.1,g.83.1.0,69
d3dxrb_,SCOPe-ALL,family,g.83.1.0,g,g.83,g.83.1,g.83.1.0,69
d1vfia1,SCOPe-ALL,family,g.84.1.1,g,g.84,g.84.1,g.84.1.1,91
d2jw6a_,SCOPe-ALL,family,g.85.1.1,g,g.85,g.85.1,g.85.1.1,42
d2d8qa1,SCOPe-ALL,family,g.85.1.1,g,g.85,g.85.1,g.85.1.1,57
d1x4sa1,SCOPe-ALL,family,g.85.1.2,g,g.85,g.85.1,g.85.1.2,46
d6zpea1,SCOPe-ALL,family,g.86.1.1,g,g.86,g.86.1,g.86.1.1,121
d2baia1,SCOPe-ALL,family,g.87.1.1,g,g.87,g.87.1,g.87.1.1,32
d2ffta1,SCOPe-ALL,family,g.88.1.1,g,g.88,g.88.1,g.88.1.1,83
d2p8qb_,SCOPe-ALL,family,g.88.2.1,g,g.88,g.88.2,g.88.2.1,39
d2k2ca1,SCOPe-ALL,family,g.89.1.1,g,g.89,g.89.1,g.89.1.1,82
d2fk4a1,SCOPe-ALL,family,g.90.1.1,g,g.90,g.90.1,g.90.1.1,65
d2b9da1,SCOPe-ALL,family,g.91.1.1,g,g.91,g.91.1,g.91.1.1,50
d2ewla1,SCOPe-ALL,family,g.91.1.1,g,g.91,g.91.1,g.91.1.1,52
d2pkgc1,SCOPe-ALL,family,g.92.1.1,g,g.92,g.92.1,g.92.1.1,80
d2k2ca2,SCOPe-ALL,family,g.93.1.0,g,g.93,g.93.1,g.93.1.0,55
d2a73a6,SCOPe-ALL,family,g.94.1.1,g,g.94,g.94.1,g.94.1.1,66
d3cu7a9,SCOPe-ALL,family,g.94.1.1,g,g.94,g.94.1,g.94.1.1,67
d3pt6a1,SCOPe-ALL,family,g.95.1.1,g,g.95,g.95.1,g.95.1.1,50
d2foma1,SCOPe-ALL,family,g.96.1.1,g,g.96,g.96.1,g.96.1.1,47
d6y3ba_,SCOPe-ALL,family,g.96.1.0,g,g.96,g.96.1,g.96.1.0,38
d3s2ra_,SCOPe-ALL,family,g.97.1.0,g,g.97,g.97.1,g.97.1.0,64
d4c3hd_,SCOPe-ALL,family,g.98.1.1,g,g.98,g.98.1,g.98.1.1,89
d6id0n_,SCOPe-ALL,family,g.99.1.1,g,g.99,g.99.1,g.99.1.1,143
d5lj3n2,SCOPe-ALL,family,g.100.1.1,g,g.100,g.100.1,g.100.1.1,139
d5syba_,SCOPe-ALL,family,g.101.1.1,g,g.101,g.101.1,g.101.1.1,90
d5fyza2,SCOPe-ALL,family,g.102.1.0,g,g.102,g.102.1,g.102.1.0,131
d4g26a2,SCOPe-ALL,family,g.103.1.1,g,g.103,g.103.1,g.103.1.1,90
