id,dataset,label_type,family,length
d1x3ca1,SCOPe-5K,family,1x3c,60
d1gsia_,SCOPe-5K,family,1gsi,208
d2q22a1,SCOPe-5K,family,2q22,131
d3p0ca1,SCOPe-5K,family,3p0c,104
d1ooha1,SCOPe-5K,family,1ooh,124
d2ehza2,SCOPe-5K,family,2ehz,165
d2ehza1,SCOPe-5K,family,2ehz,134
d2cria1,SCOPe-5K,family,2cri,134
d2j8ba_,SCOPe-5K,family,2j8b,78
d2keoa_,SCOPe-5K,family,2keo,92
d3k7ib_,SCOPe-5K,family,3k7i,157
d4b9pa_,SCOPe-5K,family,4b9p,166
d6frea1,SCOPe-5K,family,6fre,165
d2cnqa_,SCOPe-5K,family,2cnq,304
d4pe3a_,SCOPe-5K,family,4pe3,315
d1eq1a_,SCOPe-5K,family,1eq1,166
d3weba_,SCOPe-5K,family,3web,132
d6xmya1,SCOPe-5K,family,6xmy,322
d5u8ra5,SCOPe-5K,family,5u8r,100
d5u8ra4,SCOPe-5K,family,5u8r,121
d2czra1,SCOPe-5K,family,2czr,218
d7jurb_,SCOPe-5K,family,7jur,281
d2qzga1,SCOPe-5K,family,2qzg,88
d4a14a_,SCOPe-5K,family,4a14,336
d1g5ba_,SCOPe-5K,family,1g5b,219
d1x54a1,SCOPe-5K,family,1x54,104
d1x54a2,SCOPe-5K,family,1x54,330
d1vfia1,SCOPe-5K,family,1vfi,91
d2dk5a1,SCOPe-5K,family,2dk5,78
d1u6ta1,SCOPe-5K,family,1u6t,113
d1t1ua2,SCOPe-5K,family,1t1u,215
d1t1ua1,SCOPe-5K,family,1t1u,382
d1nsla1,SCOPe-5K,family,1nsl,179
d2f4ma1,SCOPe-5K,family,2f4m,287
d2f4mb2,SCOPe-5K,family,2f4m,60
d5jsia_,SCOPe-5K,family,5jsi,215
d3wg3a1,SCOPe-5K,family,3wg3,161
d2eeha1,SCOPe-5K,family,2eeh,87
d2c0ua1,SCOPe-5K,family,2c0u,170
d2c0ua2,SCOPe-5K,family,2c0u,259
d3a4ua_,SCOPe-5K,family,3a4u,228
d2vv5a1,SCOPe-5K,family,2vv5,67
d2vv5a3,SCOPe-5K,family,2vv5,86
d2vv5a2,SCOPe-5K,family,2vv5,101
d4jbma1,SCOPe-5K,family,4jbm,96
d2dbja1,SCOPe-5K,family,2dbj,111
d1wl8a1,SCOPe-5K,family,1wl8,188
d1qd5a_,SCOPe-5K,family,1qd5,257
d3ecma_,SCOPe-5K,family,3ecm,338
d2l8da1,SCOPe-5K,family,2l8d,62
d4qf3a1,SCOPe-5K,family,4qf3,56
d2oxga_,SCOPe-5K,family,2oxg,108
d1tuea1,SCOPe-5K,family,1tue,202
d5fffa_,SCOPe-5K,family,5fff,257
d1m9sa2,SCOPe-5K,family,1m9s,75
d1m9sa3,SCOPe-5K,family,1m9s,86
d2bw4a2,SCOPe-5K,family,2bw4,174
d2bw4a1,SCOPe-5K,family,2bw4,160
d2hmta_,SCOPe-5K,family,2hmt,139
d2zptx_,SCOPe-5K,family,2zpt,288
d4eo7a1,SCOPe-5K,family,4eo7,140
d4my5a_,SCOPe-5K,family,4my5,390
d1mpga2,SCOPe-5K,family,1mpg,99
d1mpga1,SCOPe-5K,family,1mpg,183
d1a8da1,SCOPe-5K,family,1a8d,247
d1a8da2,SCOPe-5K,family,1a8d,205
d5hbaa_,SCOPe-5K,family,5hba,133
d1peaa_,SCOPe-5K,family,1pea,368
d5wl1a1,SCOPe-5K,family,5wl1,180
d5wl1a2,SCOPe-5K,family,5wl1,95
d2zbta_,SCOPe-5K,family,2zbt,276
d5hkea_,SCOPe-5K,family,5hke,322
d1oaia_,SCOPe-5K,family,1oai,59
d1x3xa_,SCOPe-5K,family,1x3x,82
d2vcha_,SCOPe-5K,family,2vch,471
d1te4a_,SCOPe-5K,family,1te4,111
d2ch9a1,SCOPe-5K,family,2ch9,121
d2zgya2,SCOPe-5K,family,2zgy,163
d2zgya1,SCOPe-5K,family,2zgy,157
d2vrna_,SCOPe-5K,family,2vrn,185
d1guta_,SCOPe-5K,family,1gut,67
d4lnoa2,SCOPe-5K,family,4lno,340
d4lnoa1,SCOPe-5K,family,4lno,103
d3ifva2,SCOPe-5K,family,3ifv,131
d3ifva1,SCOPe-5K,family,3ifv,111
d2opib_,SCOPe-5K,family,2opi,209
d2fona3,SCOPe-5K,family,2fon,195
d1s9ua1,SCOPe-5K,family,1s9u,204
d1g6oa_,SCOPe-5K,family,1g6o,323
d3qe2a1,SCOPe-5K,family,3qe2,171
d3vx0a2,SCOPe-5K,family,3vx0,94
d3vx0a1,SCOPe-5K,family,3vx0,381
d4m1qa2,SCOPe-5K,family,4m1q,170
d4m1qa1,SCOPe-5K,family,4m1q,142
d1zvfa1,SCOPe-5K,family,1zvf,175
d2naca1,SCOPe-5K,family,2nac,188
d2naca2,SCOPe-5K,family,2nac,187
d2q46a2,SCOPe-5K,family,2q46,252
d2dm9a1,SCOPe-5K,family,2dm9,118
d1ckma2,SCOPe-5K,family,1ckm,228
d1ckma1,SCOPe-5K,family,1ckm,89
d1iqoa_,SCOPe-5K,family,1iqo,88
d1pgva_,SCOPe-5K,family,1pgv,167
d5b6ka1,SCOPe-5K,family,5b6k,342
d2rema_,SCOPe-5K,family,2rem,190
d2apla1,SCOPe-5K,family,2apl,149
d2z10a_,SCOPe-5K,family,2z10,188
d2bi7a1,SCOPe-5K,family,2bi7,315
d2bi7a2,SCOPe-5K,family,2bi7,69
d6f9oa1,SCOPe-5K,family,6f9o,303
d2ccla2,SCOPe-5K,family,2ccl,146
d2cclb1,SCOPe-5K,family,2ccl,59
d2p3wa1,SCOPe-5K,family,2p3w,100
d3x0ia_,SCOPe-5K,family,3x0i,159
d1u5pa1,SCOPe-5K,family,1u5p,110
d1u5pa2,SCOPe-5K,family,1u5p,101
d2jk3a2,SCOPe-5K,family,2jk3,114
d2jk3a1,SCOPe-5K,family,2jk3,73
d1edqa2,SCOPe-5K,family,1edq,359
d1edqa1,SCOPe-5K,family,1edq,109
d1edqa3,SCOPe-5K,family,1edq,73
d1vlra2,SCOPe-5K,family,1vlr,107
d1vlra1,SCOPe-5K,family,1vlr,192
d1rq6a_,SCOPe-5K,family,1rq6,62
d4hz2a1,SCOPe-5K,family,4hz2,79
d4hz2a2,SCOPe-5K,family,4hz2,125
d6h24a_,SCOPe-5K,family,6h24,131
d6i0ia_,SCOPe-5K,family,6i0i,108
d2cyja1,SCOPe-5K,family,2cyj,118
d1u7ba2,SCOPe-5K,family,1u7b,129
d1u7ba1,SCOPe-5K,family,1u7b,126
d1n6za_,SCOPe-5K,family,1n6z,105
d2l6qa_,SCOPe-5K,family,2l6q,62
d1ka8a_,SCOPe-5K,family,1ka8,100
d6a2bb_,SCOPe-5K,family,6a2b,94
d6a2ba2,SCOPe-5K,family,6a2b,93
d3mvga_,SCOPe-5K,family,3mvg,251
d1ueda_,SCOPe-5K,family,1ued,403
d2j59m1,SCOPe-5K,family,2j59,133
d1hfel2,SCOPe-5K,family,1hfe,85
d1hfes_,SCOPe-5K,family,1hfe,88
d2faza1,SCOPe-5K,family,2faz,76
d3zv4a_,SCOPe-5K,family,3zv4,275
d1kq6a_,SCOPe-5K,family,1kq6,140
d1zuna1,SCOPe-5K,family,1zun,211
d1zunb2,SCOPe-5K,family,1zun,105
d1zunb1,SCOPe-5K,family,1zun,92
d1zunb3,SCOPe-5K,family,1zun,222
d2ousa1,SCOPe-5K,family,2ous,323
d3mhsb_,SCOPe-5K,family,3mhs,91
d2a6ca1,SCOPe-5K,family,2a6c,69
d3wh1a_,SCOPe-5K,family,3wh1,204
d1vqta1,SCOPe-5K,family,1vqt,198
d3hxia1,SCOPe-5K,family,3hxi,181
d3ni8a1,SCOPe-5K,family,3ni8,139
d2c1xa1,SCOPe-5K,family,2c1x,450
d2gnoa2,SCOPe-5K,family,2gno,198
d2gnoa1,SCOPe-5K,family,2gno,98
d2crma1,SCOPe-5K,family,2crm,107
d6tuza_,SCOPe-5K,family,6tuz,365
d3c02a_,SCOPe-5K,family,3c02,242
d1l8na2,SCOPe-5K,family,1l8n,139
d1vyya_,SCOPe-5K,family,1vyy,113
d1v59a3,SCOPe-5K,family,1v59,123
d1v59a1,SCOPe-5K,family,1v59,234
d1v59a2,SCOPe-5K,family,1v59,122
d2lm1a_,SCOPe-5K,family,2lm1,107
d2r0ha_,SCOPe-5K,family,2r0h,160
d1vmga_,SCOPe-5K,family,1vmg,83
d1wlqc_,SCOPe-5K,family,1wlq,187
d3rota_,SCOPe-5K,family,3rot,273
d1poib_,SCOPe-5K,family,1poi,260
d1poia_,SCOPe-5K,family,1poi,317
d2axoa1,SCOPe-5K,family,2axo,225
d1nqja_,SCOPe-5K,family,1nqj,101
d5x3ya1,SCOPe-5K,family,5x3y,92
d1k38a_,SCOPe-5K,family,1k38,241
d1t1va_,SCOPe-5K,family,1t1v,93
d1rfsa_,SCOPe-5K,family,1rfs,127
d3gd6a1,SCOPe-5K,family,3gd6,122
d3gd6a2,SCOPe-5K,family,3gd6,252
d2ox7a1,SCOPe-5K,family,2ox7,142
d4edpa_,SCOPe-5K,family,4edp,316
d4h3ea2,SCOPe-5K,family,4h3e,114
d3pt8a_,SCOPe-5K,family,3pt8,151
d3d3ra1,SCOPe-5K,family,3d3r,76
d1rmja1,SCOPe-5K,family,1rmj,80
d2yhha_,SCOPe-5K,family,2yhh,108
d2gzsa_,SCOPe-5K,family,2gzs,265
d4q27a_,SCOPe-5K,family,4q27,133
d1weza1,SCOPe-5K,family,1wez,89
d1eoka_,SCOPe-5K,family,1eok,282
d4gcoa_,SCOPe-5K,family,4gco,120
d1sv7a_,SCOPe-5K,family,1sv7,109
d2eb4a_,SCOPe-5K,family,2eb4,267
d4fhaa_,SCOPe-5K,family,4fha,310
d5id6a2,SCOPe-5K,family,5id6,126
d5id6a1,SCOPe-5K,family,5id6,293
d5id6a3,SCOPe-5K,family,5id6,237
d5id6a5,SCOPe-5K,family,5id6,480
d5id6a4,SCOPe-5K,family,5id6,94
d4q7ka_,SCOPe-5K,family,4q7k,218
d3aala_,SCOPe-5K,family,3aal,298
d1jrma1,SCOPe-5K,family,1jrm,103
d1h0aa_,SCOPe-5K,family,1h0a,158
d4h03a1,SCOPe-5K,family,4h03,209
d6vxua_,SCOPe-5K,family,6vxu,322
d2nn5a1,SCOPe-5K,family,2nn5,160
d3efba1,SCOPe-5K,family,3efb,255
d1hc7a1,SCOPe-5K,family,1hc7,127
d1hc7a3,SCOPe-5K,family,1hc7,74
d1hc7a2,SCOPe-5K,family,1hc7,272
d1v4pa_,SCOPe-5K,family,1v4p,151
d1w4ra1,SCOPe-5K,family,1w4r,133
d1t6ca2,SCOPe-5K,family,1t6c,180
d1t6ca1,SCOPe-5K,family,1t6c,126
d2gnxa2,SCOPe-5K,family,2gnx,146
d2gnxa1,SCOPe-5K,family,2gnx,172
d1vtnc1,SCOPe-5K,family,1vtn,101
d3w1ya_,SCOPe-5K,family,3w1y,129
d1nm3a1,SCOPe-5K,family,1nm3,74
d3fe3a_,SCOPe-5K,family,3fe3,317
d3s6ja_,SCOPe-5K,family,3s6j,220
d5wmga1,SCOPe-5K,family,5wmg,125
d3r3qa_,SCOPe-5K,family,3r3q,153
d6qmma_,SCOPe-5K,family,6qmm,281
d1ub0a_,SCOPe-5K,family,1ub0,258
d4l2ib_,SCOPe-5K,family,4l2i,263
d6u1pa_,SCOPe-5K,family,6u1p,149
d1x7fa1,SCOPe-5K,family,1x7f,117
d1x7fa2,SCOPe-5K,family,1x7f,244
d1wc1a_,SCOPe-5K,family,1wc1,197
d5zw7a2,SCOPe-5K,family,5zw7,153
d5zw7a1,SCOPe-5K,family,5zw7,230
d6koga1,SCOPe-5K,family,6kog,255
d6koga2,SCOPe-5K,family,6kog,203
d2hqya2,SCOPe-5K,family,2hqy,134
d2hqya1,SCOPe-5K,family,2hqy,164
d3paja1,SCOPe-5K,family,3paj,128
d1texa_,SCOPe-5K,family,1tex,265
d1fhoa_,SCOPe-5K,family,1fho,119
d1b5ea_,SCOPe-5K,family,1b5e,241
d2zbxa1,SCOPe-5K,family,2zbx,399
d4yaga_,SCOPe-5K,family,4yag,271
d2pefa_,SCOPe-5K,family,2pef,373
d3rw7a2,SCOPe-5K,family,3rw7,160
d3rw7a1,SCOPe-5K,family,3rw7,82
d1xi9a1,SCOPe-5K,family,1xi9,394
d2xgya_,SCOPe-5K,family,2xgy,137
d1uj6a2,SCOPe-5K,family,1uj6,74
d1uj6a1,SCOPe-5K,family,1uj6,152
d4w4ka_,SCOPe-5K,family,4w4k,82
d4w4kb_,SCOPe-5K,family,4w4k,173
d3hmoa_,SCOPe-5K,family,3hmo,281
d2ovla1,SCOPe-5K,family,2ovl,126
d2ovla2,SCOPe-5K,family,2ovl,233
d4dw8a_,SCOPe-5K,family,4dw8,266
d4ua6a_,SCOPe-5K,family,4ua6,263
d2ga1a1,SCOPe-5K,family,2ga1,102
d1z9ta_,SCOPe-5K,family,1z9t,242
d2p4pa1,SCOPe-5K,family,2p4p,82
d2qvja_,SCOPe-5K,family,2qvj,421
d1mnma_,SCOPe-5K,family,1mnm,85
d6iy4i_,SCOPe-5K,family,6iy4,93
d2f6ka1,SCOPe-5K,family,2f6k,306
d6c3ma1,SCOPe-5K,family,6c3m,66
d6c3ma4,SCOPe-5K,family,6c3m,145
d6c3ma3,SCOPe-5K,family,6c3m,80
d6c3ma2,SCOPe-5K,family,6c3m,200
d2cyea1,SCOPe-5K,family,2cye,132
d3kfla2,SCOPe-5K,family,3kfl,162
d1gs9a_,SCOPe-5K,family,1gs9,144
d1v65a1,SCOPe-5K,family,1v65,51
d1amma1,SCOPe-5K,family,1amm,85
d1amma2,SCOPe-5K,family,1amm,89
d1gy8a_,SCOPe-5K,family,1gy8,383
d1wx1a_,SCOPe-5K,family,1wx1,335
d5tv2a2,SCOPe-5K,family,5tv2,117
d5tv2a1,SCOPe-5K,family,5tv2,288
d1pufb_,SCOPe-5K,family,1puf,73
d1pufa_,SCOPe-5K,family,1puf,77
d1saya1,SCOPe-5K,family,1say,168
d1saya2,SCOPe-5K,family,1say,194
d1n4ka2,SCOPe-5K,family,1n4k,200
d1n4ka1,SCOPe-5K,family,1n4k,167
d4f0hb_,SCOPe-5K,family,4f0h,138
d4emta1,SCOPe-5K,family,4emt,183
d4wnoa_,SCOPe-5K,family,4wno,273
d1c4oa1,SCOPe-5K,family,1c4o,408
d1c4oa2,SCOPe-5K,family,1c4o,174
d2wbsa_,SCOPe-5K,family,2wbs,87
d1ofwa_,SCOPe-5K,family,1ofw,293
d4mb8a1,SCOPe-5K,family,4mb8,134
d4oq9a_,SCOPe-5K,family,4oq9,144
d5zrca_,SCOPe-5K,family,5zrc,126
d3tqta2,SCOPe-5K,family,3tqt,232
d2dn7a1,SCOPe-5K,family,2dn7,94
d2jc4a_,SCOPe-5K,family,2jc4,256
d2m2ua_,SCOPe-5K,family,2m2u,174
d3pu5a1,SCOPe-5K,family,3pu5,321
d1fo5a_,SCOPe-5K,family,1fo5,85
d4uxaa_,SCOPe-5K,family,4uxa,131
d1wfya1,SCOPe-5K,family,1wfy,91
d1orda2,SCOPe-5K,family,1ord,462
d1orda3,SCOPe-5K,family,1ord,161
d1orda1,SCOPe-5K,family,1ord,107
d6tl7a1,SCOPe-5K,family,6tl7,131
d1wiya_,SCOPe-5K,family,1wiy,385
d5qu8a_,SCOPe-5K,family,5qu8,58
d5zkka_,SCOPe-5K,family,5zkk,197
d1k9ua_,SCOPe-5K,family,1k9u,76
d1rq8a_,SCOPe-5K,family,1rq8,96
d2gjva1,SCOPe-5K,family,2gjv,134
d3hjea2,SCOPe-5K,family,3hje,63
d1gy7a_,SCOPe-5K,family,1gy7,121
d1vkha1,SCOPe-5K,family,1vkh,261
d3ieia_,SCOPe-5K,family,3iei,310
d2da5a1,SCOPe-5K,family,2da5,62
d2v8ta_,SCOPe-5K,family,2v8t,302
d2iyva2,SCOPe-5K,family,2iyv,175
d1v5pa1,SCOPe-5K,family,1v5p,113
d2o55a_,SCOPe-5K,family,2o55,254
d3i65a_,SCOPe-5K,family,3i65,378
d4amga1,SCOPe-5K,family,4amg,377
d3cb2a2,SCOPe-5K,family,3cb2,200
d3cb2a1,SCOPe-5K,family,3cb2,245
d1oi0a_,SCOPe-5K,family,1oi0,121
d1heka1,SCOPe-5K,family,1hek,109
d1vi6a_,SCOPe-5K,family,1vi6,193
d3mmha_,SCOPe-5K,family,3mmh,167
d1kfwa1,SCOPe-5K,family,1kfw,375
d1kfwa2,SCOPe-5K,family,1kfw,61
d2ja9a2,SCOPe-5K,family,2ja9,85
d2ja9a1,SCOPe-5K,family,2ja9,90
d5ffga2,SCOPe-5K,family,5ffg,155
d3v4na2,SCOPe-5K,family,3v4n,216
d6mgla1,SCOPe-5K,family,6mgl,407
d6mgla2,SCOPe-5K,family,6mgl,338
d1n1fa_,SCOPe-5K,family,1n1f,156
d4m3pa_,SCOPe-5K,family,4m3p,392
d1tygb_,SCOPe-5K,family,1tyg,65
d3vypa1,SCOPe-5K,family,3vyp,111
d3vypa2,SCOPe-5K,family,3vyp,157
d2qu7a_,SCOPe-5K,family,2qu7,274
d1vi7a2,SCOPe-5K,family,1vi7,70
d3tqoa2,SCOPe-5K,family,3tqo,87
d2b94a1,SCOPe-5K,family,2b94,244
d5teaa_,SCOPe-5K,family,5tea,173
d1j72a3,SCOPe-5K,family,1j72,107
d1x6oa2,SCOPe-5K,family,1x6o,79
d4zgyb_,SCOPe-5K,family,4zgy,125
d1uara1,SCOPe-5K,family,1uar,143
d1uara2,SCOPe-5K,family,1uar,141
d2dn0a1,SCOPe-5K,family,2dn0,63
d1ujpa_,SCOPe-5K,family,1ujp,271
d2fmma_,SCOPe-5K,family,2fmm,68
d1yrea1,SCOPe-5K,family,1yre,183
d3n6wa1,SCOPe-5K,family,3n6w,95
d3n6wa2,SCOPe-5K,family,3n6w,290
d1gpma2,SCOPe-5K,family,1gpm,205
d2cula1,SCOPe-5K,family,2cul,230
d5h91a_,SCOPe-5K,family,5h91,217
d1ou5a1,SCOPe-5K,family,1ou5,204
d1ou5a2,SCOPe-5K,family,1ou5,150
d4qlxa_,SCOPe-5K,family,4qlx,217
d2a4va1,SCOPe-5K,family,2a4v,156
d4xuoa_,SCOPe-5K,family,4xuo,156
d1yt8a1,SCOPe-5K,family,1yt8,136
d1yt8a3,SCOPe-5K,family,1yt8,157
d1yt8a4,SCOPe-5K,family,1yt8,130
d1yt8a2,SCOPe-5K,family,1yt8,101
d2q03a1,SCOPe-5K,family,2q03,133
d1erja_,SCOPe-5K,family,1erj,388
d1v5qa1,SCOPe-5K,family,1v5q,109
d3cn5a_,SCOPe-5K,family,3cn5,237
d2ewca1,SCOPe-5K,family,2ewc,120
d2cwsa1,SCOPe-5K,family,2cws,226
d6t0ya_,SCOPe-5K,family,6t0y,270
d1ro2a_,SCOPe-5K,family,1ro2,210
d1wiva1,SCOPe-5K,family,1wiv,60
d3viia_,SCOPe-5K,family,3vii,472
d2para_,SCOPe-5K,family,2par,186
d1pgja1,SCOPe-5K,family,1pgj,300
d2r2za1,SCOPe-5K,family,2r2z,84
d3r8ja_,SCOPe-5K,family,3r8j,180
d1mk0a_,SCOPe-5K,family,1mk0,97
d1dlca1,SCOPe-5K,family,1dlc,145
d1dlca2,SCOPe-5K,family,1dlc,210
d3szaa_,SCOPe-5K,family,3sza,447
d4lfhg2,SCOPe-5K,family,4lfh,113
d4lfhg1,SCOPe-5K,family,4lfh,116
d4lfhd2,SCOPe-5K,family,4lfh,86
d6ygia_,SCOPe-5K,family,6ygi,148
d4icva_,SCOPe-5K,family,4icv,84
d2w70a1,SCOPe-5K,family,2w70,114
d2w70a2,SCOPe-5K,family,2w70,216
d2w70a3,SCOPe-5K,family,2w70,116
d1t36a6,SCOPe-5K,family,1t36,259
d1t36b2,SCOPe-5K,family,1t36,228
d1t36a2,SCOPe-5K,family,1t36,138
d1t36b1,SCOPe-5K,family,1t36,151
d1t36a3,SCOPe-5K,family,1t36,127
d1t36a1,SCOPe-5K,family,1t36,153
d1t36a5,SCOPe-5K,family,1t36,275
d1ys6a1,SCOPe-5K,family,1ys6,106
d2iepa1,SCOPe-5K,family,2iep,95
d2iepa2,SCOPe-5K,family,2iep,92
d3proc1,SCOPe-5K,family,3pro,80
d3proc2,SCOPe-5K,family,3pro,78
d1jl5a_,SCOPe-5K,family,1jl5,353
d1k68a_,SCOPe-5K,family,1k68,140
d1w53a_,SCOPe-5K,family,1w53,84
d3u7ra1,SCOPe-5K,family,3u7r,181
d2cx1a2,SCOPe-5K,family,2cx1,90
d2cx1a1,SCOPe-5K,family,2cx1,93
d2zica2,SCOPe-5K,family,2zic,73
d3hs3a1,SCOPe-5K,family,3hs3,262
d1wgqa1,SCOPe-5K,family,1wgq,96
d4id8a_,SCOPe-5K,family,4id8,65
d1nrjb_,SCOPe-5K,family,1nrj,209
d1nrja_,SCOPe-5K,family,1nrj,155
d5t5da_,SCOPe-5K,family,5t5d,155
d1vj0a2,SCOPe-5K,family,1vj0,182
d1vj0a1,SCOPe-5K,family,1vj0,185
d3ds2a_,SCOPe-5K,family,3ds2,84
d1zuoa1,SCOPe-5K,family,1zuo,162
d4gv2a1,SCOPe-5K,family,4gv2,144
d4gv2a2,SCOPe-5K,family,4gv2,211
d3pr1a_,SCOPe-5K,family,3pr1,192
d1gksa_,SCOPe-5K,family,1gks,78
d1f46a_,SCOPe-5K,family,1f46,139
d1om2a_,SCOPe-5K,family,1om2,95
d1vr6a2,SCOPe-5K,family,1vr6,338
d4uqva_,SCOPe-5K,family,4uqv,429
d1czsa_,SCOPe-5K,family,1czs,160
d1lw7a2,SCOPe-5K,family,1lw7,192
d1lw7a1,SCOPe-5K,family,1lw7,163
d5cgea1,SCOPe-5K,family,5cge,263
d5m1ea2,SCOPe-5K,family,5m1e,167
d5m1ea1,SCOPe-5K,family,5m1e,320
d3ucea_,SCOPe-5K,family,3uce,219
d7lsgc_,SCOPe-5K,family,7lsg,94
d1e6ta_,SCOPe-5K,family,1e6t,129
d1uv7a_,SCOPe-5K,family,1uv7,80
d3mhra1,SCOPe-5K,family,3mhr,231
d3heba1,SCOPe-5K,family,3heb,140
d3mtsa1,SCOPe-5K,family,3mts,61
d3qdoa1,SCOPe-5K,family,3qdo,103
d4olta_,SCOPe-5K,family,4olt,236
d1kmva_,SCOPe-5K,family,1kmv,186
d3eaga2,SCOPe-5K,family,3eag,231
d3eaga1,SCOPe-5K,family,3eag,92
d1vp8a1,SCOPe-5K,family,1vp8,189
d5c7ha_,SCOPe-5K,family,5c7h,281
d2g8la1,SCOPe-5K,family,2g8l,284
d3f0wa1,SCOPe-5K,family,3f0w,143
d2hgka1,SCOPe-5K,family,2hgk,109
d3zuda_,SCOPe-5K,family,3zud,228
d3tsaa1,SCOPe-5K,family,3tsa,385
d6q4sa_,SCOPe-5K,family,6q4s,313
d2o70a1,SCOPe-5K,family,2o70,165
d6gvda2,SCOPe-5K,family,6gvd,348
d6gvda1,SCOPe-5K,family,6gvd,177
d2z48a2,SCOPe-5K,family,2z48,133
d2z48a3,SCOPe-5K,family,2z48,149
d2z48a1,SCOPe-5K,family,2z48,149
d3ivva1,SCOPe-5K,family,3ivv,138
d2ayta2,SCOPe-5K,family,2ayt,108
d2ayta1,SCOPe-5K,family,2ayt,121
d1nyaa_,SCOPe-5K,family,1nya,176
d3ps0a1,SCOPe-5K,family,3ps0,320
d1iura1,SCOPe-5K,family,1iur,75
d2doba1,SCOPe-5K,family,2dob,81
d1in0a1,SCOPe-5K,family,1in0,88
d1in0a2,SCOPe-5K,family,1in0,74
d1i7qb_,SCOPe-5K,family,1i7q,192
d1ekza_,SCOPe-5K,family,1ekz,76
d1j34a_,SCOPe-5K,family,1j34,129
d1vpqa1,SCOPe-5K,family,1vpq,259
d4mypa_,SCOPe-5K,family,4myp,121
d5buva1,SCOPe-5K,family,5buv,172
d1g6xa_,SCOPe-5K,family,1g6x,58
d1qmha2,SCOPe-5K,family,1qmh,240
d1qmha1,SCOPe-5K,family,1qmh,95
d2qgva_,SCOPe-5K,family,2qgv,121
d1z4da1,SCOPe-5K,family,1z4d,60
d3b4wa_,SCOPe-5K,family,3b4w,483
d1oqpa1,SCOPe-5K,family,1oqp,75
d5cfja_,SCOPe-5K,family,5cfj,146
d1jkga_,SCOPe-5K,family,1jkg,139
d1jkgb1,SCOPe-5K,family,1jkg,185
d3ojmb2,SCOPe-5K,family,3ojm,111
d2bwfa_,SCOPe-5K,family,2bwf,77
d1vh5a1,SCOPe-5K,family,1vh5,135
d7l1vr_,SCOPe-5K,family,7l1v,293
d1nlfa_,SCOPe-5K,family,1nlf,274
d2p65a_,SCOPe-5K,family,2p65,185
d7ne5a1,SCOPe-5K,family,7ne5,410
d4n5ma_,SCOPe-5K,family,4n5m,246
d1y74a1,SCOPe-5K,family,1y74,57
d1y74b_,SCOPe-5K,family,1y74,50
d2gyqa1,SCOPe-5K,family,2gyq,160
d4nf7a1,SCOPe-5K,family,4nf7,361
d1fe4a_,SCOPe-5K,family,1fe4,68
d3g9ma1,SCOPe-5K,family,3g9m,75
d2a7ka1,SCOPe-5K,family,2a7k,230
d6jifa_,SCOPe-5K,family,6jif,333
d5jica1,SCOPe-5K,family,5jic,266
d2fiua1,SCOPe-5K,family,2fiu,95
d3msua1,SCOPe-5K,family,3msu,424
d4hl6a_,SCOPe-5K,family,4hl6,375
d5xb0a_,SCOPe-5K,family,5xb0,133
d1ssxa_,SCOPe-5K,family,1ssx,198
d3ozua1,SCOPe-5K,family,3ozu,150
d3ozua3,SCOPe-5K,family,3ozu,142
d3ozua2,SCOPe-5K,family,3ozu,111
d3ea6a2,SCOPe-5K,family,3ea6,131
d3ea6a1,SCOPe-5K,family,3ea6,84
d2pwaa_,SCOPe-5K,family,2pwa,279
d2pa2a1,SCOPe-5K,family,2pa2,137
d6jjma1,SCOPe-5K,family,6jjm,451
d5hmla1,SCOPe-5K,family,5hml,166
d5hmla2,SCOPe-5K,family,5hml,105
d2fhpa1,SCOPe-5K,family,2fhp,182
d2f2ea1,SCOPe-5K,family,2f2e,142
d6nydc_,SCOPe-5K,family,6nyd,176
d2i9ua1,SCOPe-5K,family,2i9u,110
d1sw6a_,SCOPe-5K,family,1sw6,301
d4exla_,SCOPe-5K,family,4exl,261
d2qwza1,SCOPe-5K,family,2qwz,138
d1dbqa_,SCOPe-5K,family,1dbq,282
d2aska_,SCOPe-5K,family,2ask,101
d1te5a_,SCOPe-5K,family,1te5,253
d1hwma_,SCOPe-5K,family,1hwm,251
d1qbaa2,SCOPe-5K,family,1qba,173
d1qbaa3,SCOPe-5K,family,1qba,443
d1qbaa4,SCOPe-5K,family,1qba,137
d1qbaa1,SCOPe-5K,family,1qba,105
d3zdsa_,SCOPe-5K,family,3zds,425
d3fiua_,SCOPe-5K,family,3fiu,244
d2xmka_,SCOPe-5K,family,2xmk,63
d6cbra1,SCOPe-5K,family,6cbr,139
d3pxla1,SCOPe-5K,family,3pxl,130
d3pxla3,SCOPe-5K,family,3pxl,199
d3pxla2,SCOPe-5K,family,3pxl,170
d3gm5a1,SCOPe-5K,family,3gm5,150
d2jz6a1,SCOPe-5K,family,2jz6,70
d5f6ea_,SCOPe-5K,family,5f6e,156
d7mqva2,SCOPe-5K,family,7mqv,112
d7mqva1,SCOPe-5K,family,7mqv,182
d1svma_,SCOPe-5K,family,1svm,362
d2ae8a1,SCOPe-5K,family,2ae8,84
d3nc3a_,SCOPe-5K,family,3nc3,399
d5x2ba_,SCOPe-5K,family,5x2b,281
d3bq9a2,SCOPe-5K,family,3bq9,211
d3bq9a3,SCOPe-5K,family,3bq9,101
d3bq9a1,SCOPe-5K,family,3bq9,136
d1rkta2,SCOPe-5K,family,1rkt,123
d1rkta1,SCOPe-5K,family,1rkt,81
d1vyia_,SCOPe-5K,family,1vyi,111
d1h0ka1,SCOPe-5K,family,1h0k,176
d1h0ka2,SCOPe-5K,family,1h0k,189
d2vhea_,SCOPe-5K,family,2vhe,194
d2ew0a1,SCOPe-5K,family,2ew0,175
d1mqva_,SCOPe-5K,family,1mqv,123
d2coba1,SCOPe-5K,family,2cob,63
d6zeqa_,SCOPe-5K,family,6zeq,301
d2h8ea_,SCOPe-5K,family,2h8e,120
d2efva1,SCOPe-5K,family,2efv,82
d2joqa1,SCOPe-5K,family,2joq,86
d3ihya1,SCOPe-5K,family,3ihy,340
d1w55a1,SCOPe-5K,family,1w55,205
d4nima_,SCOPe-5K,family,4nim,267
d1lv3a_,SCOPe-5K,family,1lv3,65
d1s7za_,SCOPe-5K,family,1s7z,106
d1x3da1,SCOPe-5K,family,1x3d,105
d6xrub1,SCOPe-5K,family,6xru,245
d6xrub2,SCOPe-5K,family,6xru,148
d1dcsa_,SCOPe-5K,family,1dcs,311
d2gc6a1,SCOPe-5K,family,2gc6,129
d2gc6a2,SCOPe-5K,family,2gc6,296
d3ij6a1,SCOPe-5K,family,3ij6,302
d6m9za_,SCOPe-5K,family,6m9z,221
d1n91a1,SCOPe-5K,family,1n91,100
d6xvud_,SCOPe-5K,family,6xvu,141
d1wzda_,SCOPe-5K,family,1wzd,209
d2d4pa1,SCOPe-5K,family,2d4p,130
d3lmna_,SCOPe-5K,family,3lmn,132
d1tzyc_,SCOPe-5K,family,1tzy,95
d1tzyd_,SCOPe-5K,family,1tzy,83
d3mnga_,SCOPe-5K,family,3mng,161
d1wwha1,SCOPe-5K,family,1wwh,81
d3ulja_,SCOPe-5K,family,3ulj,87
d4jf8a_,SCOPe-5K,family,4jf8,144
d1sppb_,SCOPe-5K,family,1spp,112
d1wi5a1,SCOPe-5K,family,1wi5,106
d4kd5a_,SCOPe-5K,family,4kd5,229
d1qzga_,SCOPe-5K,family,1qzg,170
d5l9sa_,SCOPe-5K,family,5l9s,326
d2i6ea1,SCOPe-5K,family,2i6e,272
d1ij7a_,SCOPe-5K,family,1ij7,241
d3a2ba_,SCOPe-5K,family,3a2b,392
d3ewoa1,SCOPe-5K,family,3ewo,174
d4ntla_,SCOPe-5K,family,4ntl,242
d1d0da_,SCOPe-5K,family,1d0d,60
d6funa1,SCOPe-5K,family,6fun,112
d1uoha_,SCOPe-5K,family,1uoh,223
d1ml9a_,SCOPe-5K,family,1ml9,284
d1zuja1,SCOPe-5K,family,1zuj,168
d3tdca2,SCOPe-5K,family,3tdc,409
d3tdca1,SCOPe-5K,family,3tdc,324
d3ldfa2,SCOPe-5K,family,3ldf,317
d3ldfa1,SCOPe-5K,family,3ldf,68
d2o6ka1,SCOPe-5K,family,2o6k,70
d2wqma_,SCOPe-5K,family,2wqm,281
d2d59a_,SCOPe-5K,family,2d59,141
d1dd9a_,SCOPe-5K,family,1dd9,314
d1b67a_,SCOPe-5K,family,1b67,68
d2iw1a_,SCOPe-5K,family,2iw1,370
d4ubta1,SCOPe-5K,family,4ubt,268
d2bkla1,SCOPe-5K,family,2bkl,411
d3ndna_,SCOPe-5K,family,3ndn,401
d3dina2,SCOPe-5K,family,3din,198
d3dine_,SCOPe-5K,family,3din,65
d3dind_,SCOPe-5K,family,3din,56
d7cbra_,SCOPe-5K,family,7cbr,321
d2q81a1,SCOPe-5K,family,2q81,113
d1gyoa_,SCOPe-5K,family,1gyo,106
d6ag8a_,SCOPe-5K,family,6ag8,182
d2ofya1,SCOPe-5K,family,2ofy,82
d1bl0a2,SCOPe-5K,family,1bl0,62
d1bl0a1,SCOPe-5K,family,1bl0,54
d2ppxa1,SCOPe-5K,family,2ppx,62
d1dd5a_,SCOPe-5K,family,1dd5,184
d1kjqa3,SCOPe-5K,family,1kjq,206
d1kjqa1,SCOPe-5K,family,1kjq,74
d1kjqa2,SCOPe-5K,family,1kjq,111
d2z7fi_,SCOPe-5K,family,2z7f,50
d2fiya1,SCOPe-5K,family,2fiy,290
d3h4oa_,SCOPe-5K,family,3h4o,172
d1p28a1,SCOPe-5K,family,1p28,117
d2fkia1,SCOPe-5K,family,2fki,118
d6bmaa1,SCOPe-5K,family,6bma,258
d4u9hs_,SCOPe-5K,family,4u9h,265
d2r7da2,SCOPe-5K,family,2r7d,401
d2r7da1,SCOPe-5K,family,2r7d,58
d6cnza_,SCOPe-5K,family,6cnz,161
d2ctea1,SCOPe-5K,family,2cte,81
d3trga_,SCOPe-5K,family,3trg,95
d7acca_,SCOPe-5K,family,7acc,83
d2l3ya_,SCOPe-5K,family,2l3y,184
d4dxwa_,SCOPe-5K,family,4dxw,227
d3f4wa_,SCOPe-5K,family,3f4w,211
d4wwxb3,SCOPe-5K,family,4wwx,167
d4wwxb2,SCOPe-5K,family,4wwx,384
d4wwxx_,SCOPe-5K,family,4wwx,349
d1i6ma_,SCOPe-5K,family,1i6m,326
d1d8wa_,SCOPe-5K,family,1d8w,416
d7nloa_,SCOPe-5K,family,7nlo,289
d3r1ia_,SCOPe-5K,family,3r1i,254
d1buoa_,SCOPe-5K,family,1buo,121
d2vyoa_,SCOPe-5K,family,2vyo,206
d4d9ba_,SCOPe-5K,family,4d9b,328
d2ox6a1,SCOPe-5K,family,2ox6,162
d2h8ga_,SCOPe-5K,family,2h8g,246
d2idla1,SCOPe-5K,family,2idl,112
d7ci0a_,SCOPe-5K,family,7ci0,309
d1ei5a1,SCOPe-5K,family,1ei5,82
d1ei5a2,SCOPe-5K,family,1ei5,103
d1ei5a3,SCOPe-5K,family,1ei5,333
d2v25a_,SCOPe-5K,family,2v25,231
d6riva2,SCOPe-5K,family,6riv,133
d6riva1,SCOPe-5K,family,6riv,84
d6vana_,SCOPe-5K,family,6van,144
d2hfna_,SCOPe-5K,family,2hfn,149
d1rzsa_,SCOPe-5K,family,1rzs,61
d3nara_,SCOPe-5K,family,3nar,70
d2fifb_,SCOPe-5K,family,2fif,59
d1vqsa1,SCOPe-5K,family,1vqs,104
d6yz4a_,SCOPe-5K,family,6yz4,304
d1jmkc_,SCOPe-5K,family,1jmk,230
d1pzxa_,SCOPe-5K,family,1pzx,287
d1nn5a_,SCOPe-5K,family,1nn5,209
d3pc8a_,SCOPe-5K,family,3pc8,97
d3iaca_,SCOPe-5K,family,3iac,469
d1hg8a_,SCOPe-5K,family,1hg8,349
d3epqa2,SCOPe-5K,family,3epq,175
d3epqa1,SCOPe-5K,family,3epq,118
d3gmxa_,SCOPe-5K,family,3gmx,154
d1vdma1,SCOPe-5K,family,1vdm,153
d3n0pb2,SCOPe-5K,family,3n0p,106
d3n0pb1,SCOPe-5K,family,3n0p,100
d3n0pa_,SCOPe-5K,family,3n0p,186
d2no4a1,SCOPe-5K,family,2no4,224
d1mc0a1,SCOPe-5K,family,1mc0,187
d1mc0a2,SCOPe-5K,family,1mc0,154
d1ohta_,SCOPe-5K,family,1oht,174
d1ac5a_,SCOPe-5K,family,1ac5,483
d2v3ka_,SCOPe-5K,family,2v3k,227
d2yuxa1,SCOPe-5K,family,2yux,113
d4c82a_,SCOPe-5K,family,4c82,180
d5e3xa_,SCOPe-5K,family,5e3x,489
d2geca1,SCOPe-5K,family,2gec,138
d5xd7a2,SCOPe-5K,family,5xd7,232
d1xrsb1,SCOPe-5K,family,1xrs,160
d1xrsb2,SCOPe-5K,family,1xrs,52
d2grrb_,SCOPe-5K,family,2grr,157
d1guqa1,SCOPe-5K,family,1guq,176
d1guqa2,SCOPe-5K,family,1guq,171
d6wnza_,SCOPe-5K,family,6wnz,258
d1ub9a_,SCOPe-5K,family,1ub9,100
d1s9ra_,SCOPe-5K,family,1s9r,409
d2cu2a1,SCOPe-5K,family,2cu2,67
d2cu2a2,SCOPe-5K,family,2cu2,268
d3cwna_,SCOPe-5K,family,3cwn,316
d2g1da1,SCOPe-5K,family,2g1d,98
d1udka_,SCOPe-5K,family,1udk,51
d2fdbm1,SCOPe-5K,family,2fdb,147
d1f5ma_,SCOPe-5K,family,1f5m,176
d1zmba1,SCOPe-5K,family,1zmb,282
d1a0aa_,SCOPe-5K,family,1a0a,63
d1uadc_,SCOPe-5K,family,1uad,92
d1wh0a1,SCOPe-5K,family,1wh0,121
d2obba1,SCOPe-5K,family,2obb,122
d1w8ra_,SCOPe-5K,family,1w8r,250
d1m7sa_,SCOPe-5K,family,1m7s,484
d2daka1,SCOPe-5K,family,2dak,50
d2k4ra_,SCOPe-5K,family,2k4r,77
d1a1yi_,SCOPe-5K,family,1a1y,63
d1u0ma1,SCOPe-5K,family,1u0m,200
d1u0ma2,SCOPe-5K,family,1u0m,148
d4ac9a4,SCOPe-5K,family,4ac9,179
d4ac9a3,SCOPe-5K,family,4ac9,116
d4ac9a1,SCOPe-5K,family,4ac9,92
d4ac9a2,SCOPe-5K,family,4ac9,79
d3l18a1,SCOPe-5K,family,3l18,166
d3w1zd_,SCOPe-5K,family,3w1z,110
d1a7sa_,SCOPe-5K,family,1a7s,225
d3m9za_,SCOPe-5K,family,3m9z,124
d2asia_,SCOPe-5K,family,2asi,357
d2fsya1,SCOPe-5K,family,2fsy,280
d1vmja_,SCOPe-5K,family,1vmj,139
d3ga1a_,SCOPe-5K,family,3ga1,113
d2fyxa1,SCOPe-5K,family,2fyx,129
d2yvya1,SCOPe-5K,family,2yvy,127
d2heqa1,SCOPe-5K,family,2heq,65
d3c97a_,SCOPe-5K,family,3c97,120
d1j5ya2,SCOPe-5K,family,1j5y,107
d1j5ya1,SCOPe-5K,family,1j5y,65
d4bd8a_,SCOPe-5K,family,4bd8,160
d1w6ua_,SCOPe-5K,family,1w6u,294
d5xk6a1,SCOPe-5K,family,5xk6,217
d1lxda_,SCOPe-5K,family,1lxd,87
d2rcfa1,SCOPe-5K,family,2rcf,82
d6cw0a_,SCOPe-5K,family,6cw0,104
d3l6xa_,SCOPe-5K,family,3l6x,458
d2oema1,SCOPe-5K,family,2oem,119
d2oemb2,SCOPe-5K,family,2oem,293
d1itua_,SCOPe-5K,family,1itu,369
d1t5oa1,SCOPe-5K,family,1t5o,338
d6s98a_,SCOPe-5K,family,6s98,148
d2hxsa1,SCOPe-5K,family,2hxs,174
d2fnua_,SCOPe-5K,family,2fnu,373
d2rdha1,SCOPe-5K,family,2rdh,88
d2rdha2,SCOPe-5K,family,2rdh,103
d1qsaa1,SCOPe-5K,family,1qsa,450
d1qsaa2,SCOPe-5K,family,1qsa,168
d1w25a3,SCOPe-5K,family,1w25,161
d1w25a1,SCOPe-5K,family,1w25,139
d1w25a2,SCOPe-5K,family,1w25,153
d2h8ua_,SCOPe-5K,family,2h8u,65
d1qo8a1,SCOPe-5K,family,1qo8,101
d1yf9a1,SCOPe-5K,family,1yf9,158
d1gaka_,SCOPe-5K,family,1gak,137
d4lcba_,SCOPe-5K,family,4lcb,270
d1gz6a_,SCOPe-5K,family,1gz6,302
d1s6ya1,SCOPe-5K,family,1s6y,169
d1s6ya2,SCOPe-5K,family,1s6y,270
d2aama1,SCOPe-5K,family,2aam,285
d2e5fa_,SCOPe-5K,family,2e5f,325
d4bgqa_,SCOPe-5K,family,4bgq,294
d2b5dx1,SCOPe-5K,family,2b5d,114
d2b5dx2,SCOPe-5K,family,2b5d,404
d3kzga_,SCOPe-5K,family,3kzg,228
d6u7ja2,SCOPe-5K,family,6u7j,89
d1f9ya_,SCOPe-5K,family,1f9y,158
d3tqra_,SCOPe-5K,family,3tqr,212
d2r7ja2,SCOPe-5K,family,2r7j,142
d2r7ja1,SCOPe-5K,family,2r7j,169
d1j8qa_,SCOPe-5K,family,1j8q,147
d2ajra2,SCOPe-5K,family,2ajr,319
d1s70b_,SCOPe-5K,family,1s70,291
d2in5a1,SCOPe-5K,family,2in5,197
d1k1aa_,SCOPe-5K,family,1k1a,228
d5hj1a_,SCOPe-5K,family,5hj1,97
d6p58a_,SCOPe-5K,family,6p58,150
d3ttva2,SCOPe-5K,family,3ttv,156
d1n52a2,SCOPe-5K,family,1n52,190
d1n52a3,SCOPe-5K,family,1n52,310
d1n52a1,SCOPe-5K,family,1n52,265
d1fo8a_,SCOPe-5K,family,1fo8,343
d4bhxa1,SCOPe-5K,family,4bhx,88
d1ybza1,SCOPe-5K,family,1ybz,74
d2it9a1,SCOPe-5K,family,2it9,122
d1yj5a1,SCOPe-5K,family,1yj5,195
d1yj5a2,SCOPe-5K,family,1yj5,172
d3ktoa_,SCOPe-5K,family,3kto,122
d6zpea1,SCOPe-5K,family,6zpe,121
d5ufta1,SCOPe-5K,family,5uft,143
d1tp6a_,SCOPe-5K,family,1tp6,126
d2pn6a2,SCOPe-5K,family,2pn6,90
d2pn6a1,SCOPe-5K,family,2pn6,60
d2bkma_,SCOPe-5K,family,2bkm,128
d3ezsa1,SCOPe-5K,family,3ezs,373
d1p41a1,SCOPe-5K,family,1p41,73
d1p41a2,SCOPe-5K,family,1p41,202
d1nara_,SCOPe-5K,family,1nar,289
d1z63a1,SCOPe-5K,family,1z63,230
d5x3da_,SCOPe-5K,family,5x3d,126
d2gm5a_,SCOPe-5K,family,2gm5,127
d5hs7a1,SCOPe-5K,family,5hs7,101
d4n68a1,SCOPe-5K,family,4n68,98
d2lvca1,SCOPe-5K,family,2lvc,88
d1g5ta_,SCOPe-5K,family,1g5t,157
d6vloa1,SCOPe-5K,family,6vlo,317
d3ntva_,SCOPe-5K,family,3ntv,211
d2z1na_,SCOPe-5K,family,2z1n,260
d2w0ia_,SCOPe-5K,family,2w0i,135
d1ll8a1,SCOPe-5K,family,1ll8,107
d3cu5a1,SCOPe-5K,family,3cu5,128
d2aioa_,SCOPe-5K,family,2aio,266
d1e6ca_,SCOPe-5K,family,1e6c,170
d1ylea1,SCOPe-5K,family,1yle,338
d2b3na_,SCOPe-5K,family,2b3n,155
d4qhea_,SCOPe-5K,family,4qhe,281
d3q3ya1,SCOPe-5K,family,3q3y,180
d2byca1,SCOPe-5K,family,2byc,136
d2dgsa1,SCOPe-5K,family,2dgs,86
d3bexa2,SCOPe-5K,family,3bex,127
d3bexa1,SCOPe-5K,family,3bex,118
d5csra_,SCOPe-5K,family,5csr,215
d2il5a1,SCOPe-5K,family,2il5,164
d1i42a_,SCOPe-5K,family,1i42,89
d3m5ka_,SCOPe-5K,family,3m5k,168
d6f9ma_,SCOPe-5K,family,6f9m,308
d1nlwa_,SCOPe-5K,family,1nlw,79
d1wjza1,SCOPe-5K,family,1wjz,81
d2fbeb2,SCOPe-5K,family,2fbe,191
d3fdxa1,SCOPe-5K,family,3fdx,140
d1yiba1,SCOPe-5K,family,1yib,61
d2ktea1,SCOPe-5K,family,2kte,144
d3gzya2,SCOPe-5K,family,3gzy,279
d3gzyb_,SCOPe-5K,family,3gzy,186
d3u7qa_,SCOPe-5K,family,3u7q,477
d1exra_,SCOPe-5K,family,1exr,146
d2yc1c_,SCOPe-5K,family,2yc1,65
d1ejfa_,SCOPe-5K,family,1ejf,110
d2v6ba1,SCOPe-5K,family,2v6b,139
d2ra5a1,SCOPe-5K,family,2ra5,180
d2k2ca1,SCOPe-5K,family,2k2c,82
d2k2ca2,SCOPe-5K,family,2k2c,55
d4c1ha_,SCOPe-5K,family,4c1h,222
d3jbre_,SCOPe-5K,family,3jbr,206
d3jbra4,SCOPe-5K,family,3jbr,279
d3jbra1,SCOPe-5K,family,3jbr,313
d3jbra3,SCOPe-5K,family,3jbr,293
d3jbra2,SCOPe-5K,family,3jbr,245
d1jaka2,SCOPe-5K,family,1jak,143
d1jaka1,SCOPe-5K,family,1jak,356
d2ckxa1,SCOPe-5K,family,2ckx,83
d4n6da1,SCOPe-5K,family,4n6d,312
d6jqba1,SCOPe-5K,family,6jqb,357
d6jqba2,SCOPe-5K,family,6jqb,61
d4hs9a_,SCOPe-5K,family,4hs9,287
d3bzca5,SCOPe-5K,family,3bzc,149
d3bzca2,SCOPe-5K,family,3bzc,73
d3bzca4,SCOPe-5K,family,3bzc,94
d3bzca3,SCOPe-5K,family,3bzc,324
d3bzca1,SCOPe-5K,family,3bzc,90
d3hr7a_,SCOPe-5K,family,3hr7,162
d2nwua1,SCOPe-5K,family,2nwu,142
d2ef7a1,SCOPe-5K,family,2ef7,127
d3aevb2,SCOPe-5K,family,3aev,93
d1pl3a_,SCOPe-5K,family,1pl3,186
d3aa0a_,SCOPe-5K,family,3aa0,270
d3c8wa1,SCOPe-5K,family,3c8w,250
d3fv6a_,SCOPe-5K,family,3fv6,145
d1vlia1,SCOPe-5K,family,1vli,72
d1vlia2,SCOPe-5K,family,1vli,295
d2b3wa1,SCOPe-5K,family,2b3w,160
d6n0ka_,SCOPe-5K,family,6n0k,288
d3ltea_,SCOPe-5K,family,3lte,118
d2i9wa1,SCOPe-5K,family,2i9w,113
d5fpwb_,SCOPe-5K,family,5fpw,308
d2jzya_,SCOPe-5K,family,2jzy,104
d4yb6a2,SCOPe-5K,family,4yb6,75
d4zwva1,SCOPe-5K,family,4zwv,369
d1kkha2,SCOPe-5K,family,1kkh,137
d1kkha1,SCOPe-5K,family,1kkh,175
d1s6da_,SCOPe-5K,family,1s6d,103
d3d3ha_,SCOPe-5K,family,3d3h,183
d5xega_,SCOPe-5K,family,5xeg,224
d2i1ya_,SCOPe-5K,family,2i1y,287
d1j8ba_,SCOPe-5K,family,1j8b,92
d2d4ca1,SCOPe-5K,family,2d4c,237
d6jx5a_,SCOPe-5K,family,6jx5,378
d2z6oa_,SCOPe-5K,family,2z6o,166
d1utwa2,SCOPe-5K,family,1utw,138
d1utwa1,SCOPe-5K,family,1utw,294
d3eika2,SCOPe-5K,family,3eik,84
d3eika1,SCOPe-5K,family,3eik,94
d1k8ma1,SCOPe-5K,family,1k8m,84
d7b73a1,SCOPe-5K,family,7b73,224
d1elwa_,SCOPe-5K,family,1elw,117
d4ra0c1,SCOPe-5K,family,4ra0,104
d1ue9a1,SCOPe-5K,family,1ue9,67
d1wm1a_,SCOPe-5K,family,1wm1,313
d6tk6a_,SCOPe-5K,family,6tk6,265
d3biga_,SCOPe-5K,family,3big,324
d1xiwb_,SCOPe-5K,family,1xiw,74
d1xiwa_,SCOPe-5K,family,1xiw,91
d2iz2a1,SCOPe-5K,family,2iz2,236
d2x5na_,SCOPe-5K,family,2x5n,192
d3fvsa_,SCOPe-5K,family,3fvs,419
d1l3ia_,SCOPe-5K,family,1l3i,186
d6kila1,SCOPe-5K,family,6kil,110
d2g17a1,SCOPe-5K,family,2g17,180
d2g17a2,SCOPe-5K,family,2g17,155
d3m8na2,SCOPe-5K,family,3m8n,123
d3m8na1,SCOPe-5K,family,3m8n,79
d4gosa1,SCOPe-5K,family,4gos,114
d2bj7a2,SCOPe-5K,family,2bj7,87
d2bj7a1,SCOPe-5K,family,2bj7,50
d2g2na_,SCOPe-5K,family,2g2n,111
d1vfra_,SCOPe-5K,family,1vfr,217
d1l3pa_,SCOPe-5K,family,1l3p,102
d1xp4a2,SCOPe-5K,family,1xp4,269
d1xp4a1,SCOPe-5K,family,1xp4,93
d2hoqa_,SCOPe-5K,family,2hoq,237
d3boea_,SCOPe-5K,family,3boe,209
d2egza_,SCOPe-5K,family,2egz,219
d6ci8a1,SCOPe-5K,family,6ci8,259
d2geba1,SCOPe-5K,family,2geb,180
d6ltta_,SCOPe-5K,family,6ltt,311
d2igsa1,SCOPe-5K,family,2igs,212
d6yk4a1,SCOPe-5K,family,6yk4,261
d2dxua1,SCOPe-5K,family,2dxu,188
d1pa7a_,SCOPe-5K,family,1pa7,130
d2gnra_,SCOPe-5K,family,2gnr,137
d1rrka1,SCOPe-5K,family,1rrk,287
d1rrka2,SCOPe-5K,family,1rrk,210
d1d4ta_,SCOPe-5K,family,1d4t,104
d1my6a1,SCOPe-5K,family,1my6,88
d1m5ya1,SCOPe-5K,family,1m5y,174
d2yz8a_,SCOPe-5K,family,2yz8,90
d2r42a2,SCOPe-5K,family,2r42,170
d2r42a1,SCOPe-5K,family,2r42,225
d2hona_,SCOPe-5K,family,2hon,454
d1sr2a_,SCOPe-5K,family,1sr2,116
d4dyea2,SCOPe-5K,family,4dye,255
d4dyea1,SCOPe-5K,family,4dye,120
d3hgpa_,SCOPe-5K,family,3hgp,240
d2cxaa1,SCOPe-5K,family,2cxa,232
d3vl9a_,SCOPe-5K,family,3vl9,222
d1p4ta_,SCOPe-5K,family,1p4t,155
d4gwka1,SCOPe-5K,family,4gwk,176
d4gwka2,SCOPe-5K,family,4gwk,293
d3laea1,SCOPe-5K,family,3lae,78
d1oyga_,SCOPe-5K,family,1oyg,440
d6a80a_,SCOPe-5K,family,6a80,234
d3o48a1,SCOPe-5K,family,3o48,123
d1l2ra_,SCOPe-5K,family,1l2r,457
d5uqsa_,SCOPe-5K,family,5uqs,434
d3g8ka_,SCOPe-5K,family,3g8k,127
d1v58a1,SCOPe-5K,family,1v58,169
d1v58a2,SCOPe-5K,family,1v58,60
d2m0ya_,SCOPe-5K,family,2m0y,74
d1owla2,SCOPe-5K,family,1owl,202
d1owla1,SCOPe-5K,family,1owl,271
d1xpna1,SCOPe-5K,family,1xpn,150
d6ts4a_,SCOPe-5K,family,6ts4,236
d6saea_,SCOPe-5K,family,6sae,153
d3l6ea1,SCOPe-5K,family,3l6e,224
d1uc4b_,SCOPe-5K,family,1uc4,178
d1uc4g_,SCOPe-5K,family,1uc4,137
d2a0ba_,SCOPe-5K,family,2a0b,118
d3aaac_,SCOPe-5K,family,3aaa,117
d1z2ua1,SCOPe-5K,family,1z2u,147
d1xtta1,SCOPe-5K,family,1xtt,215
d2f8aa1,SCOPe-5K,family,2f8a,184
d1ry6a_,SCOPe-5K,family,1ry6,330
d7miwa1,SCOPe-5K,family,7miw,462
d1q3ea_,SCOPe-5K,family,1q3e,193
d3v2la1,SCOPe-5K,family,3v2l,119
d1zcza1,SCOPe-5K,family,1zcz,157
d1zcza2,SCOPe-5K,family,1zcz,295
d1gvua_,SCOPe-5K,family,1gvu,330
d2va4a1,SCOPe-5K,family,2va4,92
d2va4a2,SCOPe-5K,family,2va4,98
d1n55a_,SCOPe-5K,family,1n55,249
d4ch0s1,SCOPe-5K,family,4ch0,94
d2koha1,SCOPe-5K,family,2koh,109
d3r4sa2,SCOPe-5K,family,3r4s,198
d2b7ca3,SCOPe-5K,family,2b7c,236
d2b7ca2,SCOPe-5K,family,2b7c,107
d2b7cb_,SCOPe-5K,family,2b7c,90
d1s71a2,SCOPe-5K,family,1s71,57
d1s71a1,SCOPe-5K,family,1s71,233
d5br4a1,SCOPe-5K,family,5br4,383
d1p0ha_,SCOPe-5K,family,1p0h,308
d1k6ka_,SCOPe-5K,family,1k6k,142
d1teaa4,SCOPe-5K,family,1tea,133
d4cvra_,SCOPe-5K,family,4cvr,156
d6ewza_,SCOPe-5K,family,6ewz,202
d2dzna_,SCOPe-5K,family,2dzn,226
d6j33a2,SCOPe-5K,family,6j33,125
d6j33a1,SCOPe-5K,family,6j33,131
d6j33a5,SCOPe-5K,family,6j33,118
d6j33a3,SCOPe-5K,family,6j33,115
d6j9ya1,SCOPe-5K,family,6j9y,400
d3nhea_,SCOPe-5K,family,3nhe,338
d1tl9a_,SCOPe-5K,family,1tl9,321
d2waga1,SCOPe-5K,family,2wag,208
d5vn4a1,SCOPe-5K,family,5vn4,235
d2q4wa1,SCOPe-5K,family,2q4w,205
d2q4wa2,SCOPe-5K,family,2q4w,286
d2i9xa1,SCOPe-5K,family,2i9x,84
d1odha_,SCOPe-5K,family,1odh,158
d2vb1a_,SCOPe-5K,family,2vb1,129
d1l1ja_,SCOPe-5K,family,1l1j,228
d2ia1a1,SCOPe-5K,family,2ia1,165
d2ji7a1,SCOPe-5K,family,2ji7,175
d2ji7a2,SCOPe-5K,family,2ji7,188
d2ji7a3,SCOPe-5K,family,2ji7,196
d1v8ha1,SCOPe-5K,family,1v8h,106
d3hd5a1,SCOPe-5K,family,3hd5,181
d1szia_,SCOPe-5K,family,1szi,226
d7ms7a_,SCOPe-5K,family,7ms7,113
d6i73a1,SCOPe-5K,family,6i73,106
d2huha1,SCOPe-5K,family,2huh,147
d1ofda3,SCOPe-5K,family,1ofd,430
d1ofda1,SCOPe-5K,family,1ofd,268
d1ryia1,SCOPe-5K,family,1ryi,277
d1ryia2,SCOPe-5K,family,1ryi,88
d2idaa1,SCOPe-5K,family,2ida,102
d1dosa_,SCOPe-5K,family,1dos,358
d1kzyc2,SCOPe-5K,family,1kzy,106
d1kzyc1,SCOPe-5K,family,1kzy,153
d4xb6b_,SCOPe-5K,family,4xb6,194
d1x5ka1,SCOPe-5K,family,1x5k,111
d4nv0a_,SCOPe-5K,family,4nv0,299
d1o7ia_,SCOPe-5K,family,1o7i,115
d1k8ba_,SCOPe-5K,family,1k8b,52
d3guya1,SCOPe-5K,family,3guy,219
d1j5va1,SCOPe-5K,family,1j5v,330
d4zkaa_,SCOPe-5K,family,4zka,83
d1wz8a1,SCOPe-5K,family,1wz8,263
d2fcla1,SCOPe-5K,family,2fcl,156
d2nspa_,SCOPe-5K,family,2nsp,342
d2idra_,SCOPe-5K,family,2idr,177
d6i2mb_,SCOPe-5K,family,6i2m,358
d2cs4a1,SCOPe-5K,family,2cs4,82
d3jtga_,SCOPe-5K,family,3jtg,95
d1x4da1,SCOPe-5K,family,1x4d,89
d1et0a_,SCOPe-5K,family,1et0,266
d4b2oa_,SCOPe-5K,family,4b2o,264
d3bz6a1,SCOPe-5K,family,3bz6,84
d3bz6a2,SCOPe-5K,family,3bz6,84
d1ujda1,SCOPe-5K,family,1ujd,104
d5cvda1,SCOPe-5K,family,5cvd,223
d1ne2a_,SCOPe-5K,family,1ne2,197
d3uqza1,SCOPe-5K,family,3uqz,71
d3uqza2,SCOPe-5K,family,3uqz,211
d2j2ja_,SCOPe-5K,family,2j2j,182
d1fjha_,SCOPe-5K,family,1fjh,257
d3op8a1,SCOPe-5K,family,3op8,83
d2ggca_,SCOPe-5K,family,2ggc,263
d2ayha_,SCOPe-5K,family,2ayh,214
d1w7oa_,SCOPe-5K,family,1w7o,118
d4ydea_,SCOPe-5K,family,4yde,303
d1i07a_,SCOPe-5K,family,1i07,59
d1d4oa_,SCOPe-5K,family,1d4o,177
d2p0ma2,SCOPe-5K,family,2p0m,111
d1x3la_,SCOPe-5K,family,1x3l,436
d1soua1,SCOPe-5K,family,1sou,188
d4j9fa_,SCOPe-5K,family,4j9f,62
d2pz4a2,SCOPe-5K,family,2pz4,117
d2pz4a1,SCOPe-5K,family,2pz4,120
d1a5ja2,SCOPe-5K,family,1a5j,55
d5lhxa_,SCOPe-5K,family,5lhx,87
d1ygya3,SCOPe-5K,family,1ygy,78
d1ygya2,SCOPe-5K,family,1ygy,131
d1ygya1,SCOPe-5K,family,1ygy,184
d1ygya4,SCOPe-5K,family,1ygy,135
d5my6a2,SCOPe-5K,family,5my6,157
d5my6a3,SCOPe-5K,family,5my6,166
d6n59a2,SCOPe-5K,family,6n59,83
d6n59a3,SCOPe-5K,family,6n59,365
d6n59a1,SCOPe-5K,family,6n59,125
d1zx3a1,SCOPe-5K,family,1zx3,86
d4in0a_,SCOPe-5K,family,4in0,141
d6j52a_,SCOPe-5K,family,6j52,94
d2cqza_,SCOPe-5K,family,2cqz,173
d1h6ya_,SCOPe-5K,family,1h6y,157
d4xmra1,SCOPe-5K,family,4xmr,245
d1n26a2,SCOPe-5K,family,1n26,102
d1n26a3,SCOPe-5K,family,1n26,104
d1n26a1,SCOPe-5K,family,1n26,93
d1t6sa1,SCOPe-5K,family,1t6s,85
d1t6sa2,SCOPe-5K,family,1t6s,77
d2ct7a1,SCOPe-5K,family,2ct7,73
d1ypzf1,SCOPe-5K,family,1ypz,120
d2hwja1,SCOPe-5K,family,2hwj,201
d6v8ma_,SCOPe-5K,family,6v8m,152
d1cx4a2,SCOPe-5K,family,1cx4,147
d2ecsa_,SCOPe-5K,family,2ecs,60
d1zzma1,SCOPe-5K,family,1zzm,259
d6tpua1,SCOPe-5K,family,6tpu,93
d1slua_,SCOPe-5K,family,1slu,133
d1xgka_,SCOPe-5K,family,1xgk,350
d2xysa_,SCOPe-5K,family,2xys,205
d2zxda1,SCOPe-5K,family,2zxd,350
d2zxda2,SCOPe-5K,family,2zxd,91
d3gwya1,SCOPe-5K,family,3gwy,128
d3uama_,SCOPe-5K,family,3uam,198
d1kdka_,SCOPe-5K,family,1kdk,177
d2cx7a_,SCOPe-5K,family,2cx7,129
d3fxka2,SCOPe-5K,family,3fxk,72
d3fxka1,SCOPe-5K,family,3fxk,295
d2wtkc1,SCOPe-5K,family,2wtk,264
d4pcaa1,SCOPe-5K,family,4pca,218
d1zupa1,SCOPe-5K,family,1zup,301
d3hgma_,SCOPe-5K,family,3hgm,147
d1ej2a_,SCOPe-5K,family,1ej2,167
d5ktna1,SCOPe-5K,family,5ktn,300
d1gpra_,SCOPe-5K,family,1gpr,158
d5buwa_,SCOPe-5K,family,5buw,144
d6qe0a1,SCOPe-5K,family,6qe0,280
d5vcca_,SCOPe-5K,family,5vcc,468
d2ltka1,SCOPe-5K,family,2ltk,109
d1a17a_,SCOPe-5K,family,1a17,159
d4c2va_,SCOPe-5K,family,4c2v,271
d1edta_,SCOPe-5K,family,1edt,265
d2q78a1,SCOPe-5K,family,2q78,130
d3puca1,SCOPe-5K,family,3puc,97
d4bnda1,SCOPe-5K,family,4bnd,251
d2aega1,SCOPe-5K,family,2aeg,243
d1x2ma1,SCOPe-5K,family,1x2m,51
d3bqpa_,SCOPe-5K,family,3bqp,80
d2ci0a_,SCOPe-5K,family,2ci0,447
d1l5xa1,SCOPe-5K,family,1l5x,267
d1t3ka_,SCOPe-5K,family,1t3k,132
d6w9ta_,SCOPe-5K,family,6w9t,195
d1k8wa5,SCOPe-5K,family,1k8w,241
d1k8wa3,SCOPe-5K,family,1k8w,62
d1wpia1,SCOPe-5K,family,1wpi,133
d1yc61_,SCOPe-5K,family,1yc6,154
d1nrea_,SCOPe-5K,family,1nre,81
d6ovba2,SCOPe-5K,family,6ovb,198
d5aiea1,SCOPe-5K,family,5aie,53
d1lvaa3,SCOPe-5K,family,1lva,64
d1lvaa4,SCOPe-5K,family,1lva,60
d1vzya1,SCOPe-5K,family,1vzy,233
d2h92a_,SCOPe-5K,family,2h92,216
d2khla_,SCOPe-5K,family,2khl,93
d3r23a1,SCOPe-5K,family,3r23,210
d3r23a2,SCOPe-5K,family,3r23,93
d1wita_,SCOPe-5K,family,1wit,93
d3f1la_,SCOPe-5K,family,3f1l,245
d3bila_,SCOPe-5K,family,3bil,269
d2fpoa1,SCOPe-5K,family,2fpo,183
d3uksa_,SCOPe-5K,family,3uks,324
d3r1pa_,SCOPe-5K,family,3r1p,119
d3lqca_,SCOPe-5K,family,3lqc,151
d1tkea2,SCOPe-5K,family,1tke,162
d1tkea1,SCOPe-5K,family,1tke,62
d2hdoa1,SCOPe-5K,family,2hdo,207
d5coya_,SCOPe-5K,family,5coy,65
d1enwa_,SCOPe-5K,family,1enw,114
d5otna_,SCOPe-5K,family,5otn,156
d3qu5a_,SCOPe-5K,family,3qu5,221
d5z48a1,SCOPe-5K,family,5z48,210
d1j5ua1,SCOPe-5K,family,1j5u,124
d2kyra_,SCOPe-5K,family,2kyr,108
d4powa_,SCOPe-5K,family,4pow,254
d3kd6a1,SCOPe-5K,family,3kd6,299
d5ncsa1,SCOPe-5K,family,5ncs,370
d1tuva_,SCOPe-5K,family,1tuv,103
d4z0ya_,SCOPe-5K,family,4z0y,347
d1hwxa4,SCOPe-5K,family,1hwx,293
d1hwxa3,SCOPe-5K,family,1hwx,208
d5itqa1,SCOPe-5K,family,5itq,130
d5itqa2,SCOPe-5K,family,5itq,115
d4o5na1,SCOPe-5K,family,4o5n,315
d6hr4a2,SCOPe-5K,family,6hr4,342
d6hr4a1,SCOPe-5K,family,6hr4,172
d5lxva_,SCOPe-5K,family,5lxv,172
d1yn8a1,SCOPe-5K,family,1yn8,58
d6u6ca_,SCOPe-5K,family,6u6c,260
d2nr8a_,SCOPe-5K,family,2nr8,336
d3gcea_,SCOPe-5K,family,3gce,104
d1yula_,SCOPe-5K,family,1yul,210
d1sxea1,SCOPe-5K,family,1sxe,94
d2pjsa1,SCOPe-5K,family,2pjs,111
d4euka_,SCOPe-5K,family,4euk,147
d1mg7a2,SCOPe-5K,family,1mg7,193
d1mg7a1,SCOPe-5K,family,1mg7,174
d1y5ea1,SCOPe-5K,family,1y5e,155
d3c8ca1,SCOPe-5K,family,3c8c,238
d4djma2,SCOPe-5K,family,4djm,61
d2o8ra4,SCOPe-5K,family,2o8r,186
d2o8ra2,SCOPe-5K,family,2o8r,205
d2o8ra3,SCOPe-5K,family,2o8r,188
d2o8ra1,SCOPe-5K,family,2o8r,109
d2rjna_,SCOPe-5K,family,2rjn,135
d1v32a1,SCOPe-5K,family,1v32,88
d3d03a_,SCOPe-5K,family,3d03,274
d1wfna1,SCOPe-5K,family,1wfn,106
d1i3za_,SCOPe-5K,family,1i3z,103
d2fbqa1,SCOPe-5K,family,2fbq,79
d2fbqa2,SCOPe-5K,family,2fbq,134
d3kjxa2,SCOPe-5K,family,3kjx,275
d1vjva_,SCOPe-5K,family,1vjv,397
d1q15a1,SCOPe-5K,family,1q15,296
d1q15a2,SCOPe-5K,family,1q15,204
d4g3qa1,SCOPe-5K,family,4g3q,258
d4g3qa2,SCOPe-5K,family,4g3q,217
d3zdmc_,SCOPe-5K,family,3zdm,79
d2g3wa1,SCOPe-5K,family,2g3w,179
d1r8ja2,SCOPe-5K,family,1r8j,134
d4tm5a_,SCOPe-5K,family,4tm5,296
d1lu4a_,SCOPe-5K,family,1lu4,134
d3aama_,SCOPe-5K,family,3aam,269
d4z0ta_,SCOPe-5K,family,4z0t,244
d3coka1,SCOPe-5K,family,3cok,265
d4p1ea_,SCOPe-5K,family,4p1e,298
d1z6na1,SCOPe-5K,family,1z6n,166
d1ej0a_,SCOPe-5K,family,1ej0,180
d4aiha_,SCOPe-5K,family,4aih,142
d2zxya_,SCOPe-5K,family,2zxy,86
d2cuia1,SCOPe-5K,family,2cui,99
d1moja_,SCOPe-5K,family,1moj,180
d3eoja_,SCOPe-5K,family,3eoj,360
d4eqba_,SCOPe-5K,family,4eqb,323
d4i6ra_,SCOPe-5K,family,4i6r,77
d1wjwa1,SCOPe-5K,family,1wjw,99
d1e58a_,SCOPe-5K,family,1e58,247
d1dkga1,SCOPe-5K,family,1dkg,59
d2moua_,SCOPe-5K,family,2mou,220
d2r0ba_,SCOPe-5K,family,2r0b,151
d3b48a1,SCOPe-5K,family,3b48,132
d1t6ua_,SCOPe-5K,family,1t6u,117
d2w9ha_,SCOPe-5K,family,2w9h,158
d6uyba_,SCOPe-5K,family,6uyb,225
d1xo8a_,SCOPe-5K,family,1xo8,151
d6srta1,SCOPe-5K,family,6srt,148
d1brta_,SCOPe-5K,family,1brt,277
d1um8a_,SCOPe-5K,family,1um8,364
d1w36b2,SCOPe-5K,family,1w36,395
d1w36c3,SCOPe-5K,family,1w36,304
d1w36d1,SCOPe-5K,family,1w36,359
d1w36b3,SCOPe-5K,family,1w36,276
d1w36c1,SCOPe-5K,family,1w36,347
d1w36d2,SCOPe-5K,family,1w36,246
d1w36c2,SCOPe-5K,family,1w36,470
d1w36b1,SCOPe-5K,family,1w36,485
d1gy0a_,SCOPe-5K,family,1gy0,223
d1o69a_,SCOPe-5K,family,1o69,374
d2ieea_,SCOPe-5K,family,2iee,251
d1azoa_,SCOPe-5K,family,1azo,226
d2eena_,SCOPe-5K,family,2een,177
d5y4ta1,SCOPe-5K,family,5y4t,113
d1v64a1,SCOPe-5K,family,1v64,95
d3zsja_,SCOPe-5K,family,3zsj,138
d2jrta1,SCOPe-5K,family,2jrt,92
d6qu6a_,SCOPe-5K,family,6qu6,189
d5li7a_,SCOPe-5K,family,5li7,406
d6n1na1,SCOPe-5K,family,6n1n,247
d6wjya_,SCOPe-5K,family,6wjy,392
d3dgba1,SCOPe-5K,family,3dgb,129
d3dgba2,SCOPe-5K,family,3dgb,242
d6fiya1,SCOPe-5K,family,6fiy,298
d1e5ra_,SCOPe-5K,family,1e5r,290
d6bvca_,SCOPe-5K,family,6bvc,154
d2ek1a1,SCOPe-5K,family,2ek1,75
d2apoa2,SCOPe-5K,family,2apo,230
d2apob_,SCOPe-5K,family,2apo,55
d2apoa1,SCOPe-5K,family,2apo,85
d1yb3a1,SCOPe-5K,family,1yb3,166
d5dyma_,SCOPe-5K,family,5dym,97
d2v6ka2,SCOPe-5K,family,2v6k,133
d3k1za1,SCOPe-5K,family,3k1z,240
d3oona1,SCOPe-5K,family,3oon,121
d1m1jb1,SCOPe-5K,family,1m1j,265
d1xhsa_,SCOPe-5K,family,1xhs,113
d2p3pa1,SCOPe-5K,family,2p3p,197
d2ebna_,SCOPe-5K,family,2ebn,285
d1c3ca_,SCOPe-5K,family,1c3c,429
d3evfa_,SCOPe-5K,family,3evf,261
d1vkka_,SCOPe-5K,family,1vkk,137
d1oisa_,SCOPe-5K,family,1ois,223
d1hxva_,SCOPe-5K,family,1hxv,85
d1pz4a1,SCOPe-5K,family,1pz4,110
d2hd9a1,SCOPe-5K,family,2hd9,145
d1ogqa_,SCOPe-5K,family,1ogq,313
d4e5ya_,SCOPe-5K,family,4e5y,315
d1jofa_,SCOPe-5K,family,1jof,365
d1wrva_,SCOPe-5K,family,1wrv,305
d3fw2a1,SCOPe-5K,family,3fw2,147
d1hx2a_,SCOPe-5K,family,1hx2,60
d2alca_,SCOPe-5K,family,2alc,65
d2cboa_,SCOPe-5K,family,2cbo,115
d2p39a_,SCOPe-5K,family,2p39,142
d1z02a2,SCOPe-5K,family,1z02,279
d1z02a1,SCOPe-5K,family,1z02,148
d3ma2b_,SCOPe-5K,family,3ma2,124
d3ie7a1,SCOPe-5K,family,3ie7,307
d2pofa1,SCOPe-5K,family,2pof,220
d1vqra1,SCOPe-5K,family,1vqr,285
d1iv0a_,SCOPe-5K,family,1iv0,98
d1zuya_,SCOPe-5K,family,1zuy,58
d7aqba_,SCOPe-5K,family,7aqb,308
d1xg0a_,SCOPe-5K,family,1xg0,76
d1xg0c_,SCOPe-5K,family,1xg0,175
d1ci9a_,SCOPe-5K,family,1ci9,377
d3besl_,SCOPe-5K,family,3bes,133
d1jo8a_,SCOPe-5K,family,1jo8,58
d1pn1a_,SCOPe-5K,family,1pn1,176
d6y0ha_,SCOPe-5K,family,6y0h,189
d1nu0a_,SCOPe-5K,family,1nu0,138
d2q4ea2,SCOPe-5K,family,2q4e,171
d2q4ea1,SCOPe-5K,family,2q4e,185
d3lhla_,SCOPe-5K,family,3lhl,276
d3m62b_,SCOPe-5K,family,3m62,72
d2joda1,SCOPe-5K,family,2jod,101
d6edma1,SCOPe-5K,family,6edm,250
d2hjva_,SCOPe-5K,family,2hjv,158
d2rrka1,SCOPe-5K,family,2rrk,135
d6tcdd1,SCOPe-5K,family,6tcd,131
d3gmza_,SCOPe-5K,family,3gmz,315
d7bwfb1,SCOPe-5K,family,7bwf,83
d5ll1a2,SCOPe-5K,family,5ll1,152
d5toqa1,SCOPe-5K,family,5toq,413
d4d7sa_,SCOPe-5K,family,4d7s,197
d3tkta_,SCOPe-5K,family,3tkt,427
d5yc6u_,SCOPe-5K,family,5yc6,246
d4ij5a_,SCOPe-5K,family,4ij5,211
d3ag7a1,SCOPe-5K,family,3ag7,100
d4iuya_,SCOPe-5K,family,4iuy,253
d2v3ua_,SCOPe-5K,family,2v3u,261
d5f5ta_,SCOPe-5K,family,5f5t,215
d4gwba_,SCOPe-5K,family,4gwb,164
d1sv0c1,SCOPe-5K,family,1sv0,80
d1of9a_,SCOPe-5K,family,1of9,77
d4n5ua1,SCOPe-5K,family,4n5u,104
d2y43a_,SCOPe-5K,family,2y43,89
d4crwb_,SCOPe-5K,family,4crw,158
d4hi7a1,SCOPe-5K,family,4hi7,85
d4hi7a2,SCOPe-5K,family,4hi7,134
d4es1a1,SCOPe-5K,family,4es1,87
d7k3ta_,SCOPe-5K,family,7k3t,306
d2f42a1,SCOPe-5K,family,2f42,78
d2f42a2,SCOPe-5K,family,2f42,78
d1q79a3,SCOPe-5K,family,1q79,134
d1zk8a2,SCOPe-5K,family,1zk8,105
d1zk8a1,SCOPe-5K,family,1zk8,72
d2c0ka_,SCOPe-5K,family,2c0k,150
d4lera_,SCOPe-5K,family,4ler,457
d1qwya_,SCOPe-5K,family,1qwy,270
d6q00a_,SCOPe-5K,family,6q00,76
d2riha_,SCOPe-5K,family,2rih,131
d2gkpa1,SCOPe-5K,family,2gkp,164
d7bvgp_,SCOPe-5K,family,7bvg,93
d4lhpa_,SCOPe-5K,family,4lhp,131
d4noga_,SCOPe-5K,family,4nog,422
d1ofcx2,SCOPe-5K,family,1ofc,128
d1ofcx1,SCOPe-5K,family,1ofc,52
d1ofcx3,SCOPe-5K,family,1ofc,102
d1lfba_,SCOPe-5K,family,1lfb,78
d2eufa2,SCOPe-5K,family,2euf,106
d2eufa1,SCOPe-5K,family,2euf,141
d4rega_,SCOPe-5K,family,4reg,335
d1yj8a2,SCOPe-5K,family,1yj8,157
d1v5ua1,SCOPe-5K,family,1v5u,104
d1xjua1,SCOPe-5K,family,1xju,157
d2gfqa1,SCOPe-5K,family,2gfq,286
d3v7ia1,SCOPe-5K,family,3v7i,150
d2fdva_,SCOPe-5K,family,2fdv,465
d3gl3a1,SCOPe-5K,family,3gl3,139
d2pr9a1,SCOPe-5K,family,2pr9,277
d5wcea3,SCOPe-5K,family,5wce,122
d5wcea2,SCOPe-5K,family,5wce,132
d4i0na_,SCOPe-5K,family,4i0n,278
d1ko7a2,SCOPe-5K,family,1ko7,169
d1ko7a1,SCOPe-5K,family,1ko7,129
d3ue2a1,SCOPe-5K,family,3ue2,117
d2egea1,SCOPe-5K,family,2ege,68
d1zcea1,SCOPe-5K,family,1zce,146
d2ze0a2,SCOPe-5K,family,2ze0,80
d2fh1a2,SCOPe-5K,family,2fh1,96
d2fh1a1,SCOPe-5K,family,2fh1,121
d2fh1a3,SCOPe-5K,family,2fh1,113
d1uaia_,SCOPe-5K,family,1uai,223
d1ytqa2,SCOPe-5K,family,1ytq,92
d1ytqa1,SCOPe-5K,family,1ytq,89
d6gbda1,SCOPe-5K,family,6gbd,114
d2i2wa_,SCOPe-5K,family,2i2w,192
d1omoa_,SCOPe-5K,family,1omo,320
d1fx2a_,SCOPe-5K,family,1fx2,235
d6nqia_,SCOPe-5K,family,6nqi,209
d2jo6a1,SCOPe-5K,family,2jo6,108
d2ag5a1,SCOPe-5K,family,2ag5,245
d3nhma_,SCOPe-5K,family,3nhm,120
d6q27a2,SCOPe-5K,family,6q27,163
d6q27a1,SCOPe-5K,family,6q27,122
d2oqma1,SCOPe-5K,family,2oqm,171
d1cd9b1,SCOPe-5K,family,1cd9,107
d1cd9b2,SCOPe-5K,family,1cd9,106
d4cbug_,SCOPe-5K,family,4cbu,125
d1wyxa_,SCOPe-5K,family,1wyx,68
d3c7xa_,SCOPe-5K,family,3c7x,196
d1atia1,SCOPe-5K,family,1ati,111
d1atia2,SCOPe-5K,family,1ati,394
d4eiea_,SCOPe-5K,family,4eie,82
d2ozna1,SCOPe-5K,family,2ozn,133
d1ow5a_,SCOPe-5K,family,1ow5,60
d3dplr_,SCOPe-5K,family,3dpl,90
d1cjca2,SCOPe-5K,family,1cjc,231
d2oyoa1,SCOPe-5K,family,2oyo,186
d5kb6a_,SCOPe-5K,family,5kb6,343
d1sgwa1,SCOPe-5K,family,1sgw,199
d3ddja2,SCOPe-5K,family,3ddj,135
d3ddja1,SCOPe-5K,family,3ddj,141
d1ru4a_,SCOPe-5K,family,1ru4,400
d2jdca1,SCOPe-5K,family,2jdc,145
d1a8ra_,SCOPe-5K,family,1a8r,221
d2edma1,SCOPe-5K,family,2edm,161
d4affa1,SCOPe-5K,family,4aff,112
d1m12a1,SCOPe-5K,family,1m12,80
d3ok8a_,SCOPe-5K,family,3ok8,219
d2z3qa1,SCOPe-5K,family,2z3q,114
d2z3qb1,SCOPe-5K,family,2z3q,78
d4ipca1,SCOPe-5K,family,4ipc,120
d1deua_,SCOPe-5K,family,1deu,275
d3mi01_,SCOPe-5K,family,3mi0,227
d3mi02_,SCOPe-5K,family,3mi0,223
d3hhya_,SCOPe-5K,family,3hhy,256
d5a0yb1,SCOPe-5K,family,5a0y,187
d5a0ya2,SCOPe-5K,family,5a0y,281
d5a0ya1,SCOPe-5K,family,5a0y,268
d1g73a_,SCOPe-5K,family,1g73,157
d4al4a2,SCOPe-5K,family,4al4,172
d4al4c1,SCOPe-5K,family,4al4,159
d2kvaa1,SCOPe-5K,family,2kva,142
d3edna2,SCOPe-5K,family,3edn,168
d3edna1,SCOPe-5K,family,3edn,131
d2a9ua1,SCOPe-5K,family,2a9u,134
d1rx0a1,SCOPe-5K,family,1rx0,153
d1rx0a2,SCOPe-5K,family,1rx0,231
d1f2qa2,SCOPe-5K,family,1f2q,89
d1f2qa1,SCOPe-5K,family,1f2q,82
d3kwda_,SCOPe-5K,family,3kwd,166
d4dywa_,SCOPe-5K,family,4dyw,129
d1xeoa_,SCOPe-5K,family,1xeo,165
d1idpa_,SCOPe-5K,family,1idp,147
d1fltx_,SCOPe-5K,family,1flt,95
d4aana2,SCOPe-5K,family,4aan,158
d4aana1,SCOPe-5K,family,4aan,165
d5bt3a_,SCOPe-5K,family,5bt3,114
d1qhla_,SCOPe-5K,family,1qhl,222
d1b0ba_,SCOPe-5K,family,1b0b,142
d1wwca_,SCOPe-5K,family,1wwc,105
d1u3oa_,SCOPe-5K,family,1u3o,67
d4arua_,SCOPe-5K,family,4aru,410
d4fvda_,SCOPe-5K,family,4fvd,138
d1t35a_,SCOPe-5K,family,1t35,179
d1ojha_,SCOPe-5K,family,1ojh,52
d3ctua1,SCOPe-5K,family,3ctu,143
d6qrna_,SCOPe-5K,family,6qrn,140
d1xm3a_,SCOPe-5K,family,1xm3,251
d2a1va1,SCOPe-5K,family,2a1v,131
d4yv7a_,SCOPe-5K,family,4yv7,288
d3bl2a_,SCOPe-5K,family,3bl2,131
d5f4ca_,SCOPe-5K,family,5f4c,90
d3ge5a_,SCOPe-5K,family,3ge5,176
d5zzra_,SCOPe-5K,family,5zzr,356
d1g7sa3,SCOPe-5K,family,1g7s,131
d1g7sa2,SCOPe-5K,family,1g7s,128
d1g7sa4,SCOPe-5K,family,1g7s,227
d1g7sa1,SCOPe-5K,family,1g7s,101
d4e38a1,SCOPe-5K,family,4e38,209
d4tn5a_,SCOPe-5K,family,4tn5,113
d7nbia_,SCOPe-5K,family,7nbi,131
d1zlpa_,SCOPe-5K,family,1zlp,284
d1q18a1,SCOPe-5K,family,1q18,110
d1q18a2,SCOPe-5K,family,1q18,210
d1pmia_,SCOPe-5K,family,1pmi,440
d1ikpa1,SCOPe-5K,family,1ikp,250
d1ikpa2,SCOPe-5K,family,1ikp,212
d1ikpa3,SCOPe-5K,family,1ikp,143
d5do8a2,SCOPe-5K,family,5do8,76
d2vp4a_,SCOPe-5K,family,2vp4,198
d2a9da2,SCOPe-5K,family,2a9d,249
d2a9da1,SCOPe-5K,family,2a9d,123
d1psya_,SCOPe-5K,family,1psy,125
d3jtxa1,SCOPe-5K,family,3jtx,395
d3bwta_,SCOPe-5K,family,3bwt,333
d1orja1,SCOPe-5K,family,1orj,123
d1wu4a1,SCOPe-5K,family,1wu4,376
d5j4ia_,SCOPe-5K,family,5j4i,437
d2okqa1,SCOPe-5K,family,2okq,117
d1eg3a2,SCOPe-5K,family,1eg3,97
d1eg3a1,SCOPe-5K,family,1eg3,125
d2f6ia1,SCOPe-5K,family,2f6i,188
d3dkra_,SCOPe-5K,family,3dkr,241
d4ejoa1,SCOPe-5K,family,4ejo,111
d2ofka_,SCOPe-5K,family,2ofk,182
d3bvfa1,SCOPe-5K,family,3bvf,166
d4uz3a2,SCOPe-5K,family,4uz3,52
d1q67a_,SCOPe-5K,family,1q67,207
d2fswa1,SCOPe-5K,family,2fsw,102
d2j1ra_,SCOPe-5K,family,2j1r,142
d1k7ja_,SCOPe-5K,family,1k7j,206
d1e0ba_,SCOPe-5K,family,1e0b,61
d2hgsa4,SCOPe-5K,family,2hgs,371
d1u5ta2,SCOPe-5K,family,1u5t,68
d1u5ta1,SCOPe-5K,family,1u5t,145
d1u5tb1,SCOPe-5K,family,1u5t,94
d1u5tb2,SCOPe-5K,family,1u5t,75
d1dlpa2,SCOPe-5K,family,1dlp,120
d3ic4a1,SCOPe-5K,family,3ic4,82
d2csva1,SCOPe-5K,family,2csv,59
d2g3ba1,SCOPe-5K,family,2g3b,72
d2g3ba2,SCOPe-5K,family,2g3b,116
d3bnja_,SCOPe-5K,family,3bnj,471
d1tocr1,SCOPe-5K,family,1toc,57
d1tocr2,SCOPe-5K,family,1toc,63
d3c7ma_,SCOPe-5K,family,3c7m,195
d2csha1,SCOPe-5K,family,2csh,53
d2fq3a1,SCOPe-5K,family,2fq3,85
d1ryqa1,SCOPe-5K,family,1ryq,59
d2obpa1,SCOPe-5K,family,2obp,81
d3pwfa1,SCOPe-5K,family,3pwf,133
d6wu7a_,SCOPe-5K,family,6wu7,181
d2ciaa1,SCOPe-5K,family,2cia,97
d4gvxa_,SCOPe-5K,family,4gvx,258
d3jw4a_,SCOPe-5K,family,3jw4,137
d4wqna_,SCOPe-5K,family,4wqn,151
d1knza_,SCOPe-5K,family,1knz,157
d1xcra1,SCOPe-5K,family,1xcr,313
d3tzla_,SCOPe-5K,family,3tzl,319
d2ddra1,SCOPe-5K,family,2ddr,299
d1oo0a_,SCOPe-5K,family,1oo0,144
d1oo0b_,SCOPe-5K,family,1oo0,92
d2fkba1,SCOPe-5K,family,2fkb,161
d5yfka_,SCOPe-5K,family,5yfk,217
d1oa8a_,SCOPe-5K,family,1oa8,128
d2h30a_,SCOPe-5K,family,2h30,151
d1eb6a_,SCOPe-5K,family,1eb6,177
d4gq4a2,SCOPe-5K,family,4gq4,269
d4gq4a1,SCOPe-5K,family,4gq4,209
d1gtta1,SCOPe-5K,family,1gtt,213
d1gtta2,SCOPe-5K,family,1gtt,216
d1zk5a_,SCOPe-5K,family,1zk5,175
d5mlka3,SCOPe-5K,family,5mlk,126
d6evsa_,SCOPe-5K,family,6evs,137
d6aufb_,SCOPe-5K,family,6auf,273
d3gdla_,SCOPe-5K,family,3gdl,257
d5ng0a_,SCOPe-5K,family,5ng0,295
d3iu1a2,SCOPe-5K,family,3iu1,201
d3iu1a1,SCOPe-5K,family,3iu1,181
d1mfal1,SCOPe-5K,family,1mfa,111
d1vpba_,SCOPe-5K,family,1vpb,439
d7csva_,SCOPe-5K,family,7csv,98
d2a7wa1,SCOPe-5K,family,2a7w,91
d3t4na_,SCOPe-5K,family,3t4n,166
d1a7ta_,SCOPe-5K,family,1a7t,227
d3b77a1,SCOPe-5K,family,3b77,190
d3e61a1,SCOPe-5K,family,3e61,260
d2j9ua_,SCOPe-5K,family,2j9u,94
d2hyec3,SCOPe-5K,family,2hye,273
d2pg9a1,SCOPe-5K,family,2pg9,194
d2pg9a2,SCOPe-5K,family,2pg9,135
d2q4qa2,SCOPe-5K,family,2q4q,121
d2i15a1,SCOPe-5K,family,2i15,129
d4hdea1,SCOPe-5K,family,4hde,167
d5u3aa1,SCOPe-5K,family,5u3a,403
d5u3aa2,SCOPe-5K,family,5u3a,93
d4bgca1,SCOPe-5K,family,4bgc,101
d1wlja_,SCOPe-5K,family,1wlj,173
d5eq7a_,SCOPe-5K,family,5eq7,265
d5ycqa_,SCOPe-5K,family,5ycq,95
d1qfta_,SCOPe-5K,family,1qft,175
d1kn6a_,SCOPe-5K,family,1kn6,73
d2pd2a_,SCOPe-5K,family,2pd2,108
d4kfna2,SCOPe-5K,family,4kfn,326
d4kfna1,SCOPe-5K,family,4kfn,156
d5y5qa_,SCOPe-5K,family,5y5q,148
d6zm8a_,SCOPe-5K,family,6zm8,208
d1s12a_,SCOPe-5K,family,1s12,94
d2k9xa_,SCOPe-5K,family,2k9x,102
d1j3ma_,SCOPe-5K,family,1j3m,127
d2x4ka1,SCOPe-5K,family,2x4k,61
d2jaha_,SCOPe-5K,family,2jah,245
d5uwza_,SCOPe-5K,family,5uwz,219
d2etha1,SCOPe-5K,family,2eth,140
d1vfya1,SCOPe-5K,family,1vfy,62
d5c5ca_,SCOPe-5K,family,5c5c,472
d1h97a_,SCOPe-5K,family,1h97,147
d1t9ha2,SCOPe-5K,family,1t9h,231
d1t9ha1,SCOPe-5K,family,1t9h,67
d4ohna_,SCOPe-5K,family,4ohn,246
d1wgya1,SCOPe-5K,family,1wgy,91
d2cr9a1,SCOPe-5K,family,2cr9,126
d5o2da_,SCOPe-5K,family,5o2d,189
d4x57b_,SCOPe-5K,family,4x57,93
d1elva2,SCOPe-5K,family,1elv,68
d1elva1,SCOPe-5K,family,1elv,259
d5f7va_,SCOPe-5K,family,5f7v,390
d3ju4a2,SCOPe-5K,family,3ju4,150
d1u55a_,SCOPe-5K,family,1u55,188
d2bkfa1,SCOPe-5K,family,2bkf,85
d3gina_,SCOPe-5K,family,3gin,132
d1qs0a_,SCOPe-5K,family,1qs0,407
d4efae2,SCOPe-5K,family,4efa,129
d3tnja_,SCOPe-5K,family,3tnj,146
d3hwua_,SCOPe-5K,family,3hwu,144
d2c6ua_,SCOPe-5K,family,2c6u,122
d3asta_,SCOPe-5K,family,3ast,311
d1zp6a1,SCOPe-5K,family,1zp6,176
d3sfja_,SCOPe-5K,family,3sfj,103
d6p24a_,SCOPe-5K,family,6p24,241
d6p24c1,SCOPe-5K,family,6p24,86
d1vq3a1,SCOPe-5K,family,1vq3,82
d4jv8b_,SCOPe-5K,family,4jv8,149
d4q14a_,SCOPe-5K,family,4q14,118
d1th0a_,SCOPe-5K,family,1th0,226
d4n4pa_,SCOPe-5K,family,4n4p,296
d1zzwa_,SCOPe-5K,family,1zzw,147
d1guua_,SCOPe-5K,family,1guu,50
d5zf2a_,SCOPe-5K,family,5zf2,103
d2doua_,SCOPe-5K,family,2dou,372
d1cb8a3,SCOPe-5K,family,1cb8,264
d1cb8a2,SCOPe-5K,family,1cb8,101
d1cb8a1,SCOPe-5K,family,1cb8,310
d1hq1a_,SCOPe-5K,family,1hq1,104
d1chca_,SCOPe-5K,family,1chc,68
d1i8ta1,SCOPe-5K,family,1i8t,299
d1wk0a1,SCOPe-5K,family,1wk0,124
d2ezia_,SCOPe-5K,family,2ezi,75
d1r8ha_,SCOPe-5K,family,1r8h,87
d2fcoa_,SCOPe-5K,family,2fco,171
d6ygqa1,SCOPe-5K,family,6ygq,120
d2x9va_,SCOPe-5K,family,2x9v,267
d1jxqa1,SCOPe-5K,family,1jxq,277
d2nuja1,SCOPe-5K,family,2nuj,159
d1t3qc2,SCOPe-5K,family,1t3q,176
d1t3qb1,SCOPe-5K,family,1t3q,165
d1t3qc1,SCOPe-5K,family,1t3q,109
d3ck2a1,SCOPe-5K,family,3ck2,173
d3dz1a1,SCOPe-5K,family,3dz1,299
d7nz9a_,SCOPe-5K,family,7nz9,161
d1ibya_,SCOPe-5K,family,1iby,112
d1o63a_,SCOPe-5K,family,1o63,203
d7d59k_,SCOPe-5K,family,7d59,107
d3hjha1,SCOPe-5K,family,3hjh,344
d3hjha2,SCOPe-5K,family,3hjh,102
d3lyea_,SCOPe-5K,family,3lye,293
d5kwra1,SCOPe-5K,family,5kwr,137
d2w11a1,SCOPe-5K,family,2w11,201
d3llxa2,SCOPe-5K,family,3llx,238
d4phtx2,SCOPe-5K,family,4pht,90
d1rypd_,SCOPe-5K,family,1ryp,241
d2tnfa_,SCOPe-5K,family,2tnf,148
d2hs1a_,SCOPe-5K,family,2hs1,99
d1z2aa_,SCOPe-5K,family,1z2a,164
d4pf4a1,SCOPe-5K,family,4pf4,277
d1xnea_,SCOPe-5K,family,1xne,113
d1l1oc_,SCOPe-5K,family,1l1o,178
d1sumb_,SCOPe-5K,family,1sum,225
d1y63a_,SCOPe-5K,family,1y63,174
d3fm8a_,SCOPe-5K,family,3fm8,98
d3sjma_,SCOPe-5K,family,3sjm,55
d1ldfa_,SCOPe-5K,family,1ldf,254
d1xsva_,SCOPe-5K,family,1xsv,106
d1je5a_,SCOPe-5K,family,1je5,197
d2pe8a1,SCOPe-5K,family,2pe8,101
d2c8ua1,SCOPe-5K,family,2c8u,121
d7cb9a_,SCOPe-5K,family,7cb9,466
d1hfia_,SCOPe-5K,family,1hfi,62
d4s1ha1,SCOPe-5K,family,4s1h,279
d6r5ha_,SCOPe-5K,family,6r5h,350
d4q9aa_,SCOPe-5K,family,4q9a,219
d1wjra1,SCOPe-5K,family,1wjr,114
d1o80a_,SCOPe-5K,family,1o80,75
d1y12a1,SCOPe-5K,family,1y12,161
d1xc2a3,SCOPe-5K,family,1xc2,152
d1xc2a4,SCOPe-5K,family,1xc2,111
d3edha_,SCOPe-5K,family,3edh,201
d1a7ja_,SCOPe-5K,family,1a7j,288
d2vhja_,SCOPe-5K,family,2vhj,300
d6hrda1,SCOPe-5K,family,6hrd,187
d1z3eb1,SCOPe-5K,family,1z3e,67
d1z3ea1,SCOPe-5K,family,1z3e,114
d1s5ua_,SCOPe-5K,family,1s5u,129
d1ny5a1,SCOPe-5K,family,1ny5,137
d1r5la2,SCOPe-5K,family,1r5l,185
d1r5la1,SCOPe-5K,family,1r5l,66
d3iam6_,SCOPe-5K,family,3iam,161
d3iam32,SCOPe-5K,family,3iam,151
d3iam9_,SCOPe-5K,family,3iam,154
d3iam34,SCOPe-5K,family,3iam,92
d3iam7_,SCOPe-5K,family,3iam,127
d3iam31,SCOPe-5K,family,3iam,95
d3iam33,SCOPe-5K,family,3iam,439
d3iam5_,SCOPe-5K,family,3iam,196
d3iam2_,SCOPe-5K,family,3iam,179
d3iam13,SCOPe-5K,family,3iam,105
d1vz6a_,SCOPe-5K,family,1vz6,383
d1saua_,SCOPe-5K,family,1sau,114
d6egea_,SCOPe-5K,family,6ege,295
d2im8a_,SCOPe-5K,family,2im8,123
d1v70a_,SCOPe-5K,family,1v70,105
d1ulya_,SCOPe-5K,family,1uly,190
d2o6qa_,SCOPe-5K,family,2o6q,270
d2v84a_,SCOPe-5K,family,2v84,319
d3vk0a_,SCOPe-5K,family,3vk0,89
d6z3ub_,SCOPe-5K,family,6z3u,322
d3dvwa_,SCOPe-5K,family,3dvw,191
d1hf2a2,SCOPe-5K,family,1hf2,99
d1hf2a1,SCOPe-5K,family,1hf2,107
d5u4oa_,SCOPe-5K,family,5u4o,480
d3lf5a_,SCOPe-5K,family,3lf5,87
d3ld9b1,SCOPe-5K,family,3ld9,201
d1v6ea1,SCOPe-5K,family,1v6e,82
d4hnoa1,SCOPe-5K,family,4hno,284
d4sgbi_,SCOPe-5K,family,4sgb,51
d1ilwa_,SCOPe-5K,family,1ilw,179
d3l6ba_,SCOPe-5K,family,3l6b,327
d5zs3a_,SCOPe-5K,family,5zs3,113
d7kr0a_,SCOPe-5K,family,7kr0,169
d1nkoa_,SCOPe-5K,family,1nko,127
d1qypa1,SCOPe-5K,family,1qyp,53
d1tlta1,SCOPe-5K,family,1tlt,165
d1tlta2,SCOPe-5K,family,1tlt,140
d2p8ba2,SCOPe-5K,family,2p8b,244
d2p8ba1,SCOPe-5K,family,2p8b,125
d1mzpa1,SCOPe-5K,family,1mzp,216
d1g8pa_,SCOPe-5K,family,1g8p,333
d1tkia_,SCOPe-5K,family,1tki,321
d3pr9a_,SCOPe-5K,family,3pr9,150
d2fxaa1,SCOPe-5K,family,2fxa,162
d3b0ga4,SCOPe-5K,family,3b0g,126
d3b0ga3,SCOPe-5K,family,3b0g,84
d3b0ga1,SCOPe-5K,family,3b0g,157
d3b0ga2,SCOPe-5K,family,3b0g,171
d1g41a_,SCOPe-5K,family,1g41,443
d3syba_,SCOPe-5K,family,3syb,452
d1gcqc1,SCOPe-5K,family,1gcq,65
d3l81a_,SCOPe-5K,family,3l81,269
d2j73a_,SCOPe-5K,family,2j73,103
d2iela1,SCOPe-5K,family,2iel,134
d1y0pa1,SCOPe-5K,family,1y0p,102
d1y0pa3,SCOPe-5K,family,1y0p,146
d1y0pa2,SCOPe-5K,family,1y0p,321
d2kcra_,SCOPe-5K,family,2kcr,61
d2wp8b1,SCOPe-5K,family,2wp8,150
d2wp8b2,SCOPe-5K,family,2wp8,87
d2p7sa_,SCOPe-5K,family,2p7s,110
d7ng2a1,SCOPe-5K,family,7ng2,156
d4dlla1,SCOPe-5K,family,4dll,162
d4dlla2,SCOPe-5K,family,4dll,126
d1hkva2,SCOPe-5K,family,1hkv,265
d1hkva1,SCOPe-5K,family,1hkv,182
d2zlza_,SCOPe-5K,family,2zlz,296
d1jaya_,SCOPe-5K,family,1jay,212
d4gi7a_,SCOPe-5K,family,4gi7,309
d2nrac2,SCOPe-5K,family,2nra,117
d2nrac1,SCOPe-5K,family,2nra,143
d1p6xa1,SCOPe-5K,family,1p6x,330
d1sota1,SCOPe-5K,family,1sot,99
d1yhfa1,SCOPe-5K,family,1yhf,112
d1u3em2,SCOPe-5K,family,1u3e,69
d1u3em1,SCOPe-5K,family,1u3e,105
d1kwaa_,SCOPe-5K,family,1kwa,88
d1th7a1,SCOPe-5K,family,1th7,76
d5ym6a_,SCOPe-5K,family,5ym6,105
d5h02a_,SCOPe-5K,family,5h02,252
d2o90a_,SCOPe-5K,family,2o90,115
d3hz4a_,SCOPe-5K,family,3hz4,120
d1mdca_,SCOPe-5K,family,1mdc,131
d2i5ia1,SCOPe-5K,family,2i5i,261
d2d7pa1,SCOPe-5K,family,2d7p,99
d2nqwa1,SCOPe-5K,family,2nqw,87
d1t6na_,SCOPe-5K,family,1t6n,207
d2c3fa1,SCOPe-5K,family,2c3f,330
d1u5ea1,SCOPe-5K,family,1u5e,209
d1ngvb_,SCOPe-5K,family,1ngv,430
d1jiga_,SCOPe-5K,family,1jig,146
d1dcea3,SCOPe-5K,family,1dce,124
d1dcea1,SCOPe-5K,family,1dce,335
d1dceb_,SCOPe-5K,family,1dce,329
d1dcea2,SCOPe-5K,family,1dce,109
d3epra1,SCOPe-5K,family,3epr,255
d1whra1,SCOPe-5K,family,1whr,111
d5kycb_,SCOPe-5K,family,5kyc,340
d5ep2a1,SCOPe-5K,family,5ep2,247
d2yvta1,SCOPe-5K,family,2yvt,257
d3njea_,SCOPe-5K,family,3nje,166
d2a9ga1,SCOPe-5K,family,2a9g,412
d2nlva1,SCOPe-5K,family,2nlv,111
d2q58a_,SCOPe-5K,family,2q58,335
d6ovpa_,SCOPe-5K,family,6ovp,118
d3im6a_,SCOPe-5K,family,3im6,206
d4jfca_,SCOPe-5K,family,4jfc,257
d2py5a1,SCOPe-5K,family,2py5,183
d2py5a2,SCOPe-5K,family,2py5,388
d2cdqa1,SCOPe-5K,family,2cdq,304
d2cdqa2,SCOPe-5K,family,2cdq,91
d2cdqa3,SCOPe-5K,family,2cdq,75
d1jm1a_,SCOPe-5K,family,1jm1,202
d2xuta_,SCOPe-5K,family,2xut,488
d1srqa_,SCOPe-5K,family,1srq,336
d6gg9a1,SCOPe-5K,family,6gg9,132
d2mioa1,SCOPe-5K,family,2mio,59
d1e44b_,SCOPe-5K,family,1e44,96
d3cq5a_,SCOPe-5K,family,3cq5,364
d2hk8a2,SCOPe-5K,family,2hk8,161
d1rdua_,SCOPe-5K,family,1rdu,116
d4f0ba1,SCOPe-5K,family,4f0b,96
d1btna_,SCOPe-5K,family,1btn,106
d7bfka_,SCOPe-5K,family,7bfk,125
d3k3pa1,SCOPe-5K,family,3k3p,124
d4jyla1,SCOPe-5K,family,4jyl,243
d4kjfa_,SCOPe-5K,family,4kjf,106
d2fo1e1,SCOPe-5K,family,2fo1,277
d2fo1d1,SCOPe-5K,family,2fo1,63
d2qwob_,SCOPe-5K,family,2qwo,92
d1nj1a2,SCOPe-5K,family,1nj1,71
d2x63a_,SCOPe-5K,family,2x63,258
d4htga2,SCOPe-5K,family,4htg,80
d4htga1,SCOPe-5K,family,4htg,222
d6g62a1,SCOPe-5K,family,6g62,112
d1itha_,SCOPe-5K,family,1ith,141
d6xlra3,SCOPe-5K,family,6xlr,102
d6xlra1,SCOPe-5K,family,6xlr,150
d6xlra2,SCOPe-5K,family,6xlr,387
d6hgoa_,SCOPe-5K,family,6hgo,126
d1t4oa_,SCOPe-5K,family,1t4o,81
d5vg0a_,SCOPe-5K,family,5vg0,142
d2wq7a2,SCOPe-5K,family,2wq7,294
d2wq7a1,SCOPe-5K,family,2wq7,214
d1pxza_,SCOPe-5K,family,1pxz,346
d6b1pa2,SCOPe-5K,family,6b1p,163
d1dg6a_,SCOPe-5K,family,1dg6,162
d2a1ka_,SCOPe-5K,family,2a1k,215
d1vgja_,SCOPe-5K,family,1vgj,184
d2x6ta_,SCOPe-5K,family,2x6t,307
d1h0hb_,SCOPe-5K,family,1h0h,214
d3k2za2,SCOPe-5K,family,3k2z,126
d3k2za1,SCOPe-5K,family,3k2z,69
d1tbua1,SCOPe-5K,family,1tbu,104
d5ffxa_,SCOPe-5K,family,5ffx,138
d3agxa2,SCOPe-5K,family,3agx,95
d2hsza1,SCOPe-5K,family,2hsz,224
d5eria1,SCOPe-5K,family,5eri,147
d1qhua1,SCOPe-5K,family,1qhu,192
d1u5ua_,SCOPe-5K,family,1u5u,366
d3k2ja1,SCOPe-5K,family,3k2j,107
d1u2za_,SCOPe-5K,family,1u2z,406
d1i8ua_,SCOPe-5K,family,1i8u,189
d3bb9a1,SCOPe-5K,family,3bb9,121
d2rdxa1,SCOPe-5K,family,2rdx,126
d3orka1,SCOPe-5K,family,3ork,290
d3cswa1,SCOPe-5K,family,3csw,273
d4csrb_,SCOPe-5K,family,4csr,82
d3zqxa1,SCOPe-5K,family,3zqx,145
d1ub3a_,SCOPe-5K,family,1ub3,211
d1fiua_,SCOPe-5K,family,1fiu,286
d4h27a_,SCOPe-5K,family,4h27,318
d1v86a1,SCOPe-5K,family,1v86,82
d2j67a_,SCOPe-5K,family,2j67,149
d1u07a_,SCOPe-5K,family,1u07,90
d3a77a_,SCOPe-5K,family,3a77,239
d2blna2,SCOPe-5K,family,2bln,203
d2blna1,SCOPe-5K,family,2bln,101
d2cdna2,SCOPe-5K,family,2cdn,181
d5icma1,SCOPe-5K,family,5icm,252
d2f5tx1,SCOPe-5K,family,2f5t,92
d2f5tx2,SCOPe-5K,family,2f5t,137
d1mija_,SCOPe-5K,family,1mij,152
d6mdha1,SCOPe-5K,family,6mdh,69
d1eara2,SCOPe-5K,family,1ear,68
d1eara1,SCOPe-5K,family,1ear,74
d2o39c2,SCOPe-5K,family,2o39,64
d2o39c1,SCOPe-5K,family,2o39,62
d4p7xa1,SCOPe-5K,family,4p7x,279
d4l6ra2,SCOPe-5K,family,4l6r,307
d3op6a_,SCOPe-5K,family,3op6,151
d2cmga_,SCOPe-5K,family,2cmg,262
d1oeda_,SCOPe-5K,family,1oed,227
d1oedc_,SCOPe-5K,family,1oed,260
d1yi8a_,SCOPe-5K,family,1yi8,331
d3s4ea1,SCOPe-5K,family,3s4e,142
d2vo8a1,SCOPe-5K,family,2vo8,136
d1t0fa1,SCOPe-5K,family,1t0f,100
d1t0fa2,SCOPe-5K,family,1t0f,162
d3p7ma2,SCOPe-5K,family,3p7m,173
d1yu0a1,SCOPe-5K,family,1yu0,166
d1yu0a2,SCOPe-5K,family,1yu0,210
d3jzja_,SCOPe-5K,family,3jzj,388
d7apea_,SCOPe-5K,family,7ape,435
d6th2a1,SCOPe-5K,family,6th2,227
d1y9za_,SCOPe-5K,family,1y9z,435
d6erda1,SCOPe-5K,family,6erd,168
d5aoha_,SCOPe-5K,family,5aoh,265
d3rrca1,SCOPe-5K,family,3rrc,298
d1dzfa1,SCOPe-5K,family,1dzf,139
d1dzfa2,SCOPe-5K,family,1dzf,72
d1zxqa2,SCOPe-5K,family,1zxq,86
d2frha2,SCOPe-5K,family,2frh,123
d3f1pb_,SCOPe-5K,family,3f1p,111
d4mgga2,SCOPe-5K,family,4mgg,240
d2v94a1,SCOPe-5K,family,2v94,93
d1jtgb_,SCOPe-5K,family,1jtg,165
d2qpza_,SCOPe-5K,family,2qpz,103
d3pxva_,SCOPe-5K,family,3pxv,188
d2hl0a_,SCOPe-5K,family,2hl0,143
d6vvga_,SCOPe-5K,family,6vvg,277
d3mxta1,SCOPe-5K,family,3mxt,282
d3of4a_,SCOPe-5K,family,3of4,208
d7csna1,SCOPe-5K,family,7csn,193
d2i4ra1,SCOPe-5K,family,2i4r,76
d6yira2,SCOPe-5K,family,6yir,60
d6yira3,SCOPe-5K,family,6yir,70
d6sa5a1,SCOPe-5K,family,6sa5,105
d1d8ka_,SCOPe-5K,family,1d8k,81
d2q01a_,SCOPe-5K,family,2q01,479
d2q4ha1,SCOPe-5K,family,2q4h,173
d2q4ha2,SCOPe-5K,family,2q4h,156
d1bifa1,SCOPe-5K,family,1bif,213
d1bifa2,SCOPe-5K,family,1bif,219
d3claa_,SCOPe-5K,family,3cla,213
d2d8da1,SCOPe-5K,family,2d8d,80
d3alua_,SCOPe-5K,family,3alu,157
d6otva2,SCOPe-5K,family,6otv,183
d1z0sa_,SCOPe-5K,family,1z0s,249
d1svia_,SCOPe-5K,family,1svi,195
d1pgua1,SCOPe-5K,family,1pgu,325
d1pgua2,SCOPe-5K,family,1pgu,287
d1rw1a_,SCOPe-5K,family,1rw1,114
d6g77a_,SCOPe-5K,family,6g77,299
d1jf8a_,SCOPe-5K,family,1jf8,130
d6krwa_,SCOPe-5K,family,6krw,306
d4enea_,SCOPe-5K,family,4ene,444
d1m4ja_,SCOPe-5K,family,1m4j,133
d2doea1,SCOPe-5K,family,2doe,70
d2etja1,SCOPe-5K,family,2etj,221
d2g3aa1,SCOPe-5K,family,2g3a,137
d4n91a_,SCOPe-5K,family,4n91,308
d2dw4a2,SCOPe-5K,family,2dw4,450
d2dw4a3,SCOPe-5K,family,2dw4,109
d2dw4a1,SCOPe-5K,family,2dw4,102
d1p6oa_,SCOPe-5K,family,1p6o,156
d4hlca_,SCOPe-5K,family,4hlc,202
d6xxja_,SCOPe-5K,family,6xxj,356
d2coda1,SCOPe-5K,family,2cod,102
d1ya0a1,SCOPe-5K,family,1ya0,497
d1r2qa_,SCOPe-5K,family,1r2q,170
d2iu4a1,SCOPe-5K,family,2iu4,321
d2eifa2,SCOPe-5K,family,2eif,59
d1i4ta_,SCOPe-5K,family,1i4t,195
d1wiha1,SCOPe-5K,family,1wih,71
d5m0yb2,SCOPe-5K,family,5m0y,62
d5m0yb1,SCOPe-5K,family,5m0y,95
d2bcoa1,SCOPe-5K,family,2bco,339
d6f4ja_,SCOPe-5K,family,6f4j,175
d6f4jc_,SCOPe-5K,family,6f4j,92
d1yc5a1,SCOPe-5K,family,1yc5,245
d1fxla1,SCOPe-5K,family,1fxl,82
d1fxla2,SCOPe-5K,family,1fxl,85
d1zgka1,SCOPe-5K,family,1zgk,288
d6yd4a2,SCOPe-5K,family,6yd4,132
d6yd4a1,SCOPe-5K,family,6yd4,334
d2d9qb1,SCOPe-5K,family,2d9q,94
d1ydxa2,SCOPe-5K,family,1ydx,181
d1ydxa1,SCOPe-5K,family,1ydx,193
d2ylna_,SCOPe-5K,family,2yln,240
d3boda1,SCOPe-5K,family,3bod,173
d4w8ga_,SCOPe-5K,family,4w8g,125
d3gl9a_,SCOPe-5K,family,3gl9,120
d2nuha_,SCOPe-5K,family,2nuh,104
d2z1ea1,SCOPe-5K,family,2z1e,113
d2z1ea2,SCOPe-5K,family,2z1e,179
d1wema1,SCOPe-5K,family,1wem,63
d1sr8a_,SCOPe-5K,family,1sr8,282
d1w41a1,SCOPe-5K,family,1w41,99
d1gwea_,SCOPe-5K,family,1gwe,498
d2mq0a1,SCOPe-5K,family,2mq0,91
d1ftpa_,SCOPe-5K,family,1ftp,133
d1gq6a_,SCOPe-5K,family,1gq6,301
d2rc5a2,SCOPe-5K,family,2rc5,156
d2rc5a1,SCOPe-5K,family,2rc5,152
d2gz4a1,SCOPe-5K,family,2gz4,200
d4rw0a1,SCOPe-5K,family,4rw0,182
d6fcta_,SCOPe-5K,family,6fct,209
d1ghja_,SCOPe-5K,family,1ghj,79
d1qvra1,SCOPe-5K,family,1qvr,145
d1gl4b_,SCOPe-5K,family,1gl4,89
d1gl4a1,SCOPe-5K,family,1gl4,233
d2dtge2,SCOPe-5K,family,2dtg,196
d1gh2a_,SCOPe-5K,family,1gh2,107
d2fvva1,SCOPe-5K,family,2fvv,135
d1r57a1,SCOPe-5K,family,1r57,94
d2qn6b_,SCOPe-5K,family,2qn6,90
d1kcma_,SCOPe-5K,family,1kcm,256
d3bwga2,SCOPe-5K,family,3bwg,145
d3bwga1,SCOPe-5K,family,3bwg,78
d7c2aa_,SCOPe-5K,family,7c2a,190
d3edea3,SCOPe-5K,family,3ede,82
d3edea1,SCOPe-5K,family,3ede,93
d3edea2,SCOPe-5K,family,3ede,422
d4wsbc6,SCOPe-5K,family,4wsb,247
d3lv0a_,SCOPe-5K,family,3lv0,260
d1a1va1,SCOPe-5K,family,1a1v,136
d1a1va2,SCOPe-5K,family,1a1v,299
d1snya1,SCOPe-5K,family,1sny,247
d5mola2,SCOPe-5K,family,5mol,108
d5mola3,SCOPe-5K,family,5mol,106
d1igna1,SCOPe-5K,family,1ign,86
d1igna2,SCOPe-5K,family,1ign,149
d5azpa_,SCOPe-5K,family,5azp,446
d2k5wa1,SCOPe-5K,family,2k5w,108
d6mf9a_,SCOPe-5K,family,6mf9,126
d3gp9a1,SCOPe-5K,family,3gp9,130
d1vkwa1,SCOPe-5K,family,1vkw,206
d1twya_,SCOPe-5K,family,1twy,249
d3ghxa_,SCOPe-5K,family,3ghx,176
d1m8aa_,SCOPe-5K,family,1m8a,61
d1ocya_,SCOPe-5K,family,1ocy,198
d1ktha_,SCOPe-5K,family,1kth,58
d6guwa_,SCOPe-5K,family,6guw,125
d4kefa1,SCOPe-5K,family,4kef,138
d6ycma_,SCOPe-5K,family,6ycm,402
d4i8ha_,SCOPe-5K,family,4i8h,223
d1h3ob1,SCOPe-5K,family,1h3o,72
d1h3oa_,SCOPe-5K,family,1h3o,50
d2a40b_,SCOPe-5K,family,2a40,260
d2d9pa1,SCOPe-5K,family,2d9p,90
d6hn3a1,SCOPe-5K,family,6hn3,166
d2hq7a1,SCOPe-5K,family,2hq7,141
d2pq8a_,SCOPe-5K,family,2pq8,271
d2ao9a1,SCOPe-5K,family,2ao9,120
d2bvya1,SCOPe-5K,family,2bvy,94
d7d6aa_,SCOPe-5K,family,7d6a,475
d1kgce1,SCOPe-5K,family,1kgc,112
d1kgcd1,SCOPe-5K,family,1kgc,112
d1dfup_,SCOPe-5K,family,1dfu,94
d6gmfa_,SCOPe-5K,family,6gmf,397
d1y93a_,SCOPe-5K,family,1y93,158
d6pnua1,SCOPe-5K,family,6pnu,474
d1x51a1,SCOPe-5K,family,1x51,142
d2hiqa_,SCOPe-5K,family,2hiq,96
d6kwaa_,SCOPe-5K,family,6kwa,267
d1ut1a_,SCOPe-5K,family,1ut1,140
d1p9la1,SCOPe-5K,family,1p9l,137
d1p9la2,SCOPe-5K,family,1p9l,109
d1jjfa_,SCOPe-5K,family,1jjf,255
d2bh1a2,SCOPe-5K,family,2bh1,144
d2bh1a1,SCOPe-5K,family,2bh1,94
d2bh1x1,SCOPe-5K,family,2bh1,68
d2pw6a1,SCOPe-5K,family,2pw6,258
d2cb8a_,SCOPe-5K,family,2cb8,86
d1sg5a1,SCOPe-5K,family,1sg5,86
d7ag6a1,SCOPe-5K,family,7ag6,298
d6rb7a_,SCOPe-5K,family,6rb7,305
d1koea_,SCOPe-5K,family,1koe,172
d2auaa1,SCOPe-5K,family,2aua,194
d1icfi_,SCOPe-5K,family,1icf,65
d1tifa_,SCOPe-5K,family,1tif,76
d1dkva5,SCOPe-5K,family,1dkv,158
d1peqa1,SCOPe-5K,family,1peq,162
d2h88b1,SCOPe-5K,family,2h88,107
d2h88d_,SCOPe-5K,family,2h88,101
d2h88b2,SCOPe-5K,family,2h88,132
d3bjva_,SCOPe-5K,family,3bjv,156
d3fr3a2,SCOPe-5K,family,3fr3,119
d7niya_,SCOPe-5K,family,7niy,240
d2x55a1,SCOPe-5K,family,2x55,289
d4quca_,SCOPe-5K,family,4quc,56
d1wkca_,SCOPe-5K,family,1wkc,175
d1vk2a_,SCOPe-5K,family,1vk2,191
d1f0aa_,SCOPe-5K,family,1f0a,81
d1auka_,SCOPe-5K,family,1auk,485
d1k12a_,SCOPe-5K,family,1k12,158
d1regx_,SCOPe-5K,family,1reg,122
d3fdua1,SCOPe-5K,family,3fdu,246
d2x4da_,SCOPe-5K,family,2x4d,270
d2v0ha1,SCOPe-5K,family,2v0h,248
d2v0ha2,SCOPe-5K,family,2v0h,202
d4gqph_,SCOPe-5K,family,4gqp,240
d2oq5a_,SCOPe-5K,family,2oq5,232
d1g31a_,SCOPe-5K,family,1g31,107
d2cwya1,SCOPe-5K,family,2cwy,94
d1h2ba1,SCOPe-5K,family,1h2b,172
d1h2ba2,SCOPe-5K,family,1h2b,172
d4qa8a_,SCOPe-5K,family,4qa8,210
d4rm7a2,SCOPe-5K,family,4rm7,155
d4rm7a1,SCOPe-5K,family,4rm7,229
d1m45a_,SCOPe-5K,family,1m45,146
d3mvua_,SCOPe-5K,family,3mvu,225
d3e5ua2,SCOPe-5K,family,3e5u,139
d3e5ua1,SCOPe-5K,family,3e5u,80
d2yfia1,SCOPe-5K,family,2yfi,162
d3obca1,SCOPe-5K,family,3obc,100
d2dsya1,SCOPe-5K,family,2dsy,80
d4kt7a1,SCOPe-5K,family,4kt7,230
d1ciya2,SCOPe-5K,family,1ciy,206
d3kzoa1,SCOPe-5K,family,3kzo,162
d3kzoa2,SCOPe-5K,family,3kzo,170
d2hbja1,SCOPe-5K,family,2hbj,96
d2hbja2,SCOPe-5K,family,2hbj,292
d3gqba1,SCOPe-5K,family,3gqb,70
d3gqba4,SCOPe-5K,family,3gqb,147
d1ogda_,SCOPe-5K,family,1ogd,131
d1zx5a1,SCOPe-5K,family,1zx5,299
d1wy5a1,SCOPe-5K,family,1wy5,216
d1wy5a2,SCOPe-5K,family,1wy5,95
d3nxba_,SCOPe-5K,family,3nxb,101
d1mnta_,SCOPe-5K,family,1mnt,66
d1u7ka_,SCOPe-5K,family,1u7k,131
d1zpsa1,SCOPe-5K,family,1zps,124
d1kgda_,SCOPe-5K,family,1kgd,178
d3vrna1,SCOPe-5K,family,3vrn,136
d3vrna3,SCOPe-5K,family,3vrn,87
d3vrna2,SCOPe-5K,family,3vrn,86
d1r94a_,SCOPe-5K,family,1r94,97
d2c1wa1,SCOPe-5K,family,2c1w,284
d1s68a_,SCOPe-5K,family,1s68,233
d1uynx_,SCOPe-5K,family,1uyn,299
d1xhba2,SCOPe-5K,family,1xhb,328
d1xhba1,SCOPe-5K,family,1xhb,131
d2hbwa2,SCOPe-5K,family,2hbw,148
d2hbwa1,SCOPe-5K,family,2hbw,73
d1jjcb4,SCOPe-5K,family,1jjc,104
d1jjcb6,SCOPe-5K,family,1jjc,209
d1jjcb3,SCOPe-5K,family,1jjc,113
d1jjcb1,SCOPe-5K,family,1jjc,78
d1jjcb2,SCOPe-5K,family,1jjc,75
d1jjcb5,SCOPe-5K,family,1jjc,207
d5k0ua_,SCOPe-5K,family,5k0u,263
d6w9ga_,SCOPe-5K,family,6w9g,143
d1q6wa_,SCOPe-5K,family,1q6w,151
d1rzxa_,SCOPe-5K,family,1rzx,98
d2cp5a1,SCOPe-5K,family,2cp5,128
d4cu7a3,SCOPe-5K,family,4cu7,332
d4cu7a5,SCOPe-5K,family,4cu7,119
d4cu7a4,SCOPe-5K,family,4cu7,108
d4cu7a2,SCOPe-5K,family,4cu7,120
d4cu7a1,SCOPe-5K,family,4cu7,169
d2j5ia_,SCOPe-5K,family,2j5i,248
d3ju7a_,SCOPe-5K,family,3ju7,368
d5mkia_,SCOPe-5K,family,5mki,70
d2b5ga_,SCOPe-5K,family,2b5g,168
d1wmhb_,SCOPe-5K,family,1wmh,82
d1wmha_,SCOPe-5K,family,1wmh,83
d2wzba_,SCOPe-5K,family,2wzb,415
d5yx6a_,SCOPe-5K,family,5yx6,387
d1squa_,SCOPe-5K,family,1squ,152
d1ee6a_,SCOPe-5K,family,1ee6,197
d1w94a1,SCOPe-5K,family,1w94,154
d3vfia_,SCOPe-5K,family,3vfi,104
d3b82a1,SCOPe-5K,family,3b82,342
d3b82a5,SCOPe-5K,family,3b82,117
d3b82a4,SCOPe-5K,family,3b82,165
d3b82a3,SCOPe-5K,family,3b82,79
d3b82a2,SCOPe-5K,family,3b82,138
d5fwaa_,SCOPe-5K,family,5fwa,339
d4fc3e_,SCOPe-5K,family,4fc3,144
d3hb7a1,SCOPe-5K,family,3hb7,184
d2gmga1,SCOPe-5K,family,2gmg,96
d1q16a1,SCOPe-5K,family,1q16,170
d1q16c_,SCOPe-5K,family,1q16,225
d2giya1,SCOPe-5K,family,2giy,173
d1pkoa1,SCOPe-5K,family,1pko,125
d6ovqa_,SCOPe-5K,family,6ovq,322
d1goia2,SCOPe-5K,family,1goi,357
d1goia1,SCOPe-5K,family,1goi,52
d1goia3,SCOPe-5K,family,1goi,88
d5i1mv_,SCOPe-5K,family,5i1m,458
d6ow4a_,SCOPe-5K,family,6ow4,278
d7m13a1,SCOPe-5K,family,7m13,345
d3kwoa1,SCOPe-5K,family,3kwo,147
d1y8xa1,SCOPe-5K,family,1y8x,157
d1y8xb1,SCOPe-5K,family,1y8x,92
d3gw9a_,SCOPe-5K,family,3gw9,450
d6h2ua1,SCOPe-5K,family,6h2u,207
d1vk9a1,SCOPe-5K,family,1vk9,136
d4co8a1,SCOPe-5K,family,4co8,97
d6b10a1,SCOPe-5K,family,6b10,325
d1sxje1,SCOPe-5K,family,1sxj,99
d1sxja2,SCOPe-5K,family,1sxj,253
d1sxjb1,SCOPe-5K,family,1sxj,92
d1sxja1,SCOPe-5K,family,1sxj,146
d1sxje2,SCOPe-5K,family,1sxj,252
d1sxjc1,SCOPe-5K,family,1sxj,95
d1sxjd1,SCOPe-5K,family,1sxj,91
d5n0ka3,SCOPe-5K,family,5n0k,210
d5n0ka2,SCOPe-5K,family,5n0k,146
d5n0ka1,SCOPe-5K,family,5n0k,191
d1knca_,SCOPe-5K,family,1knc,174
d3fgya1,SCOPe-5K,family,3fgy,128
d2iy5a1,SCOPe-5K,family,2iy5,70
d1jr8a_,SCOPe-5K,family,1jr8,105
d3md3a1,SCOPe-5K,family,3md3,85
d2ff4a2,SCOPe-5K,family,2ff4,179
d2ff4a3,SCOPe-5K,family,2ff4,99
d2ff4a1,SCOPe-5K,family,2ff4,95
d1wyza1,SCOPe-5K,family,1wyz,233
d2db8a1,SCOPe-5K,family,2db8,97
d3l9ca1,SCOPe-5K,family,3l9c,226
d2kq5a_,SCOPe-5K,family,2kq5,51
d3d22a1,SCOPe-5K,family,3d22,116
d1owfa_,SCOPe-5K,family,1owf,96
d1owfb_,SCOPe-5K,family,1owf,94
d1fcqa_,SCOPe-5K,family,1fcq,321
d2cz9a2,SCOPe-5K,family,2cz9,172
d2cz9a1,SCOPe-5K,family,2cz9,178
d1yksa2,SCOPe-5K,family,1yks,299
d1yksa1,SCOPe-5K,family,1yks,138
d2xzga1,SCOPe-5K,family,2xzg,330
d1qh4a1,SCOPe-5K,family,1qh4,101
d1tv8a_,SCOPe-5K,family,1tv8,327
d4yhva_,SCOPe-5K,family,4yhv,135
d3g0oa2,SCOPe-5K,family,3g0o,123
d3g0oa1,SCOPe-5K,family,3g0o,164
d5xvta1,SCOPe-5K,family,5xvt,332
d5xvta3,SCOPe-5K,family,5xvt,146
d5xvta2,SCOPe-5K,family,5xvt,197
d2pyqa1,SCOPe-5K,family,2pyq,113
d4p5pa_,SCOPe-5K,family,4p5p,225
d6u66a_,SCOPe-5K,family,6u66,136
d2b9ha_,SCOPe-5K,family,2b9h,353
d2w9ja_,SCOPe-5K,family,2w9j,83
d3tn4a_,SCOPe-5K,family,3tn4,324
d4o5ma2,SCOPe-5K,family,4o5m,143
d3slga_,SCOPe-5K,family,3slg,347
d1yb5a1,SCOPe-5K,family,1yb5,151
d1yb5a2,SCOPe-5K,family,1yb5,174
d2vg0a_,SCOPe-5K,family,2vg0,227
d1v0wa2,SCOPe-5K,family,1v0w,246
d1v0wa1,SCOPe-5K,family,1v0w,258
d2cpxa1,SCOPe-5K,family,2cpx,102
d3nzea1,SCOPe-5K,family,3nze,260
d1rifa_,SCOPe-5K,family,1rif,282
d1uqwa_,SCOPe-5K,family,1uqw,487
d1vz5a_,SCOPe-5K,family,1vz5,288
d1vcsa1,SCOPe-5K,family,1vcs,89
d1q0sa_,SCOPe-5K,family,1q0s,259
d1hqsa_,SCOPe-5K,family,1hqs,423
d1puca_,SCOPe-5K,family,1puc,101
d1puia_,SCOPe-5K,family,1pui,188
d3epua_,SCOPe-5K,family,3epu,136
d1vcfa1,SCOPe-5K,family,1vcf,310
d2bgka1,SCOPe-5K,family,2bgk,268
d1ym0a_,SCOPe-5K,family,1ym0,238
d2qiya_,SCOPe-5K,family,2qiy,141
d3gv7b2,SCOPe-5K,family,3gv7,115
d3gv7b1,SCOPe-5K,family,3gv7,274
d1klla_,SCOPe-5K,family,1kll,128
d1fpoa2,SCOPe-5K,family,1fpo,95
d1fpoa1,SCOPe-5K,family,1fpo,76
d3gbca_,SCOPe-5K,family,3gbc,185
d2w4la_,SCOPe-5K,family,2w4l,164
d2ma1a_,SCOPe-5K,family,2ma1,75
d7f4gd_,SCOPe-5K,family,7f4g,128
d3bhda_,SCOPe-5K,family,3bhd,214
d2rv6a1,SCOPe-5K,family,2rv6,85
d2v2ff_,SCOPe-5K,family,2v2f,384
d4zh7a1,SCOPe-5K,family,4zh7,421
d4zh7a2,SCOPe-5K,family,4zh7,81
d1jr1b1,SCOPe-5K,family,1jr1,385
d3lrta2,SCOPe-5K,family,3lrt,129
d3lrta1,SCOPe-5K,family,3lrt,155
d2bnma2,SCOPe-5K,family,2bnm,122
d2bnma1,SCOPe-5K,family,2bnm,72
d6gkxa_,SCOPe-5K,family,6gkx,136
d4pz0a_,SCOPe-5K,family,4pz0,321
d1ts9a_,SCOPe-5K,family,1ts9,98
d6ztka_,SCOPe-5K,family,6ztk,108
d1mwfa1,SCOPe-5K,family,1mwf,363
d1se0a_,SCOPe-5K,family,1se0,97
d3j9ta4,SCOPe-5K,family,3j9t,153
d1hlba_,SCOPe-5K,family,1hlb,157
d1xvpb_,SCOPe-5K,family,1xvp,246
d1ou8a_,SCOPe-5K,family,1ou8,106
d5u4na_,SCOPe-5K,family,5u4n,350
d2oy9a1,SCOPe-5K,family,2oy9,85
d4i0va_,SCOPe-5K,family,4i0v,123
d1um0a_,SCOPe-5K,family,1um0,365
d5ekwa1,SCOPe-5K,family,5ekw,87
d5ekwa2,SCOPe-5K,family,5ekw,107
d5gwta_,SCOPe-5K,family,5gwt,243
d3imia_,SCOPe-5K,family,3imi,143
d3mena1,SCOPe-5K,family,3men,338
d4aiva_,SCOPe-5K,family,4aiv,113
d1bg1a2,SCOPe-5K,family,1bg1,254
d1bg1a1,SCOPe-5K,family,1bg1,186
d1bg1a3,SCOPe-5K,family,1bg1,141
d1qfxa_,SCOPe-5K,family,1qfx,447
d1rgxa_,SCOPe-5K,family,1rgx,89
d1jbia_,SCOPe-5K,family,1jbi,100
d6m3ba_,SCOPe-5K,family,6m3b,239
d2a2ja1,SCOPe-5K,family,2a2j,201
d5u1ma_,SCOPe-5K,family,5u1m,105
d2lxia_,SCOPe-5K,family,2lxi,91
d1nn7a_,SCOPe-5K,family,1nn7,105
d3bgea1,SCOPe-5K,family,3bge,184
d1lgha_,SCOPe-5K,family,1lgh,56
d1fvka_,SCOPe-5K,family,1fvk,188
d2csba5,SCOPe-5K,family,2csb,291
d2csba3,SCOPe-5K,family,2csb,55
d2csba2,SCOPe-5K,family,2csb,57
d2csba4,SCOPe-5K,family,2csb,55
d2csba1,SCOPe-5K,family,2csb,59
d3m4ta_,SCOPe-5K,family,3m4t,115
d5g0aa_,SCOPe-5K,family,5g0a,468
d2g5mb1,SCOPe-5K,family,2g5m,110
d6fs8a1,SCOPe-5K,family,6fs8,192
d1mhna_,SCOPe-5K,family,1mhn,59
d1e4mm_,SCOPe-5K,family,1e4m,499
d1hssa_,SCOPe-5K,family,1hss,120
d1sg4a1,SCOPe-5K,family,1sg4,249
d2d5ba1,SCOPe-5K,family,2d5b,152
d2d5ba2,SCOPe-5K,family,2d5b,348
d1f5wa_,SCOPe-5K,family,1f5w,124
d1tnsa_,SCOPe-5K,family,1tns,76
d1yi9a1,SCOPe-5K,family,1yi9,152
d1yi9a2,SCOPe-5K,family,1yi9,157
d2oyza1,SCOPe-5K,family,2oyz,93
d2heoa_,SCOPe-5K,family,2heo,59
d6pspa_,SCOPe-5K,family,6psp,191
d4czua1,SCOPe-5K,family,4czu,296
d1pdoa_,SCOPe-5K,family,1pdo,129
d2oh3a1,SCOPe-5K,family,2oh3,152
d5f47a_,SCOPe-5K,family,5f47,151
d4npda_,SCOPe-5K,family,4npd,58
d1bw5a_,SCOPe-5K,family,1bw5,66
d1y9ba1,SCOPe-5K,family,1y9b,81
d2hcma1,SCOPe-5K,family,2hcm,157
d1egra_,SCOPe-5K,family,1egr,85
d2v9va2,SCOPe-5K,family,2v9v,74
d2v9va1,SCOPe-5K,family,2v9v,61
d4e12a1,SCOPe-5K,family,4e12,189
d3vupa_,SCOPe-5K,family,3vup,351
d4mzaa_,SCOPe-5K,family,4mza,432
d1oyza_,SCOPe-5K,family,1oyz,276
d1yq1a2,SCOPe-5K,family,1yq1,127
d3ejxa2,SCOPe-5K,family,3ejx,153
d3ejxd1,SCOPe-5K,family,3ejx,148
d1gdoa_,SCOPe-5K,family,1gdo,238
d2voka1,SCOPe-5K,family,2vok,179
d1wwna_,SCOPe-5K,family,1wwn,69
d3dr4a1,SCOPe-5K,family,3dr4,346
d2ysxa1,SCOPe-5K,family,2ysx,112
d1djaa_,SCOPe-5K,family,1dja,258
d2d92a1,SCOPe-5K,family,2d92,95
d1uoua3,SCOPe-5K,family,1uou,105
d1uoua1,SCOPe-5K,family,1uou,68
d1ufza1,SCOPe-5K,family,1ufz,70
d5b1ya_,SCOPe-5K,family,5b1y,250
d1yfsa1,SCOPe-5K,family,1yfs,217
d1yfsa2,SCOPe-5K,family,1yfs,236
d2quya_,SCOPe-5K,family,2quy,330
d1jgka_,SCOPe-5K,family,1jgk,66
d4pcha_,SCOPe-5K,family,4pch,264
d3r3ra1,SCOPe-5K,family,3r3r,181
d1nqua_,SCOPe-5K,family,1nqu,154
d1wx8a1,SCOPe-5K,family,1wx8,83
d2yc2a_,SCOPe-5K,family,2yc2,134
d4hasa_,SCOPe-5K,family,4has,104
d1tuwa_,SCOPe-5K,family,1tuw,106
d2jfra_,SCOPe-5K,family,2jfr,234
d1knga_,SCOPe-5K,family,1kng,144
d4v03a_,SCOPe-5K,family,4v03,247
d4m3sa_,SCOPe-5K,family,4m3s,160
d2atza1,SCOPe-5K,family,2atz,176
d4cxpa1,SCOPe-5K,family,4cxp,263
d3hcwa1,SCOPe-5K,family,3hcw,284
d1y3ta1,SCOPe-5K,family,1y3t,330
d1ee8a2,SCOPe-5K,family,1ee8,121
d2ac3a1,SCOPe-5K,family,2ac3,298
d3m00a2,SCOPe-5K,family,3m00,328
d3m00a1,SCOPe-5K,family,3m00,207
d1nria_,SCOPe-5K,family,1nri,248
d2hfqa1,SCOPe-5K,family,2hfq,85
d1sfpa_,SCOPe-5K,family,1sfp,111
d6v7ga1,SCOPe-5K,family,6v7g,180
d6v7ga2,SCOPe-5K,family,6v7g,184
d2uuia1,SCOPe-5K,family,2uui,146
d7jgwa1,SCOPe-5K,family,7jgw,140
d3i47a1,SCOPe-5K,family,3i47,257
d2gmqa1,SCOPe-5K,family,2gmq,102
d1uhta1,SCOPe-5K,family,1uht,105
d1hxma1,SCOPe-5K,family,1hxm,120
d1hxmb1,SCOPe-5K,family,1hxm,123
d1nzya_,SCOPe-5K,family,1nzy,269
d1nmra1,SCOPe-5K,family,1nmr,83
d2vgna2,SCOPe-5K,family,2vgn,142
d2vgna1,SCOPe-5K,family,2vgn,135
d2vgna3,SCOPe-5K,family,2vgn,105
d1u00a1,SCOPe-5K,family,1u00,112
d1yrba2,SCOPe-5K,family,1yrb,245
d6wgya1,SCOPe-5K,family,6wgy,373
d7kqaa1,SCOPe-5K,family,7kqa,338
d1d2na_,SCOPe-5K,family,1d2n,246
d1l3wa5,SCOPe-5K,family,1l3w,107
d1l3wa3,SCOPe-5K,family,1l3w,113
d1l3wa4,SCOPe-5K,family,1l3w,107
d1pb7a_,SCOPe-5K,family,1pb7,289
d4hpna1,SCOPe-5K,family,4hpn,123
d4hpna2,SCOPe-5K,family,4hpn,255
d2ymza1,SCOPe-5K,family,2ymz,128
d1o89a1,SCOPe-5K,family,1o89,146
d1o89a2,SCOPe-5K,family,1o89,177
d2oo3a1,SCOPe-5K,family,2oo3,271
d2l3ga1,SCOPe-5K,family,2l3g,116
d1k1fa_,SCOPe-5K,family,1k1f,67
d2qpna_,SCOPe-5K,family,2qpn,265
d1wi8a1,SCOPe-5K,family,1wi8,91
d3rq7a2,SCOPe-5K,family,3rq7,87
d3rq7a1,SCOPe-5K,family,3rq7,128
d2zxea4,SCOPe-5K,family,2zxe,489
d2zxea3,SCOPe-5K,family,2zxe,108
d2zxea1,SCOPe-5K,family,2zxe,208
d2zxeb2,SCOPe-5K,family,2zxe,237
d2ocga_,SCOPe-5K,family,2ocg,254
d2p0sa1,SCOPe-5K,family,2p0s,136
d4udga_,SCOPe-5K,family,4udg,320
d1q2ha_,SCOPe-5K,family,1q2h,63
d4x2ra1,SCOPe-5K,family,4x2r,247
d1a6ja_,SCOPe-5K,family,1a6j,150
d2wa5a2,SCOPe-5K,family,2wa5,105
d1ciia1,SCOPe-5K,family,1cii,174
d3qz6a1,SCOPe-5K,family,3qz6,258
d3hraa1,SCOPe-5K,family,3hra,100
d3mlba_,SCOPe-5K,family,3mlb,189
d3q0wa1,SCOPe-5K,family,3q0w,73
d3q0wa2,SCOPe-5K,family,3q0w,120
d4rhaa_,SCOPe-5K,family,4rha,133
d2qklb_,SCOPe-5K,family,2qkl,90
d4r5ra_,SCOPe-5K,family,4r5r,68
d2kb2a1,SCOPe-5K,family,2kb2,145
d4feia_,SCOPe-5K,family,4fei,102
d3hz2a_,SCOPe-5K,family,3hz2,84
d1l3la1,SCOPe-5K,family,1l3l,65
d1l3la2,SCOPe-5K,family,1l3l,168
d1dpja_,SCOPe-5K,family,1dpj,329
d2fvga1,SCOPe-5K,family,2fvg,84
d2fvga2,SCOPe-5K,family,2fvg,256
d1tu1a1,SCOPe-5K,family,1tu1,142
d2hwva1,SCOPe-5K,family,2hwv,99
d3h4ta1,SCOPe-5K,family,3h4t,382
d1ddba_,SCOPe-5K,family,1ddb,195
d1yfba_,SCOPe-5K,family,1yfb,52
d2icwg_,SCOPe-5K,family,2icw,213
d4ovja_,SCOPe-5K,family,4ovj,396
d3sk7a1,SCOPe-5K,family,3sk7,109
d2hr7a2,SCOPe-5K,family,2hr7,155
d2hr7a1,SCOPe-5K,family,2hr7,153
d2hr7a3,SCOPe-5K,family,2hr7,158
d2cqva1,SCOPe-5K,family,2cqv,101
d1ncua1,SCOPe-5K,family,1ncu,97
d2kcqa1,SCOPe-5K,family,2kcq,145
d3rofa1,SCOPe-5K,family,3rof,152
d1nrwa_,SCOPe-5K,family,1nrw,285
d2euca1,SCOPe-5K,family,2euc,113
d5njcb_,SCOPe-5K,family,5njc,443
d1i9ga_,SCOPe-5K,family,1i9g,264
d2okca1,SCOPe-5K,family,2okc,425
d4kuka1,SCOPe-5K,family,4kuk,119
d6ctha1,SCOPe-5K,family,6cth,300
d1grja2,SCOPe-5K,family,1grj,79
d1grja1,SCOPe-5K,family,1grj,78
d2pb9a1,SCOPe-5K,family,2pb9,184
d1v63a1,SCOPe-5K,family,1v63,88
d1qlwa_,SCOPe-5K,family,1qlw,318
d4n13a_,SCOPe-5K,family,4n13,255
d1n57a_,SCOPe-5K,family,1n57,279
d1pl8a1,SCOPe-5K,family,1pl8,186
d1pl8a2,SCOPe-5K,family,1pl8,171
d4jwva1,SCOPe-5K,family,4jwv,255
d2e73a1,SCOPe-5K,family,2e73,70
d1b33n_,SCOPe-5K,family,1b33,67
d1iooa_,SCOPe-5K,family,1ioo,196
d1b74a1,SCOPe-5K,family,1b74,105
d1b74a2,SCOPe-5K,family,1b74,147
d2q73a_,SCOPe-5K,family,2q73,90
d2gz6a_,SCOPe-5K,family,2gz6,386
d4perb_,SCOPe-5K,family,4per,113
d3c6xa_,SCOPe-5K,family,3c6x,256
d1qzya2,SCOPe-5K,family,1qzy,296
d1qzya1,SCOPe-5K,family,1qzy,74
d2zw2a_,SCOPe-5K,family,2zw2,85
d1r4va_,SCOPe-5K,family,1r4v,151
d3u3ga_,SCOPe-5K,family,3u3g,140
d3elka_,SCOPe-5K,family,3elk,106
d1nz0a_,SCOPe-5K,family,1nz0,109
d1qv0a_,SCOPe-5K,family,1qv0,189
d1bhea_,SCOPe-5K,family,1bhe,376
d1weea1,SCOPe-5K,family,1wee,59
d1z0jb1,SCOPe-5K,family,1z0j,51
d1qs1a1,SCOPe-5K,family,1qs1,205
d1qs1a2,SCOPe-5K,family,1qs1,197
d2kdba_,SCOPe-5K,family,2kdb,77
d2bb3a1,SCOPe-5K,family,2bb3,195
d2qcva_,SCOPe-5K,family,2qcv,330
d4mqla_,SCOPe-5K,family,4mql,282
d2yuya1,SCOPe-5K,family,2yuy,113
d1ueya1,SCOPe-5K,family,1uey,114
d4rqra1,SCOPe-5K,family,4rqr,105
d6hy3a1,SCOPe-5K,family,6hy3,260
d1kqpa_,SCOPe-5K,family,1kqp,271
d3bx1c_,SCOPe-5K,family,3bx1,181
d3imka1,SCOPe-5K,family,3imk,157
d2ppqa1,SCOPe-5K,family,2ppq,316
d3kkra1,SCOPe-5K,family,3kkr,149
d3i9la_,SCOPe-5K,family,3i9l,251
d1wgwa1,SCOPe-5K,family,1wgw,86
d2iuwa1,SCOPe-5K,family,2iuw,210
d1zjca1,SCOPe-5K,family,1zjc,413
d1musa1,SCOPe-5K,family,1mus,473
d2ih2a2,SCOPe-5K,family,2ih2,170
d2ih2a1,SCOPe-5K,family,2ih2,223
d1z8ha_,SCOPe-5K,family,1z8h,202
d4cc4b1,SCOPe-5K,family,4cc4,65
d3m31a1,SCOPe-5K,family,3m31,369
d3bzwa1,SCOPe-5K,family,3bzw,248
d2vpaa_,SCOPe-5K,family,2vpa,215
d1hlra7,SCOPe-5K,family,1hlr,117
d1hlra6,SCOPe-5K,family,1hlr,113
d5gxub1,SCOPe-5K,family,5gxu,250
d1f1ea_,SCOPe-5K,family,1f1e,151
d1ijta_,SCOPe-5K,family,1ijt,128
d2opga1,SCOPe-5K,family,2opg,92
d1wp0a1,SCOPe-5K,family,1wp0,160
d2lmia1,SCOPe-5K,family,2lmi,106
d3frxa_,SCOPe-5K,family,3frx,315
d3czha1,SCOPe-5K,family,3czh,462
d1hpia_,SCOPe-5K,family,1hpi,71
d5brpa2,SCOPe-5K,family,5brp,82
d3tvqa_,SCOPe-5K,family,3tvq,152
d1eiwa_,SCOPe-5K,family,1eiw,111
d4pbha1,SCOPe-5K,family,4pbh,301
d4g2ea1,SCOPe-5K,family,4g2e,155
d5r0db1,SCOPe-5K,family,5r0d,152
d5r0db2,SCOPe-5K,family,5r0d,148
d1bqua1,SCOPe-5K,family,1bqu,95
d1bqua2,SCOPe-5K,family,1bqu,115
d1w7ja1,SCOPe-5K,family,1w7j,61
d1g6ga_,SCOPe-5K,family,1g6g,127
d2j8ga1,SCOPe-5K,family,2j8g,149
d2j8ga2,SCOPe-5K,family,2j8g,189
d6i8xa1,SCOPe-5K,family,6i8x,143
d4iaua_,SCOPe-5K,family,4iau,161
d1f86a_,SCOPe-5K,family,1f86,115
d1pjua2,SCOPe-5K,family,1pju,57
d3ilza1,SCOPe-5K,family,3ilz,263
d2ap1a2,SCOPe-5K,family,2ap1,117
d2ap1a1,SCOPe-5K,family,2ap1,186
d3r40a_,SCOPe-5K,family,3r40,297
d1e7ua3,SCOPe-5K,family,1e7u,178
d1e7ua1,SCOPe-5K,family,1e7u,201
d1e7ua4,SCOPe-5K,family,1e7u,369
d1e7ua2,SCOPe-5K,family,1e7u,174
d3mwja_,SCOPe-5K,family,3mwj,207
d2a07f1,SCOPe-5K,family,2a07,82
d1e0ca2,SCOPe-5K,family,1e0c,136
d1e0ca1,SCOPe-5K,family,1e0c,135
d2jpca_,SCOPe-5K,family,2jpc,61
d1ecaa_,SCOPe-5K,family,1eca,136
d4hzra_,SCOPe-5K,family,4hzr,273
d1we8a1,SCOPe-5K,family,1we8,91
d1wbaa_,SCOPe-5K,family,1wba,171
d2huga2,SCOPe-5K,family,2hug,55
d1hypa_,SCOPe-5K,family,1hyp,75
d1wfea1,SCOPe-5K,family,1wfe,73
d2b5la4,SCOPe-5K,family,2b5l,315
d2b5lc_,SCOPe-5K,family,2b5l,207
d2b5la2,SCOPe-5K,family,2b5l,389
d2b5la1,SCOPe-5K,family,2b5l,341
d2b5la3,SCOPe-5K,family,2b5l,97
d3f31a_,SCOPe-5K,family,3f31,137
d1jnra2,SCOPe-5K,family,1jnr,357
d1jnra3,SCOPe-5K,family,1jnr,145
d1jnra1,SCOPe-5K,family,1jnr,141
d1jnrb_,SCOPe-5K,family,1jnr,149
d5x2mb_,SCOPe-5K,family,5x2m,470
d5x2ma_,SCOPe-5K,family,5x2m,442
d1wmxa_,SCOPe-5K,family,1wmx,173
d2oafa1,SCOPe-5K,family,2oaf,143
d5bowa1,SCOPe-5K,family,5bow,150
d1ou0a_,SCOPe-5K,family,1ou0,190
d2f5va2,SCOPe-5K,family,2f5v,198
d2f5va1,SCOPe-5K,family,2f5v,380
d3fr7a2,SCOPe-5K,family,3fr7,273
d3fr7a1,SCOPe-5K,family,3fr7,222
d1fsea_,SCOPe-5K,family,1fse,67
d2jlma_,SCOPe-5K,family,2jlm,177
d2p51a_,SCOPe-5K,family,2p51,255
d1r8ga_,SCOPe-5K,family,1r8g,368
d7m1la_,SCOPe-5K,family,7m1l,188
d2hqra2,SCOPe-5K,family,2hqr,106
d2i5ka2,SCOPe-5K,family,2i5k,88
d5an7a1,SCOPe-5K,family,5an7,244
d1p4wa_,SCOPe-5K,family,1p4w,87
d3cera1,SCOPe-5K,family,3cer,129
d3e9va1,SCOPe-5K,family,3e9v,120
d1lf7a_,SCOPe-5K,family,1lf7,171
d6vrra1,SCOPe-5K,family,6vrr,124
d4wjka_,SCOPe-5K,family,4wjk,452
d1gp6a_,SCOPe-5K,family,1gp6,350
d1ogad1,SCOPe-5K,family,1oga,115
d2a38a1,SCOPe-5K,family,2a38,100
d6b8sa1,SCOPe-5K,family,6b8s,346
d1txka2,SCOPe-5K,family,1txk,374
d1txka1,SCOPe-5K,family,1txk,115
d1vkna2,SCOPe-5K,family,1vkn,163
d1vkna1,SCOPe-5K,family,1vkn,177
d2bskb1,SCOPe-5K,family,2bsk,65
d2bska1,SCOPe-5K,family,2bsk,73
d5ganf2,SCOPe-5K,family,5gan,304
d1h7ca_,SCOPe-5K,family,1h7c,103
d2v2ga_,SCOPe-5K,family,2v2g,220
d3b1qa_,SCOPe-5K,family,3b1q,310
d5hy0a_,SCOPe-5K,family,5hy0,377
d1f7sa_,SCOPe-5K,family,1f7s,124
d1jvaa3,SCOPe-5K,family,1jva,117
d1jvaa2,SCOPe-5K,family,1jva,118
d2bfwa1,SCOPe-5K,family,2bfw,196
d1booa_,SCOPe-5K,family,1boo,320
d1mlaa2,SCOPe-5K,family,1mla,70
d1mlaa1,SCOPe-5K,family,1mla,236
d1o7ja_,SCOPe-5K,family,1o7j,325
d3r9ba_,SCOPe-5K,family,3r9b,400
d1mkya3,SCOPe-5K,family,1mky,81
d1mkya1,SCOPe-5K,family,1mky,171
d1mkya2,SCOPe-5K,family,1mky,186
d2jafa_,SCOPe-5K,family,2jaf,242
d5c1ta1,SCOPe-5K,family,5c1t,156
d5c1ta2,SCOPe-5K,family,5c1t,159
d2ixma1,SCOPe-5K,family,2ixm,300
d3p3va_,SCOPe-5K,family,3p3v,162
d3ip4c_,SCOPe-5K,family,3ip4,92
d1jnda2,SCOPe-5K,family,1jnd,92
d1jnda1,SCOPe-5K,family,1jnd,328
d1d3ya_,SCOPe-5K,family,1d3y,298
d2bgca1,SCOPe-5K,family,2bgc,100
d2bgca2,SCOPe-5K,family,2bgc,135
d2i7ca_,SCOPe-5K,family,2i7c,281
d2g9wa1,SCOPe-5K,family,2g9w,122
d1sf9a1,SCOPe-5K,family,1sf9,104
d4pk9a_,SCOPe-5K,family,4pk9,359
d1kmma1,SCOPe-5K,family,1kmm,99
d4i1da1,SCOPe-5K,family,4i1d,320
d2r25b_,SCOPe-5K,family,2r25,133
d1woua_,SCOPe-5K,family,1wou,119
d2ekpa_,SCOPe-5K,family,2ekp,238
d1te2a_,SCOPe-5K,family,1te2,218
d3cw2c2,SCOPe-5K,family,3cw2,91
d3cw2c1,SCOPe-5K,family,3cw2,84
d2gova1,SCOPe-5K,family,2gov,184
d2a28a1,SCOPe-5K,family,2a28,52
d5in1a_,SCOPe-5K,family,5in1,71
d6hava2,SCOPe-5K,family,6hav,100
d6hava1,SCOPe-5K,family,6hav,242
d4ua1a_,SCOPe-5K,family,4ua1,129
d4itaa_,SCOPe-5K,family,4ita,452
d1qbea_,SCOPe-5K,family,1qbe,132
d3qf2a_,SCOPe-5K,family,3qf2,90
d6g2va_,SCOPe-5K,family,6g2v,266
d6xqya1,SCOPe-5K,family,6xqy,324
d2psfa_,SCOPe-5K,family,2psf,307
d1osna_,SCOPe-5K,family,1osn,331
d1hqz1_,SCOPe-5K,family,1hqz,139
d1jv2b3,SCOPe-5K,family,1jv2,85
d2hyka_,SCOPe-5K,family,2hyk,237
d4uqta_,SCOPe-5K,family,4uqt,89
d6pxba_,SCOPe-5K,family,6pxb,103
d3hqna1,SCOPe-5K,family,3hqn,259
d3hqna2,SCOPe-5K,family,3hqn,99
d3hqna3,SCOPe-5K,family,3hqn,141
d4ooza1,SCOPe-5K,family,4ooz,363
d4x54a_,SCOPe-5K,family,4x54,238
d1weya1,SCOPe-5K,family,1wey,91
d1dqna_,SCOPe-5K,family,1dqn,230
d4ohja1,SCOPe-5K,family,4ohj,92
d4ohja2,SCOPe-5K,family,4ohj,101
d1hfoa_,SCOPe-5K,family,1hfo,113
d2jrla_,SCOPe-5K,family,2jrl,121
d1zq1a1,SCOPe-5K,family,1zq1,74
d1zq1c3,SCOPe-5K,family,1zq1,322
d1zq1c1,SCOPe-5K,family,1zq1,56
d1zq1a2,SCOPe-5K,family,1zq1,363
d1zq1c2,SCOPe-5K,family,1zq1,131
d3ntxa_,SCOPe-5K,family,3ntx,336
d1ipaa1,SCOPe-5K,family,1ipa,158
d1ipaa2,SCOPe-5K,family,1ipa,105
d3im3a_,SCOPe-5K,family,3im3,50
d1wdcb_,SCOPe-5K,family,1wdc,142
d1ayaa_,SCOPe-5K,family,1aya,101
d1e29a_,SCOPe-5K,family,1e29,135
d5jlaa_,SCOPe-5K,family,5jla,259
d2fffb1,SCOPe-5K,family,2fff,453
d1r6da_,SCOPe-5K,family,1r6d,322
d3dy8a2,SCOPe-5K,family,3dy8,324
d3khpc1,SCOPe-5K,family,3khp,139
d2dy1a2,SCOPe-5K,family,2dy1,267
d2dy1a5,SCOPe-5K,family,2dy1,96
d2dy1a3,SCOPe-5K,family,2dy1,115
d2dy1a1,SCOPe-5K,family,2dy1,103
d2dy1a4,SCOPe-5K,family,2dy1,77
d4k60a_,SCOPe-5K,family,4k60,226
d1ilea3,SCOPe-5K,family,1ile,453
d1ilea1,SCOPe-5K,family,1ile,180
d2a2ra1,SCOPe-5K,family,2a2r,133
d2a2ra2,SCOPe-5K,family,2a2r,77
d2fi0a1,SCOPe-5K,family,2fi0,79
d6yoja_,SCOPe-5K,family,6yoj,273
d2qxza_,SCOPe-5K,family,2qxz,330
d3cl6a_,SCOPe-5K,family,3cl6,302
d1rl0a_,SCOPe-5K,family,1rl0,255
d1x3aa1,SCOPe-5K,family,1x3a,87
d4fe3a1,SCOPe-5K,family,4fe3,286
d1qy9a1,SCOPe-5K,family,1qy9,127
d1qy9a2,SCOPe-5K,family,1qy9,168
d3axaa_,SCOPe-5K,family,3axa,97
d4wpga1,SCOPe-5K,family,4wpg,283
d2wnya_,SCOPe-5K,family,2wny,137
d6ds6a_,SCOPe-5K,family,6ds6,53
d3zyqa2,SCOPe-5K,family,3zyq,74
d3zyqa1,SCOPe-5K,family,3zyq,142
d5dufa1,SCOPe-5K,family,5duf,243
d2d37a1,SCOPe-5K,family,2d37,154
d1wira1,SCOPe-5K,family,1wir,108
d2fiqa1,SCOPe-5K,family,2fiq,420
d4gf3a_,SCOPe-5K,family,4gf3,136
d1j0ga1,SCOPe-5K,family,1j0g,85
d4lwua_,SCOPe-5K,family,4lwu,85
d7l4aa1,SCOPe-5K,family,7l4a,220
d1c9ba1,SCOPe-5K,family,1c9b,98
d1c9ba2,SCOPe-5K,family,1c9b,109
d1yoca1,SCOPe-5K,family,1yoc,145
d4lk5a_,SCOPe-5K,family,4lk5,250
d2e7ja_,SCOPe-5K,family,2e7j,364
d1jwqa_,SCOPe-5K,family,1jwq,179
d2gfha1,SCOPe-5K,family,2gfh,247
d6edfa_,SCOPe-5K,family,6edf,77
d1svva_,SCOPe-5K,family,1svv,340
d2nvma1,SCOPe-5K,family,2nvm,117
d5kmya1,SCOPe-5K,family,5kmy,268
d2p2wa_,SCOPe-5K,family,2p2w,365
d3l51b1,SCOPe-5K,family,3l51,158
d1hz4a_,SCOPe-5K,family,1hz4,366
d2d7la1,SCOPe-5K,family,2d7l,68
d3n9ra_,SCOPe-5K,family,3n9r,307
d1uf9a_,SCOPe-5K,family,1uf9,191
d2l2fa_,SCOPe-5K,family,2l2f,108
d1k8rb_,SCOPe-5K,family,1k8r,95
d2wqfa_,SCOPe-5K,family,2wqf,201
d1rf8b1,SCOPe-5K,family,1rf8,98
d1wiba1,SCOPe-5K,family,1wib,84
d3q15c_,SCOPe-5K,family,3q15,116
d3lasa_,SCOPe-5K,family,3las,166
d2lj0a_,SCOPe-5K,family,2lj0,65
d1ifra1,SCOPe-5K,family,1ifr,109
d1chma2,SCOPe-5K,family,1chm,246
d1chma1,SCOPe-5K,family,1chm,155
d2ze5a_,SCOPe-5K,family,2ze5,227
d3p3oa1,SCOPe-5K,family,3p3o,406
d6mw8a_,SCOPe-5K,family,6mw8,259
d1a3qa2,SCOPe-5K,family,1a3q,184
d1q06a_,SCOPe-5K,family,1q06,127
d4iwna_,SCOPe-5K,family,4iwn,229
d3lqwa_,SCOPe-5K,family,3lqw,129
d2vnud2,SCOPe-5K,family,2vnu,88
d2vnud4,SCOPe-5K,family,2vnu,416
d2vnud3,SCOPe-5K,family,2vnu,148
d2vnud1,SCOPe-5K,family,2vnu,95
d1xdia2,SCOPe-5K,family,1xdi,118
d1xdia1,SCOPe-5K,family,1xdi,234
d6fmca1,SCOPe-5K,family,6fmc,155
d6p4la_,SCOPe-5K,family,6p4l,203
d2ovja1,SCOPe-5K,family,2ovj,199
d2fc7a1,SCOPe-5K,family,2fc7,69
d2amia_,SCOPe-5K,family,2ami,76
d3jy6a1,SCOPe-5K,family,3jy6,264
d2cu3a1,SCOPe-5K,family,2cu3,63
d1ydla1,SCOPe-5K,family,1ydl,66
d5a4ua2,SCOPe-5K,family,5a4u,126
d3d6nb2,SCOPe-5K,family,3d6n,149
d1vlaa1,SCOPe-5K,family,1vla,138
d1y7ya1,SCOPe-5K,family,1y7y,69
d3qqqa_,SCOPe-5K,family,3qqq,151
d3mcwa_,SCOPe-5K,family,3mcw,195
d7beva1,SCOPe-5K,family,7bev,122
d3lg3a_,SCOPe-5K,family,3lg3,419
d2jzka_,SCOPe-5K,family,2jzk,103
d2gv8a1,SCOPe-5K,family,2gv8,336
d2gv8a2,SCOPe-5K,family,2gv8,107
d6k92a_,SCOPe-5K,family,6k92,299
d7dhpa_,SCOPe-5K,family,7dhp,110
d1kfsa1,SCOPe-5K,family,1kfs,195
d1vkba1,SCOPe-5K,family,1vkb,149
d2oeza1,SCOPe-5K,family,2oez,244
d2ozbb1,SCOPe-5K,family,2ozb,249
d1mo9a1,SCOPe-5K,family,1mo9,262
d1mo9a2,SCOPe-5K,family,1mo9,121
d1mo9a3,SCOPe-5K,family,1mo9,140
d3q72a_,SCOPe-5K,family,3q72,166
d1na6a2,SCOPe-5K,family,1na6,220
d1na6a1,SCOPe-5K,family,1na6,175
d6hcwa2,SCOPe-5K,family,6hcw,352
d6hcwa1,SCOPe-5K,family,6hcw,148
d1k28a2,SCOPe-5K,family,1k28,215
d1k28a1,SCOPe-5K,family,1k28,124
d1k28a3,SCOPe-5K,family,1k28,216
d1k28d2,SCOPe-5K,family,1k28,176
d1k28d1,SCOPe-5K,family,1k28,197
d1v8pa_,SCOPe-5K,family,1v8p,132
d3ulla_,SCOPe-5K,family,3ull,115
d3cuqa1,SCOPe-5K,family,3cuq,142
d3cuqa2,SCOPe-5K,family,3cuq,77
d2wk1a_,SCOPe-5K,family,2wk1,249
d1h8ac1,SCOPe-5K,family,1h8a,57
d4r82a_,SCOPe-5K,family,4r82,170
d2fmya2,SCOPe-5K,family,2fmy,81
d2fmya1,SCOPe-5K,family,2fmy,134
d5ocna_,SCOPe-5K,family,5ocn,95
d2caya1,SCOPe-5K,family,2cay,130
d1rkua1,SCOPe-5K,family,1rku,205
d5mjza_,SCOPe-5K,family,5mjz,361
d2o7ta1,SCOPe-5K,family,2o7t,78
d2o7ta2,SCOPe-5K,family,2o7t,110
d5b3ka_,SCOPe-5K,family,5b3k,150
d1esda_,SCOPe-5K,family,1esd,302
d3t2ca_,SCOPe-5K,family,3t2c,389
d3eqza1,SCOPe-5K,family,3eqz,123
d4pf8a_,SCOPe-5K,family,4pf8,300
d2g7sa1,SCOPe-5K,family,2g7s,74
d2g7sa2,SCOPe-5K,family,2g7s,116
d2b3ta_,SCOPe-5K,family,2b3t,276
d1eu3a1,SCOPe-5K,family,1eu3,97
d1u5ka2,SCOPe-5K,family,1u5k,157
d1u5ka1,SCOPe-5K,family,1u5k,79
d4kxqa1,SCOPe-5K,family,4kxq,277
d5s9ga_,SCOPe-5K,family,5s9g,119
d2pula_,SCOPe-5K,family,2pul,392
d1w9sa_,SCOPe-5K,family,1w9s,134
d2dlua1,SCOPe-5K,family,2dlu,98
d3fi9a1,SCOPe-5K,family,3fi9,146
d3fi9a2,SCOPe-5K,family,3fi9,180
d1w3ba_,SCOPe-5K,family,1w3b,388
d1r0ka1,SCOPe-5K,family,1r0k,95
d6eo0a1,SCOPe-5K,family,6eo0,271
d1qusa_,SCOPe-5K,family,1qus,322
d1owwa_,SCOPe-5K,family,1oww,93
d2oola1,SCOPe-5K,family,2ool,194
d1a32a_,SCOPe-5K,family,1a32,85
d6dxna1,SCOPe-5K,family,6dxn,189
d1kzqa2,SCOPe-5K,family,1kzq,124
d1kzqa1,SCOPe-5K,family,1kzq,129
d2xfwa1,SCOPe-5K,family,2xfw,296
d2pzza1,SCOPe-5K,family,2pzz,132
d2g7ga2,SCOPe-5K,family,2g7g,132
d2g7ga1,SCOPe-5K,family,2g7g,65
d2q9va1,SCOPe-5K,family,2q9v,84
d2e6qa1,SCOPe-5K,family,2e6q,99
d1tzfa1,SCOPe-5K,family,1tzf,256
d1f6va1,SCOPe-5K,family,1f6v,90
d3mb5a1,SCOPe-5K,family,3mb5,253
d2qaia_,SCOPe-5K,family,2qai,97
d1nowa2,SCOPe-5K,family,1now,145
d1nowa1,SCOPe-5K,family,1now,353
d1l8wa_,SCOPe-5K,family,1l8w,291
d1v96a1,SCOPe-5K,family,1v96,148
d4cvqa_,SCOPe-5K,family,4cvq,404
d2ykza_,SCOPe-5K,family,2ykz,127
d1nyra2,SCOPe-5K,family,1nyr,59
d2vn6a_,SCOPe-5K,family,2vn6,151
d2vn6b_,SCOPe-5K,family,2vn6,64
d2oyra1,SCOPe-5K,family,2oyr,250
d2wvfa1,SCOPe-5K,family,2wvf,52
d2wvfa2,SCOPe-5K,family,2wvf,82
d2pbka_,SCOPe-5K,family,2pbk,228
d1k99a1,SCOPe-5K,family,1k99,90
d4p2fa_,SCOPe-5K,family,4p2f,189
d1ufya_,SCOPe-5K,family,1ufy,121
d5y30a_,SCOPe-5K,family,5y30,182
d3mr7a1,SCOPe-5K,family,3mr7,171
d4x9xa_,SCOPe-5K,family,4x9x,278
d2edya1,SCOPe-5K,family,2edy,96
d1pprm1,SCOPe-5K,family,1ppr,156
d3h7ta_,SCOPe-5K,family,3h7t,235
d6kxfc_,SCOPe-5K,family,6kxf,79
d4dhib_,SCOPe-5K,family,4dhi,238
d1nyna_,SCOPe-5K,family,1nyn,111
d1khca_,SCOPe-5K,family,1khc,137
d7k5za2,SCOPe-5K,family,7k5z,236
d2qsja1,SCOPe-5K,family,2qsj,130
d1lkoa1,SCOPe-5K,family,1lko,146
d1npsa_,SCOPe-5K,family,1nps,88
d3ubya1,SCOPe-5K,family,3uby,210
d1qd1a2,SCOPe-5K,family,1qd1,146
d1qd1a1,SCOPe-5K,family,1qd1,179
d6d8kd1,SCOPe-5K,family,6d8k,178
d3u5wa_,SCOPe-5K,family,3u5w,143
d1vhoa2,SCOPe-5K,family,1vho,249
d1vhoa1,SCOPe-5K,family,1vho,83
d1i0va_,SCOPe-5K,family,1i0v,104
d3vttb_,SCOPe-5K,family,3vtt,104
d5owca_,SCOPe-5K,family,5owc,122
d2pw8i1,SCOPe-5K,family,2pw8,63
d5l19a_,SCOPe-5K,family,5l19,150
d2bkwa1,SCOPe-5K,family,2bkw,382
d2icha1,SCOPe-5K,family,2ich,328
d7cmna2,SCOPe-5K,family,7cmn,152
d7cmna1,SCOPe-5K,family,7cmn,151
d1fhga_,SCOPe-5K,family,1fhg,102
d7eama_,SCOPe-5K,family,7eam,204
d3bpua1,SCOPe-5K,family,3bpu,82
d3eaza_,SCOPe-5K,family,3eaz,102
d1aoya_,SCOPe-5K,family,1aoy,78
d4a6ra_,SCOPe-5K,family,4a6r,426
d3bu8a_,SCOPe-5K,family,3bu8,204
d1ijqa1,SCOPe-5K,family,1ijq,266
d1ijqa2,SCOPe-5K,family,1ijq,50
d1wffa1,SCOPe-5K,family,1wff,72
d1c8ba_,SCOPe-5K,family,1c8b,371
d2q3wa_,SCOPe-5K,family,2q3w,109
d2qkga2,SCOPe-5K,family,2qkg,210
d2qkga3,SCOPe-5K,family,2qkg,151
d2qkga1,SCOPe-5K,family,2qkg,228
d2c3na2,SCOPe-5K,family,2c3n,161
d2c3na1,SCOPe-5K,family,2c3n,78
d2q0zx2,SCOPe-5K,family,2q0z,114
d2q0zx1,SCOPe-5K,family,2q0z,176
d2psba1,SCOPe-5K,family,2psb,296
d4oo4a_,SCOPe-5K,family,4oo4,105
d3c9za1,SCOPe-5K,family,3c9z,128
d3c9za2,SCOPe-5K,family,3c9z,129
d2zata_,SCOPe-5K,family,2zat,251
d1smba_,SCOPe-5K,family,1smb,149
d6nyta1,SCOPe-5K,family,6nyt,133
d1k9oi_,SCOPe-5K,family,1k9o,376
d6puva1,SCOPe-5K,family,6puv,128
d1ijba_,SCOPe-5K,family,1ijb,202
d5fxda2,SCOPe-5K,family,5fxd,288
d4a0yb_,SCOPe-5K,family,4a0y,118
d2c41a_,SCOPe-5K,family,2c41,155
d3hlya_,SCOPe-5K,family,3hly,145
d1s2oa1,SCOPe-5K,family,1s2o,244
d4rz9a_,SCOPe-5K,family,4rz9,179
d5l8ha_,SCOPe-5K,family,5l8h,336
d1uira_,SCOPe-5K,family,1uir,312
d1et9a1,SCOPe-5K,family,1et9,95
d1et9a2,SCOPe-5K,family,1et9,109
d1zpva1,SCOPe-5K,family,1zpv,83
d4f01a1,SCOPe-5K,family,4f01,118
d4f01a2,SCOPe-5K,family,4f01,96
d2bykb1,SCOPe-5K,family,2byk,89
d2byka1,SCOPe-5K,family,2byk,72
d6b9xc_,SCOPe-5K,family,6b9x,121
d6b9xb1,SCOPe-5K,family,6b9x,125
d6gsca1,SCOPe-5K,family,6gsc,65
d4arxa3,SCOPe-5K,family,4arx,147
d3eefa_,SCOPe-5K,family,3eef,173
d1rq5a2,SCOPe-5K,family,1rq5,98
d2lrba_,SCOPe-5K,family,2lrb,165
d6btya_,SCOPe-5K,family,6bty,122
d2ntka2,SCOPe-5K,family,2ntk,202
d6m96a1,SCOPe-5K,family,6m96,236
d4pzka_,SCOPe-5K,family,4pzk,159
d6krba_,SCOPe-5K,family,6krb,91
d1to3a1,SCOPe-5K,family,1to3,290
d6f05a1,SCOPe-5K,family,6f05,79
d1ogyb_,SCOPe-5K,family,1ogy,127
d3ho7a1,SCOPe-5K,family,3ho7,219
d6h5ta1,SCOPe-5K,family,6h5t,61
d2qupa_,SCOPe-5K,family,2qup,122
d2o9ga1,SCOPe-5K,family,2o9g,230
d1j83a_,SCOPe-5K,family,1j83,180
d2uzga1,SCOPe-5K,family,2uzg,95
d6q2ia_,SCOPe-5K,family,6q2i,106
d1ovma3,SCOPe-5K,family,1ovm,196
d1ovma1,SCOPe-5K,family,1ovm,161
d6enia_,SCOPe-5K,family,6eni,104
d5ycza_,SCOPe-5K,family,5ycz,181
d5lvoa_,SCOPe-5K,family,5lvo,287
d2ljpa_,SCOPe-5K,family,2ljp,119
d3tnla2,SCOPe-5K,family,3tnl,179
d3tnla1,SCOPe-5K,family,3tnl,109
d7jrjk_,SCOPe-5K,family,7jrj,158
d1g9la1,SCOPe-5K,family,1g9l,139
d2rfba_,SCOPe-5K,family,2rfb,341
d2ycfa_,SCOPe-5K,family,2ycf,301
d6we8a1,SCOPe-5K,family,6we8,163
d1k3ra1,SCOPe-5K,family,1k3r,71
d1k3ra2,SCOPe-5K,family,1k3r,192
d3rk1a_,SCOPe-5K,family,3rk1,225
d2ylba_,SCOPe-5K,family,2ylb,65
d3ey6a1,SCOPe-5K,family,3ey6,116
d1j9ba_,SCOPe-5K,family,1j9b,138
d1gmla_,SCOPe-5K,family,1gml,169
d3ftba_,SCOPe-5K,family,3ftb,334
d5ja1b_,SCOPe-5K,family,5ja1,66
d1hkya1,SCOPe-5K,family,1hky,78
d1w9pa1,SCOPe-5K,family,1w9p,334
d1w9pa2,SCOPe-5K,family,1w9p,62
d1lj5a_,SCOPe-5K,family,1lj5,379
d1f8fa2,SCOPe-5K,family,1f8f,174
d1f8fa1,SCOPe-5K,family,1f8f,195
d3tjra_,SCOPe-5K,family,3tjr,278
d2ap3a1,SCOPe-5K,family,2ap3,185
d3faua1,SCOPe-5K,family,3fau,79
d6euaa1,SCOPe-5K,family,6eua,214
d1c1ka_,SCOPe-5K,family,1c1k,217
d3p86a_,SCOPe-5K,family,3p86,267
d6kiha_,SCOPe-5K,family,6kih,400
d3nnsa_,SCOPe-5K,family,3nns,117
d4iyaa_,SCOPe-5K,family,4iya,283
d6fmea1,SCOPe-5K,family,6fme,434
d6fmea2,SCOPe-5K,family,6fme,70
d1jdwa_,SCOPe-5K,family,1jdw,360
d2pu3a_,SCOPe-5K,family,2pu3,207
d1vl2a2,SCOPe-5K,family,1vl2,236
d5o95a2,SCOPe-5K,family,5o95,169
d5o95a1,SCOPe-5K,family,5o95,73
d7bmla_,SCOPe-5K,family,7bml,161
d1s1da_,SCOPe-5K,family,1s1d,317
d3ze3a_,SCOPe-5K,family,3ze3,116
d1x36a_,SCOPe-5K,family,1x36,198
d4eiha_,SCOPe-5K,family,4eih,101
d2dt5a1,SCOPe-5K,family,2dt5,76
d2dt5a2,SCOPe-5K,family,2dt5,134
d2b3oa2,SCOPe-5K,family,2b3o,107
d3oxpa1,SCOPe-5K,family,3oxp,147
d2osoa2,SCOPe-5K,family,2oso,158
d5n9va1,SCOPe-5K,family,5n9v,78
d3b4da_,SCOPe-5K,family,3b4d,80
d4wk5a1,SCOPe-5K,family,4wk5,268
d1x3ea_,SCOPe-5K,family,1x3e,118
d3ov2a2,SCOPe-5K,family,3ov2,154
d2au7a_,SCOPe-5K,family,2au7,175
d1vpma_,SCOPe-5K,family,1vpm,155
d2c4ea_,SCOPe-5K,family,2c4e,299
d1jt8a_,SCOPe-5K,family,1jt8,102
d6ltfa_,SCOPe-5K,family,6ltf,334
d3f08a_,SCOPe-5K,family,3f08,137
d1mrza1,SCOPe-5K,family,1mrz,130
d1mrza2,SCOPe-5K,family,1mrz,157
d1k6da_,SCOPe-5K,family,1k6d,219
d1k5nb1,SCOPe-5K,family,1k5n,99
d1k5na2,SCOPe-5K,family,1k5n,181
d1k5na1,SCOPe-5K,family,1k5n,95
d2fura1,SCOPe-5K,family,2fur,193
d2puya1,SCOPe-5K,family,2puy,58
d2gana1,SCOPe-5K,family,2gan,182
d3f52a_,SCOPe-5K,family,3f52,77
d3e3ma1,SCOPe-5K,family,3e3m,277
d4jcma3,SCOPe-5K,family,4jcm,82
d1ohpa_,SCOPe-5K,family,1ohp,125
d1j24a_,SCOPe-5K,family,1j24,133
d4u1tb_,SCOPe-5K,family,4u1t,379
d2cg4a1,SCOPe-5K,family,2cg4,63
d2cg4a2,SCOPe-5K,family,2cg4,86
d2anra2,SCOPe-5K,family,2anr,73
d2anra1,SCOPe-5K,family,2anr,72
d1a73a_,SCOPe-5K,family,1a73,162
d1ly2a2,SCOPe-5K,family,1ly2,62
d1ly2a1,SCOPe-5K,family,1ly2,65
d2ckfb_,SCOPe-5K,family,2ckf,170
d2ckfa2,SCOPe-5K,family,2ckf,300
d2r8qa_,SCOPe-5K,family,2r8q,335
d5o0ya_,SCOPe-5K,family,5o0y,288
d3ddva1,SCOPe-5K,family,3ddv,143
d1hbka_,SCOPe-5K,family,1hbk,89
d6znva1,SCOPe-5K,family,6znv,114
d1i39a_,SCOPe-5K,family,1i39,200
d1wh9a1,SCOPe-5K,family,1wh9,79
d1xv2a_,SCOPe-5K,family,1xv2,232
d5mbub_,SCOPe-5K,family,5mbu,287
d7dhfa1,SCOPe-5K,family,7dhf,145
d1gkab_,SCOPe-5K,family,1gka,174
d3a3da1,SCOPe-5K,family,3a3d,452
d3ztpa_,SCOPe-5K,family,3ztp,141
d1x5ja1,SCOPe-5K,family,1x5j,100
d3raoa1,SCOPe-5K,family,3rao,347
d1smxa_,SCOPe-5K,family,1smx,87
d4peoa_,SCOPe-5K,family,4peo,106
d1n4wa2,SCOPe-5K,family,1n4w,132
d1n4wa1,SCOPe-5K,family,1n4w,368
d1w4ta1,SCOPe-5K,family,1w4t,277
d1ksqa1,SCOPe-5K,family,1ksq,73
d3a99a_,SCOPe-5K,family,3a99,273
d1wmib1,SCOPe-5K,family,1wmi,61
d1wmia1,SCOPe-5K,family,1wmi,88
d4r9oa_,SCOPe-5K,family,4r9o,293
d1yo6a1,SCOPe-5K,family,1yo6,250
d1w4va1,SCOPe-5K,family,1w4v,107
d1ug4a_,SCOPe-5K,family,1ug4,60
d1pfsa_,SCOPe-5K,family,1pfs,78
d3qvaa1,SCOPe-5K,family,3qva,108
d3f0pa1,SCOPe-5K,family,3f0p,80
d3f0pa2,SCOPe-5K,family,3f0p,128
d1boua_,SCOPe-5K,family,1bou,132
d1boub_,SCOPe-5K,family,1bou,298
d2fwka_,SCOPe-5K,family,2fwk,92
d1q33a_,SCOPe-5K,family,1q33,292
d6xawa_,SCOPe-5K,family,6xaw,69
d4ggca_,SCOPe-5K,family,4ggc,313
d2gmya1,SCOPe-5K,family,2gmy,147
d1v6pa_,SCOPe-5K,family,1v6p,62
d5ju7a1,SCOPe-5K,family,5ju7,106
d4myla_,SCOPe-5K,family,4myl,297
d1zgma2,SCOPe-5K,family,1zgm,149
d1zgma1,SCOPe-5K,family,1zgm,87
d2jbha_,SCOPe-5K,family,2jbh,219
d4ns0a_,SCOPe-5K,family,4ns0,128
d1ex2a_,SCOPe-5K,family,1ex2,185
d6nkha_,SCOPe-5K,family,6nkh,261
d1h8la2,SCOPe-5K,family,1h8l,301
d1h8la1,SCOPe-5K,family,1h8l,79
d1xs5a_,SCOPe-5K,family,1xs5,240
d5w83b_,SCOPe-5K,family,5w83,199
d5w83a_,SCOPe-5K,family,5w83,175
d1pd3a_,SCOPe-5K,family,1pd3,54
d4isya1,SCOPe-5K,family,4isy,386
d1k8ua_,SCOPe-5K,family,1k8u,89
d2cb9a_,SCOPe-5K,family,2cb9,219
d4bvqa1,SCOPe-5K,family,4bvq,363
d2q2ba_,SCOPe-5K,family,2q2b,150
d1r29a_,SCOPe-5K,family,1r29,122
d2ed6a1,SCOPe-5K,family,2ed6,170
d1zcca1,SCOPe-5K,family,1zcc,240
d2ltpa_,SCOPe-5K,family,2ltp,71
d3kmua_,SCOPe-5K,family,3kmu,267
d4dwra1,SCOPe-5K,family,4dwr,480
d6hnma_,SCOPe-5K,family,6hnm,128
d3lmka_,SCOPe-5K,family,3lmk,471
d2cpwa1,SCOPe-5K,family,2cpw,51
d2hnba_,SCOPe-5K,family,2hnb,147
d2xcza_,SCOPe-5K,family,2xcz,114
d2e2ra_,SCOPe-5K,family,2e2r,228
d2hj2a1,SCOPe-5K,family,2hj2,110
d2hj2a3,SCOPe-5K,family,2hj2,144
d2hj2a2,SCOPe-5K,family,2hj2,126
d5gj3a1,SCOPe-5K,family,5gj3,265
d1jvra_,SCOPe-5K,family,1jvr,137
d5j6ca_,SCOPe-5K,family,5j6c,173
d6wx3a_,SCOPe-5K,family,6wx3,268
d6wx3b_,SCOPe-5K,family,6wx3,389
d1gsaa2,SCOPe-5K,family,1gsa,192
d1gsaa1,SCOPe-5K,family,1gsa,122
d1g61a_,SCOPe-5K,family,1g61,225
d7bjud_,SCOPe-5K,family,7bju,243
d2xsta_,SCOPe-5K,family,2xst,154
d2f4wa1,SCOPe-5K,family,2f4w,157
d3mdqa1,SCOPe-5K,family,3mdq,125
d3mdqa2,SCOPe-5K,family,3mdq,187
d1qksa1,SCOPe-5K,family,1qks,127
d1qksa2,SCOPe-5K,family,1qks,432
d3q27a_,SCOPe-5K,family,3q27,396
d1ihua1,SCOPe-5K,family,1ihu,296
d1ihua2,SCOPe-5K,family,1ihu,276
d5zcea2,SCOPe-5K,family,5zce,80
d7caxa_,SCOPe-5K,family,7cax,240
d3k5ba1,SCOPe-5K,family,3k5b,111
d2ij2a_,SCOPe-5K,family,2ij2,453
d4elda_,SCOPe-5K,family,4eld,117
d1azza_,SCOPe-5K,family,1azz,226
d1q8ia2,SCOPe-5K,family,1q8i,394
d1q8ia1,SCOPe-5K,family,1q8i,388
d3ci0k2,SCOPe-5K,family,3ci0,110
d3ci0k3,SCOPe-5K,family,3ci0,107
d3ci0j1,SCOPe-5K,family,3ci0,154
d3ci0k1,SCOPe-5K,family,3ci0,71
d3ci0i1,SCOPe-5K,family,3ci0,84
d2p8ta2,SCOPe-5K,family,2p8t,117
d2p8ta1,SCOPe-5K,family,2p8t,69
d1w6xa1,SCOPe-5K,family,1w6x,55
d6v7na1,SCOPe-5K,family,6v7n,370
d4ztka_,SCOPe-5K,family,4ztk,299
d3ai3a_,SCOPe-5K,family,3ai3,263
d2qhpa_,SCOPe-5K,family,2qhp,294
d1xaua_,SCOPe-5K,family,1xau,104
d1u7la_,SCOPe-5K,family,1u7l,388
d3d1kb_,SCOPe-5K,family,3d1k,146
d3d1ka_,SCOPe-5K,family,3d1k,142
d1vpra1,SCOPe-5K,family,1vpr,351
d1jsxa_,SCOPe-5K,family,1jsx,207
d2pv1a_,SCOPe-5K,family,2pv1,103
d1hjsa_,SCOPe-5K,family,1hjs,332
d2kv3a1,SCOPe-5K,family,2kv3,130
d3rjta1,SCOPe-5K,family,3rjt,213
d1w1oa1,SCOPe-5K,family,1w1o,289
d3dema3,SCOPe-5K,family,3dem,113
d1wspa1,SCOPe-5K,family,1wsp,83
d2vs0a_,SCOPe-5K,family,2vs0,83
d1yyva1,SCOPe-5K,family,1yyv,114
d3rbaa_,SCOPe-5K,family,3rba,157
d2p2ea1,SCOPe-5K,family,2p2e,117
d2bjua1,SCOPe-5K,family,2bju,329
d3p8ka1,SCOPe-5K,family,3p8k,260
d5ie8a_,SCOPe-5K,family,5ie8,89
d4feva_,SCOPe-5K,family,4fev,267
d2dk4a1,SCOPe-5K,family,2dk4,63
d2fuea_,SCOPe-5K,family,2fue,246
d3d9sa1,SCOPe-5K,family,3d9s,244
d1iuka_,SCOPe-5K,family,1iuk,136
d1zsqa2,SCOPe-5K,family,1zsq,387
d1zsqa1,SCOPe-5K,family,1zsq,126
d2b7ea1,SCOPe-5K,family,2b7e,56
d5ctma_,SCOPe-5K,family,5ctm,233
d3tpfa2,SCOPe-5K,family,3tpf,161
d2gtvx1,SCOPe-5K,family,2gtv,101
d7jjka_,SCOPe-5K,family,7jjk,71
d5frda1,SCOPe-5K,family,5frd,252
d1rtwa_,SCOPe-5K,family,1rtw,206
d4h31a1,SCOPe-5K,family,4h31,152
d4h31a2,SCOPe-5K,family,4h31,181
d6z8mb_,SCOPe-5K,family,6z8m,483
d2d29a1,SCOPe-5K,family,2d29,153
d2d29a2,SCOPe-5K,family,2d29,233
d3bwha_,SCOPe-5K,family,3bwh,244
d2cpta1,SCOPe-5K,family,2cpt,104
d1ogmx1,SCOPe-5K,family,1ogm,199
d1ogmx2,SCOPe-5K,family,1ogm,373
d1rr7a_,SCOPe-5K,family,1rr7,94
d2if4a2,SCOPe-5K,family,2if4,132
d2mzra1,SCOPe-5K,family,2mzr,93
d1c4za_,SCOPe-5K,family,1c4z,350
d3bvxa1,SCOPe-5K,family,3bvx,111
d3bvxa3,SCOPe-5K,family,3bvx,381
d4e6ma1,SCOPe-5K,family,4e6m,122
d4e6ma2,SCOPe-5K,family,4e6m,278
d2guda1,SCOPe-5K,family,2gud,121
d4ha4a_,SCOPe-5K,family,4ha4,489
d2ca6a_,SCOPe-5K,family,2ca6,344
d2f3na1,SCOPe-5K,family,2f3n,64
d1t5ja1,SCOPe-5K,family,1t5j,300
d1ij5a_,SCOPe-5K,family,1ij5,321
d3ebya1,SCOPe-5K,family,3eby,157
d4bex1_,SCOPe-5K,family,4bex,166
d3h8qa1,SCOPe-5K,family,3h8q,106
d1wh2a1,SCOPe-5K,family,1wh2,65
d2bdva1,SCOPe-5K,family,2bdv,217
d3v9oa_,SCOPe-5K,family,3v9o,127
d4ousa_,SCOPe-5K,family,4ous,132
d1k8fa_,SCOPe-5K,family,1k8f,157
d1ui5a2,SCOPe-5K,family,1ui5,133
d1ui5a1,SCOPe-5K,family,1ui5,71
d3na8a_,SCOPe-5K,family,3na8,291
d1mila1,SCOPe-5K,family,1mil,102
d1xg8a1,SCOPe-5K,family,1xg8,101
d5huoa1,SCOPe-5K,family,5huo,111
d1dq3a3,SCOPe-5K,family,1dq3,98
d1dq3a1,SCOPe-5K,family,1dq3,169
d1dq3a2,SCOPe-5K,family,1dq3,79
d1dq3a4,SCOPe-5K,family,1dq3,109
d6ll8a_,SCOPe-5K,family,6ll8,306
d5zsxa1,SCOPe-5K,family,5zsx,142
d1jh3a_,SCOPe-5K,family,1jh3,99
d4agka_,SCOPe-5K,family,4agk,152
d3cnxa1,SCOPe-5K,family,3cnx,153
d1nuia1,SCOPe-5K,family,1nui,192
d1nuia2,SCOPe-5K,family,1nui,54
d1k3xa1,SCOPe-5K,family,1k3x,89
d1k3xa2,SCOPe-5K,family,1k3x,124
d4ntka_,SCOPe-5K,family,4ntk,121
d3hcna_,SCOPe-5K,family,3hcn,359
d3dmba1,SCOPe-5K,family,3dmb,145
d1rmda2,SCOPe-5K,family,1rmd,86
d3li9a_,SCOPe-5K,family,3li9,262
d5byud_,SCOPe-5K,family,5byu,103
d2atpb1,SCOPe-5K,family,2atp,115
d1wxxa1,SCOPe-5K,family,1wxx,64
d1wxxa2,SCOPe-5K,family,1wxx,318
d1c17m_,SCOPe-5K,family,1c17,171
d1jfba_,SCOPe-5K,family,1jfb,399
d1wjta1,SCOPe-5K,family,1wjt,90
d6jh7a_,SCOPe-5K,family,6jh7,263
d2onfa1,SCOPe-5K,family,2onf,139
d1ng6a_,SCOPe-5K,family,1ng6,148
d1cc7a_,SCOPe-5K,family,1cc7,72
d1mbaa_,SCOPe-5K,family,1mba,146
d1yxma1,SCOPe-5K,family,1yxm,297
d2yz1a_,SCOPe-5K,family,2yz1,114
d1k85a1,SCOPe-5K,family,1k85,86
d3e9da_,SCOPe-5K,family,3e9d,250
d2q4xa_,SCOPe-5K,family,2q4x,215
d6ypea_,SCOPe-5K,family,6ype,205
d3a04a_,SCOPe-5K,family,3a04,367
d4b0ha_,SCOPe-5K,family,4b0h,130
d1c20a_,SCOPe-5K,family,1c20,128
d1qqra_,SCOPe-5K,family,1qqr,138
d3m7ng2,SCOPe-5K,family,3m7n,79
d1wh3a1,SCOPe-5K,family,1wh3,74
d6z3ja_,SCOPe-5K,family,6z3j,105
d2dkua1,SCOPe-5K,family,2dku,90
d1z1wa3,SCOPe-5K,family,1z1w,75
d1z1wa1,SCOPe-5K,family,1z1w,170
d1z1wa4,SCOPe-5K,family,1z1w,291
d1z1wa2,SCOPe-5K,family,1z1w,244
d1lf9a2,SCOPe-5K,family,1lf9,277
d1lf9a1,SCOPe-5K,family,1lf9,397
d7bzka_,SCOPe-5K,family,7bzk,112
d7bzkb_,SCOPe-5K,family,7bzk,102
d4nhba_,SCOPe-5K,family,4nhb,303
d1d8ba_,SCOPe-5K,family,1d8b,81
d1hdoa_,SCOPe-5K,family,1hdo,205
d3czya_,SCOPe-5K,family,3czy,214
d5kina_,SCOPe-5K,family,5kin,257
d1wi9a1,SCOPe-5K,family,1wi9,59
d1yoaa1,SCOPe-5K,family,1yoa,159
d2fsqa1,SCOPe-5K,family,2fsq,232
d1ecsa_,SCOPe-5K,family,1ecs,120
d2b9da1,SCOPe-5K,family,2b9d,50
d2dnqa1,SCOPe-5K,family,2dnq,77
d2y5sa1,SCOPe-5K,family,2y5s,289
d1bpva1,SCOPe-5K,family,1bpv,103
d1j7xa_,SCOPe-5K,family,1j7x,302
d2cpda1,SCOPe-5K,family,2cpd,86
d3erwa_,SCOPe-5K,family,3erw,134
d1jyha_,SCOPe-5K,family,1jyh,155
d2d5fa1,SCOPe-5K,family,2d5f,243
d2d5fa2,SCOPe-5K,family,2d5f,168
d6xala_,SCOPe-5K,family,6xal,398
d6ulla_,SCOPe-5K,family,6ull,231
d1suua_,SCOPe-5K,family,1suu,304
d1nfva_,SCOPe-5K,family,1nfv,169
d2icya1,SCOPe-5K,family,2icy,83
d2icya2,SCOPe-5K,family,2icy,379
d5mp7a2,SCOPe-5K,family,5mp7,148
d3ek1a1,SCOPe-5K,family,3ek1,483
d3kmaa_,SCOPe-5K,family,3kma,105
d1j97a_,SCOPe-5K,family,1j97,210
d1bd0a2,SCOPe-5K,family,1bd0,233
d1bd0a1,SCOPe-5K,family,1bd0,149
d1zrra_,SCOPe-5K,family,1zrr,179
d1x49a1,SCOPe-5K,family,1x49,84
d2aeea1,SCOPe-5K,family,2aee,208
d1yx7a_,SCOPe-5K,family,1yx7,83
d4s1ta1,SCOPe-5K,family,4s1t,191
d6s6ca_,SCOPe-5K,family,6s6c,241
d2yxda_,SCOPe-5K,family,2yxd,180
d1o5za1,SCOPe-5K,family,1o5z,137
d1o5za2,SCOPe-5K,family,1o5z,293
d5b89a1,SCOPe-5K,family,5b89,397
d4wk7a_,SCOPe-5K,family,4wk7,216
d1lqva_,SCOPe-5K,family,1lqv,172
d2k7va1,SCOPe-5K,family,2k7v,84
d1p1da2,SCOPe-5K,family,1p1d,99
d1elua_,SCOPe-5K,family,1elu,381
d2fyia1,SCOPe-5K,family,2fyi,220
d1vlja1,SCOPe-5K,family,1vlj,395
d1vc4a_,SCOPe-5K,family,1vc4,254
d4wuta_,SCOPe-5K,family,4wut,290
d2f1fa1,SCOPe-5K,family,2f1f,76
d2f1fa2,SCOPe-5K,family,2f1f,86
d4r9fa_,SCOPe-5K,family,4r9f,402
d2q3ua_,SCOPe-5K,family,2q3u,372
d1sdma_,SCOPe-5K,family,1sdm,364
d2im5a1,SCOPe-5K,family,2im5,135
d2im5a2,SCOPe-5K,family,2im5,254
d2cqma1,SCOPe-5K,family,2cqm,109
d2iu5a1,SCOPe-5K,family,2iu5,71
d2iu5a2,SCOPe-5K,family,2iu5,109
d6nw7a1,SCOPe-5K,family,6nw7,227
d1wlza1,SCOPe-5K,family,1wlz,83
d6zjka1,SCOPe-5K,family,6zjk,315
d1rj8a_,SCOPe-5K,family,1rj8,140
d1xd7a_,SCOPe-5K,family,1xd7,127
d1v47a1,SCOPe-5K,family,1v47,132
d1iw5a1,SCOPe-5K,family,1iw5,86
d2f20a1,SCOPe-5K,family,2f20,231
d1xvia_,SCOPe-5K,family,1xvi,232
d1aqza_,SCOPe-5K,family,1aqz,149
d2f6ma2,SCOPe-5K,family,2f6m,64
d2f6mb2,SCOPe-5K,family,2f6m,106
d1f3va_,SCOPe-5K,family,1f3v,158
d1vkra_,SCOPe-5K,family,1vkr,97
d2euia1,SCOPe-5K,family,2eui,153
d1dema_,SCOPe-5K,family,1dem,60
d1io7a_,SCOPe-5K,family,1io7,366
d2aexa_,SCOPe-5K,family,2aex,336
d2r58a2,SCOPe-5K,family,2r58,104
d1o6aa_,SCOPe-5K,family,1o6a,87
d1k3ka_,SCOPe-5K,family,1k3k,146
d2c2ua_,SCOPe-5K,family,2c2u,178
d4igia_,SCOPe-5K,family,4igi,197
d2ctma1,SCOPe-5K,family,2ctm,81
d2hgaa1,SCOPe-5K,family,2hga,103
d2ziba1,SCOPe-5K,family,2zib,127
d4lw2a1,SCOPe-5K,family,4lw2,398
d3ngxa2,SCOPe-5K,family,3ngx,161
d3ngxa1,SCOPe-5K,family,3ngx,114
d5zc1a_,SCOPe-5K,family,5zc1,101
d2j6la_,SCOPe-5K,family,2j6l,497
d1szna2,SCOPe-5K,family,1szn,314
d1szna1,SCOPe-5K,family,1szn,103
d1c44a_,SCOPe-5K,family,1c44,123
d4u0qb1,SCOPe-5K,family,4u0q,80
d4u0qb2,SCOPe-5K,family,4u0q,101
d2crna1,SCOPe-5K,family,2crn,51
d2f1ra1,SCOPe-5K,family,2f1r,158
d1jx7a1,SCOPe-5K,family,1jx7,116
d3ceca_,SCOPe-5K,family,3cec,91
d1wiaa1,SCOPe-5K,family,1wia,82
d3cjna_,SCOPe-5K,family,3cjn,148
d4n6ob1,SCOPe-5K,family,4n6o,114
d1olza3,SCOPe-5K,family,1olz,56
d1olza2,SCOPe-5K,family,1olz,478
d1olza1,SCOPe-5K,family,1olz,92
d2id4a1,SCOPe-5K,family,2id4,141
d3qvqa_,SCOPe-5K,family,3qvq,251
d1vjoa_,SCOPe-5K,family,1vjo,377
d2affa_,SCOPe-5K,family,2aff,98
d6xr5a2,SCOPe-5K,family,6xr5,204
d1w32a_,SCOPe-5K,family,1w32,346
d4lrsa2,SCOPe-5K,family,4lrs,52
d4lrsa1,SCOPe-5K,family,4lrs,285
d2cxka1,SCOPe-5K,family,2cxk,82
d1pt7a_,SCOPe-5K,family,1pt7,415
d4iuja_,SCOPe-5K,family,4iuj,448
d4nbra1,SCOPe-5K,family,4nbr,265
d2dewx2,SCOPe-5K,family,2dew,109
d3h3ba1,SCOPe-5K,family,3h3b,165
d5jbxa_,SCOPe-5K,family,5jbx,258
d1i24a1,SCOPe-5K,family,1i24,391
d4j7aa_,SCOPe-5K,family,4j7a,355
d6xpga_,SCOPe-5K,family,6xpg,198
d1ev7a_,SCOPe-5K,family,1ev7,302
d1snna_,SCOPe-5K,family,1snn,219
d1t06a_,SCOPe-5K,family,1t06,235
d1q8ca_,SCOPe-5K,family,1q8c,140
d1x6da1,SCOPe-5K,family,1x6d,106
d3l20a1,SCOPe-5K,family,3l20,148
d1qp8a2,SCOPe-5K,family,1qp8,122
d1qp8a1,SCOPe-5K,family,1qp8,181
d3gaga1,SCOPe-5K,family,3gag,205
d2xaua5,SCOPe-5K,family,2xau,115
d2xaua3,SCOPe-5K,family,2xau,66
d2xaua1,SCOPe-5K,family,2xau,268
d2xaua4,SCOPe-5K,family,2xau,114
d2xaua2,SCOPe-5K,family,2xau,184
d5x4sa_,SCOPe-5K,family,5x4s,272
d1m22a_,SCOPe-5K,family,1m22,490
d1qhda2,SCOPe-5K,family,1qhd,184
d1qhda1,SCOPe-5K,family,1qhd,214
d2ejqa1,SCOPe-5K,family,2ejq,107
d2heyr1,SCOPe-5K,family,2hey,60
d2heyr3,SCOPe-5K,family,2hey,54
d4k2ha_,SCOPe-5K,family,4k2h,185
d1r5sa1,SCOPe-5K,family,1r5s,128
d7mtoa1,SCOPe-5K,family,7mto,203
d4dnja_,SCOPe-5K,family,4dnj,399
d2kgja1,SCOPe-5K,family,2kgj,94
d4xsqa_,SCOPe-5K,family,4xsq,174
d1v8ca2,SCOPe-5K,family,1v8c,78
d1v8ca1,SCOPe-5K,family,1v8c,87
d1jkea_,SCOPe-5K,family,1jke,145
d2wkxa1,SCOPe-5K,family,2wkx,82
d2wkxa2,SCOPe-5K,family,2wkx,175
d4le5a2,SCOPe-5K,family,4le5,126
d4le5a1,SCOPe-5K,family,4le5,106
d3dkza_,SCOPe-5K,family,3dkz,125
d6ssda_,SCOPe-5K,family,6ssd,424
d2bbaa1,SCOPe-5K,family,2bba,180
d3pika_,SCOPe-5K,family,3pik,440
d2xu3a_,SCOPe-5K,family,2xu3,220
d1wmja_,SCOPe-5K,family,1wmj,122
d2wy4a_,SCOPe-5K,family,2wy4,139
d4jrra1,SCOPe-5K,family,4jrr,184
d3c20a1,SCOPe-5K,family,3c20,302
d3c20a3,SCOPe-5K,family,3c20,67
d3c20a2,SCOPe-5K,family,3c20,100
d4m9ca_,SCOPe-5K,family,4m9c,216
d4im9a_,SCOPe-5K,family,4im9,132
d1nnfa_,SCOPe-5K,family,1nnf,308
d2ccwa_,SCOPe-5K,family,2ccw,129
d4qt4a_,SCOPe-5K,family,4qt4,189
d1tvia_,SCOPe-5K,family,1tvi,150
d5y6qa2,SCOPe-5K,family,5y6q,77
d4wu0a_,SCOPe-5K,family,4wu0,360
d2hkta_,SCOPe-5K,family,2hkt,168
d5eswa1,SCOPe-5K,family,5esw,188
d6n34a_,SCOPe-5K,family,6n34,124
d3mjja1,SCOPe-5K,family,3mjj,299
d2hu7a1,SCOPe-5K,family,2hu7,313
d2hu7a2,SCOPe-5K,family,2hu7,260
d1fgya_,SCOPe-5K,family,1fgy,127
d4ee9a_,SCOPe-5K,family,4ee9,321
d3egca_,SCOPe-5K,family,3egc,268
d1zpwx1,SCOPe-5K,family,1zpw,82
d6s95a_,SCOPe-5K,family,6s95,102
d6tj8a3,SCOPe-5K,family,6tj8,136
d1njka1,SCOPe-5K,family,1njk,132
d1okca_,SCOPe-5K,family,1okc,292
d3gqsa_,SCOPe-5K,family,3gqs,101
d5jhxa2,SCOPe-5K,family,5jhx,309
d5jhxa1,SCOPe-5K,family,5jhx,426
d3ldqb1,SCOPe-5K,family,3ldq,110
d1o70a2,SCOPe-5K,family,1o70,157
d1o70a1,SCOPe-5K,family,1o70,140
d2ok5a4,SCOPe-5K,family,2ok5,68
d3n2ta_,SCOPe-5K,family,3n2t,327
d3delb1,SCOPe-5K,family,3del,224
d1yoea1,SCOPe-5K,family,1yoe,310
d2nwba1,SCOPe-5K,family,2nwb,388
d1e6ua_,SCOPe-5K,family,1e6u,315
d1b35b_,SCOPe-5K,family,1b35,255
d1b35a_,SCOPe-5K,family,1b35,260
d1lbaa_,SCOPe-5K,family,1lba,146
d2g5ca2,SCOPe-5K,family,2g5c,171
d2g5ca1,SCOPe-5K,family,2g5c,110
d1x4ea1,SCOPe-5K,family,1x4e,72
d7cfua_,SCOPe-5K,family,7cfu,183
d3hhpa1,SCOPe-5K,family,3hhp,145
d3hhpa2,SCOPe-5K,family,3hhp,167
d1njra_,SCOPe-5K,family,1njr,264
d1xm7a1,SCOPe-5K,family,1xm7,186
d2xbka_,SCOPe-5K,family,2xbk,391
d1jqba1,SCOPe-5K,family,1jqb,178
d1jqba2,SCOPe-5K,family,1jqb,174
d1h6wa1,SCOPe-5K,family,1h6w,82
d2wkka_,SCOPe-5K,family,2wkk,150
d1xoda1,SCOPe-5K,family,1xod,114
d5nl9a1,SCOPe-5K,family,5nl9,145
d1nupa_,SCOPe-5K,family,1nup,233
d3seba1,SCOPe-5K,family,3seb,121
d3seba2,SCOPe-5K,family,3seb,117
d2p5sa_,SCOPe-5K,family,2p5s,170
d3gada_,SCOPe-5K,family,3gad,115
d3cu7a3,SCOPe-5K,family,3cu7,126
d3cu7a6,SCOPe-5K,family,3cu7,96
d3cu7a4,SCOPe-5K,family,3cu7,110
d3cu7a5,SCOPe-5K,family,3cu7,106
d3cu7ae,SCOPe-5K,family,3cu7,325
d3cu7a2,SCOPe-5K,family,3cu7,102
d3cu7a7,SCOPe-5K,family,3cu7,109
d3cu7ad,SCOPe-5K,family,3cu7,114
d3cu7a9,SCOPe-5K,family,3cu7,67
d3cu7a8,SCOPe-5K,family,3cu7,144
d3cu7a1,SCOPe-5K,family,3cu7,101
d3cu7af,SCOPe-5K,family,3cu7,152
d4dzbb1,SCOPe-5K,family,4dzb,116
d1ecwa_,SCOPe-5K,family,1ecw,114
d1i9sa_,SCOPe-5K,family,1i9s,194
d2egca1,SCOPe-5K,family,2egc,62
d4jvwa_,SCOPe-5K,family,4jvw,108
d5cyfa_,SCOPe-5K,family,5cyf,290
d1saza1,SCOPe-5K,family,1saz,172
d1saza2,SCOPe-5K,family,1saz,203
d2r85a2,SCOPe-5K,family,2r85,235
d2r85a1,SCOPe-5K,family,2r85,99
d1sknp_,SCOPe-5K,family,1skn,74
d2hy5b1,SCOPe-5K,family,2hy5,132
d2hy5a1,SCOPe-5K,family,2hy5,130
d2hy5c1,SCOPe-5K,family,2hy5,101
d4unua_,SCOPe-5K,family,4unu,109
d4ympa_,SCOPe-5K,family,4ymp,119
d3pdfa2,SCOPe-5K,family,3pdf,234
d2k4ja1,SCOPe-5K,family,2k4j,103
d6rkja_,SCOPe-5K,family,6rkj,415
d3cx2a_,SCOPe-5K,family,3cx2,108
d2pmaa1,SCOPe-5K,family,2pma,141
d7mdha2,SCOPe-5K,family,7mdh,188
d2zhga_,SCOPe-5K,family,2zhg,126
d1ybxa_,SCOPe-5K,family,1ybx,91
d1yg2a_,SCOPe-5K,family,1yg2,178
d2c81a_,SCOPe-5K,family,2c81,409
d5ui3a_,SCOPe-5K,family,5ui3,305
d3qx1a1,SCOPe-5K,family,3qx1,80
d3fsda_,SCOPe-5K,family,3fsd,121
d4qeca_,SCOPe-5K,family,4qec,248
d1zm8a_,SCOPe-5K,family,1zm8,239
d1ei9a_,SCOPe-5K,family,1ei9,279
d3uzua_,SCOPe-5K,family,3uzu,262
d1pp7u_,SCOPe-5K,family,1pp7,114
d3gnaa_,SCOPe-5K,family,3gna,68
d1coja2,SCOPe-5K,family,1coj,122
d1coja1,SCOPe-5K,family,1coj,89
d1h99a2,SCOPe-5K,family,1h99,107
d1h99a1,SCOPe-5K,family,1h99,115
d1nnxa_,SCOPe-5K,family,1nnx,106
d3wi7a_,SCOPe-5K,family,3wi7,291
d1st6a7,SCOPe-5K,family,1st6,137
d1st6a5,SCOPe-5K,family,1st6,158
d1st6a4,SCOPe-5K,family,1st6,117
d1st6a6,SCOPe-5K,family,1st6,72
d1st6a3,SCOPe-5K,family,1st6,119
d1c8ua2,SCOPe-5K,family,1c8u,171
d1c8ua1,SCOPe-5K,family,1c8u,114
d2bwpa_,SCOPe-5K,family,2bwp,398
d6tita_,SCOPe-5K,family,6tit,432
d1s6ca_,SCOPe-5K,family,1s6c,178
d3vpda2,SCOPe-5K,family,3vpd,193
d3vpda1,SCOPe-5K,family,3vpd,88
d1ursa_,SCOPe-5K,family,1urs,367
d1yfqa1,SCOPe-5K,family,1yfq,341
d1gcca_,SCOPe-5K,family,1gcc,63
d3s52a_,SCOPe-5K,family,3s52,218
d2rsqa_,SCOPe-5K,family,2rsq,71
d6cnha1,SCOPe-5K,family,6cnh,349
d1z3xa1,SCOPe-5K,family,1z3x,87
d1z3xa2,SCOPe-5K,family,1z3x,148
d2cqaa1,SCOPe-5K,family,2cqa,82
d3cima1,SCOPe-5K,family,3cim,89
d3dhoa_,SCOPe-5K,family,3dho,203
d4fywb1,SCOPe-5K,family,4fyw,91
d4fywb2,SCOPe-5K,family,4fyw,53
d1ji7a_,SCOPe-5K,family,1ji7,77
d1b0na2,SCOPe-5K,family,1b0n,68
d1h32b_,SCOPe-5K,family,1h32,138
d1h32a2,SCOPe-5K,family,1h32,111
d1h32a1,SCOPe-5K,family,1h32,150
d2la6a1,SCOPe-5K,family,2la6,89
d3dzza_,SCOPe-5K,family,3dzz,386
d4zsya_,SCOPe-5K,family,4zsy,461
d2rlda1,SCOPe-5K,family,2rld,115
d3weca_,SCOPe-5K,family,3wec,401
d2m9xa1,SCOPe-5K,family,2m9x,101
d6l7za_,SCOPe-5K,family,6l7z,117
d2ux6a_,SCOPe-5K,family,2ux6,122
d4hoia1,SCOPe-5K,family,4hoi,110
d5t1xb_,SCOPe-5K,family,5t1x,110
d2q6ka1,SCOPe-5K,family,2q6k,163
d2q6ka2,SCOPe-5K,family,2q6k,95
d2hrkb_,SCOPe-5K,family,2hrk,121
d3fiaa_,SCOPe-5K,family,3fia,98
d1f5na1,SCOPe-5K,family,1f5n,300
d1f5na2,SCOPe-5K,family,1f5n,277
d4j42a_,SCOPe-5K,family,4j42,80
d2jlpa_,SCOPe-5K,family,2jlp,168
d1bm9a_,SCOPe-5K,family,1bm9,120
d3ct6a1,SCOPe-5K,family,3ct6,123
d1q6oa_,SCOPe-5K,family,1q6o,213
d4g26a1,SCOPe-5K,family,4g26,205
d4g26a2,SCOPe-5K,family,4g26,90
d4g26a3,SCOPe-5K,family,4g26,182
d7rcaa1,SCOPe-5K,family,7rca,376
d6e36a_,SCOPe-5K,family,6e36,395
d1khva_,SCOPe-5K,family,1khv,497
d1skva1,SCOPe-5K,family,1skv,62
d1t5ia_,SCOPe-5K,family,1t5i,168
d4paka1,SCOPe-5K,family,4pak,303
d4e9ea_,SCOPe-5K,family,4e9e,140
d2ywka1,SCOPe-5K,family,2ywk,78
d2phpa1,SCOPe-5K,family,2php,180
d1biaa3,SCOPe-5K,family,1bia,207
d1biaa1,SCOPe-5K,family,1bia,63
d3kffa_,SCOPe-5K,family,3kff,152
d2yvla_,SCOPe-5K,family,2yvl,247
d1rhfa2,SCOPe-5K,family,1rhf,85
d1rhfa1,SCOPe-5K,family,1rhf,91
d4xaea_,SCOPe-5K,family,4xae,329
d2vkxa2,SCOPe-5K,family,2vkx,91
d5bnza1,SCOPe-5K,family,5bnz,333
d5bnza2,SCOPe-5K,family,5bnz,215
d4ay0a2,SCOPe-5K,family,4ay0,87
d4ay0a1,SCOPe-5K,family,4ay0,118
d2kspa1,SCOPe-5K,family,2ksp,100
d1ucsa_,SCOPe-5K,family,1ucs,64
d6k63a1,SCOPe-5K,family,6k63,150
d6k63a2,SCOPe-5K,family,6k63,144
d1b3ob4,SCOPe-5K,family,1b3o,120
d1bunb_,SCOPe-5K,family,1bun,61
d7ckva1,SCOPe-5K,family,7ckv,149
d2etsa1,SCOPe-5K,family,2ets,110
d1egwa_,SCOPe-5K,family,1egw,71
d2cpqa1,SCOPe-5K,family,2cpq,78
d2duma_,SCOPe-5K,family,2dum,157
d2zyoa_,SCOPe-5K,family,2zyo,385
d4zevb_,SCOPe-5K,family,4zev,270
d7l9ua_,SCOPe-5K,family,7l9u,284
d2e1ba1,SCOPe-5K,family,2e1b,87
d2e1ba2,SCOPe-5K,family,2e1b,129
d3a40x_,SCOPe-5K,family,3a40,255
d5visa_,SCOPe-5K,family,5vis,275
d1i1na_,SCOPe-5K,family,1i1n,224
d1tiqa1,SCOPe-5K,family,1tiq,171
d1u0sa_,SCOPe-5K,family,1u0s,86
d1oqja_,SCOPe-5K,family,1oqj,90
d1tula_,SCOPe-5K,family,1tul,102
d2d8ca1,SCOPe-5K,family,2d8c,84
d3irua_,SCOPe-5K,family,3iru,276
d4p1ma_,SCOPe-5K,family,4p1m,106
d7k72a_,SCOPe-5K,family,7k72,318
d2j4ja_,SCOPe-5K,family,2j4j,226
d5lwka_,SCOPe-5K,family,5lwk,122
d4o5ja_,SCOPe-5K,family,4o5j,374
d1v37a_,SCOPe-5K,family,1v37,171
d1y0na1,SCOPe-5K,family,1y0n,76
d1pq4a_,SCOPe-5K,family,1pq4,289
d2dlsa1,SCOPe-5K,family,2dls,80
d4l9pa_,SCOPe-5K,family,4l9p,347
d5a5wa_,SCOPe-5K,family,5a5w,245
d3jxpa1,SCOPe-5K,family,3jxp,303
d1yela1,SCOPe-5K,family,1yel,102
d3feua1,SCOPe-5K,family,3feu,182
d3futa_,SCOPe-5K,family,3fut,264
d2dpya1,SCOPe-5K,family,2dpy,73
d2dpya2,SCOPe-5K,family,2dpy,273
d2dpya3,SCOPe-5K,family,2dpy,76
d5noia1,SCOPe-5K,family,5noi,106
d2ipqx1,SCOPe-5K,family,2ipq,133
d1gqea_,SCOPe-5K,family,1gqe,362
d3h14a1,SCOPe-5K,family,3h14,379
d3doua1,SCOPe-5K,family,3dou,180
d2hv2a1,SCOPe-5K,family,2hv2,111
d2hv2a2,SCOPe-5K,family,2hv2,285
d1l0qa2,SCOPe-5K,family,1l0q,301
d1l0qa1,SCOPe-5K,family,1l0q,90
d1xova1,SCOPe-5K,family,1xov,134
d1xova2,SCOPe-5K,family,1xov,180
d1pc6a_,SCOPe-5K,family,1pc6,141
d2hq9a1,SCOPe-5K,family,2hq9,148
d1vl4a_,SCOPe-5K,family,1vl4,433
d4qbla_,SCOPe-5K,family,4qbl,140
d4x7ka_,SCOPe-5K,family,4x7k,298
d4h05a1,SCOPe-5K,family,4h05,267
d1v3va1,SCOPe-5K,family,1v3v,148
d1v3va2,SCOPe-5K,family,1v3v,182
d1v30a1,SCOPe-5K,family,1v30,110
d4ht2a_,SCOPe-5K,family,4ht2,261
d1qtsa2,SCOPe-5K,family,1qts,114
d1qtsa1,SCOPe-5K,family,1qts,133
d6fj7a1,SCOPe-5K,family,6fj7,78
d1niga_,SCOPe-5K,family,1nig,148
d3quaa_,SCOPe-5K,family,3qua,179
d2z16a1,SCOPe-5K,family,2z16,157
d3nuaa1,SCOPe-5K,family,3nua,235
d2dlha1,SCOPe-5K,family,2dlh,108
d1jfia_,SCOPe-5K,family,1jfi,66
d1jfib_,SCOPe-5K,family,1jfi,135
d2c0ga1,SCOPe-5K,family,2c0g,106
d2c0ga2,SCOPe-5K,family,2c0g,122
d1tuha_,SCOPe-5K,family,1tuh,131
d1aqma1,SCOPe-5K,family,1aqm,94
d2jgba_,SCOPe-5K,family,2jgb,190
d4oita1,SCOPe-5K,family,4oit,104
d3nioa_,SCOPe-5K,family,3nio,316
d5lp9a_,SCOPe-5K,family,5lp9,160
d2r4ha1,SCOPe-5K,family,2r4h,85
d3i94a_,SCOPe-5K,family,3i94,243
d1u61a_,SCOPe-5K,family,1u61,127
d2z26a_,SCOPe-5K,family,2z26,344
d1wwwx_,SCOPe-5K,family,1www,101
d3mg9a1,SCOPe-5K,family,3mg9,286
d2j5ca1,SCOPe-5K,family,2j5c,181
d6byfa1,SCOPe-5K,family,6byf,166
d1w7ca2,SCOPe-5K,family,1w7c,127
d1w7ca1,SCOPe-5K,family,1w7c,464
d1w7ca3,SCOPe-5K,family,1w7c,146
d1yspa1,SCOPe-5K,family,1ysp,171
d1x5ca1,SCOPe-5K,family,1x5c,108
d1vdra_,SCOPe-5K,family,1vdr,157
d1xm5a_,SCOPe-5K,family,1xm5,152
d4e4ra1,SCOPe-5K,family,4e4r,327
d1ix9a1,SCOPe-5K,family,1ix9,90
d1ix9a2,SCOPe-5K,family,1ix9,115
d5gvya_,SCOPe-5K,family,5gvy,145
d5i9ja_,SCOPe-5K,family,5i9j,214
d1oqva_,SCOPe-5K,family,1oqv,171
d5l37a_,SCOPe-5K,family,5l37,78
d1vhka2,SCOPe-5K,family,1vhk,180
d1vhka1,SCOPe-5K,family,1vhk,72
d4oy7a_,SCOPe-5K,family,4oy7,196
d3rhya_,SCOPe-5K,family,3rhy,254
d3rnsa1,SCOPe-5K,family,3rns,103
d3rnsa2,SCOPe-5K,family,3rns,100
d1j3wa_,SCOPe-5K,family,1j3w,134
d1t94a2,SCOPe-5K,family,1t94,333
d1t94a1,SCOPe-5K,family,1t94,105
d1aqta2,SCOPe-5K,family,1aqt,85
d1aqta1,SCOPe-5K,family,1aqt,50
d3jvia1,SCOPe-5K,family,3jvi,157
d2egha2,SCOPe-5K,family,2egh,152
d2egha3,SCOPe-5K,family,2egh,149
d2egha1,SCOPe-5K,family,2egh,97
d5icea1,SCOPe-5K,family,5ice,102
d3piua_,SCOPe-5K,family,3piu,416
d1zmaa1,SCOPe-5K,family,1zma,115
d2kv8a_,SCOPe-5K,family,2kv8,83
d1yeya1,SCOPe-5K,family,1yey,252
d1yeya2,SCOPe-5K,family,1yey,139
d6nnfu_,SCOPe-5K,family,6nnf,126
d4o6va_,SCOPe-5K,family,4o6v,232
d6jkva_,SCOPe-5K,family,6jkv,239
d2cj4a_,SCOPe-5K,family,2cj4,147
d4iyma_,SCOPe-5K,family,4iym,488
d1r0tb_,SCOPe-5K,family,1r0t,62
d5zlra1,SCOPe-5K,family,5zlr,378
d2cfta_,SCOPe-5K,family,2cft,295
d1ynpa1,SCOPe-5K,family,1ynp,297
d1an8a1,SCOPe-5K,family,1an8,93
d5maca1,SCOPe-5K,family,5mac,139
d4yoza2,SCOPe-5K,family,4yoz,152
d4yoza1,SCOPe-5K,family,4yoz,204
d3cu9a_,SCOPe-5K,family,3cu9,314
d2xwla1,SCOPe-5K,family,2xwl,218
d1nsja_,SCOPe-5K,family,1nsj,205
d2n9ua1,SCOPe-5K,family,2n9u,125
d1yq2a3,SCOPe-5K,family,1yq2,216
d1yq2a2,SCOPe-5K,family,1yq2,93
d1yq2a1,SCOPe-5K,family,1yq2,112
d1yq2a4,SCOPe-5K,family,1yq2,302
d1cjxa2,SCOPe-5K,family,1cjx,203
d1cjxa1,SCOPe-5K,family,1cjx,150
d1jg1a_,SCOPe-5K,family,1jg1,215
d2o3aa1,SCOPe-5K,family,2o3a,166
d2gf5a2,SCOPe-5K,family,2gf5,82
d1jfua_,SCOPe-5K,family,1jfu,176
d2cs3a1,SCOPe-5K,family,2cs3,80
d3icca1,SCOPe-5K,family,3icc,252
d2ebba_,SCOPe-5K,family,2ebb,96
d1sz7a_,SCOPe-5K,family,1sz7,159
d3ivra1,SCOPe-5K,family,3ivr,395
d3dc7a1,SCOPe-5K,family,3dc7,207
d1ppya_,SCOPe-5K,family,1ppy,118
d1npea_,SCOPe-5K,family,1npe,263
d1nfia2,SCOPe-5K,family,1nfi,170
d4rjza_,SCOPe-5K,family,4rjz,382
d4ypoa1,SCOPe-5K,family,4ypo,180
d4ypoa2,SCOPe-5K,family,4ypo,145
d5ifhh2,SCOPe-5K,family,5ifh,102
d1twda_,SCOPe-5K,family,1twd,247
d1k94a_,SCOPe-5K,family,1k94,165
d1gxma1,SCOPe-5K,family,1gxm,323
d1y44a1,SCOPe-5K,family,1y44,307
d6thoa1,SCOPe-5K,family,6tho,216
d2qzja_,SCOPe-5K,family,2qzj,121
d2crya1,SCOPe-5K,family,2cry,109
d3ja851,SCOPe-5K,family,3ja8,341
d3ja832,SCOPe-5K,family,3ja8,405
d3ja831,SCOPe-5K,family,3ja8,321
d3ja841,SCOPe-5K,family,3ja8,296
d3ja821,SCOPe-5K,family,3ja8,260
d3ja861,SCOPe-5K,family,3ja8,361
d3ja871,SCOPe-5K,family,3ja8,387
d1h6ha_,SCOPe-5K,family,1h6h,143
d4xxha_,SCOPe-5K,family,4xxh,255
d1gxra1,SCOPe-5K,family,1gxr,328
d1ixra2,SCOPe-5K,family,1ixr,62
d2akka1,SCOPe-5K,family,2akk,72
d1roca1,SCOPe-5K,family,1roc,153
d2qdfa1,SCOPe-5K,family,2qdf,71
d2qdfa2,SCOPe-5K,family,2qdf,83
d3zzsa_,SCOPe-5K,family,3zzs,65
d2gwfa2,SCOPe-5K,family,2gwf,135
d6i6mb1,SCOPe-5K,family,6i6m,112
d6i6mb2,SCOPe-5K,family,6i6m,245
d1j3ta1,SCOPe-5K,family,1j3t,61
d3h5ia_,SCOPe-5K,family,3h5i,125
d2z39a1,SCOPe-5K,family,2z39,244
d1wiwa_,SCOPe-5K,family,1wiw,284
d2la4a1,SCOPe-5K,family,2la4,100
d2cz4a1,SCOPe-5K,family,2cz4,99
d2vsna2,SCOPe-5K,family,2vsn,376
d2vsna1,SCOPe-5K,family,2vsn,168
d5wida_,SCOPe-5K,family,5wid,144
d2gb5a1,SCOPe-5K,family,2gb5,96
d2gb5a3,SCOPe-5K,family,2gb5,132
d2zdha1,SCOPe-5K,family,2zdh,114
d2zdha2,SCOPe-5K,family,2zdh,205
d1j54a_,SCOPe-5K,family,1j54,174
d1lmia1,SCOPe-5K,family,1lmi,130
d1fd9a_,SCOPe-5K,family,1fd9,204
d2icsa1,SCOPe-5K,family,2ics,102
d2icsa2,SCOPe-5K,family,2ics,267
d2iwna1,SCOPe-5K,family,2iwn,91
d1wh7a1,SCOPe-5K,family,1wh7,67
d1byia_,SCOPe-5K,family,1byi,224
d1ws6a1,SCOPe-5K,family,1ws6,171
d4idia_,SCOPe-5K,family,4idi,122
d1ysra_,SCOPe-5K,family,1ysr,148
d1osha1,SCOPe-5K,family,1osh,228
d2d8la_,SCOPe-5K,family,2d8l,363
d2ypoa_,SCOPe-5K,family,2ypo,462
d1zu2a1,SCOPe-5K,family,1zu2,145
d5mxza_,SCOPe-5K,family,5mxz,82
d4guza1,SCOPe-5K,family,4guz,278
d2gw6a1,SCOPe-5K,family,2gw6,122
d2ixna1,SCOPe-5K,family,2ixn,297
d2j13a1,SCOPe-5K,family,2j13,235
d3prna_,SCOPe-5K,family,3prn,289
d2v1oa_,SCOPe-5K,family,2v1o,149
d1tuza_,SCOPe-5K,family,1tuz,118
d6l0qa_,SCOPe-5K,family,6l0q,382
d3g0ma_,SCOPe-5K,family,3g0m,138
d1h4xa_,SCOPe-5K,family,1h4x,111
d1wxaa1,SCOPe-5K,family,1wxa,103
d5d9wa2,SCOPe-5K,family,5d9w,126
d5d9wa1,SCOPe-5K,family,5d9w,85
d1z2qa1,SCOPe-5K,family,1z2q,78
d1u04a1,SCOPe-5K,family,1u04,323
d1u04a4,SCOPe-5K,family,1u04,226
d1u04a3,SCOPe-5K,family,1u04,221
d2zcta_,SCOPe-5K,family,2zct,240
d4dg8a_,SCOPe-5K,family,4dg8,499
d2qr7a_,SCOPe-5K,family,2qr7,298
d1jhna4,SCOPe-5K,family,1jhn,250
d1jhna3,SCOPe-5K,family,1jhn,142
d1zsxa1,SCOPe-5K,family,1zsx,321
d1lj9a_,SCOPe-5K,family,1lj9,144
d2i8ta_,SCOPe-5K,family,2i8t,149
d3vvfa1,SCOPe-5K,family,3vvf,236
d1u14a1,SCOPe-5K,family,1u14,168
d6vlpa_,SCOPe-5K,family,6vlp,80
d1eo0a_,SCOPe-5K,family,1eo0,77
d3lofa1,SCOPe-5K,family,3lof,80
d4ywea_,SCOPe-5K,family,4ywe,476
d1okga1,SCOPe-5K,family,1okg,156
d1okga2,SCOPe-5K,family,1okg,139
d1okga3,SCOPe-5K,family,1okg,72
d4hl7a1,SCOPe-5K,family,4hl7,147
d4hl7a2,SCOPe-5K,family,4hl7,278
d1fp3a_,SCOPe-5K,family,1fp3,402
d1vjpa4,SCOPe-5K,family,1vjp,107
d1vjpa3,SCOPe-5K,family,1vjp,275
d1wfpa1,SCOPe-5K,family,1wfp,61
d5thka_,SCOPe-5K,family,5thk,255
d1m1eb_,SCOPe-5K,family,1m1e,70
d5xd6a1,SCOPe-5K,family,5xd6,301
d1hh2p1,SCOPe-5K,family,1hh2,72
d1hh2p4,SCOPe-5K,family,1hh2,126
d2giab1,SCOPe-5K,family,2gia,146
d2giaa1,SCOPe-5K,family,2gia,166
d4a5na_,SCOPe-5K,family,4a5n,104
d1h1oa1,SCOPe-5K,family,1h1o,82
d1h1oa2,SCOPe-5K,family,1h1o,90
d2e7ga1,SCOPe-5K,family,2e7g,116
d6ihra1,SCOPe-5K,family,6ihr,245
d1iu8a_,SCOPe-5K,family,1iu8,206
d5heka_,SCOPe-5K,family,5hek,232
d2j0wa2,SCOPe-5K,family,2j0w,91
d2j0wa3,SCOPe-5K,family,2j0w,64
d2j0wa1,SCOPe-5K,family,2j0w,292
d5ysza1,SCOPe-5K,family,5ysz,58
d5ysza2,SCOPe-5K,family,5ysz,277
d2pmub_,SCOPe-5K,family,2pmu,103
d6lfna_,SCOPe-5K,family,6lfn,456
d6vg3a_,SCOPe-5K,family,6vg3,277
d6qqha_,SCOPe-5K,family,6qqh,117
d3fkea_,SCOPe-5K,family,3fke,123
d7aaca1,SCOPe-5K,family,7aac,135
d7aaca2,SCOPe-5K,family,7aac,215
d1sdia1,SCOPe-5K,family,1sdi,212
d2hjqa1,SCOPe-5K,family,2hjq,54
d2byea1,SCOPe-5K,family,2bye,109
d1r5ba1,SCOPe-5K,family,1r5b,95
d1r5ba2,SCOPe-5K,family,1r5b,68
d2h6ra_,SCOPe-5K,family,2h6r,217
d4nnoa_,SCOPe-5K,family,4nno,278
d1a62a2,SCOPe-5K,family,1a62,78
d4dvqa_,SCOPe-5K,family,4dvq,469
d3vgfa1,SCOPe-5K,family,3vgf,88
d3vgfa3,SCOPe-5K,family,3vgf,67
d1gp0a_,SCOPe-5K,family,1gp0,133
d2a29a_,SCOPe-5K,family,2a29,136
d1geqa_,SCOPe-5K,family,1geq,248
d6c6ma_,SCOPe-5K,family,6c6m,95
d7jnya1,SCOPe-5K,family,7jny,79
d3ioga_,SCOPe-5K,family,3iog,227
d1gqpa_,SCOPe-5K,family,1gqp,195
d1m2da_,SCOPe-5K,family,1m2d,101
d2ix2b2,SCOPe-5K,family,2ix2,119
d3oxna_,SCOPe-5K,family,3oxn,215
d5odua_,SCOPe-5K,family,5odu,121
d1c0da_,SCOPe-5K,family,1c0d,358
d5k3ha3,SCOPe-5K,family,5k3h,186
d1w91a1,SCOPe-5K,family,1w91,153
d1w91a2,SCOPe-5K,family,1w91,347
d1ra4a_,SCOPe-5K,family,1ra4,117
d4n8ga1,SCOPe-5K,family,4n8g,318
d1kp6a_,SCOPe-5K,family,1kp6,79
d2l7ra_,SCOPe-5K,family,2l7r,74
d2fywa1,SCOPe-5K,family,2fyw,265
d1zd1a_,SCOPe-5K,family,1zd1,272
d3r32a_,SCOPe-5K,family,3r32,141
d3lada2,SCOPe-5K,family,3lad,119
d1wv3a2,SCOPe-5K,family,1wv3,108
d1wv3a1,SCOPe-5K,family,1wv3,78
d2f5ga_,SCOPe-5K,family,2f5g,130
d2v9qa2,SCOPe-5K,family,2v9q,101
d3v4da_,SCOPe-5K,family,3v4d,126
d6rl5a_,SCOPe-5K,family,6rl5,417
d1s7ka_,SCOPe-5K,family,1s7k,177
d3wgda1,SCOPe-5K,family,3wgd,109
d7ld8a1,SCOPe-5K,family,7ld8,261
d1ufma1,SCOPe-5K,family,1ufm,71
d4hw8a_,SCOPe-5K,family,4hw8,376
d1tuga1,SCOPe-5K,family,1tug,311
d6tyya_,SCOPe-5K,family,6tyy,146
d6kp3a_,SCOPe-5K,family,6kp3,357
d1ueka2,SCOPe-5K,family,1uek,120
d1ueka1,SCOPe-5K,family,1uek,148
d7c96b_,SCOPe-5K,family,7c96,73
d3sdwa_,SCOPe-5K,family,3sdw,158
d2ouwa1,SCOPe-5K,family,2ouw,134
d3rkpa1,SCOPe-5K,family,3rkp,102
d3rkpa3,SCOPe-5K,family,3rkp,107
d3rkpa2,SCOPe-5K,family,3rkp,141
d6lwta1,SCOPe-5K,family,6lwt,86
d6rjia2,SCOPe-5K,family,6rji,64
d7k86a2,SCOPe-5K,family,7k86,167
d3njxa3,SCOPe-5K,family,3njx,171
d3njxa2,SCOPe-5K,family,3njx,87
d3njxa1,SCOPe-5K,family,3njx,250
d3pnua1,SCOPe-5K,family,3pnu,335
d2jnga1,SCOPe-5K,family,2jng,76
d4hn1a1,SCOPe-5K,family,4hn1,196
d3w2wa1,SCOPe-5K,family,3w2w,288
d3w2wa4,SCOPe-5K,family,3w2w,107
d3w2wa2,SCOPe-5K,family,3w2w,89
d3w2wa3,SCOPe-5K,family,3w2w,172
d5ilga1,SCOPe-5K,family,5ilg,260
d1onfa2,SCOPe-5K,family,1onf,117
d1mgta2,SCOPe-5K,family,1mgt,88
d1j99a_,SCOPe-5K,family,1j99,284
d2q4gw_,SCOPe-5K,family,2q4g,460
d6n4br_,SCOPe-5K,family,6n4b,303
d2paja2,SCOPe-5K,family,2paj,336
d2paja1,SCOPe-5K,family,2paj,140
d3w8ea_,SCOPe-5K,family,3w8e,260
d5ldab_,SCOPe-5K,family,5lda,65
d1odtc_,SCOPe-5K,family,1odt,317
d1ehya1,SCOPe-5K,family,1ehy,292
d1v2aa1,SCOPe-5K,family,1v2a,125
d1v2aa2,SCOPe-5K,family,1v2a,83
d3ga3a1,SCOPe-5K,family,3ga3,125
d2w57a_,SCOPe-5K,family,2w57,131
d1nexb2,SCOPe-5K,family,1nex,355
d1nexb1,SCOPe-5K,family,1nex,100
d1h7na_,SCOPe-5K,family,1h7n,340
d4ef0a1,SCOPe-5K,family,4ef0,114
d1i3ja_,SCOPe-5K,family,1i3j,96
d2b7ka_,SCOPe-5K,family,2b7k,169
d4dhxb_,SCOPe-5K,family,4dhx,91
d1yc0a_,SCOPe-5K,family,1yc0,254
d2ydya_,SCOPe-5K,family,2ydy,297
d4ljma_,SCOPe-5K,family,4ljm,81
d1jyoe_,SCOPe-5K,family,1jyo,102
d1jyoa_,SCOPe-5K,family,1jyo,130
d1v87a1,SCOPe-5K,family,1v87,101
d2f02a2,SCOPe-5K,family,2f02,314
d3ssaa1,SCOPe-5K,family,3ssa,64
d2pgfa_,SCOPe-5K,family,2pgf,359
d4jf5a_,SCOPe-5K,family,4jf5,242
d3cjrb1,SCOPe-5K,family,3cjr,67
d5j8yc1,SCOPe-5K,family,5j8y,68
d1e6yc_,SCOPe-5K,family,1e6y,247
d4lmya_,SCOPe-5K,family,4lmy,149
d1xkqa_,SCOPe-5K,family,1xkq,272
d7ezia1,SCOPe-5K,family,7ezi,316
d1y6xa1,SCOPe-5K,family,1y6x,87
d1pfva1,SCOPe-5K,family,1pfv,162
d1pfva2,SCOPe-5K,family,1pfv,351
d3jxya1,SCOPe-5K,family,3jxy,230
d1trba2,SCOPe-5K,family,1trb,126
d1trba1,SCOPe-5K,family,1trb,191
d1woqa2,SCOPe-5K,family,1woq,124
d1woqa1,SCOPe-5K,family,1woq,129
d7jj8a_,SCOPe-5K,family,7jj8,283
d4kpoa1,SCOPe-5K,family,4kpo,314
d2joea1,SCOPe-5K,family,2joe,130
d1imva_,SCOPe-5K,family,1imv,383
d4i71a1,SCOPe-5K,family,4i71,327
d1rp0a1,SCOPe-5K,family,1rp0,278
d4fega2,SCOPe-5K,family,4feg,183
d4fega3,SCOPe-5K,family,4feg,226
d4fega1,SCOPe-5K,family,4feg,174
d1tt8a_,SCOPe-5K,family,1tt8,164
d1sg9a_,SCOPe-5K,family,1sg9,274
d4pqda_,SCOPe-5K,family,4pqd,105
d2f09a1,SCOPe-5K,family,2f09,82
d1nwba_,SCOPe-5K,family,1nwb,101
d3bjaa1,SCOPe-5K,family,3bja,138
d1wcua1,SCOPe-5K,family,1wcu,144
d1we9a1,SCOPe-5K,family,1we9,51
d2arha1,SCOPe-5K,family,2arh,196
d4e98a_,SCOPe-5K,family,4e98,110
d2aiqa_,SCOPe-5K,family,2aiq,231
d2rh3a1,SCOPe-5K,family,2rh3,121
d1j30a_,SCOPe-5K,family,1j30,141
d1guia_,SCOPe-5K,family,1gui,155
d2r6sa_,SCOPe-5K,family,2r6s,311
d5hhaa_,SCOPe-5K,family,5hha,261
d2p4va1,SCOPe-5K,family,2p4v,79
d7at0a_,SCOPe-5K,family,7at0,295
d3ry4a2,SCOPe-5K,family,3ry4,85
d3ry4a1,SCOPe-5K,family,3ry4,85
d5y1fa1,SCOPe-5K,family,5y1f,308
d7cv2a2,SCOPe-5K,family,7cv2,109
d7cv2a1,SCOPe-5K,family,7cv2,64
d4ou0a_,SCOPe-5K,family,4ou0,66
d1ea9c2,SCOPe-5K,family,1ea9,80
d3s9ka1,SCOPe-5K,family,3s9k,106
d3oeqa_,SCOPe-5K,family,3oeq,121
d1x5fa1,SCOPe-5K,family,1x5f,107
d1m2tb1,SCOPe-5K,family,1m2t,136
d3loia_,SCOPe-5K,family,3loi,161
d3t3la_,SCOPe-5K,family,3t3l,121
d4rsha_,SCOPe-5K,family,4rsh,175
d2ho4a_,SCOPe-5K,family,2ho4,254
d2deba1,SCOPe-5K,family,2deb,218
d2hf2a_,SCOPe-5K,family,2hf2,270
d2d86a1,SCOPe-5K,family,2d86,130
d2dj0a1,SCOPe-5K,family,2dj0,124
d1m62a1,SCOPe-5K,family,1m62,82
d3ia8a_,SCOPe-5K,family,3ia8,162
d3cx5a2,SCOPe-5K,family,3cx5,218
d3cx5b2,SCOPe-5K,family,3cx5,150
d3cx5f_,SCOPe-5K,family,3cx5,74
d3cx5d1,SCOPe-5K,family,3cx5,199
d3cx5b1,SCOPe-5K,family,3cx5,202
d3cx5g_,SCOPe-5K,family,3cx5,126
d3cx5i_,SCOPe-5K,family,3cx5,57
d3cx5e2,SCOPe-5K,family,3cx5,56
d3cx5c1,SCOPe-5K,family,3cx5,124
d3cx5c2,SCOPe-5K,family,3cx5,261
d3cx5a1,SCOPe-5K,family,3cx5,213
d3cx5h_,SCOPe-5K,family,3cx5,93
d1wuea2,SCOPe-5K,family,1wue,126
d5k39a1,SCOPe-5K,family,5k39,160
d3iqca_,SCOPe-5K,family,3iqc,124
d2dlxa1,SCOPe-5K,family,2dlx,140
d1f2ri_,SCOPe-5K,family,1f2r,100
d1q0ra_,SCOPe-5K,family,1q0r,297
d2dlta1,SCOPe-5K,family,2dlt,93
d3ajda_,SCOPe-5K,family,3ajd,266
d2nlia_,SCOPe-5K,family,2nli,368
d1s4na_,SCOPe-5K,family,1s4n,339
d6ksra1,SCOPe-5K,family,6ksr,232
d6ksra2,SCOPe-5K,family,6ksr,235
d2bkra_,SCOPe-5K,family,2bkr,212
d1tvna1,SCOPe-5K,family,1tvn,293
d3fxwa_,SCOPe-5K,family,3fxw,317
d1sb7a1,SCOPe-5K,family,1sb7,341
d1uana_,SCOPe-5K,family,1uan,227
d6p29a1,SCOPe-5K,family,6p29,132
d1ka1a_,SCOPe-5K,family,1ka1,354
d1wy7a1,SCOPe-5K,family,1wy7,201
d2li6a_,SCOPe-5K,family,2li6,116
d6ue7a1,SCOPe-5K,family,6ue7,101
d1eaic_,SCOPe-5K,family,1eai,61
d1osya_,SCOPe-5K,family,1osy,114
d2rh2a_,SCOPe-5K,family,2rh2,58
d1uaha_,SCOPe-5K,family,1uah,426
d2j49a1,SCOPe-5K,family,2j49,134
d2a6pa_,SCOPe-5K,family,2a6p,193
d2yuua1,SCOPe-5K,family,2yuu,70
d1mf7a1,SCOPe-5K,family,1mf7,192
d1wdea_,SCOPe-5K,family,1wde,289
d3ugsa_,SCOPe-5K,family,3ugs,221
d4pswb_,SCOPe-5K,family,4psw,384
d4pswa_,SCOPe-5K,family,4psw,316
d1lrza1,SCOPe-5K,family,1lrz,65
d1lrza2,SCOPe-5K,family,1lrz,165
d1lrza3,SCOPe-5K,family,1lrz,183
d1fp2a1,SCOPe-5K,family,1fp2,101
d1fp2a2,SCOPe-5K,family,1fp2,244
d4hqma_,SCOPe-5K,family,4hqm,99
d6w04a_,SCOPe-5K,family,6w04,223
d3t30a_,SCOPe-5K,family,3t30,105
d1z24a1,SCOPe-5K,family,1z24,189
d3juia1,SCOPe-5K,family,3jui,168
d1jpma1,SCOPe-5K,family,1jpm,234
d1jpma2,SCOPe-5K,family,1jpm,125
d2dkla1,SCOPe-5K,family,2dkl,72
d1nm2a2,SCOPe-5K,family,1nm2,62
d1nm2a1,SCOPe-5K,family,1nm2,253
d1l8qa2,SCOPe-5K,family,1l8q,213
d1l8qa1,SCOPe-5K,family,1l8q,110
d2cxha1,SCOPe-5K,family,2cxh,180
d1gvza_,SCOPe-5K,family,1gvz,237
d1sddb1,SCOPe-5K,family,1sdd,67
d1sddb2,SCOPe-5K,family,1sdd,139
d1sdda2,SCOPe-5K,family,1sdd,116
d1sddb3,SCOPe-5K,family,1sdd,162
d5h8ia_,SCOPe-5K,family,5h8i,298
d1fsga1,SCOPe-5K,family,1fsg,230
d2hfva1,SCOPe-5K,family,2hfv,75
d3nfga_,SCOPe-5K,family,3nfg,94
d3nfgb1,SCOPe-5K,family,3nfg,119
d3q62a1,SCOPe-5K,family,3q62,169
d1jvba2,SCOPe-5K,family,1jvb,170
d1jvba1,SCOPe-5K,family,1jvb,178
d2hboa1,SCOPe-5K,family,2hbo,142
d3n90a1,SCOPe-5K,family,3n90,144
d1tuka_,SCOPe-5K,family,1tuk,67
d1droa_,SCOPe-5K,family,1dro,122
d2f06a1,SCOPe-5K,family,2f06,71
d2f06a2,SCOPe-5K,family,2f06,70
d1unld_,SCOPe-5K,family,1unl,150
d6sdua1,SCOPe-5K,family,6sdu,220
d1r1ma_,SCOPe-5K,family,1r1m,140
d3p0ya1,SCOPe-5K,family,3p0y,171
d1xhna1,SCOPe-5K,family,1xhn,170
d6vbga_,SCOPe-5K,family,6vbg,409
d6hn7b1,SCOPe-5K,family,6hn7,69
d4wbja_,SCOPe-5K,family,4wbj,157
d1fita_,SCOPe-5K,family,1fit,146
d1pcia_,SCOPe-5K,family,1pci,311
d3crda_,SCOPe-5K,family,3crd,100
d3kg2a3,SCOPe-5K,family,3kg2,170
d1pj3a1,SCOPe-5K,family,1pj3,294
d5jioa_,SCOPe-5K,family,5jio,471
d1y7na1,SCOPe-5K,family,1y7n,79
d1zc6a2,SCOPe-5K,family,1zc6,171
d1zc6a1,SCOPe-5K,family,1zc6,114
d2fbha1,SCOPe-5K,family,2fbh,137
d1r6va1,SCOPe-5K,family,1r6v,331
d3un1a1,SCOPe-5K,family,3un1,237
d4hw0a_,SCOPe-5K,family,4hw0,98
d1am7a_,SCOPe-5K,family,1am7,154
d1nuna_,SCOPe-5K,family,1nun,139
d4ci9a1,SCOPe-5K,family,4ci9,452
d6wbsa_,SCOPe-5K,family,6wbs,215
d1w99a1,SCOPe-5K,family,1w99,193
d1w99a3,SCOPe-5K,family,1w99,170
d1w99a2,SCOPe-5K,family,1w99,195
d1szha1,SCOPe-5K,family,1szh,146
d2qrde1,SCOPe-5K,family,2qrd,179
d2qrda_,SCOPe-5K,family,2qrd,127
d3khfa1,SCOPe-5K,family,3khf,93
d2vsmb1,SCOPe-5K,family,2vsm,138
d1gl6a_,SCOPe-5K,family,1gl6,431
d1mkea1,SCOPe-5K,family,1mke,114
d4io2a1,SCOPe-5K,family,4io2,246
d5jn0a_,SCOPe-5K,family,5jn0,99
d4esma_,SCOPe-5K,family,4esm,276
d4ph0a2,SCOPe-5K,family,4ph0,75
d4zyla_,SCOPe-5K,family,4zyl,143
d2pmra1,SCOPe-5K,family,2pmr,75
d3znua_,SCOPe-5K,family,3znu,94
d3r6sa1,SCOPe-5K,family,3r6s,145
d3r6sa2,SCOPe-5K,family,3r6s,80
d3i2za1,SCOPe-5K,family,3i2z,69
d7ehpa_,SCOPe-5K,family,7ehp,397
d1wb9a3,SCOPe-5K,family,1wb9,153
d1wb9a2,SCOPe-5K,family,1wb9,234
d1wb9a1,SCOPe-5K,family,1wb9,297
d1wb9a4,SCOPe-5K,family,1wb9,115
d4zdsa1,SCOPe-5K,family,4zds,131
d1ru0a_,SCOPe-5K,family,1ru0,100
d6l25a1,SCOPe-5K,family,6l25,254
d4c72a2,SCOPe-5K,family,4c72,157
d4c72a1,SCOPe-5K,family,4c72,256
d2heka1,SCOPe-5K,family,2hek,369
d2gr7a1,SCOPe-5K,family,2gr7,101
d1ro5a1,SCOPe-5K,family,1ro5,194
d1k1ga_,SCOPe-5K,family,1k1g,122
d1e8ca2,SCOPe-5K,family,1e8c,157
d1e8ca3,SCOPe-5K,family,1e8c,234
d1e8ca1,SCOPe-5K,family,1e8c,101
d1kwga3,SCOPe-5K,family,1kwg,197
d1kwga2,SCOPe-5K,family,1kwg,393
d1kwga1,SCOPe-5K,family,1kwg,54
d2vvga_,SCOPe-5K,family,2vvg,347
d3r27a_,SCOPe-5K,family,3r27,84
d5ddta_,SCOPe-5K,family,5ddt,232
d4f5la1,SCOPe-5K,family,4f5l,395
d1m2xa_,SCOPe-5K,family,1m2x,219
d1t7va2,SCOPe-5K,family,1t7v,179
d1k07a_,SCOPe-5K,family,1k07,262
d7cywa_,SCOPe-5K,family,7cyw,438
d2p97a1,SCOPe-5K,family,2p97,200
d1l9xa_,SCOPe-5K,family,1l9x,288
d1qhqa_,SCOPe-5K,family,1qhq,139
d4xq3a_,SCOPe-5K,family,4xq3,78
d4i9da_,SCOPe-5K,family,4i9d,498
d4lc3a_,SCOPe-5K,family,4lc3,378
d1rz3a_,SCOPe-5K,family,1rz3,198
d6l1ma_,SCOPe-5K,family,6l1m,200
d1bh9b_,SCOPe-5K,family,1bh9,89
d1l5aa2,SCOPe-5K,family,1l5a,250
d1l5aa1,SCOPe-5K,family,1l5a,174
d1jq4a_,SCOPe-5K,family,1jq4,98
d3nkea_,SCOPe-5K,family,3nke,187
d3lqya_,SCOPe-5K,family,3lqy,189
d2v89a2,SCOPe-5K,family,2v89,74
d1uwva1,SCOPe-5K,family,1uwv,60
d1uwva2,SCOPe-5K,family,1uwv,358
d4aeaa_,SCOPe-5K,family,4aea,67
d3phxb_,SCOPe-5K,family,3phx,77
d1k55a_,SCOPe-5K,family,1k55,245
d2a61a1,SCOPe-5K,family,2a61,139
d4yuca1,SCOPe-5K,family,4yuc,180
d4yuca2,SCOPe-5K,family,4yuc,150
d1puza_,SCOPe-5K,family,1puz,82
d7odca2,SCOPe-5K,family,7odc,240
d7odca1,SCOPe-5K,family,7odc,178
d1w9aa_,SCOPe-5K,family,1w9a,142
d2g7la1,SCOPe-5K,family,2g7l,68
d2g7la2,SCOPe-5K,family,2g7l,144
d6dega1,SCOPe-5K,family,6deg,119
d4q4w3_,SCOPe-5K,family,4q4w,234
d4q4w1_,SCOPe-5K,family,4q4w,281
d1uw4a_,SCOPe-5K,family,1uw4,91
d1uw4b_,SCOPe-5K,family,1uw4,248
d3eesa_,SCOPe-5K,family,3ees,131
d4el4a_,SCOPe-5K,family,4el4,425
d1g2ha_,SCOPe-5K,family,1g2h,61
d1lefa_,SCOPe-5K,family,1lef,86
d1yd9a1,SCOPe-5K,family,1yd9,188
d5okga_,SCOPe-5K,family,5okg,475
d2ytca1,SCOPe-5K,family,2ytc,78
d3npka1,SCOPe-5K,family,3npk,280
d6m0rd2,SCOPe-5K,family,6m0r,75
d6m0rd1,SCOPe-5K,family,6m0r,83
d6m0rb_,SCOPe-5K,family,6m0r,345
d1wrda1,SCOPe-5K,family,1wrd,93
d3l00a1,SCOPe-5K,family,3l00,87
d3l00a2,SCOPe-5K,family,3l00,88
d4fkba_,SCOPe-5K,family,4fkb,387
d2hdza_,SCOPe-5K,family,2hdz,66
d3tn7a_,SCOPe-5K,family,3tn7,234
d1ib8a1,SCOPe-5K,family,1ib8,74
d1ib8a2,SCOPe-5K,family,1ib8,90
d1fxkc_,SCOPe-5K,family,1fxk,133
d1fxka_,SCOPe-5K,family,1fxk,107
d2gb3a1,SCOPe-5K,family,2gb3,389
d5hzfa2,SCOPe-5K,family,5hzf,136
d4onea_,SCOPe-5K,family,4one,253
d3nuhb2,SCOPe-5K,family,3nuh,171
d1o97c_,SCOPe-5K,family,1o97,261
d1o97d1,SCOPe-5K,family,1o97,192
d1o97d2,SCOPe-5K,family,1o97,123
d3nx6a_,SCOPe-5K,family,3nx6,94
d1yrka1,SCOPe-5K,family,1yrk,123
d4faka1,SCOPe-5K,family,4fak,159
d2bz7a_,SCOPe-5K,family,2bz7,102
d1rlla4,SCOPe-5K,family,1rll,99
d1rlla2,SCOPe-5K,family,1rll,321
d1rlla3,SCOPe-5K,family,1rll,115
d1rlla1,SCOPe-5K,family,1rll,140
d1tqha_,SCOPe-5K,family,1tqh,242
d4bf2a_,SCOPe-5K,family,4bf2,269
d1sa3a_,SCOPe-5K,family,1sa3,262
d4i43b3,SCOPe-5K,family,4i43,186
d5g4da1,SCOPe-5K,family,5g4d,76
d3bo5a_,SCOPe-5K,family,3bo5,279
d2nvna1,SCOPe-5K,family,2nvn,121
d4noba1,SCOPe-5K,family,4nob,114
d3hmsa_,SCOPe-5K,family,3hms,91
d2hkja2,SCOPe-5K,family,2hkj,164
d2hkja3,SCOPe-5K,family,2hkj,219
d2hkja1,SCOPe-5K,family,2hkj,78
d2cofa1,SCOPe-5K,family,2cof,94
d4pbpa_,SCOPe-5K,family,4pbp,206
d1mdah_,SCOPe-5K,family,1mda,368
d2wz1a_,SCOPe-5K,family,2wz1,199
d2xi8a_,SCOPe-5K,family,2xi8,66
d1w8oa1,SCOPe-5K,family,1w8o,103
d1w8oa2,SCOPe-5K,family,1w8o,142
d2b4aa1,SCOPe-5K,family,2b4a,118
d2cwqa1,SCOPe-5K,family,2cwq,117
d1hy5a_,SCOPe-5K,family,1hy5,120
d1bpoa1,SCOPe-5K,family,1bpo,157
d1ds1a_,SCOPe-5K,family,1ds1,323
d2qmwa2,SCOPe-5K,family,2qmw,80
d2qmwa1,SCOPe-5K,family,2qmw,184
d5e6za3,SCOPe-5K,family,5e6z,106
d5e6za1,SCOPe-5K,family,5e6z,110
d5e6za2,SCOPe-5K,family,5e6z,396
d4a8xa1,SCOPe-5K,family,4a8x,86
d2qzca_,SCOPe-5K,family,2qzc,211
d5hw3a1,SCOPe-5K,family,5hw3,264
d1udxa2,SCOPe-5K,family,1udx,180
d1udxa3,SCOPe-5K,family,1udx,76
d1udxa1,SCOPe-5K,family,1udx,156
d4pp8c_,SCOPe-5K,family,4pp8,168
d4pp8a_,SCOPe-5K,family,4pp8,125
d3a5fa_,SCOPe-5K,family,3a5f,291
d4kqca1,SCOPe-5K,family,4kqc,316
d2ahma1,SCOPe-5K,family,2ahm,73
d2gh9a_,SCOPe-5K,family,2gh9,378
d1wk1a1,SCOPe-5K,family,1wk1,137
d1b7ca_,SCOPe-5K,family,1b7c,71
d1u4ga_,SCOPe-5K,family,1u4g,298
d2a2la1,SCOPe-5K,family,2a2l,142
d4tkca_,SCOPe-5K,family,4tkc,118
d1sy7a1,SCOPe-5K,family,1sy7,184
d2ovrb2,SCOPe-5K,family,2ovr,342
d2ovrb1,SCOPe-5K,family,2ovr,102
d1b37a2,SCOPe-5K,family,1b37,112
d1b37a1,SCOPe-5K,family,1b37,348
d4p5ma2,SCOPe-5K,family,4p5m,97
d4p5ma1,SCOPe-5K,family,4p5m,83
d2otda_,SCOPe-5K,family,2otd,245
d3buxb2,SCOPe-5K,family,3bux,130
d2oo8x_,SCOPe-5K,family,2oo8,282
d1um1a1,SCOPe-5K,family,1um1,97
d5k87a1,SCOPe-5K,family,5k87,181
d5k87a2,SCOPe-5K,family,5k87,212
d1g12a_,SCOPe-5K,family,1g12,167
d1to6a_,SCOPe-5K,family,1to6,371
d6wegc1,SCOPe-5K,family,6weg,76
d6wegc2,SCOPe-5K,family,6weg,115
d1ks8a1,SCOPe-5K,family,1ks8,432
d5idqa1,SCOPe-5K,family,5idq,225
d1mwza_,SCOPe-5K,family,1mwz,73
d2yjka_,SCOPe-5K,family,2yjk,149
d7bora_,SCOPe-5K,family,7bor,247
d2a5za1,SCOPe-5K,family,2a5z,239
d2z0xa_,SCOPe-5K,family,2z0x,157
d2m6sa_,SCOPe-5K,family,2m6s,149
d6yc8a_,SCOPe-5K,family,6yc8,240
d2kk6a1,SCOPe-5K,family,2kk6,105
d1qe0a1,SCOPe-5K,family,1qe0,95
d1cjaa_,SCOPe-5K,family,1cja,342
d1x8xa_,SCOPe-5K,family,1x8x,322
d1k0ea_,SCOPe-5K,family,1k0e,451
d2gria1,SCOPe-5K,family,2gri,112
d1ylla1,SCOPe-5K,family,1yll,195
d1xb4a2,SCOPe-5K,family,1xb4,76
d1xb4a1,SCOPe-5K,family,1xb4,125
d1m9za_,SCOPe-5K,family,1m9z,105
d2jena_,SCOPe-5K,family,2jen,233
d5lhaa_,SCOPe-5K,family,5lha,447
d2f9fa1,SCOPe-5K,family,2f9f,166
d1llqa2,SCOPe-5K,family,1llq,294
d3eufa_,SCOPe-5K,family,3euf,293
d6nrza1,SCOPe-5K,family,6nrz,160
d1dvoa_,SCOPe-5K,family,1dvo,152
d6ucza_,SCOPe-5K,family,6ucz,265
d3f6ya_,SCOPe-5K,family,3f6y,235
d2fgra_,SCOPe-5K,family,2fgr,332
d4cr2p2,SCOPe-5K,family,4cr2,117
d4cr2t1,SCOPe-5K,family,4cr2,178
d4cr2h3,SCOPe-5K,family,4cr2,100
d4cr2j3,SCOPe-5K,family,4cr2,61
d4cr2z3,SCOPe-5K,family,4cr2,84
d4cr2s2,SCOPe-5K,family,4cr2,96
d4cr2i3,SCOPe-5K,family,4cr2,61
d4cr2m3,SCOPe-5K,family,4cr2,90
d4cr2t2,SCOPe-5K,family,4cr2,94
d4cr2o2,SCOPe-5K,family,4cr2,110
d4cr2l3,SCOPe-5K,family,4cr2,62
d4cr2x_,SCOPe-5K,family,4cr2,127
d4cr2r2,SCOPe-5K,family,4cr2,98
d4cr2i2,SCOPe-5K,family,4cr2,272
d4cr2r1,SCOPe-5K,family,4cr2,302
d4cr2s1,SCOPe-5K,family,4cr2,257
d4cr2z2,SCOPe-5K,family,4cr2,319
d4cr2p1,SCOPe-5K,family,4cr2,298
d1iyka2,SCOPe-5K,family,1iyk,227
d6c99a1,SCOPe-5K,family,6c99,173
d6c99a2,SCOPe-5K,family,6c99,92
d6mwdb1,SCOPe-5K,family,6mwd,238
d3ix9a_,SCOPe-5K,family,3ix9,166
d1wera_,SCOPe-5K,family,1wer,324
d3b4ua_,SCOPe-5K,family,3b4u,287
d4pj3a1,SCOPe-5K,family,4pj3,169
d4pj3a4,SCOPe-5K,family,4pj3,248
d4pj3a2,SCOPe-5K,family,4pj3,397
d1l2pa_,SCOPe-5K,family,1l2p,61
d3pt9a1,SCOPe-5K,family,3pt9,181
d3pt9a3,SCOPe-5K,family,3pt9,464
d3pt9a2,SCOPe-5K,family,3pt9,199
d6l34a_,SCOPe-5K,family,6l34,68
d4j2fa2,SCOPe-5K,family,4j2f,138
d7coia_,SCOPe-5K,family,7coi,209
d1ixda1,SCOPe-5K,family,1ixd,91
d3byia1,SCOPe-5K,family,3byi,210
d1egaa2,SCOPe-5K,family,1ega,113
d1egaa1,SCOPe-5K,family,1ega,179
d1c1da2,SCOPe-5K,family,1c1d,148
d1c1da1,SCOPe-5K,family,1c1d,201
d5mu9a2,SCOPe-5K,family,5mu9,138
d5mu9a1,SCOPe-5K,family,5mu9,154
d2imqx_,SCOPe-5K,family,2imq,280
d1vyxa_,SCOPe-5K,family,1vyx,60
d2dtea1,SCOPe-5K,family,2dte,254
d3vzxa_,SCOPe-5K,family,3vzx,227
d1h9ra1,SCOPe-5K,family,1h9r,77
d1h9ra2,SCOPe-5K,family,1h9r,62
d1q9ja1,SCOPe-5K,family,1q9j,175
d1q9ja2,SCOPe-5K,family,1q9j,238
d3ve9a_,SCOPe-5K,family,3ve9,204
d2trcp_,SCOPe-5K,family,2trc,217
d1u3ma1,SCOPe-5K,family,1u3m,115
d1qada_,SCOPe-5K,family,1qad,107
d1x4ha1,SCOPe-5K,family,1x4h,98
d2wica_,SCOPe-5K,family,2wic,264
d1wlta1,SCOPe-5K,family,1wlt,176
d4ml2a_,SCOPe-5K,family,4ml2,90
d3sfxa_,SCOPe-5K,family,3sfx,330
d5fyza2,SCOPe-5K,family,5fyz,131
d5fyza1,SCOPe-5K,family,5fyz,329
d6ihea1,SCOPe-5K,family,6ihe,140
d6ihea2,SCOPe-5K,family,6ihe,163
d3grda_,SCOPe-5K,family,3grd,133
d6w1ia1,SCOPe-5K,family,6w1i,189
d2ihda_,SCOPe-5K,family,2ihd,127
d2htia1,SCOPe-5K,family,2hti,156
d2yuma1,SCOPe-5K,family,2yum,62
d2vboa_,SCOPe-5K,family,2vbo,153
d1va9a1,SCOPe-5K,family,1va9,109
d2mklc1,SCOPe-5K,family,2mkl,103
d1x2ia1,SCOPe-5K,family,1x2i,68
d1o6za2,SCOPe-5K,family,1o6z,161
d1o6za1,SCOPe-5K,family,1o6z,142
d5mpra1,SCOPe-5K,family,5mpr,365
d3tosa_,SCOPe-5K,family,3tos,251
d6pr1a2,SCOPe-5K,family,6pr1,102
d6pr1a1,SCOPe-5K,family,6pr1,113
d6pr1a3,SCOPe-5K,family,6pr1,242
d7jzsa1,SCOPe-5K,family,7jzs,177
d1ox0a2,SCOPe-5K,family,1ox0,158
d1ox0a1,SCOPe-5K,family,1ox0,251
d1f08a1,SCOPe-5K,family,1f08,145
d2q3qa2,SCOPe-5K,family,2q3q,119
d1fjra_,SCOPe-5K,family,1fjr,188
d1ni3a2,SCOPe-5K,family,1ni3,82
d6icga1,SCOPe-5K,family,6icg,93
d3qdpa_,SCOPe-5K,family,3qdp,88
d3pvtb1,SCOPe-5K,family,3pvt,236
d1stma_,SCOPe-5K,family,1stm,141
d1oz9a_,SCOPe-5K,family,1oz9,141
d3i5ra_,SCOPe-5K,family,3i5r,81
d1e6ia_,SCOPe-5K,family,1e6i,111
d3t90a_,SCOPe-5K,family,3t90,147
d6ddmc_,SCOPe-5K,family,6ddm,94
d1v6za2,SCOPe-5K,family,1v6z,162
d1v6za1,SCOPe-5K,family,1v6z,63
d1ha8a_,SCOPe-5K,family,1ha8,51
d2l5oa1,SCOPe-5K,family,2l5o,142
d3vxva_,SCOPe-5K,family,3vxv,65
d2b97a_,SCOPe-5K,family,2b97,70
d5deqa2,SCOPe-5K,family,5deq,69
d5deqa1,SCOPe-5K,family,5deq,149
d1wqga_,SCOPe-5K,family,1wqg,184
d1zq9a1,SCOPe-5K,family,1zq9,278
d2m9aa1,SCOPe-5K,family,2m9a,87
d2bl9a_,SCOPe-5K,family,2bl9,237
d5ktia1,SCOPe-5K,family,5kti,145
d5ef9a1,SCOPe-5K,family,5ef9,162
d5zzwa_,SCOPe-5K,family,5zzw,400
d3c4ia_,SCOPe-5K,family,3c4i,99
d1o4ta_,SCOPe-5K,family,1o4t,115
d6i03a_,SCOPe-5K,family,6i03,219
d3fcda1,SCOPe-5K,family,3fcd,121
d1weoa1,SCOPe-5K,family,1weo,80
d2vgha_,SCOPe-5K,family,2vgh,55
d3w5ha2,SCOPe-5K,family,3w5h,147
d3w5ha1,SCOPe-5K,family,3w5h,125
d3bxua_,SCOPe-5K,family,3bxu,71
d3b8la1,SCOPe-5K,family,3b8l,144
d2zwia_,SCOPe-5K,family,2zwi,372
d3ktna1,SCOPe-5K,family,3ktn,335
d1dk0a_,SCOPe-5K,family,1dk0,173
d5woza1,SCOPe-5K,family,5woz,127
d2b61a1,SCOPe-5K,family,2b61,357
d2oj5a1,SCOPe-5K,family,2oj5,143
d6ewja_,SCOPe-5K,family,6ewj,399
d2pzma1,SCOPe-5K,family,2pzm,309
d2agyd_,SCOPe-5K,family,2agy,109
d3ks6a1,SCOPe-5K,family,3ks6,249
d1a1xa_,SCOPe-5K,family,1a1x,106
d4eyca1,SCOPe-5K,family,4eyc,100
d2qzsa_,SCOPe-5K,family,2qzs,477
d1xe1a_,SCOPe-5K,family,1xe1,91
d7k0va1,SCOPe-5K,family,7k0v,257
d2b30a1,SCOPe-5K,family,2b30,283
d4fd9a_,SCOPe-5K,family,4fd9,92
d1nhpa3,SCOPe-5K,family,1nhp,126
d1nhpa1,SCOPe-5K,family,1nhp,199
d1nhpa2,SCOPe-5K,family,1nhp,123
d2pyya_,SCOPe-5K,family,2pyy,220
d4h7na1,SCOPe-5K,family,4h7n,470
d2ixoa1,SCOPe-5K,family,2ixo,316
d1pjza_,SCOPe-5K,family,1pjz,201
d1fpqa2,SCOPe-5K,family,1fpq,244
d3fdea1,SCOPe-5K,family,3fde,208
d2g64a1,SCOPe-5K,family,2g64,139
d2nwva1,SCOPe-5K,family,2nwv,112
d2b2ha_,SCOPe-5K,family,2b2h,391
d1vr3a1,SCOPe-5K,family,1vr3,179
d1m94a_,SCOPe-5K,family,1m94,73
d3l0ga2,SCOPe-5K,family,3l0g,167
d3l0ga1,SCOPe-5K,family,3l0g,105
d1gu2a_,SCOPe-5K,family,1gu2,124
d2h1qa2,SCOPe-5K,family,2h1q,251
d4v2ia_,SCOPe-5K,family,4v2i,315
d4av7a2,SCOPe-5K,family,4av7,122
d1wgfa1,SCOPe-5K,family,1wgf,77
d2le1a1,SCOPe-5K,family,2le1,143
d2f6hx_,SCOPe-5K,family,2f6h,419
d2q43a1,SCOPe-5K,family,2q43,274
d2q43a2,SCOPe-5K,family,2q43,119
d2fe7a1,SCOPe-5K,family,2fe7,156
d7b5oi1,SCOPe-5K,family,7b5o,161
d7b5oi2,SCOPe-5K,family,7b5o,123
d1ne9a2,SCOPe-5K,family,1ne9,171
d1ne9a1,SCOPe-5K,family,1ne9,164
d4nkqb1,SCOPe-5K,family,4nkq,99
d1uhsa1,SCOPe-5K,family,1uhs,64
d4dvca1,SCOPe-5K,family,4dvc,182
d1wima1,SCOPe-5K,family,1wim,81
d2avna1,SCOPe-5K,family,2avn,246
d5mawe_,SCOPe-5K,family,5maw,112
d2lwra1,SCOPe-5K,family,2lwr,66
d5xopa1,SCOPe-5K,family,5xop,65
d2ynta1,SCOPe-5K,family,2ynt,220
d2iida2,SCOPe-5K,family,2iid,113
d2iida1,SCOPe-5K,family,2iid,371
d2io8a3,SCOPe-5K,family,2io8,301
d2io8a1,SCOPe-5K,family,2io8,118
d2io8a2,SCOPe-5K,family,2io8,191
d5zrzb1,SCOPe-5K,family,5zrz,63
d2uxnb1,SCOPe-5K,family,2uxn,65
d1vaja1,SCOPe-5K,family,1vaj,203
d2qsba1,SCOPe-5K,family,2qsb,85
d4oqpa_,SCOPe-5K,family,4oqp,254
d1r8ia_,SCOPe-5K,family,1r8i,187
d4c2mg1,SCOPe-5K,family,4c2m,113
d4c2mi2,SCOPe-5K,family,4c2m,61
d4c2mi1,SCOPe-5K,family,4c2m,63
d4c2mc1,SCOPe-5K,family,4c2m,160
d4c2mc2,SCOPe-5K,family,4c2m,146
d3pjla_,SCOPe-5K,family,3pjl,157
d1wgha1,SCOPe-5K,family,1wgh,103
d3i4hx1,SCOPe-5K,family,3i4h,121
d3i4hx2,SCOPe-5K,family,3i4h,117
d1xrda1,SCOPe-5K,family,1xrd,52
d3peya1,SCOPe-5K,family,3pey,196
d3peya2,SCOPe-5K,family,3pey,195
d1ta3a_,SCOPe-5K,family,1ta3,274
d1f6ba_,SCOPe-5K,family,1f6b,186
d2pbja2,SCOPe-5K,family,2pbj,113
d2pbja1,SCOPe-5K,family,2pbj,161
d1urua_,SCOPe-5K,family,1uru,217
d2qqma3,SCOPe-5K,family,2qqm,119
d2qqma1,SCOPe-5K,family,2qqm,156
d1su3a1,SCOPe-5K,family,1su3,67
d1su3a2,SCOPe-5K,family,1su3,195
d4lxoa2,SCOPe-5K,family,4lxo,92
d4lxoa1,SCOPe-5K,family,4lxo,92
d1mj4a_,SCOPe-5K,family,1mj4,80
d2h1va_,SCOPe-5K,family,2h1v,309
d3fzqa_,SCOPe-5K,family,3fzq,271
d6qh5n_,SCOPe-5K,family,6qh5,141
d6qh5s_,SCOPe-5K,family,6qh5,142
d5wjpa1,SCOPe-5K,family,5wjp,236
d2hkua2,SCOPe-5K,family,2hku,121
d2hkua1,SCOPe-5K,family,2hku,70
d4moca2,SCOPe-5K,family,4moc,125
d4moca1,SCOPe-5K,family,4moc,147
d5yxma_,SCOPe-5K,family,5yxm,194
d3er9b_,SCOPe-5K,family,3er9,468
d2y7ia_,SCOPe-5K,family,2y7i,228
d1vr8a1,SCOPe-5K,family,1vr8,130
d4kg3a_,SCOPe-5K,family,4kg3,138
d6l86c_,SCOPe-5K,family,6l86,295
d1ccva_,SCOPe-5K,family,1ccv,56
d4jeaa_,SCOPe-5K,family,4jea,106
d4p3va_,SCOPe-5K,family,4p3v,90
d3gf3a1,SCOPe-5K,family,3gf3,289
d3gf3a2,SCOPe-5K,family,3gf3,296
d1u7ia1,SCOPe-5K,family,1u7i,132
d2daya1,SCOPe-5K,family,2day,115
d2hp4a_,SCOPe-5K,family,2hp4,114
d1s9ca2,SCOPe-5K,family,1s9c,154
d5i97a_,SCOPe-5K,family,5i97,143
d2g5gx1,SCOPe-5K,family,2g5g,255
d1v5oa1,SCOPe-5K,family,1v5o,89
d3neva_,SCOPe-5K,family,3nev,298
d1seda_,SCOPe-5K,family,1sed,112
d3dlsa_,SCOPe-5K,family,3dls,285
d2wt3a2,SCOPe-5K,family,2wt3,280
d2wt3a1,SCOPe-5K,family,2wt3,318
d2wt3a3,SCOPe-5K,family,2wt3,122
d2gnpa1,SCOPe-5K,family,2gnp,262
d3fcxa_,SCOPe-5K,family,3fcx,282
d1q9ua_,SCOPe-5K,family,1q9u,128
d1mw7a_,SCOPe-5K,family,1mw7,220
d2p6ya1,SCOPe-5K,family,2p6y,130
d2ds4a1,SCOPe-5K,family,2ds4,106
d2hx5a1,SCOPe-5K,family,2hx5,144
d5xkaa_,SCOPe-5K,family,5xka,259
d6pzda1,SCOPe-5K,family,6pzd,388
d3p9xa1,SCOPe-5K,family,3p9x,187
d2grea2,SCOPe-5K,family,2gre,234
d2grea1,SCOPe-5K,family,2gre,113
d1dz3a_,SCOPe-5K,family,1dz3,123
d4oy3a1,SCOPe-5K,family,4oy3,229
d4hr3a1,SCOPe-5K,family,4hr3,251
d4hr3a2,SCOPe-5K,family,4hr3,156
d1oz2a2,SCOPe-5K,family,1oz2,108
d1oz2a1,SCOPe-5K,family,1oz2,110
d5dysa_,SCOPe-5K,family,5dys,326
d1slqa_,SCOPe-5K,family,1slq,270
d2mcza1,SCOPe-5K,family,2mcz,60
d1z6om1,SCOPe-5K,family,1z6o,191
d1z6oa1,SCOPe-5K,family,1z6o,200
d4e6pa_,SCOPe-5K,family,4e6p,256
d1iqza_,SCOPe-5K,family,1iqz,81
d2wasa_,SCOPe-5K,family,2was,120
d4bcta_,SCOPe-5K,family,4bct,201
d3uswa_,SCOPe-5K,family,3usw,219
d3db7a1,SCOPe-5K,family,3db7,126
d3e40a_,SCOPe-5K,family,3e40,257
d2aiba_,SCOPe-5K,family,2aib,98
d1wj7a1,SCOPe-5K,family,1wj7,91
d6yv5a1,SCOPe-5K,family,6yv5,204
d3nfta_,SCOPe-5K,family,3nft,271
d4whsb_,SCOPe-5K,family,4whs,238
d4whsa_,SCOPe-5K,family,4whs,200
d5hn3a_,SCOPe-5K,family,5hn3,332
d4ogqb_,SCOPe-5K,family,4ogq,159
d4ogqa_,SCOPe-5K,family,4ogq,214
d1rh9a1,SCOPe-5K,family,1rh9,370
d5x8fa_,SCOPe-5K,family,5x8f,484
d1y2ka_,SCOPe-5K,family,1y2k,326
d3fx7a1,SCOPe-5K,family,3fx7,82
d2z8ha1,SCOPe-5K,family,2z8h,135
d4hvya_,SCOPe-5K,family,4hvy,135
d1q1va1,SCOPe-5K,family,1q1v,67
d1vcha1,SCOPe-5K,family,1vch,174
d4ri5a1,SCOPe-5K,family,4ri5,281
d3dfra_,SCOPe-5K,family,3dfr,162
d2cpha1,SCOPe-5K,family,2cph,94
d2vh7a_,SCOPe-5K,family,2vh7,94
d1v3ya_,SCOPe-5K,family,1v3y,182
d6x0ba_,SCOPe-5K,family,6x0b,116
d4mf5a1,SCOPe-5K,family,4mf5,103
d4mf5a2,SCOPe-5K,family,4mf5,131
d1wzva1,SCOPe-5K,family,1wzv,147
d1c5ea_,SCOPe-5K,family,1c5e,95
d2c2ia1,SCOPe-5K,family,2c2i,149
d1ldja2,SCOPe-5K,family,1ldj,394
d1ldja1,SCOPe-5K,family,1ldj,90
d1ldja3,SCOPe-5K,family,1ldj,276
d3uoeb1,SCOPe-5K,family,3uoe,333
d3bhga_,SCOPe-5K,family,3bhg,454
d5r8qa_,SCOPe-5K,family,5r8q,152
d6i9wa_,SCOPe-5K,family,6i9w,259
d1qf8a_,SCOPe-5K,family,1qf8,173
d1hkqa_,SCOPe-5K,family,1hkq,125
d1w9ya1,SCOPe-5K,family,1w9y,307
d3lnnb_,SCOPe-5K,family,3lnn,245
d3md1a1,SCOPe-5K,family,3md1,80
d4h2ha2,SCOPe-5K,family,4h2h,242
d4h2ha1,SCOPe-5K,family,4h2h,124
d6z4ua_,SCOPe-5K,family,6z4u,97
d2b0ca1,SCOPe-5K,family,2b0c,197
d2g3ra2,SCOPe-5K,family,2g3r,66
d2g3ra1,SCOPe-5K,family,2g3r,53
d1em8b_,SCOPe-5K,family,1em8,110
d6xaxa1,SCOPe-5K,family,6xax,89
d1fcya_,SCOPe-5K,family,1fcy,236
d7c8sa1,SCOPe-5K,family,7c8s,154
d1vk8a_,SCOPe-5K,family,1vk8,93
d3qsda_,SCOPe-5K,family,3qsd,253
d1gqia2,SCOPe-5K,family,1gqi,147
d1pv5a_,SCOPe-5K,family,1pv5,261
d2dgxa1,SCOPe-5K,family,2dgx,83
d3glaa_,SCOPe-5K,family,3gla,97
d6wlca1,SCOPe-5K,family,6wlc,190
d6wlca2,SCOPe-5K,family,6wlc,156
d3p91a2,SCOPe-5K,family,3p91,127
d3p91a1,SCOPe-5K,family,3p91,127
d2d4aa2,SCOPe-5K,family,2d4a,167
d6o07c_,SCOPe-5K,family,6o07,171
d5viqa1,SCOPe-5K,family,5viq,108
d5viqa2,SCOPe-5K,family,5viq,188
d1sb8a_,SCOPe-5K,family,1sb8,341
d2akab1,SCOPe-5K,family,2aka,299
d1iqva_,SCOPe-5K,family,1iqv,201
d1g25a_,SCOPe-5K,family,1g25,65
d5lhfa_,SCOPe-5K,family,5lhf,208
d4a2va_,SCOPe-5K,family,4a2v,127
d4ez8a_,SCOPe-5K,family,4ez8,287
d1woha1,SCOPe-5K,family,1woh,302
d2os5a_,SCOPe-5K,family,2os5,118
d1siga1,SCOPe-5K,family,1sig,333
d3nxaa_,SCOPe-5K,family,3nxa,100
d3h9na1,SCOPe-5K,family,3h9n,94
d1jp4a_,SCOPe-5K,family,1jp4,304
d2nr9a1,SCOPe-5K,family,2nr9,189
d2y24a1,SCOPe-5K,family,2y24,107
d2y24a2,SCOPe-5K,family,2y24,277
d3ik4a2,SCOPe-5K,family,3ik4,229
d3ik4a1,SCOPe-5K,family,3ik4,125
d4jz6a1,SCOPe-5K,family,4jz6,483
d1fj2a1,SCOPe-5K,family,1fj2,224
d5wmka_,SCOPe-5K,family,5wmk,403
d1ln1a_,SCOPe-5K,family,1ln1,203
d2m4na1,SCOPe-5K,family,2m4n,107
d1u2ha_,SCOPe-5K,family,1u2h,96
d2wcia_,SCOPe-5K,family,2wci,113
d1ao0a2,SCOPe-5K,family,1ao0,234
d1o22a_,SCOPe-5K,family,1o22,149
d4twla_,SCOPe-5K,family,4twl,239
d6pqkb_,SCOPe-5K,family,6pqk,90
d2onka1,SCOPe-5K,family,2onk,240
d2onkc1,SCOPe-5K,family,2onk,252
d2bona1,SCOPe-5K,family,2bon,295
d2mzsa1,SCOPe-5K,family,2mzs,97
d4m9da_,SCOPe-5K,family,4m9d,423
d1q08a_,SCOPe-5K,family,1q08,94
d3biya_,SCOPe-5K,family,3biy,378
d7buga1,SCOPe-5K,family,7bug,141
d7buga2,SCOPe-5K,family,7bug,242
d3aaba_,SCOPe-5K,family,3aab,110
d5ysca_,SCOPe-5K,family,5ysc,255
d6tgua_,SCOPe-5K,family,6tgu,327
d2dada1,SCOPe-5K,family,2dad,80
d1yjdc1,SCOPe-5K,family,1yjd,118
d3tg2a_,SCOPe-5K,family,3tg2,205
d4n4ua1,SCOPe-5K,family,4n4u,303
d1j09a1,SCOPe-5K,family,1j09,163
d1j09a2,SCOPe-5K,family,1j09,305
d4pq0a_,SCOPe-5K,family,4pq0,242
d1fexa_,SCOPe-5K,family,1fex,59
d6juua_,SCOPe-5K,family,6juu,292
d1yoxa1,SCOPe-5K,family,1yox,240
d1nh1a_,SCOPe-5K,family,1nh1,290
d2zbla1,SCOPe-5K,family,2zbl,412
d3e6ma_,SCOPe-5K,family,3e6m,149
d2id6a1,SCOPe-5K,family,2id6,75
d2id6a2,SCOPe-5K,family,2id6,125
d3g7ka2,SCOPe-5K,family,3g7k,210
d1muna_,SCOPe-5K,family,1mun,225
d4r9va1,SCOPe-5K,family,4r9v,385
d7lola_,SCOPe-5K,family,7lol,294
d2n2ra_,SCOPe-5K,family,2n2r,51
d5r7xa1,SCOPe-5K,family,5r7x,338
d6dtsa1,SCOPe-5K,family,6dts,373
d3mmga_,SCOPe-5K,family,3mmg,217
d4lora3,SCOPe-5K,family,4lor,118
d3h2ve1,SCOPe-5K,family,3h2v,72
d5yzpa2,SCOPe-5K,family,5yzp,90
d5yzpa1,SCOPe-5K,family,5yzp,105
d4iyqa1,SCOPe-5K,family,4iyq,106
d1wcha_,SCOPe-5K,family,1wch,308
d2iafa1,SCOPe-5K,family,2iaf,145
d2ekha1,SCOPe-5K,family,2ekh,67
d3ntla1,SCOPe-5K,family,3ntl,387
d2ghsa1,SCOPe-5K,family,2ghs,295
d2bkaa1,SCOPe-5K,family,2bka,232
d1xlqa_,SCOPe-5K,family,1xlq,106
d1x5ya1,SCOPe-5K,family,1x5y,98
d1q25a3,SCOPe-5K,family,1q25,152
d1q25a1,SCOPe-5K,family,1q25,123
d1q25a2,SCOPe-5K,family,1q25,151
d4je6a1,SCOPe-5K,family,4je6,189
d6ktha1,SCOPe-5K,family,6kth,179
d1oq1a1,SCOPe-5K,family,1oq1,220
d1re0b1,SCOPe-5K,family,1re0,215
d3a4ja_,SCOPe-5K,family,3a4j,328
d3maea_,SCOPe-5K,family,3mae,234
d2c5sa2,SCOPe-5K,family,2c5s,171
d2c5sa1,SCOPe-5K,family,2c5s,218
d6h4ea_,SCOPe-5K,family,6h4e,295
d7d5va1,SCOPe-5K,family,7d5v,113
d1xzza1,SCOPe-5K,family,1xzz,217
d5gxxa1,SCOPe-5K,family,5gxx,442
d5gxxa2,SCOPe-5K,family,5gxx,157
d2mhja1,SCOPe-5K,family,2mhj,80
d4jkla2,SCOPe-5K,family,4jkl,94
d4jkla1,SCOPe-5K,family,4jkl,178
d1qu9a_,SCOPe-5K,family,1qu9,127
d1kqka_,SCOPe-5K,family,1kqk,80
d2bogx_,SCOPe-5K,family,2bog,286
d3hzba_,SCOPe-5K,family,3hzb,86
d2y9ma1,SCOPe-5K,family,2y9m,165
d6eica_,SCOPe-5K,family,6eic,277
d3cuma4,SCOPe-5K,family,3cum,134
d7b7ui2,SCOPe-5K,family,7b7u,66
d7b7uh_,SCOPe-5K,family,7b7u,148
d1x2qa1,SCOPe-5K,family,1x2q,75
d5zhha_,SCOPe-5K,family,5zhh,268
d4c2la_,SCOPe-5K,family,4c2l,372
d3pfda1,SCOPe-5K,family,3pfd,221
d6t76a_,SCOPe-5K,family,6t76,104
d6noka1,SCOPe-5K,family,6nok,282
d1wtea_,SCOPe-5K,family,1wte,272
d1fn9a_,SCOPe-5K,family,1fn9,365
d3l12a_,SCOPe-5K,family,3l12,310
d1z0kb1,SCOPe-5K,family,1z0k,61
d3czza_,SCOPe-5K,family,3czz,101
d3eeqa1,SCOPe-5K,family,3eeq,121
d3eeqa2,SCOPe-5K,family,3eeq,205
d1cs6a3,SCOPe-5K,family,1cs6,91
d1cs6a4,SCOPe-5K,family,1cs6,89
d1cs6a1,SCOPe-5K,family,1cs6,97
d1cs6a2,SCOPe-5K,family,1cs6,105
d3exaa1,SCOPe-5K,family,3exa,313
d1v4ea_,SCOPe-5K,family,1v4e,280
d3daoa1,SCOPe-5K,family,3dao,263
d4uhca1,SCOPe-5K,family,4uhc,274
d6ybso_,SCOPe-5K,family,6ybs,77
d1q40a_,SCOPe-5K,family,1q40,174
d1q40b_,SCOPe-5K,family,1q40,205
d1x53a1,SCOPe-5K,family,1x53,132
d1fafa_,SCOPe-5K,family,1faf,79
d4awxb1,SCOPe-5K,family,4awx,79
d2dmba1,SCOPe-5K,family,2dmb,111
d1nkda_,SCOPe-5K,family,1nkd,59
d3ksma1,SCOPe-5K,family,3ksm,275
d1vr9a3,SCOPe-5K,family,1vr9,121
d4pc3c1,SCOPe-5K,family,4pc3,53
d4pc3c2,SCOPe-5K,family,4pc3,85
d4pc3c3,SCOPe-5K,family,4pc3,141
d2ckra_,SCOPe-5K,family,2ckr,305
d1p9ra1,SCOPe-5K,family,1p9r,399
d2jjna_,SCOPe-5K,family,2jjn,395
d1qvea1,SCOPe-5K,family,1qve,122
d2yrba1,SCOPe-5K,family,2yrb,143
d3v0sa1,SCOPe-5K,family,3v0s,305
d6pnza2,SCOPe-5K,family,6pnz,150
d2djaa1,SCOPe-5K,family,2dja,71
d1oywa1,SCOPe-5K,family,1oyw,110
d1oywa2,SCOPe-5K,family,1oyw,206
d1oywa3,SCOPe-5K,family,1oyw,200
d3k9ca_,SCOPe-5K,family,3k9c,268
d2dofa1,SCOPe-5K,family,2dof,72
d2zada2,SCOPe-5K,family,2zad,221
d2zada1,SCOPe-5K,family,2zad,123
d3amca_,SCOPe-5K,family,3amc,308
d1x5na1,SCOPe-5K,family,1x5n,101
d1h6da2,SCOPe-5K,family,1h6d,162
d1h6da1,SCOPe-5K,family,1h6d,222
d2ebma1,SCOPe-5K,family,2ebm,121
d1rlia_,SCOPe-5K,family,1rli,179
d1oaha_,SCOPe-5K,family,1oah,482
d4jbda_,SCOPe-5K,family,4jbd,308
d1w26a1,SCOPe-5K,family,1w26,185
d1w26a3,SCOPe-5K,family,1w26,116
d1yuja_,SCOPe-5K,family,1yuj,54
d2ce0a_,SCOPe-5K,family,2ce0,99
d1ny9a_,SCOPe-5K,family,1ny9,94
d3ncia1,SCOPe-5K,family,3nci,375
d4kgqa_,SCOPe-5K,family,4kgq,149
d1nyta1,SCOPe-5K,family,1nyt,170
d1nyta2,SCOPe-5K,family,1nyt,101
d1moqa_,SCOPe-5K,family,1moq,366
d3tlfa_,SCOPe-5K,family,3tlf,267
d1vdca2,SCOPe-5K,family,1vdc,130
d3u9wa2,SCOPe-5K,family,3u9w,252
d3u9wa1,SCOPe-5K,family,3u9w,206
d3u9wa3,SCOPe-5K,family,3u9w,150
d1tu9a1,SCOPe-5K,family,1tu9,129
d1ppqa1,SCOPe-5K,family,1ppq,64
d5c1ma_,SCOPe-5K,family,5c1m,296
d2fb5a1,SCOPe-5K,family,2fb5,201
d3equa1,SCOPe-5K,family,3equ,175
d3ffra1,SCOPe-5K,family,3ffr,361
d1nsca_,SCOPe-5K,family,1nsc,390
d4qiia_,SCOPe-5K,family,4qii,300
d1bxda_,SCOPe-5K,family,1bxd,161
d6zcsa1,SCOPe-5K,family,6zcs,273
d3iv7a_,SCOPe-5K,family,3iv7,356
d2i6ha1,SCOPe-5K,family,2i6h,179
d1n2xa1,SCOPe-5K,family,1n2x,101
d1n2xa2,SCOPe-5K,family,1n2x,187
d1x57a1,SCOPe-5K,family,1x57,78
d4lbha_,SCOPe-5K,family,4lbh,94
d1e9ga_,SCOPe-5K,family,1e9g,284
d1914a1,SCOPe-5K,family,1914,78
d1914a2,SCOPe-5K,family,1914,97
d6jc0b_,SCOPe-5K,family,6jc0,140
d2bnga1,SCOPe-5K,family,2bng,132
d2f69a1,SCOPe-5K,family,2f69,78
d2f69a2,SCOPe-5K,family,2f69,171
d1j8ua_,SCOPe-5K,family,1j8u,307
d4lfea1,SCOPe-5K,family,4lfe,289
d4c5ka1,SCOPe-5K,family,4c5k,275
d1qwza1,SCOPe-5K,family,1qwz,214
d3wyra1,SCOPe-5K,family,3wyr,91
d1vkua1,SCOPe-5K,family,1vku,82
d3mc1a1,SCOPe-5K,family,3mc1,214
d1ztda1,SCOPe-5K,family,1ztd,124
d2ibna1,SCOPe-5K,family,2ibn,248
d4h0pa2,SCOPe-5K,family,4h0p,221
d4h0pa1,SCOPe-5K,family,4h0p,205
d1d2ta_,SCOPe-5K,family,1d2t,224
d1blia2,SCOPe-5K,family,1bli,391
d1blia1,SCOPe-5K,family,1bli,90
d1u8va1,SCOPe-5K,family,1u8v,215
d1u8va2,SCOPe-5K,family,1u8v,275
d3eipa_,SCOPe-5K,family,3eip,84
d1huxa_,SCOPe-5K,family,1hux,259
d6q8ea_,SCOPe-5K,family,6q8e,307
d4gafb1,SCOPe-5K,family,4gaf,101
d4gafb2,SCOPe-5K,family,4gaf,103
