{
  "pairwise_similarity": {
    "CB513_vs_CheZOD": 0.20436939941294596,
    "CB513_vs_SCOPe_5K": 0.7096083276406228,
    "CB513_vs_Tiny_50": 0.4776729865200559,
    "CheZOD_vs_SCOPe_5K": 0.36411677449438845,
    "CheZOD_vs_Tiny_50": 0.1754484278934055,
    "SCOPe_5K_vs_Tiny_50": 0.5767667265489094
  },
  "pairwise_angles_deg": {
    "CB513_vs_CheZOD": [
      51.84209112188627,
      61.25849025951663,
      89.25750311932009
    ],
    "CB513_vs_SCOPe_5K": [
      24.728155962495606,
      26.878599700068246,
      44.52975285223287
    ],
    "CB513_vs_Tiny_50": [
      26.52968735999343,
      38.008555144477846,
      83.7878731797814
    ],
    "CheZOD_vs_SCOPe_5K": [
      35.43181374901183,
      49.58040156981527,
      84.8541969483241
    ],
    "CheZOD_vs_Tiny_50": [
      49.01161025953296,
      73.53207654368383,
      82.78526822182411
    ],
    "SCOPe_5K_vs_Tiny_50": [
      17.115044762352476,
      26.128032440738945,
      84.02359328093777
    ]
  },
  "min_similarity": 0.1754484278934055,
  "mean_similarity": 0.4179971070850546,
  "conclusion": "unstable",
  "corpora_shapes": {
    "SCOPe_5K": [
      436842,
      1024
    ],
    "CB513": [
      134573,
      1024
    ],
    "CheZOD": [
      152407,
      1024
    ],
    "Tiny_50": [
      7065,
      1024
    ]
  },
  "mean_cosine_similarities": {
    "CB513_vs_CheZOD": 0.8304917216300964,
    "CB513_vs_SCOPe_5K": 0.959456741809845,
    "CB513_vs_Tiny_50": 0.9153217673301697,
    "CheZOD_vs_SCOPe_5K": 0.8722692131996155,
    "CheZOD_vs_Tiny_50": 0.86396324634552,
    "SCOPe_5K_vs_Tiny_50": 0.9563016295433044
  },
  "downstream_ret1": {
    "CB513": 0.7974328118732451,
    "CheZOD": 0.7958283192940233,
    "SCOPe_5K": 0.7978339350180506,
    "Tiny_50": 0.7970316887284397
  },
  "downstream_ret1_no_abtt": 0.7934215804251905,
  "downstream_max_diff": 0.002005615724027243,
  "downstream_conclusion": "insensitive",
  "_meta": {
    "script": "run_abtt_stability.py",
    "k": 3,
    "seed": 42,
    "threshold": 0.95
  }
}