{
  "plm": "ProstT5",
  "plm_name": "prostt5",
  "plm_dim": 1024,
  "codec": "center + RP896 + PQ224 (18x)",
  "timestamp": "2026-03-31 17:59:07",
  "fit_time_s": 1270.7312760353088,
  "ss3": {
    "raw": 0.8685207222727456,
    "raw_ci": [
      0.8534073923557779,
      0.8799795612626475
    ],
    "comp": 0.8614773572467899,
    "comp_ci": [
      0.8453067139811286,
      0.8730756713592026
    ],
    "retention": 99.18903892039276,
    "retention_ci": [
      98.82901704964614,
      99.5133207257206
    ],
    "n": 103
  },
  "ss8": {
    "raw": 0.7634104817590149,
    "raw_ci": [
      0.7436364526197325,
      0.7795737085120344
    ],
    "comp": 0.7526688884665378,
    "comp_ci": [
      0.7324217869096517,
      0.7690635349705408
    ],
    "retention": 98.59294657996746,
    "retention_ci": [
      98.07751506733248,
      99.11138312800023
    ],
    "n": 103
  },
  "ret1": {
    "raw": 0.7048042210497084,
    "raw_ci": [
      0.6895306859205776,
      0.7192446542627048
    ],
    "comp": 0.704526520410997,
    "comp_ci": [
      0.6892529852818662,
      0.7192446542627048
    ],
    "retention": 99.96059889676911,
    "retention_ci": [
      99.41753093796665,
      100.51710421638825
    ],
    "n": 3601
  },
  "disorder": {
    "raw": 0.6638951872854442,
    "raw_ci": [
      0.5890987010158821,
      0.7220369830083107
    ],
    "comp": 0.6527761583526881,
    "comp_ci": [
      0.5789155610895573,
      0.7108748448664645
    ],
    "retention": 98.32518307924178,
    "retention_ci": [
      97.05245763232384,
      99.30312909975713
    ],
    "n": 117
  }
}