{
  "plm": "ProstT5",
  "dim": 1024,
  "configs": [
    {
      "config": "lossless-1024",
      "description": "No RP, fp16, lossless",
      "d_out": 1024,
      "quantization": "none",
      "pq_m": 0,
      "abtt_k": 0,
      "vq_k": 0,
      "rvq_levels": 0,
      "compression": "2x",
      "ss3": {
        "raw": 0.8685207222727456,
        "comp": 0.8686794762650561,
        "retention": 100.0182786648884,
        "ci": [
          99.98043548270473,
          100.06956715498262
        ]
      },
      "ss8": {
        "raw": 0.7634104817590149,
        "comp": 0.7645806291951293,
        "retention": 100.15327893237962,
        "ci": [
          100.03395550555247,
          100.29737729897961
        ]
      },
      "ret1": {
        "raw": 0.7048042210497084,
        "comp": 0.7056373229658428,
        "retention": 100.11820330969267,
        "ci": [
          99.72133512150273,
          100.55219466927795
        ]
      },
      "disorder": {
        "raw": 0.6638951872854442,
        "comp": 0.6638965519599421,
        "retention": 100.00020555571483,
        "ci": [
          99.9993662570371,
          100.00113260595883
        ]
      },
      "time_s": 322.8813977241516
    },
    {
      "config": "fp16-896",
      "description": "RP 896d, fp16",
      "d_out": 896,
      "quantization": "none",
      "pq_m": 0,
      "abtt_k": 0,
      "vq_k": 0,
      "rvq_levels": 0,
      "compression": "2x",
      "ss3": {
        "raw": 0.8685207222727456,
        "comp": 0.8671297875335149,
        "retention": 99.83985013787687,
        "ci": [
          99.60455033240521,
          100.0321985052235
        ]
      },
      "ss8": {
        "raw": 0.7634104817590149,
        "comp": 0.760905901876693,
        "retention": 99.6719222564837,
        "ci": [
          99.35126974502519,
          99.98199972823349
        ]
      },
      "ret1": {
        "raw": 0.7048042210497084,
        "comp": 0.7056373229658428,
        "retention": 100.11820330969267,
        "ci": [
          99.67951369084798,
          100.5907203978287
        ]
      },
      "disorder": {
        "raw": 0.6638951872854442,
        "comp": 0.6620613539885151,
        "retention": 99.72377668462588,
        "ci": [
          99.04436876520597,
          100.33731849570277
        ]
      },
      "time_s": 279.00936818122864
    },
    {
      "config": "int4-896",
      "description": "RP 896d, int4",
      "d_out": 896,
      "quantization": "int4",
      "pq_m": 0,
      "abtt_k": 0,
      "vq_k": 0,
      "rvq_levels": 0,
      "compression": "9x",
      "ss3": {
        "raw": 0.8685207222727456,
        "comp": 0.8659609968814577,
        "retention": 99.70527756843963,
        "ci": [
          99.45152389552699,
          99.97620745595972
        ]
      },
      "ss8": {
        "raw": 0.7634104817590149,
        "comp": 0.7565886005141861,
        "retention": 99.10639408184308,
        "ci": [
          98.59546913826931,
          99.6121693167382
        ]
      },
      "ret1": {
        "raw": 0.7048042210497084,
        "comp": 0.7050819216884199,
        "retention": 100.03940110323089,
        "ci": [
          99.56744003145891,
          100.51525961157353
        ]
      },
      "disorder": {
        "raw": 0.6638951872854442,
        "comp": 0.6603156429660813,
        "retention": 99.46082689136533,
        "ci": [
          98.70321241133854,
          100.13317564390941
        ]
      },
      "time_s": 262.19928765296936
    },
    {
      "config": "pq224-896",
      "description": "DEFAULT: RP 896d, PQ M=224 (~18x)",
      "d_out": 896,
      "quantization": "pq",
      "pq_m": 224,
      "abtt_k": 0,
      "vq_k": 0,
      "rvq_levels": 0,
      "compression": "18x",
      "ss3": {
        "raw": 0.8685207222727456,
        "comp": 0.8614773572467899,
        "retention": 99.18903892039276,
        "ci": [
          98.82901704964614,
          99.5133207257206
        ]
      },
      "ss8": {
        "raw": 0.7634104817590149,
        "comp": 0.7526688884665378,
        "retention": 98.59294657996746,
        "ci": [
          98.07751506733248,
          99.11138312800023
        ]
      },
      "ret1": {
        "raw": 0.7048042210497084,
        "comp": 0.704526520410997,
        "retention": 99.96059889676911,
        "ci": [
          99.41753093796665,
          100.51710421638825
        ]
      },
      "disorder": {
        "raw": 0.6638951872854442,
        "comp": 0.6527761583526881,
        "retention": 98.32518307924178,
        "ci": [
          97.05245763232384,
          99.30312909975713
        ]
      },
      "time_s": 535.4156520366669
    },
    {
      "config": "pq128-896",
      "description": "RP 896d, PQ M=128 (~32x)",
      "d_out": 896,
      "quantization": "pq",
      "pq_m": 128,
      "abtt_k": 0,
      "vq_k": 0,
      "rvq_levels": 0,
      "compression": "32x",
      "ss3": {
        "raw": 0.8685207222727456,
        "comp": 0.8549538268099327,
        "retention": 98.43793071196839,
        "ci": [
          97.95400929799425,
          98.81340856504158
        ]
      },
      "ss8": {
        "raw": 0.7634104817590149,
        "comp": 0.745554146938379,
        "retention": 97.66097856300162,
        "ci": [
          97.03353494649578,
          98.29129946097783
        ]
      },
      "ret1": {
        "raw": 0.7048042210497084,
        "comp": 0.7034157178561511,
        "retention": 99.80299448384555,
        "ci": [
          99.168447924248,
          100.43415697312051
        ]
      },
      "disorder": {
        "raw": 0.6638951872854442,
        "comp": 0.6420555167562155,
        "retention": 96.71037372351992,
        "ci": [
          94.86212737679377,
          98.04138769778315
        ]
      },
      "time_s": 391.771981716156
    },
    {
      "config": "binary-896",
      "description": "RP 896d, binary (~37x)",
      "d_out": 896,
      "quantization": "binary",
      "pq_m": 0,
      "abtt_k": 0,
      "vq_k": 0,
      "rvq_levels": 0,
      "compression": "37x",
      "ss3": {
        "raw": 0.8685207222727456,
        "comp": 0.8535296027794127,
        "retention": 98.27394797741796,
        "ci": [
          97.84456139989737,
          98.68508883415646
        ]
      },
      "ss8": {
        "raw": 0.7634104817590149,
        "comp": 0.7415360939309797,
        "retention": 97.1346492678967,
        "ci": [
          96.41561557618051,
          97.81280310981795
        ]
      },
      "ret1": {
        "raw": 0.7048042210497084,
        "comp": 0.7142460427658983,
        "retention": 101.33963750985026,
        "ci": [
          100.434977198311,
          102.31734602551163
        ]
      },
      "disorder": {
        "raw": 0.6638951872854442,
        "comp": 0.6484252586998764,
        "retention": 97.6698236586378,
        "ci": [
          96.07571098361271,
          99.05347483786959
        ]
      },
      "time_s": 209.501323223114
    },
    {
      "config": "old-pq192-768-abtt3",
      "description": "OLD DEFAULT: ABTT3 + RP 768d + PQ M=192 (~21x)",
      "d_out": 768,
      "quantization": "pq",
      "pq_m": 192,
      "abtt_k": 3,
      "vq_k": 0,
      "rvq_levels": 0,
      "compression": "21x",
      "ss3": {
        "raw": 0.8685207222727456,
        "comp": 0.7435140142004991,
        "retention": 85.60694006872642,
        "ci": [
          84.16750533410797,
          86.93666268923413
        ]
      },
      "ss8": {
        "raw": 0.7634104817590149,
        "comp": 0.6658789628481498,
        "retention": 87.22423633925781,
        "ci": [
          86.05961478758495,
          88.30165880217831
        ]
      },
      "ret1": {
        "raw": 0.7048042210497084,
        "comp": 0.7075812274368231,
        "retention": 100.3940110323089,
        "ci": [
          99.8033818324813,
          101.02564102564102
        ]
      },
      "disorder": {
        "raw": 0.6638951872854442,
        "comp": 0.6475256763830116,