{
  "plm": "ANKH-large",
  "plm_name": "ankh_large",
  "plm_dim": 1536,
  "codec": "center + RP896 + PQ224 (18x)",
  "timestamp": "2026-03-31 18:43:39",
  "fit_time_s": 1212.7985889911652,
  "ss3": {
    "raw": 0.8614459314626669,
    "raw_ci": [
      0.8449068000121469,
      0.8738874667573578
    ],
    "comp": 0.8437728463463591,
    "comp_ci": [
      0.8258444284332349,
      0.8568175741972895
    ],
    "retention": 97.94843942366757,
    "retention_ci": [
      97.49412969394169,
      98.41566586780701
    ],
    "n": 103
  },
  "ss8": {
    "raw": 0.751120932432704,
    "raw_ci": [
      0.7312612057795511,
      0.7676164540006157
    ],
    "comp": 0.7233801899017748,
    "comp_ci": [
      0.7019854724232291,
      0.7412133321563023
    ],
    "retention": 96.30675416792293,
    "retention_ci": [
      95.49285799348519,
      97.00207148348925
    ],
    "n": 103
  },
  "ret1": {
    "raw": 0.7084143293529576,
    "raw_ci": [
      0.6936961955012496,
      0.7231324632046654
    ],
    "comp": 0.7075812274368231,
    "comp_ci": [
      0.6925853929464038,
      0.7217439600111081
    ],
    "retention": 99.88239905919247,
    "retention_ci": [
      99.30041253636611,
      100.47058823529412
    ],
    "n": 3601
  },
  "disorder": {
    "raw": 0.6479865344407841,
    "raw_ci": [
      0.5732246957854553,
      0.708058199862193
    ],
    "comp": 0.614194681973557,
    "comp_ci": [
      0.5420487596023403,
      0.6749075759690134
    ],
    "retention": 94.7850995859984,
    "retention_ci": [
      92.40616250715057,
      96.93675548345148
    ],
    "n": 117
  }
}