{
  "plm": "ESM-C 600M",
  "dim": 1152,
  "configs": [
    {
      "config": "lossless-1024",
      "description": "No RP, fp16, lossless",
      "d_out": 1024,
      "quantization": "none",
      "pq_m": 0,
      "abtt_k": 0,
      "vq_k": 0,
      "rvq_levels": 0,
      "compression": "2x",
      "ss3": {
        "raw": 0.8462148168321725,
        "comp": 0.8401934641655932,
        "retention": 99.28843686652516,
        "ci": [
          98.90352406232478,
          99.60181961320859
        ]
      },
      "ss8": {
        "raw": 0.7289546390946168,
        "comp": 0.7261328361194843,
        "retention": 99.61289731571813,
        "ci": [
          99.22331671834488,
          100.03280640098546
        ]
      },
      "ret1": {
        "raw": 0.34296028880866425,
        "comp": 0.3568453207442377,
        "retention": 104.0485829959514,
        "ci": [
          101.22549019607845,
          106.90552677409855
        ]
      },
      "disorder": {
        "raw": 0.6548049035620835,
        "comp": 0.6523232140086872,
        "retention": 99.62100321181224,
        "ci": [
          99.0535866720922,
          99.98004190065828
        ]
      },
      "time_s": 391.9737780094147
    },
    {
      "config": "fp16-896",
      "description": "RP 896d, fp16",
      "d_out": 896,
      "quantization": "none",
      "pq_m": 0,
      "abtt_k": 0,
      "vq_k": 0,
      "rvq_levels": 0,
      "compression": "2x",
      "ss3": {
        "raw": 0.8462148168321725,
        "comp": 0.8406082571740005,
        "retention": 99.3374543264132,
        "ci": [
          98.99978356620177,
          99.66102546706276
        ]
      },
      "ss8": {
        "raw": 0.7289546390946168,
        "comp": 0.7233726041214512,
        "retention": 99.23424110722465,
        "ci": [
          98.66717347055108,
          99.77955583721972
        ]
      },
      "ret1": {
        "raw": 0.34296028880866425,
        "comp": 0.3615662316023327,
        "retention": 105.42510121457491,
        "ci": [
          102.5806451612903,
          108.39952205506405
        ]
      },
      "disorder": {
        "raw": 0.6548049035620835,
        "comp": 0.6509605686920373,
        "retention": 99.41290377498193,
        "ci": [
          98.64463253033033,
          100.02098655599843
        ]
      },
      "time_s": 439.1250948905945
    },
    {
      "config": "int4-896",
      "description": "RP 896d, int4",
      "d_out": 896,
      "quantization": "int4",
      "pq_m": 0,
      "abtt_k": 0,
      "vq_k": 0,
      "rvq_levels": 0,
      "compression": "9x",
      "ss3": {
        "raw": 0.8462148168321725,
        "comp": 0.8417889381927648,
        "retention": 99.47697930225613,
        "ci": [
          99.07261074872716,
          99.87251217644136
        ]
      },
      "ss8": {
        "raw": 0.7289546390946168,
        "comp": 0.7209264548292064,
        "retention": 98.89867162716988,
        "ci": [
          98.28934471120942,
          99.437864784733
        ]
      },
      "ret1": {
        "raw": 0.34296028880866425,
        "comp": 0.36101083032490977,
        "retention": 105.26315789473686,
        "ci": [
          102.38794055356033,
          108.19146948976937
        ]
      },
      "disorder": {
        "raw": 0.6548049035620835,
        "comp": 0.6506334299721518,
        "retention": 99.36294405139007,
        "ci": [
          98.50318329408833,
          99.98704544977316
        ]
      },
      "time_s": 390.1681389808655
    },
    {
      "config": "pq224-896",
      "description": "DEFAULT: RP 896d, PQ M=224 (~18x)",
      "d_out": 896,
      "quantization": "pq",
      "pq_m": 224,
      "abtt_k": 0,
      "vq_k": 0,
      "rvq_levels": 0,
      "compression": "18x",
      "ss3": {
        "raw": 0.8462148168321725,
        "comp": 0.8321759395994756,
        "retention": 98.34097950621428,
        "ci": [
          97.8286350574734,
          98.76067276974172
        ]
      },
      "ss8": {
        "raw": 0.7289546390946168,
        "comp": 0.7114718818296178,
        "retention": 97.60166732916153,
        "ci": [
          96.79750546163264,
          98.25993505217608
        ]
      },
      "ret1": {
        "raw": 0.34296028880866425,
        "comp": 0.3518467092474313,
        "retention": 102.5910931174089,
        "ci": [
          99.6901473362968,
          105.49180327868852
        ]
      },
      "disorder": {
        "raw": 0.6548049035620835,
        "comp": 0.6421902461931749,
        "retention": 98.07352429704085,
        "ci": [
          96.89386918239028,
          98.99257103571955
        ]
      },
      "time_s": 727.4443459510803
    },
    {
      "config": "pq128-896",
      "description": "RP 896d, PQ M=128 (~32x)",
      "d_out": 896,
      "quantization": "pq",
      "pq_m": 128,
      "abtt_k": 0,
      "vq_k": 0,
      "rvq_levels": 0,
      "compression": "32x",
      "ss3": {
        "raw": 0.8462148168321725,
        "comp": 0.8164706803102076,
        "retention": 96.4850371406503,
        "ci": [
          95.92104904908824,
          97.02952381732791
        ]
      },
      "ss8": {
        "raw": 0.7289546390946168,
        "comp": 0.6923128794910165,
        "retention": 94.97338275408873,
        "ci": [
          94.18562600480757,
          95.72365358908746
        ]
      },
      "ret1": {
        "raw": 0.34296028880866425,
        "comp": 0.3246320466537073,
        "retention": 94.65587044534414,
        "ci": [
          91.7191617844776,
          97.66109051124138
        ]
      },
      "disorder": {
        "raw": 0.6548049035620835,
        "comp": 0.6297439733085115,
        "retention": 96.17276380838892,
        "ci": [
          94.12141854157463,
          97.84392701065084
        ]
      },
      "time_s": 619.3046119213104
    },
    {
      "config": "binary-896",
      "description": "RP 896d, binary (~37x)",
      "d_out": 896,
      "quantization": "binary",
      "pq_m": 0,
      "abtt_k": 0,
      "vq_k": 0,
      "rvq_levels": 0,
      "compression": "37x",
      "ss3": {
        "raw": 0.8462148168321725,
        "comp": 0.8136677005251172,
        "retention": 96.15379976104693,
        "ci": [
          95.44671128975666,
          96.80972788027101
        ]
      },
      "ss8": {
        "raw": 0.7289546390946168,
        "comp": 0.687669842266173,
        "retention": 94.33643815207478,
        "ci": [
          93.41192027072138,
          95.16664377654752
        ]
      },
      "ret1": {
        "raw": 0.34296028880866425,
        "comp": 0.31185781727297973,
        "retention": 90.93117408906883,
        "ci": [
          88.05757987485406,
          93.9180068099199
        ]
      },
      "disorder": {
        "raw": 0.6548049035620835,
        "comp": 0.6448217955932133,
        "retention": 98.47540726794149,
        "ci": [
          96.3003066081914,
          100.35088335422546
        ]
      },
      "time_s": 473.8627710342407
    },
    {
      "config": "old-pq192-768-abtt3",
      "description": "OLD DEFAULT: ABTT3 + RP 768d + PQ M=192 (~21x)",
      "d_out": 768,
      "quantization": "pq",
      "pq_m": 192,
      "abtt_k": 3,
      "vq_k": 0,
      "rvq_levels": 0,
      "compression": "21x",
      "ss3": {
        "raw": 0.8462148168321725,
        "comp": 0.7541557481640172,
        "retention": 89.12107577922343,
        "ci": [
          87.15110607234982,
          90.48251582913674
        ]
      },
      "ss8": {
        "raw": 0.7289546390946168,
        "comp": 0.6496149274476435,
        "retention": 89.1159603915114,
        "ci": [
          87.26226423915497,
          90.40628283260698
        ]
      },
      "ret1": {
        "raw": 0.34296028880866425,
        "comp": 0.4098861427381283,
        "retention": 119.51417004048584,
        "ci": [
          115.54086910916394,
          123.7861398408946
        ]
      },
      "disorder": {
        "raw": 0.6548049035620835,