{
  "plm": "ProtT5-XL (fp32)",
  "dim": 1024,
  "configs": [
    {
      "config": "lossless-1024",
      "description": "No RP, fp16, lossless",
      "d_out": 1024,
      "quantization": "none",
      "pq_m": 0,
      "abtt_k": 0,
      "vq_k": 0,
      "rvq_levels": 0,
      "compression": "2x",
      "ss3": {
        "raw": 0.8402178716664075,
        "comp": 0.8417048176214623,
        "retention": 100.17697147432794,
        "ci": [
          100.04805088852123,
          100.35112958843172
        ]
      },
      "ss8": {
        "raw": 0.7158267826797725,
        "comp": 0.7156116935943316,
        "retention": 99.9699523557032,
        "ci": [
          99.89824500422796,
          100.02523646878898
        ]
      },
      "ret1": {
        "raw": 0.793822703569996,
        "comp": 0.7970316887284397,
        "retention": 100.40424456796362,
        "ci": [
          99.949924887331,
          100.90318370153513
        ]
      },
      "disorder": {
        "raw": 0.6626925021248122,
        "comp": 0.6626902399403829,
        "retention": 99.99965863738882,
        "ci": [
          99.99856274233166,
          100.00070714862564
        ]
      },
      "time_s": 294.46008706092834
    },
    {
      "config": "fp16-896",
      "description": "RP 896d, fp16",
      "d_out": 896,
      "quantization": "none",
      "pq_m": 0,
      "abtt_k": 0,
      "vq_k": 0,
      "rvq_levels": 0,
      "compression": "2x",
      "ss3": {
        "raw": 0.8402178716664075,
        "comp": 0.8398700989301535,
        "retention": 99.95860921934876,
        "ci": [
          99.55322818355504,
          100.3333111466921
        ]
      },
      "ss8": {
        "raw": 0.7158267826797725,
        "comp": 0.7099616881246413,
        "retention": 99.1806544967241,
        "ci": [
          98.73419453260036,
          99.58250802260807
        ]
      },
      "ret1": {
        "raw": 0.793822703569996,
        "comp": 0.798235058162856,
        "retention": 100.55583628094998,
        "ci": [
          100.05014615857948,
          101.12994350282487
        ]
      },
      "disorder": {
        "raw": 0.6626925021248122,
        "comp": 0.6534022963105356,
        "retention": 98.59811212825116,
        "ci": [
          97.34698547907738,
          99.60708734319421
        ]
      },
      "time_s": 242.21926498413086
    },
    {
      "config": "int4-896",
      "description": "RP 896d, int4",
      "d_out": 896,
      "quantization": "int4",
      "pq_m": 0,
      "abtt_k": 0,
      "vq_k": 0,
      "rvq_levels": 0,
      "compression": "9x",
      "ss3": {
        "raw": 0.8402178716664075,
        "comp": 0.8382919683514511,
        "retention": 99.7707852475053,
        "ci": [
          99.36163896037039,
          100.22475167853648
        ]
      },
      "ss8": {
        "raw": 0.7158267826797725,
        "comp": 0.7072041295064606,
        "retention": 98.79542741596897,
        "ci": [
          98.3323349449096,
          99.23084988893451
        ]
      },
      "ret1": {
        "raw": 0.793822703569996,
        "comp": 0.7966305655836342,
        "retention": 100.35371399696817,
        "ci": [
          99.79934889908907,
          100.92355645812158
        ]
      },
      "disorder": {
        "raw": 0.6626925021248122,
        "comp": 0.6508984525855448,
        "retention": 98.22028323823616,
        "ci": [
          96.83659600407546,
          99.29801394884505
        ]
      },
      "time_s": 250.11082887649536
    },
    {
      "config": "pq224-896",
      "description": "DEFAULT: RP 896d, PQ M=224 (~18x)",
      "d_out": 896,
      "quantization": "pq",
      "pq_m": 224,
      "abtt_k": 0,
      "vq_k": 0,
      "rvq_levels": 0,
      "compression": "18x",
      "ss3": {
        "raw": 0.8402178716664075,
        "comp": 0.8320907200213195,
        "retention": 99.03273282809738,
        "ci": [
          98.56255567172882,
          99.50240585617385
        ]
      },
      "ss8": {
        "raw": 0.7158267826797725,
        "comp": 0.7052248992292574,
        "retention": 98.51893171545973,
        "ci": [
          97.94364407016532,
          99.10951728921945
        ]
      },
      "ret1": {
        "raw": 0.793822703569996,
        "comp": 0.7986361813076615,
        "retention": 100.60636685194544,
        "ci": [
          100.0,
          101.2332990750257
        ]
      },
      "disorder": {
        "raw": 0.6626925021248122,
        "comp": 0.6321564401989741,
        "retention": 95.39212201316155,
        "ci": [
          93.27847042646533,
          96.99572774102316
        ]
      },
      "time_s": 529.9757161140442
    },
    {
      "config": "pq128-896",
      "description": "RP 896d, PQ M=128 (~32x)",
      "d_out": 896,
      "quantization": "pq",
      "pq_m": 128,
      "abtt_k": 0,
      "vq_k": 0,
      "rvq_levels": 0,
      "compression": "32x",
      "ss3": {
        "raw": 0.8402178716664075,
        "comp": 0.8192344259756125,
        "retention": 97.50261849951151,
        "ci": [
          96.91632358909386,
          98.12543270147694
        ]
      },
      "ss8": {
        "raw": 0.7158267826797725,
        "comp": 0.6876446321445138,
        "retention": 96.06299300093859,
        "ci": [
          95.34929351739967,
          96.81911241874582
        ]
      },
      "ret1": {
        "raw": 0.793822703569996,
        "comp": 0.7946249498596069,
        "retention": 100.10106114199091,
        "ci": [
          99.4456405984513,
          100.757276763851
        ]
      },
      "disorder": {
        "raw": 0.6626925021248122,
        "comp": 0.6057262788594907,
        "retention": 91.40382257492443,
        "ci": [
          87.87144300257319,
          93.60284474574829
        ]
      },
      "time_s": 386.2137589454651
    },
    {
      "config": "binary-896",
      "description": "RP 896d, binary (~37x)",
      "d_out": 896,
      "quantization": "binary",
      "pq_m": 0,
      "abtt_k": 0,
      "vq_k": 0,
      "rvq_levels": 0,
      "compression": "37x",
      "ss3": {
        "raw": 0.8402178716664075,
        "comp": 0.8203604025818171,
        "retention": 97.63662857525192,
        "ci": [
          97.05718335125209,
          98.22746366240794
        ]
      },
      "ss8": {
        "raw": 0.7158267826797725,
        "comp": 0.6799406416495015,
        "retention": 94.98675630773027,
        "ci": [
          94.22121950918618,
          95.70958459907331
        ]
      },
      "ret1": {
        "raw": 0.793822703569996,
        "comp": 0.7966305655836342,
        "retention": 100.35371399696817,
        "ci": [
          99.38953226361123,
          101.38562429895316
        ]
      },
      "disorder": {
        "raw": 0.6626925021248122,
        "comp": 0.6291203281657013,
        "retention": 94.9339740752359,
        "ci": [
          92.98279009034208,
          96.58543634299994
        ]
      },
      "time_s": 229.66980504989624
    },
    {
      "config": "old-pq192-768-abtt3",
      "description": "OLD DEFAULT: ABTT3 + RP 768d + PQ M=192 (~21x)",
      "d_out": 768,
      "quantization": "pq",
      "pq_m": 192,
      "abtt_k": 3,
      "vq_k": 0,
      "rvq_levels": 0,
      "compression": "21x",
      "ss3": {
        "raw": 0.8402178716664075,
        "comp": 0.8279945521425542,
        "retention": 98.54522024155345,
        "ci": [
          97.95465848869874,
          99.13968268530914
        ]
      },
      "ss8": {
        "raw": 0.7158267826797725,
        "comp": 0.6941351304877538,
        "retention": 96.96970653838716,
        "ci": [
          96.24564392823228,
          97.66211891381919
        ]
      },
      "ret1": {
        "raw": 0.793822703569996,
        "comp": 0.7974328118732451,
        "retention": 100.45477513895908,
        "ci": [
          99.79643765903307,
          101.12618237130108
        ]
      },
      "disorder": {
        "raw": 0.6626925021248122,
        "comp": 0.612245680501943,