{
  "plm": "ESM2-650M",
  "plm_name": "esm2_650m",
  "plm_dim": 1280,
  "codec": "center + RP896 + PQ224 (18x)",
  "timestamp": "2026-03-31 16:01:47",
  "fit_time_s": 595.0571088790894,
  "ss3": {
    "raw": 0.8356948678992283,
    "raw_ci": [
      0.814994186768797,
      0.8495747563013644
    ],
    "comp": 0.8158862890215312,
    "comp_ci": [
      0.7961058132252286,
      0.8291284126999773
    ],
    "retention": 97.62968762420523,
    "retention_ci": [
      97.06163643398435,
      98.4815434689357
    ],
    "n": 103
  },
  "ss8": {
    "raw": 0.7146452349083459,
    "raw_ci": [
      0.6954159848492631,
      0.731779315557168
    ],
    "comp": 0.6894245245134609,
    "comp_ci": [
      0.6701819110983065,
      0.7059359714537878
    ],
    "retention": 96.47087685428708,
    "retention_ci": [
      95.75602385889297,
      97.24854112501959
    ],
    "n": 103
  },
  "ret1": {
    "raw": 0.5892807553457373,
    "raw_ci": [
      0.5728964176617606,
      0.6048319911135795
    ],
    "comp": 0.5762288253262983,
    "comp_ci": [
      0.560122188281033,
      0.5923354623715634
    ],
    "retention": 97.78510838831292,
    "retention_ci": [
      96.24236730859559,
      99.37472214577654
    ],
    "n": 3601
  },
  "disorder": {
    "raw": 0.6765818655824123,
    "raw_ci": [
      0.6004670088840272,
      0.7333775647823104
    ],
    "comp": 0.6681765207034687,
    "comp_ci": [
      0.5919255792290834,
      0.7257880472714323
    ],
    "retention": 98.75767511567751,
    "retention_ci": [
      97.73018438672605,
      99.57686490080886
    ],
    "n": 117
  }
}