{
  "raw_baselines": {
    "ss3_q3": {
      "value": 0.8402178716664075,
      "ci_lower": 0.8234108441798264,
      "ci_upper": 0.852351909694747,
      "n": 103,
      "seeds_mean": 0.8402178716664075,
      "seeds_std": 0.0,
      "ci_method": "bca"
    },
    "ss8_q8": {
      "value": 0.7158267826797725,
      "ci_lower": 0.6959057796670515,
      "ci_upper": 0.7330236433263345,
      "n": 103,
      "seeds_mean": 0.7158267826797725,
      "seeds_std": 0.0,
      "ci_method": "bca"
    },
    "disorder_pooled_rho": {
      "value": 0.6626925021248122,
      "ci_lower": 0.5850701359463315,
      "ci_upper": 0.7229557989916314,
      "n": 117,
      "seeds_mean": null,
      "seeds_std": null,
      "ci_method": "bca"
    },
    "ret1_cosine": {
      "value": 0.793822703569996,
      "ci_lower": 0.7773766546329723,
      "ci_upper": 0.8094665062174088,
      "n": 2493,
      "seeds_mean": null,
      "seeds_std": null,
      "ci_method": "bca"
    }
  },
  "configs": {
    "lossless": {
      "config": {
        "name": "lossless",
        "d_out": 1024,
        "quantization": null,
        "pq_m": null
      },
      "ss3_q3": {
        "value": 0.8405797888790644,
        "ci_lower": 0.8239955672232853,
        "ci_upper": 0.852930068255051,
        "n": 103,
        "seeds_mean": 0.8405797888790644,
        "seeds_std": 0.0,
        "ci_method": "bca"
      },
      "ss3_retention": {
        "value": 100.0430742102568,
        "ci_lower": 99.81472889221465,
        "ci_upper": 100.28531306488208,
        "n": 103,
        "seeds_mean": null,
        "seeds_std": null,
        "ci_method": "bca"
      },
      "ss8_q8": {
        "value": 0.715939256245111,
        "ci_lower": 0.6962227356865561,
        "ci_upper": 0.7326427761725238,
        "n": 103,
        "seeds_mean": 0.715939256245111,
        "seeds_std": 0.0,
        "ci_method": "bca"
      },
      "ss8_retention": {
        "value": 100.01571239971176,
        "ci_lower": 99.73357817694323,
        "ci_upper": 100.29194128937694,
        "n": 103,
        "seeds_mean": null,
        "seeds_std": null,
        "ci_method": "bca"
      },
      "disorder_pooled_rho": {
        "value": 0.6617603181721233,
        "ci_lower": 0.5842252547075538,
        "ci_upper": 0.7220752011483594,
        "n": 117,
        "seeds_mean": null,
        "seeds_std": null,
        "ci_method": "bca"
      },
      "disorder_auc_roc": {
        "value": 0.8893296471466506,
        "ci_lower": 0.83560556382907,
        "ci_upper": 0.9218870310116304,
        "n": 117,
        "seeds_mean": null,
        "seeds_std": null,
        "ci_method": "bca"
      },
      "disorder_retention": {
        "value": 99.85933386152702,
        "ci_lower": 99.70994359694745,
        "ci_upper": 100.00674447706074,
        "n": 117,
        "seeds_mean": null,
        "seeds_std": null,
        "ci_method": "bca"
      },
      "ret1_cosine": {
        "value": 0.7966305655836342,
        "ci_lower": 0.7805856397914159,
        "ci_upper": 0.8118732450862415,
        "n": 2493,
        "seeds_mean": null,
        "seeds_std": null,
        "ci_method": "bca"
      },
      "ret1_retention": {
        "value": 100.35371399696817,
        "ci_lower": 99.8984771573604,
        "ci_upper": 100.855730307139,
        "n": 2493,
        "seeds_mean": null,
        "seeds_std": null,
        "ci_method": "bca"
      },
      "best_C_ss3": 0.1,
      "best_C_ss8": 0.1,
      "best_alpha_disorder": 10.0,
      "time_s": 314.93681716918945
    },
    "fp16-768": {
      "config": {
        "name": "fp16-768",
        "d_out": 768,
        "quantization": null,
        "pq_m": null
      },
      "ss3_q3": {
        "value": 0.8328523815954465,
        "ci_lower": 0.8174869826069697,
        "ci_upper": 0.8454521071974032,
        "n": 103,
        "seeds_mean": 0.8328523815954464,
        "seeds_std": 1.3597399555105182e-16,
        "ci_method": "bca"
      },
      "ss3_retention": {
        "value": 99.12338331290752,
        "ci_lower": 98.60684242752046,
        "ci_upper": 99.65655900195048,
        "n": 103,
        "seeds_mean": null,
        "seeds_std": null,
        "ci_method": "bca"
      },
      "ss8_q8": {
        "value": 0.7066829803025912,
        "ci_lower": 0.6869638384706619,
        "ci_upper": 0.7236200092885576,
        "n": 103,
        "seeds_mean": 0.7066829803025912,
        "seeds_std": 0.0,
        "ci_method": "bca"
      },
      "ss8_retention": {
        "value": 98.72262360134802,
        "ci_lower": 98.13192452315218,
        "ci_upper": 99.27467947842399,
        "n": 103,
        "seeds_mean": null,
        "seeds_std": null,
        "ci_method": "bca"
      },
      "disorder_pooled_rho": {
        "value": 0.6292468375354545,
        "ci_lower": 0.5483182387647345,
        "ci_upper": 0.6912457104190466,
        "n": 117,
        "seeds_mean": null,
        "seeds_std": null,
        "ci_method": "bca"
      },
      "disorder_auc_roc": {
        "value": 0.8767527055791273,
        "ci_lower": 0.826130529058545,
        "ci_upper": 0.9093581011616176,
        "n": 117,
        "seeds_mean": null,
        "seeds_std": null,
        "ci_method": "bca"
      },
      "disorder_retention": {
        "value": 94.95306428213391,
        "ci_lower": 92.64904303330047,
        "ci_upper": 96.76192723055088,
        "n": 117,
        "seeds_mean": null,
        "seeds_std": null,
        "ci_method": "bca"
      },
      "ret1_cosine": {
        "value": 0.7954271961492179,
        "ci_lower": 0.7793822703569996,
        "ci_upper": 0.8110709987966306,
        "n": 2493,
        "seeds_mean": null,
        "seeds_std": null,
        "ci_method": "bca"
      },
      "ret1_retention": {
        "value": 100.20212228398182,
        "ci_lower": 99.59514170040487,
        "ci_upper": 100.8097165991903,
        "n": 2493,
        "seeds_mean": null,
        "seeds_std": null,
        "ci_method": "bca"
      },
      "best_C_ss3": 0.1,
      "best_C_ss8": 0.1,
      "best_alpha_disorder": 0.01,
      "time_s": 218.38751101493835
    },
    "int4-768": {
      "config": {
        "name": "int4-768",
        "d_out": 768,
        "quantization": "int4",
        "pq_m": null
      },
      "ss3_q3": {
        "value": 0.8333178886495093,
        "ci_lower": 0.8186440762388547,
        "ci_upper": 0.845473378818893,
        "n": 103,
        "seeds_mean": 0.8333178886495093,
        "seeds_std": 0.0,
        "ci_method": "bca"
      },
      "ss3_retention": {
        "value": 99.17878644937493,
        "ci_lower": 98.60271700830556,
        "ci_upper": 99.7728290490628,
        "n": 103,
        "seeds_mean": null,
        "seeds_std": null,
        "ci_method": "bca"
      },
      "ss8_q8": {
        "value": 0.7059263916929421,
        "ci_lower": 0.6859243559925321,
        "ci_upper": 0.722964590774563,
        "n": 103,
        "seeds_mean": 0.7059263916929422,
        "seeds_std": 1.3597399555105182e-16,
        "ci_method": "bca"
      },
      "ss8_retention": {
        "value": 98.61692923115181,
        "ci_lower": 98.0418582933042,
        "ci_upper": 99.18067274491878,
        "n": 103,
        "seeds_mean": null,
        "seeds_std": null,
        "ci_method": "bca"
      },
      "disorder_pooled_rho": {
        "value": 0.6279935856981609,
        "ci_lower": 0.5467719299386955,
        "ci_upper": 0.6900820774948748,
        "n": 117,
        "seeds_mean": null,
        "seeds_std": null,
        "ci_method": "bca"
      },
      "disorder_auc_roc": {
        "value": 0.876217259598575,
        "ci_lower": 0.8256801690178678,
        "ci_upper": 0.9088858802664815,
        "n": 117,
        "seeds_mean": null,
        "seeds_std": null,
        "ci_method": "bca"
      },
      "disorder_retention": {
        "value": 94.76394914452855,
        "ci_lower": 92.3286425844056,
        "ci_upper": 96.64939404552992,
        "n": 117,
        "seeds_mean": null,
        "seeds_std": null,