{
  "plm": "ESM-C 600M",
  "plm_name": "esmc_600m",
  "plm_dim": 1152,
  "codec": "center + RP896 + PQ224 (18x)",
  "timestamp": "2026-03-31 17:08:56",
  "fit_time_s": 1046.6789193153381,
  "ss3": {
    "raw": 0.8462148168321725,
    "raw_ci": [
      0.8294362430102241,
      0.8586583495004668
    ],
    "comp": 0.8321759395994756,
    "comp_ci": [
      0.8142406990521488,
      0.8451744460401552
    ],
    "retention": 98.34097950621428,
    "retention_ci": [
      97.8286350574734,
      98.76067276974172
    ],
    "n": 103
  },
  "ss8": {
    "raw": 0.7289546390946168,
    "raw_ci": [
      0.7117069270918733,
      0.7445949903955386
    ],
    "comp": 0.7114718818296178,
    "comp_ci": [
      0.6925315757380937,
      0.7277566801495609
    ],
    "retention": 97.60166732916153,
    "retention_ci": [
      96.79750546163264,
      98.25993505217608
    ],
    "n": 103
  },
  "ret1": {
    "raw": 0.34296028880866425,
    "raw_ci": [
      0.3276867536795335,
      0.35851152457650654
    ],
    "comp": 0.3518467092474313,
    "comp_ci": [
      0.336295473479589,
      0.36712024437656204
    ],
    "retention": 102.5910931174089,
    "retention_ci": [
      99.6901473362968,
      105.49180327868852
    ],
    "n": 3601
  },
  "disorder": {
    "raw": 0.6548049035620835,
    "raw_ci": [
      0.5770879662792945,
      0.7150633295226688
    ],
    "comp": 0.6421902461931749,
    "comp_ci": [
      0.5636472478217912,
      0.7039729631181957
    ],
    "retention": 98.07352429704085,
    "retention_ci": [
      96.89386918239028,
      98.99257103571955
    ],
    "n": 117
  }
}