{
  "plm": "ESM2-650M",
  "dim": 1280,
  "configs": [
    {
      "config": "lossless-1024",
      "description": "No RP, fp16, lossless",
      "d_out": 1024,
      "quantization": "none",
      "pq_m": 0,
      "abtt_k": 0,
      "vq_k": 0,
      "rvq_levels": 0,
      "compression": "2x",
      "ss3": {
        "raw": 0.8356948678992283,
        "comp": 0.8254775333137174,
        "retention": 98.7773845481192,
        "ci": [
          98.35296598663294,
          99.16997831858077
        ]
      },
      "ss8": {
        "raw": 0.7146452349083459,
        "comp": 0.7057249597595354,
        "retention": 98.75178973942862,
        "ci": [
          98.2044565112619,
          99.25236338921226
        ]
      },
      "ret1": {
        "raw": 0.5892807553457373,
        "comp": 0.5853929464037767,
        "retention": 99.34024505183788,
        "ci": [
          97.81793494921479,
          100.88033703189174
        ]
      },
      "disorder": {
        "raw": 0.6765818655824123,
        "comp": 0.6734625018555738,
        "retention": 99.53895250737273,
        "ci": [
          98.81846755953795,
          100.33191876940091
        ]
      },
      "time_s": 420.53469824790955
    },
    {
      "config": "fp16-896",
      "description": "RP 896d, fp16",
      "d_out": 896,
      "quantization": "none",
      "pq_m": 0,
      "abtt_k": 0,
      "vq_k": 0,
      "rvq_levels": 0,
      "compression": "2x",
      "ss3": {
        "raw": 0.8356948678992283,
        "comp": 0.8230532156398535,
        "retention": 98.48728851343152,
        "ci": [
          98.04319824174407,
          98.97303675151451
        ]
      },
      "ss8": {
        "raw": 0.7146452349083459,
        "comp": 0.6995120917696748,
        "retention": 97.88242579682044,
        "ci": [
          97.25809610831699,
          98.59327003927505
        ]
      },
      "ret1": {
        "raw": 0.5892807553457373,
        "comp": 0.586781449597334,
        "retention": 99.57587181903862,
        "ci": [
          98.04195804195803,
          101.14422430168226
        ]
      },
      "disorder": {
        "raw": 0.6765818655824123,
        "comp": 0.6728691317943188,
        "retention": 99.45125135967139,
        "ci": [
          98.58518328326117,
          100.3129882348935
        ]
      },
      "time_s": 385.5333058834076
    },
    {
      "config": "int4-896",
      "description": "RP 896d, int4",
      "d_out": 896,
      "quantization": "int4",
      "pq_m": 0,
      "abtt_k": 0,
      "vq_k": 0,
      "rvq_levels": 0,
      "compression": "9x",
      "ss3": {
        "raw": 0.8356948678992283,
        "comp": 0.8209188521696605,
        "retention": 98.23188865970761,
        "ci": [
          97.73486610195417,
          98.76791842074822
        ]
      },
      "ss8": {
        "raw": 0.7146452349083459,
        "comp": 0.697236402371204,
        "retention": 97.56398955918672,
        "ci": [
          96.96656325382328,
          98.21407993252106
        ]
      },
      "ret1": {
        "raw": 0.5892807553457373,
        "comp": 0.5862260483199111,
        "retention": 99.48162111215834,
        "ci": [
          97.94967381174277,
          101.04171302493404
        ]
      },
      "disorder": {
        "raw": 0.6765818655824123,
        "comp": 0.6724054973053152,
        "retention": 99.38272535970174,
        "ci": [
          98.50217342664786,
          100.25593483339317
        ]
      },
      "time_s": 387.8221447467804
    },
    {
      "config": "pq224-896",
      "description": "DEFAULT: RP 896d, PQ M=224 (~18x)",
      "d_out": 896,
      "quantization": "pq",
      "pq_m": 224,
      "abtt_k": 0,
      "vq_k": 0,
      "rvq_levels": 0,
      "compression": "18x",
      "ss3": {
        "raw": 0.8356948678992283,
        "comp": 0.8158862890215312,
        "retention": 97.62968762420523,
        "ci": [
          97.06163643398435,
          98.4815434689357
        ]
      },
      "ss8": {
        "raw": 0.7146452349083459,
        "comp": 0.6894245245134609,
        "retention": 96.47087685428708,
        "ci": [
          95.75602385889297,
          97.24854112501959
        ]
      },
      "ret1": {
        "raw": 0.5892807553457373,
        "comp": 0.5762288253262983,
        "retention": 97.78510838831292,
        "ci": [
          96.24236730859559,
          99.37472214577654
        ]
      },
      "disorder": {
        "raw": 0.6765818655824123,
        "comp": 0.6681765207034687,
        "retention": 98.75767511567751,
        "ci": [
          97.73018438672605,
          99.57686490080886
        ]
      },
      "time_s": 630.7424399852753
    },
    {
      "config": "pq128-896",
      "description": "RP 896d, PQ M=128 (~32x)",
      "d_out": 896,
      "quantization": "pq",
      "pq_m": 128,
      "abtt_k": 0,
      "vq_k": 0,
      "rvq_levels": 0,
      "compression": "32x",
      "ss3": {
        "raw": 0.8356948678992283,
        "comp": 0.7988587273151266,
        "retention": 95.59215426598222,
        "ci": [
          94.72489079976438,
          96.9419413619477
        ]
      },
      "ss8": {
        "raw": 0.7146452349083459,
        "comp": 0.6709638839627784,
        "retention": 93.88768737103948,
        "ci": [
          92.96974260624805,
          94.98633318171613
        ]
      },
      "ret1": {
        "raw": 0.5892807553457373,
        "comp": 0.5537350735906693,
        "retention": 93.9679547596607,
        "ci": [
          92.22336651118152,
          95.71031250457519
        ]
      },
      "disorder": {
        "raw": 0.6765818655824123,
        "comp": 0.6537984352607663,
        "retention": 96.63256858029536,
        "ci": [
          95.05882350480934,
          97.80160013880172
        ]
      },
      "time_s": 537.8505470752716
    },
    {
      "config": "binary-896",
      "description": "RP 896d, binary (~37x)",
      "d_out": 896,
      "quantization": "binary",
      "pq_m": 0,
      "abtt_k": 0,
      "vq_k": 0,
      "rvq_levels": 0,
      "compression": "37x",
      "ss3": {
        "raw": 0.8356948678992283,
        "comp": 0.7941821336634292,
        "retention": 95.03254886078768,
        "ci": [
          94.2222140236473,
          96.08554260092171
        ]
      },
      "ss8": {
        "raw": 0.7146452349083459,
        "comp": 0.6644762745472211,
        "retention": 92.9798789790351,
        "ci": [
          91.97599544654167,
          94.22369938246575
        ]
      },
      "ret1": {
        "raw": 0.5892807553457373,
        "comp": 0.5515134684809775,
        "retention": 93.59095193213949,
        "ci": [
          91.8893074189754,
          95.30807977660788
        ]
      },
      "disorder": {
        "raw": 0.6765818655824123,
        "comp": 0.665851665406392,
        "retention": 98.41405737843955,
        "ci": [
          96.758457151964,
          99.8342097257123
        ]
      },
      "time_s": 2238.6924917697906
    },
    {
      "config": "old-pq192-768-abtt3",
      "description": "OLD DEFAULT: ABTT3 + RP 768d + PQ M=192 (~21x)",
      "d_out": 768,
      "quantization": "pq",
      "pq_m": 192,
      "abtt_k": 3,
      "vq_k": 0,
      "rvq_levels": 0,
      "compression": "21x",
      "ss3": {
        "raw": 0.8356948678992283,
        "comp": 0.7872435722788047,
        "retention": 94.2022743609494,
        "ci": [
          93.36142724845071,
          95.26897683997946
        ]
      },
      "ss8": {
        "raw": 0.7146452349083459,
        "comp": 0.6742710709203634,
        "retention": 94.35046061796515,
        "ci": [
          93.31775186672262,
          95.46243306911065
        ]
      },
      "ret1": {
        "raw": 0.5892807553457373,
        "comp": 0.6714801444043321,
        "retention": 113.94910461828462,
        "ci": [
          111.93769516696631,
          116.12571502364317
        ]
      },
      "disorder": {
        "raw": 0.6765818655824123,
        "comp": 0.6582666247770058,