{
  "plm": "ANKH-large",
  "dim": 1536,
  "configs": [
    {
      "config": "lossless-1024",
      "description": "No RP, fp16, lossless",
      "d_out": 1024,
      "quantization": "none",
      "pq_m": 0,
      "abtt_k": 0,
      "vq_k": 0,
      "rvq_levels": 0,
      "compression": "2x",
      "ss3": {
        "raw": 0.8614459314626669,
        "comp": 0.8547381380627699,
        "retention": 99.22133320793475,
        "ci": [
          98.90498414652146,
          99.53611239507882
        ]
      },
      "ss8": {
        "raw": 0.751120932432704,
        "comp": 0.7377686587346962,
        "retention": 98.22235366883427,
        "ci": [
          97.48184268169089,
          98.88797792334769
        ]
      },
      "ret1": {
        "raw": 0.7084143293529576,
        "comp": 0.708692029991669,
        "retention": 100.03920031360252,
        "ci": [
          99.56794972505892,
          100.51011618930465
        ]
      },
      "disorder": {
        "raw": 0.6479865344407841,
        "comp": 0.6323599600320542,
        "retention": 97.58844149096157,
        "ci": [
          96.32092951546277,
          98.64455833758663
        ]
      },
      "time_s": 480.47824811935425
    },
    {
      "config": "fp16-896",
      "description": "RP 896d, fp16",
      "d_out": 896,
      "quantization": "none",
      "pq_m": 0,
      "abtt_k": 0,
      "vq_k": 0,
      "rvq_levels": 0,
      "compression": "2x",
      "ss3": {
        "raw": 0.8614459314626669,
        "comp": 0.8484254582119279,
        "retention": 98.48853273604401,
        "ci": [
          98.1110557656962,
          98.82641052224753
        ]
      },
      "ss8": {
        "raw": 0.751120932432704,
        "comp": 0.7339119075069684,
        "retention": 97.70888758618409,
        "ci": [
          96.9568833419716,
          98.40639042655259
        ]
      },
      "ret1": {
        "raw": 0.7084143293529576,
        "comp": 0.7100805331852263,
        "retention": 100.23520188161505,
        "ci": [
          99.7245984011127,
          100.78588255055057
        ]
      },
      "disorder": {
        "raw": 0.6479865344407841,
        "comp": 0.6217524152072763,
        "retention": 95.95144067983634,
        "ci": [
          93.75525111529478,
          97.80906529457437
        ]
      },
      "time_s": 418.3642530441284
    },
    {
      "config": "int4-896",
      "description": "RP 896d, int4",
      "d_out": 896,
      "quantization": "int4",
      "pq_m": 0,
      "abtt_k": 0,
      "vq_k": 0,
      "rvq_levels": 0,
      "compression": "9x",
      "ss3": {
        "raw": 0.8614459314626669,
        "comp": 0.847648766670725,
        "retention": 98.39837135587658,
        "ci": [
          98.01322166746144,
          98.76402540347705
        ]
      },
      "ss8": {
        "raw": 0.751120932432704,
        "comp": 0.7316558048749835,
        "retention": 97.40852282006341,
        "ci": [
          96.71052900068574,
          98.06192058302975
        ]
      },
      "ret1": {
        "raw": 0.7084143293529576,
        "comp": 0.7100805331852263,
        "retention": 100.23520188161505,
        "ci": [
          99.72581276929103,
          100.78663052932197
        ]
      },
      "disorder": {
        "raw": 0.6479865344407841,
        "comp": 0.6210736170193334,
        "retention": 95.8466856962272,
        "ci": [
          93.58581706457598,
          97.75640124267406
        ]
      },
      "time_s": 440.8215992450714
    },
    {
      "config": "pq224-896",
      "description": "DEFAULT: RP 896d, PQ M=224 (~18x)",
      "d_out": 896,
      "quantization": "pq",
      "pq_m": 224,
      "abtt_k": 0,
      "vq_k": 0,
      "rvq_levels": 0,
      "compression": "18x",
      "ss3": {
        "raw": 0.8614459314626669,
        "comp": 0.8437728463463591,
        "retention": 97.94843942366757,
        "ci": [
          97.49412969394169,
          98.41566586780701
        ]
      },
      "ss8": {
        "raw": 0.751120932432704,
        "comp": 0.7233801899017748,
        "retention": 96.30675416792293,
        "ci": [
          95.49285799348519,
          97.00207148348925
        ]
      },
      "ret1": {
        "raw": 0.7084143293529576,
        "comp": 0.7075812274368231,
        "retention": 99.88239905919247,
        "ci": [
          99.30041253636611,
          100.47058823529412
        ]
      },
      "disorder": {
        "raw": 0.6479865344407841,
        "comp": 0.614194681973557,
        "retention": 94.7850995859984,
        "ci": [
          92.40616250715057,
          96.93675548345148
        ]
      },
      "time_s": 779.4766640663147
    },
    {
      "config": "pq128-896",
      "description": "RP 896d, PQ M=128 (~32x)",
      "d_out": 896,
      "quantization": "pq",
      "pq_m": 128,
      "abtt_k": 0,
      "vq_k": 0,
      "rvq_levels": 0,
      "compression": "32x",
      "ss3": {
        "raw": 0.8614459314626669,
        "comp": 0.8291003815544215,
        "retention": 96.24520254529205,
        "ci": [
          95.63862930049274,
          96.79162055799921
        ]
      },
      "ss8": {
        "raw": 0.751120932432704,
        "comp": 0.7067283806136475,
        "retention": 94.08982629797316,
        "ci": [
          93.23366257729755,
          94.8608500254376
        ]
      },
      "ret1": {
        "raw": 0.7084143293529576,
        "comp": 0.7053596223271313,
        "retention": 99.5687965503724,
        "ci": [
          98.9816881781241,
          100.15748031496064
        ]
      },
      "disorder": {
        "raw": 0.6479865344407841,
        "comp": 0.6040973380837736,
        "retention": 93.22683512321947,
        "ci": [
          90.49761775045911,
          95.65202551745635
        ]
      },
      "time_s": 631.280690908432
    },
    {
      "config": "binary-896",
      "description": "RP 896d, binary (~37x)",
      "d_out": 896,
      "quantization": "binary",
      "pq_m": 0,
      "abtt_k": 0,
      "vq_k": 0,
      "rvq_levels": 0,
      "compression": "37x",
      "ss3": {
        "raw": 0.8614459314626669,
        "comp": 0.8263298251542539,
        "retention": 95.92358556400764,
        "ci": [
          95.42160553207542,
          96.45025203562673
        ]
      },
      "ss8": {
        "raw": 0.751120932432704,
        "comp": 0.701581979403921,
        "retention": 93.40466349828144,
        "ci": [
          92.50171400406732,
          94.23608751726825
        ]
      },
      "ret1": {
        "raw": 0.7084143293529576,
        "comp": 0.7111913357400722,
        "retention": 100.39200313602508,
        "ci": [
          99.61105363181963,
          101.18577075098814
        ]
      },
      "disorder": {
        "raw": 0.6479865344407841,
        "comp": 0.6239706079249957,
        "retention": 96.29376148433172,
        "ci": [
          94.25146910351448,
          98.18544537973177
        ]
      },
      "time_s": 413.54613995552063
    },
    {
      "config": "old-pq192-768-abtt3",
      "description": "OLD DEFAULT: ABTT3 + RP 768d + PQ M=192 (~21x)",
      "d_out": 768,
      "quantization": "pq",
      "pq_m": 192,
      "abtt_k": 3,
      "vq_k": 0,
      "rvq_levels": 0,
      "compression": "21x",
      "ss3": {
        "raw": 0.8614459314626669,
        "comp": 0.8053986350032668,
        "retention": 93.49381146136052,
        "ci": [
          92.79513708324802,
          94.13133996090654
        ]
      },
      "ss8": {
        "raw": 0.751120932432704,
        "comp": 0.6927963611137729,
        "retention": 92.23499588408067,
        "ci": [
          91.14967635380614,
          93.04021776770792
        ]
      },
      "ret1": {
        "raw": 0.7084143293529576,
        "comp": 0.7103582338239378,
        "retention": 100.27440219521755,
        "ci": [
          99.60917024094189,
          100.93972210181013
        ]
      },
      "disorder": {
        "raw": 0.6479865344407841,
        "comp": 0.607387827275469,