{
  "plm": "ProtT5-XL (fp32)",
  "plm_name": "prot_t5_full",
  "plm_dim": 1024,
  "codec": "center + RP896 + PQ224 (18x)",
  "timestamp": "2026-03-31 15:33:57",
  "fit_time_s": 622.4283158779144,
  "ss3": {
    "raw": 0.8402178716664075,
    "raw_ci": [
      0.8234108441798264,
      0.852351909694747
    ],
    "comp": 0.8320907200213195,
    "comp_ci": [
      0.8150109829008678,
      0.8439582177994325
    ],
    "retention": 99.03273282809738,
    "retention_ci": [
      98.56255567172882,
      99.50240585617385
    ],
    "n": 103
  },
  "ss8": {
    "raw": 0.7158267826797725,
    "raw_ci": [
      0.6959057796670515,
      0.7330236433263345
    ],
    "comp": 0.7052248992292574,
    "comp_ci": [
      0.6861171826585719,
      0.7215156764609456
    ],
    "retention": 98.51893171545973,
    "retention_ci": [
      97.94364407016532,
      99.10951728921945
    ],
    "n": 103
  },
  "ret1": {
    "raw": 0.793822703569996,
    "raw_ci": [
      0.7773766546329723,
      0.8094665062174088
    ],
    "comp": 0.7986361813076615,
    "comp_ci": [
      0.7825912555154433,
      0.8142799839550742
    ],
    "retention": 100.60636685194544,
    "retention_ci": [
      100.0,
      101.2332990750257
    ],
    "n": 2493
  },
  "disorder": {
    "raw": 0.6626925021248122,
    "raw_ci": [
      0.5850701359463315,
      0.7229557989916314
    ],
    "comp": 0.6321564401989741,
    "comp_ci": [
      0.5548277824167888,
      0.6932759107184843
    ],
    "retention": 95.39212201316155,
    "retention_ci": [
      93.27847042646533,
      96.99572774102316
    ],
    "n": 117
  }
}