{
  "plm": "ESM2-650M",
  "codec": "center + RP896 + PQ224 (18x)",
  "ss3": {
    "raw": 0.8356948678992283,
    "comp": 0.8158862890215312,
    "retention": 97.62968762420523,
    "ci": [
      97.06163643398435,
      98.4815434689357
    ]
  },
  "ss8": {
    "raw": 0.7146452349083459,
    "comp": 0.6894245245134609,
    "retention": 96.47087685428708,
    "ci": [
      95.75602385889297,
      97.24854112501959
    ]
  },
  "ret1": {
    "raw": 0.5892807553457373,
    "comp": 0.5762288253262983,
    "retention": 97.78510838831292,
    "ci": [
      96.24236730859559,
      99.37472214577654
    ]
  }
}