{
  "experiment": "exp56_vep_codec_megasweep",
  "codecs_evaluated": [
    "lossless",
    "binary_896_abtt1",
    "binary_896_abtt3",
    "binary_896_abtt8",
    "binary_1024",
    "binary_1024_abtt3",
    "binary_512",
    "binary_magnitude_896",
    "pq128_896",
    "pq64_896",
    "int2_896",
    "fp16_896_abtt3",
    "int4_896_abtt3"
  ],
  "smoke_test": false,
  "dms_retention": {
    "codecs": {
      "lossless": {
        "mean_spearman_rho": 0.6451019448084423,
        "per_assay_rho": {
          "A0A192B1T2_9HIV1_Haddox_2018": 0.7847034207410168,
          "A0A1I9GEU1_NEIME_Kennouche_2019": 0.10675996278418134,
          "A0A247D711_LISMN_Stadelmann_2021": 0.6514161478643351,
          "A4GRB6_PSEAI_Chen_2020": 0.8685876924899325,
          "A4_HUMAN_Seuma_2022": 0.6624039684228771,
          "ACE2_HUMAN_Chan_2020": 0.7044836808994738,
          "ADRB2_HUMAN_Jones_2020": 0.6106636620985024,
          "AICDA_HUMAN_Gajula_2014_3cycles": 0.3160661336348447,
          "AMFR_HUMAN_Tsuboyama_2023_4G3O": 0.914591891378083,
          "ARGR_ECOLI_Tsuboyama_2023_1AOY": 0.8320898791518848,
          "B2L11_HUMAN_Dutta_2010_binding-Mcl-1": 0.7488535121304829,
          "BBC1_YEAST_Tsuboyama_2023_1TG0": 0.8767015459321907,
          "D7PM05_CLYGR_Somermeyer_2022": 0.6601730685021675,
          "ESTA_BACSU_Nutschel_2020": 0.716441023208962,
          "GCN4_YEAST_Staller_2018": 0.22259358288770054
        },
        "retention_pct": 100.0,
        "retention_ci_low": 99.99999999999999,
        "retention_ci_high": 100.0,
        "n_assays": 15
      },
      "binary_896_abtt1": {
        "mean_spearman_rho": 0.6353167448813388,
        "per_assay_rho": {
          "A0A192B1T2_9HIV1_Haddox_2018": 0.7879813304312185,
          "A0A1I9GEU1_NEIME_Kennouche_2019": 0.12180542273598048,
          "A0A247D711_LISMN_Stadelmann_2021": 0.64480290739572,
          "A4GRB6_PSEAI_Chen_2020": 0.8592128832288504,
          "A4_HUMAN_Seuma_2022": 0.6555651770369091,
          "ACE2_HUMAN_Chan_2020": 0.6941633780510257,
          "ADRB2_HUMAN_Jones_2020": 0.597272000967785,
          "AICDA_HUMAN_Gajula_2014_3cycles": 0.30052130439224156,
          "AMFR_HUMAN_Tsuboyama_2023_4G3O": 0.9100694023898919,
          "ARGR_ECOLI_Tsuboyama_2023_1AOY": 0.824500059860801,
          "B2L11_HUMAN_Dutta_2010_binding-Mcl-1": 0.7602848052955222,
          "BBC1_YEAST_Tsuboyama_2023_1TG0": 0.8751169172720361,
          "D7PM05_CLYGR_Somermeyer_2022": 0.6407798959274432,
          "ESTA_BACSU_Nutschel_2020": 0.7022612497319851,
          "GCN4_YEAST_Staller_2018": 0.1554144385026738
        },
        "retention_pct": 98.48315448343453,
        "retention_ci_low": 96.13188662568632,
        "retention_ci_high": 99.58420056687592,
        "n_assays": 15
      },
      "binary_896_abtt3": {
        "mean_spearman_rho": 0.6383627906566244,
        "per_assay_rho": {
          "A0A192B1T2_9HIV1_Haddox_2018": 0.7850858600943158,
          "A0A1I9GEU1_NEIME_Kennouche_2019": 0.11005679404126797,
          "A0A247D711_LISMN_Stadelmann_2021": 0.6440674879910302,
          "A4GRB6_PSEAI_Chen_2020": 0.8596516569195403,
          "A4_HUMAN_Seuma_2022": 0.6607300606629177,
          "ACE2_HUMAN_Chan_2020": 0.6922614246104073,
          "ADRB2_HUMAN_Jones_2020": 0.5978181173311714,
          "AICDA_HUMAN_Gajula_2014_3cycles": 0.29896543993929153,
          "AMFR_HUMAN_Tsuboyama_2023_4G3O": 0.9113357889745994,
          "ARGR_ECOLI_Tsuboyama_2023_1AOY": 0.8197317479554278,
          "B2L11_HUMAN_Dutta_2010_binding-Mcl-1": 0.7655974255164538,
          "BBC1_YEAST_Tsuboyama_2023_1TG0": 0.8775632972255785,
          "D7PM05_CLYGR_Somermeyer_2022": 0.638909072873666,
          "ESTA_BACSU_Nutschel_2020": 0.7004323915960531,
          "GCN4_YEAST_Staller_2018": 0.21323529411764705
        },
        "retention_pct": 98.95533501238799,
        "retention_ci_low": 98.12192706095867,
        "retention_ci_high": 99.70807910374133,
        "n_assays": 15
      },
      "binary_896_abtt8": {
        "mean_spearman_rho": 0.6402197100832531,
        "per_assay_rho": {
          "A0A192B1T2_9HIV1_Haddox_2018": 0.7840544096954815,
          "A0A1I9GEU1_NEIME_Kennouche_2019": 0.11321582321306096,
          "A0A247D711_LISMN_Stadelmann_2021": 0.6466154674760776,
          "A4GRB6_PSEAI_Chen_2020": 0.8578857951836577,
          "A4_HUMAN_Seuma_2022": 0.6799845205050369,
          "ACE2_HUMAN_Chan_2020": 0.6918585823572307,
          "ADRB2_HUMAN_Jones_2020": 0.5988502096520375,
          "AICDA_HUMAN_Gajula_2014_3cycles": 0.33190108390228956,
          "AMFR_HUMAN_Tsuboyama_2023_4G3O": 0.9128185975813793,
          "ARGR_ECOLI_Tsuboyama_2023_1AOY": 0.8189193771045149,
          "B2L11_HUMAN_Dutta_2010_binding-Mcl-1": 0.7554729147965633,
          "BBC1_YEAST_Tsuboyama_2023_1TG0": 0.874317221643437,
          "D7PM05_CLYGR_Somermeyer_2022": 0.6370803074937044,
          "ESTA_BACSU_Nutschel_2020": 0.7024603780774806,
          "GCN4_YEAST_Staller_2018": 0.19786096256684493
        },
        "retention_pct": 99.24318400146214,
        "retention_ci_low": 98.1891169872689,
        "retention_ci_high": 100.18664483563764,
        "n_assays": 15
      },
      "binary_1024": {
        "mean_spearman_rho": 0.6497391222323273,
        "per_assay_rho": {
          "A0A192B1T2_9HIV1_Haddox_2018": 0.793232049422097,
          "A0A1I9GEU1_NEIME_Kennouche_2019": 0.12422678473700625,
          "A0A247D711_LISMN_Stadelmann_2021": 0.6436497468885601,
          "A4GRB6_PSEAI_Chen_2020": 0.8608595667525776,
          "A4_HUMAN_Seuma_2022": 0.6649780233284506,
          "ACE2_HUMAN_Chan_2020": 0.6985871023242481,
          "ADRB2_HUMAN_Jones_2020": 0.5960405163332938,
          "AICDA_HUMAN_Gajula_2014_3cycles": 0.31944166873340135,
          "AMFR_HUMAN_Tsuboyama_2023_4G3O": 0.9102638209260115,
          "ARGR_ECOLI_Tsuboyama_2023_1AOY": 0.8267281718664504,
          "B2L11_HUMAN_Dutta_2010_binding-Mcl-1": 0.7679203229096062,
          "BBC1_YEAST_Tsuboyama_2023_1TG0": 0.8751779272136133,
          "D7PM05_CLYGR_Somermeyer_2022": 0.6555420650761555,
          "ESTA_BACSU_Nutschel_2020": 0.7083027033370759,
          "GCN4_YEAST_Staller_2018": 0.3011363636363637
        },
        "retention_pct": 100.71882862254616,
        "retention_ci_low": 99.45652794481988,
        "retention_ci_high": 103.2101070753106,
        "n_assays": 15
      },
      "binary_1024_abtt3": {
        "mean_spearman_rho": 0.6450217962658182,
        "per_assay_rho": {
          "A0A192B1T2_9HIV1_Haddox_2018": 0.7930353638589291,
          "A0A1I9GEU1_NEIME_Kennouche_2019": 0.12916144058963783,
          "A0A247D711_LISMN_Stadelmann_2021": 0.6456880271259725,
          "A4GRB6_PSEAI_Chen_2020": 0.8609125100963356,
          "A4_HUMAN_Seuma_2022": 0.6491109699678526,
          "ACE2_HUMAN_Chan_2020": 0.6941748138930051,
          "ADRB2_HUMAN_Jones_2020": 0.5989235056123836,
          "AICDA_HUMAN_Gajula_2014_3cycles": 0.3116097168042808,
          "AMFR_HUMAN_Tsuboyama_2023_4G3O": 0.9125705958776871,
          "ARGR_ECOLI_Tsuboyama_2023_1AOY": 0.8274938598489886,
          "B2L11_HUMAN_Dutta_2010_binding-Mcl-1": 0.7716403783562632,
          "BBC1_YEAST_Tsuboyama_2023_1TG0": 0.8755909596192097,
          "D7PM05_CLYGR_Somermeyer_2022": 0.6526313810160096,
          "ESTA_BACSU_Nutschel_2020": 0.7047887689143014,
          "GCN4_YEAST_Staller_2018": 0.24799465240641713
        },
        "retention_pct": 99.98757583304948,
        "retention_ci_low": 99.09298273073192,
        "retention_ci_high": 101.17209916004197,
        "n_assays": 15
      },
      "binary_512": {
        "mean_spearman_rho": 0.6330786903399407,
        "per_assay_rho": {
          "A0A192B1T2_9HIV1_Haddox_2018": 0.7660418777247149,
          "A0A1I9GEU1_NEIME_Kennouche_2019": 0.12546725612777082,
          "A0A247D711_LISMN_Stadelmann_2021": 0.6403787912547135,
          "A4GRB6_PSEAI_Chen_2020": 0.8482581039432115,
          "A4_HUMAN_Seuma_2022": 0.6579402778433727,