{
  "plm": "prot_t5_full",
  "configs": [
    {
      "config": "binary-896",
      "description": "baseline: RP 896d, binary (~37x)",
      "d_out": 896,
      "quantization": "binary",
      "pq_m": 0,
      "abtt_k": 0,
      "vq_k": 0,
      "rvq_levels": 0,
      "compression": "37x",
      "ss3": {
        "raw": 0.8402178716664075,
        "comp": 0.8203604025818171,
        "retention": 97.63662857525192,
        "ci": [
          97.05718335125209,
          98.22746366240794
        ]
      },
      "ss8": {
        "raw": 0.7158267826797725,
        "comp": 0.6799406416495015,
        "retention": 94.98675630773027,
        "ci": [
          94.22121950918618,
          95.70958459907331
        ]
      },
      "ret1": {
        "raw": 0.793822703569996,
        "comp": 0.7966305655836342,
        "retention": 100.35371399696817,
        "ci": [
          99.38953226361123,
          101.38562429895316
        ]
      },
      "disorder": {
        "raw": 0.6626925021248122,
        "comp": 0.6291203281657013,
        "retention": 94.9339740752359,
        "ci": [
          92.98279009034208,
          96.58543634299994
        ]
      },
      "time_s": 206.81362986564636
    },
    {
      "config": "binary_magnitude-896",
      "description": "EXP 51: RP 896d, binary + per-residue fp16 magnitude (~32x)",
      "d_out": 896,
      "quantization": "binary_magnitude",
      "pq_m": 0,
      "abtt_k": 0,
      "vq_k": 0,
      "rvq_levels": 0,
      "compression": "36x",
      "ss3": {
        "raw": 0.8402178716664075,
        "comp": 0.8200769448136546,
        "retention": 97.60289235305036,
        "ci": [
          97.0110140133577,
          98.19148061680671
        ]
      },
      "ss8": {
        "raw": 0.7158267826797725,
        "comp": 0.6826880787999993,
        "retention": 95.37056943361144,
        "ci": [
          94.62850922419642,
          96.12382428835234
        ]
      },
      "ret1": {
        "raw": 0.793822703569996,
        "comp": 0.7966305655836342,
        "retention": 100.35371399696817,
        "ci": [
          99.38480064343652,
          101.36708860759492
        ]
      },
      "disorder": {
        "raw": 0.6626925021248122,
        "comp": 0.625815220979003,
        "retention": 94.43523488985186,
        "ci": [
          92.39798904995723,
          96.15569527790382
        ]
      },
      "time_s": 194.8411567211151
    },
    {
      "config": "int4-896",
      "description": "upper-ref: RP 896d, int4 (~9x)",
      "d_out": 896,
      "quantization": "int4",
      "pq_m": 0,
      "abtt_k": 0,
      "vq_k": 0,
      "rvq_levels": 0,
      "compression": "9x",
      "ss3": {
        "raw": 0.8402178716664075,
        "comp": 0.8382919683514511,
        "retention": 99.7707852475053,
        "ci": [
          99.36163896037039,
          100.22475167853648
        ]
      },
      "ss8": {
        "raw": 0.7158267826797725,
        "comp": 0.7072041295064606,
        "retention": 98.79542741596897,
        "ci": [
          98.3323349449096,
          99.23084988893451
        ]
      },
      "ret1": {
        "raw": 0.793822703569996,
        "comp": 0.7966305655836342,
        "retention": 100.35371399696817,
        "ci": [
          99.79934889908907,
          100.92355645812158
        ]
      },
      "disorder": {
        "raw": 0.6626925021248122,
        "comp": 0.6508984525855448,
        "retention": 98.22028323823616,
        "ci": [
          96.83659600407546,
          99.29801394884505
        ]
      },
      "time_s": 216.32043409347534
    },
    {
      "config": "pq224-896",
      "description": "quality-leader: RP 896d, PQ M=224 (~18x, codebook required)",
      "d_out": 896,
      "quantization": "pq",
      "pq_m": 224,
      "abtt_k": 0,
      "vq_k": 0,
      "rvq_levels": 0,
      "compression": "18x",
      "ss3": {
        "raw": 0.8402178716664075,
        "comp": 0.8320907200213195,
        "retention": 99.03273282809738,
        "ci": [
          98.56255567172882,
          99.50240585617385
        ]
      },
      "ss8": {
        "raw": 0.7158267826797725,
        "comp": 0.7052248992292574,
        "retention": 98.51893171545973,
        "ci": [
          97.94364407016532,
          99.10951728921945
        ]
      },
      "ret1": {
        "raw": 0.793822703569996,
        "comp": 0.7986361813076615,
        "retention": 100.60636685194544,
        "ci": [
          100.0,
          101.2332990750257
        ]
      },
      "disorder": {
        "raw": 0.6626925021248122,
        "comp": 0.6321564401989741,
        "retention": 95.39212201316155,
        "ci": [
          93.27847042646533,
          96.99572774102316
        ]
      },
      "time_s": 457.81983399391174
    }
  ],
  "wall_time_s": 1327.9737260341644
}