{
  "ss3": {
    "raw": {
      "q3": {
        "value": 0.8402178716664075,
        "ci_lower": 0.8234108441798264,
        "ci_upper": 0.852351909694747,
        "n": 103,
        "seeds_mean": 0.8402178716664075,
        "seeds_std": 0.0,
        "ci_method": "bca"
      },
      "per_class_acc": {
        "0": 0.877015491621878,
        "1": 0.7764464224580623,
        "2": 0.8550055569804224
      },
      "class_balance": {
        "imbalanced": "False",
        "max_ratio": 2.002225265320096,
        "class_counts": {
          "0": 9489,
          "1": 5842,
          "2": 11697
        },
        "small_classes": []
      },
      "best_C": 0.1,
      "n_train_residues": 107545,
      "n_test_residues": 27028
    },
    "compressed": {
      "q3": {
        "value": 0.8328715990781927,
        "ci_lower": 0.8180695179906284,
        "ci_upper": 0.8452552747438952,
        "n": 103,
        "seeds_mean": 0.8328715990781927,
        "seeds_std": 0.0,
        "ci_method": "bca"
      },
      "per_class_acc": {
        "0": 0.8684792918115712,
        "1": 0.7553919890448476,
        "2": 0.8536376848764641
      },
      "class_balance": {
        "imbalanced": "False",
        "max_ratio": 2.002225265320096,
        "class_counts": {
          "0": 9489,
          "1": 5842,
          "2": 11697
        },
        "small_classes": []
      },
      "best_C": 0.1,
      "n_train_residues": 107545,
      "n_test_residues": 27028
    },
    "retention_pct": 99.12567051523853,
    "retention": {
      "value": 99.12567051523853,
      "ci_lower": 98.58290627101988,
      "ci_upper": 99.71561421747083,
      "n": 103,
      "seeds_mean": null,
      "seeds_std": null,
      "ci_method": "bca"
    }
  },
  "ss8": {
    "raw": {
      "q8": {
        "value": 0.7158267826797725,
        "ci_lower": 0.6959057796670515,
        "ci_upper": 0.7330236433263345,
        "n": 103,
        "seeds_mean": 0.7158267826797725,
        "seeds_std": 0.0,
        "ci_method": "bca"
      },
      "per_class_acc": {
        "0": 0.9302353362800143,
        "1": 0.04533333333333334,
        "2": 0.8337296506310591,
        "3": 0.20804710500490678,
        "4": 0.24242424242424243,
        "5": 0.5635340833884844,
        "6": 0.2632582983594048,
        "7": 0.7190287413280476
      },
      "class_balance": {
        "imbalanced": "True",
        "max_ratio": 84.55555555555556,
        "class_counts": {
          "0": 8371,
          "1": 375,
          "2": 5467,
          "3": 1019,
          "4": 99,
          "5": 3022,
          "6": 2621,
          "7": 6054
        },
        "small_classes": [
          "4"
        ]
      },
      "best_C": 0.1,
      "n_train_residues": 107545,
      "n_test_residues": 27028
    },
    "compressed": {
      "q8": {
        "value": 0.7071842557643199,
        "ci_lower": 0.6872235330026699,
        "ci_upper": 0.724089224075199,
        "n": 103,
        "seeds_mean": 0.7071842557643199,
        "seeds_std": 0.0,
        "ci_method": "bca"
      },
      "per_class_acc": {
        "0": 0.923784494086728,
        "1": 0.037333333333333336,
        "2": 0.8152551673678434,
        "3": 0.18940137389597644,
        "4": 0.20202020202020202,
        "5": 0.5476505625413634,
        "6": 0.24227394124380008,
        "7": 0.7208457218368021
      },
      "class_balance": {
        "imbalanced": "True",
        "max_ratio": 84.55555555555556,
        "class_counts": {
          "0": 8371,
          "1": 375,
          "2": 5467,
          "3": 1019,
          "4": 99,
          "5": 3022,
          "6": 2621,
          "7": 6054
        },
        "small_classes": [
          "4"
        ]
      },
      "best_C": 0.1,
      "n_train_residues": 107545,
      "n_test_residues": 27028
    },
    "retention_pct": 98.79265108199802,
    "retention": {
      "value": 98.79265108199802,
      "ci_lower": 98.18170964212732,
      "ci_upper": 99.37133507963392,
      "n": 103,
      "seeds_mean": null,
      "seeds_std": null,
      "ci_method": "bca"
    }
  },
  "disorder": {
    "raw": {
      "pooled_spearman_rho": {
        "value": 0.6626925021248122,
        "ci_lower": 0.5850701359463315,
        "ci_upper": 0.7229557989916314,
        "n": 117,
        "seeds_mean": null,
        "seeds_std": null,
        "ci_method": "bca"
      },
      "auc_roc": {
        "value": 0.8895325655812063,
        "ci_lower": 0.8356307221961304,
        "ci_upper": 0.9220186277572552,
        "n": 117,
        "seeds_mean": null,
        "seeds_std": null,
        "ci_method": "bca"
      },
      "per_protein_spearman_rho": {
        "value": 0.3325457291401447,
        "ci_lower": 0.2751679865031824,
        "ci_upper": 0.38678754231490586,
        "n": 117,
        "seeds_mean": 0.3325457291401447,
        "seeds_std": 0.0,
        "ci_method": "bca"
      },
      "spearman_rho": {
        "value": 0.3325457291401447,
        "ci_lower": 0.2751679865031824,
        "ci_upper": 0.38678754231490586,
        "n": 117,
        "seeds_mean": 0.3325457291401447,
        "seeds_std": 0.0,
        "ci_method": "bca"
      },
      "best_alpha": 10.0,
      "n_train_residues": 132545,
      "n_test_residues": 12516,
      "n_test_proteins": 117,
      "disorder_threshold": 8.0
    },
    "compressed": {
      "pooled_spearman_rho": {
        "value": 0.6290879009142777,
        "ci_lower": 0.5482983464550252,
        "ci_upper": 0.6910874999948768,
        "n": 117,
        "seeds_mean": null,
        "seeds_std": null,
        "ci_method": "bca"
      },
      "auc_roc": {
        "value": 0.8766787908819444,
        "ci_lower": 0.826121691434096,
        "ci_upper": 0.9092717441115478,
        "n": 117,
        "seeds_mean": null,
        "seeds_std": null,
        "ci_method": "bca"
      },
      "per_protein_spearman_rho": {
        "value": 0.30819638456883436,
        "ci_lower": 0.25363387383626634,
        "ci_upper": 0.3598309802452355,
        "n": 117,
        "seeds_mean": 0.3081963845688344,
        "seeds_std": 0.0,
        "ci_method": "bca"
      },
      "spearman_rho": {
        "value": 0.30819638456883436,
        "ci_lower": 0.25363387383626634,
        "ci_upper": 0.3598309802452355,
        "n": 117,
        "seeds_mean": 0.3081963845688344,
        "seeds_std": 0.0,
        "ci_method": "bca"
      },
      "best_alpha": 0.01,
      "n_train_residues": 132545,
      "n_test_residues": 12516,
      "n_test_proteins": 117,
      "disorder_threshold": 8.0
    },
    "retention_pct": 94.9290808176059,
    "retention": {
      "value": 94.9290808176059,
      "ci_lower": 92.63254954471118,
      "ci_upper": 96.73189431011869,
      "n": 117,
      "seeds_mean": null,
      "seeds_std": null,
      "ci_method": "bca"
    }
  },
  "retrieval": {
    "baseline_A_raw_mean": {
      "ret1_cosine": {
        "value": 0.731247492980345,
        "ci_lower": 0.7139991977537103,
        "ci_upper": 0.7484957882069796,
        "n": 2493,
        "seeds_mean": null,
        "seeds_std": null,
        "ci_method": "bca"
      },
      "ret1_euclidean": {
        "value": 0.7168070597673486,
        "ci_lower": 0.6991576413959085,
        "ci_upper": 0.7340553549939832,
        "n": 2493,
        "seeds_mean": null,
        "seeds_std": null,
        "ci_method": "bca"
      },
      "n_queries": 2493
    },
    "baseline_B_raw_dct4": {
      "ret1_cosine": {
        "value": 0.793822703569996,
        "ci_lower": 0.7773766546329723,
        "ci_upper": 0.8094665062174088,
        "n": 2493,
        "seeds_mean": null,
        "seeds_std": null,
        "ci_method": "bca"
      },
      "ret1_euclidean": {
        "value": 0.7862013638186923,
        "ci_lower": 0.7701564380264742,
        "ci_upper": 0.8022462896109106,
        "n": 2493,
        "seeds_mean": null,
        "seeds_std": null,
        "ci_method": "bca"
      },
      "n_queries": 2493
    },