{
  "ablation": {
    "raw": {
      "description": "Raw 1024d (no processing)",
      "ss3_q3": {
        "value": 0.8402178716664075,
        "ci_lower": 0.8234108441798264,
        "ci_upper": 0.852351909694747,
        "n": 103,
        "seeds_mean": 0.8402178716664075,
        "seeds_std": 0.0,
        "ci_method": "bca"
      },
      "ss3_best_C": 0.1,
      "ret1_cosine": {
        "value": 0.793822703569996,
        "ci_lower": 0.7773766546329723,
        "ci_upper": 0.8094665062174088,
        "n": 2493,
        "seeds_mean": null,
        "seeds_std": null,
        "ci_method": "bca"
      },
      "ret1_euclidean": {
        "value": 0.7862013638186923,
        "ci_lower": 0.7701564380264742,
        "ci_upper": 0.8022462896109106,
        "n": 2493,
        "seeds_mean": null,
        "seeds_std": null,
        "ci_method": "bca"
      }
    },
    "abtt_only": {
      "description": "ABTT only 1024d",
      "ss3_q3": {
        "value": 0.8413751415638183,
        "ci_lower": 0.8256690660544856,
        "ci_upper": 0.8531568984702483,
        "n": 103,
        "seeds_mean": 0.8413751415638183,
        "seeds_std": 0.0,
        "ci_method": "bca"
      },
      "ss3_best_C": 0.1,
      "ret1_cosine": {
        "value": 0.7994384275972723,
        "ci_lower": 0.7833935018050542,
        "ci_upper": 0.8146811070998796,
        "n": 2493,
        "seeds_mean": null,
        "seeds_std": null,
        "ci_method": "bca"
      },
      "ret1_euclidean": {
        "value": 0.7853991175290814,
        "ci_lower": 0.7693541917368633,
        "ci_upper": 0.801845166466105,
        "n": 2493,
        "seeds_mean": null,
        "seeds_std": null,
        "ci_method": "bca"
      }
    },
    "rp_only": {
      "description": "RP only 768d",
      "ss3_q3": {
        "value": 0.8373028941585494,
        "ci_lower": 0.8225604938601145,
        "ci_upper": 0.8492095434816145,
        "n": 103,
        "seeds_mean": 0.8373028941585495,
        "seeds_std": 1.3597399555105182e-16,
        "ci_method": "bca"
      },
      "ss3_best_C": 0.1,
      "ret1_cosine": {
        "value": 0.7934215804251905,
        "ci_lower": 0.7769755314881669,
        "ci_upper": 0.8090653830726033,
        "n": 2493,
        "seeds_mean": null,
        "seeds_std": null,
        "ci_method": "bca"
      },
      "ret1_euclidean": {
        "value": 0.7841957480946651,
        "ci_lower": 0.7681508223024468,
        "ci_upper": 0.8002406738868832,
        "n": 2493,
        "seeds_mean": null,
        "seeds_std": null,
        "ci_method": "bca"
      }
    },
    "abtt_rp_f32": {
      "description": "ABTT + RP 768d (float32)",
      "ss3_q3": {
        "value": 0.8328715990781927,
        "ci_lower": 0.8180695179906284,
        "ci_upper": 0.8452552747438952,
        "n": 103,
        "seeds_mean": 0.8328715990781927,
        "seeds_std": 0.0,
        "ci_method": "bca"
      },
      "ss3_best_C": 0.1,
      "ret1_cosine": {
        "value": 0.7978339350180506,
        "ci_lower": 0.7817890092258322,
        "ci_upper": 0.8134777376654633,
        "n": 2493,
        "seeds_mean": null,
        "seeds_std": null,
        "ci_method": "bca"
      },
      "ret1_euclidean": {
        "value": 0.7862013638186923,
        "ci_lower": 0.7701564380264742,
        "ci_upper": 0.8022462896109106,
        "n": 2493,
        "seeds_mean": null,
        "seeds_std": null,
        "ci_method": "bca"
      }
    },
    "abtt_rp_fp16": {
      "description": "ABTT + RP + fp16 768d (shipped codec)",
      "ss3_q3": {
        "value": 0.8328715990781927,
        "ci_lower": 0.8180695179906284,
        "ci_upper": 0.8452552747438952,
        "n": 103,
        "seeds_mean": 0.8328715990781927,
        "seeds_std": 0.0,
        "ci_method": "bca"
      },
      "ss3_best_C": 0.1,
      "ret1_cosine": {
        "value": 0.7978339350180506,
        "ci_lower": 0.7817890092258322,
        "ci_upper": 0.8134777376654633,
        "n": 2493,
        "seeds_mean": null,
        "seeds_std": null,
        "ci_method": "bca"
      },
      "ret1_euclidean": {
        "value": 0.7862013638186923,
        "ci_lower": 0.7701564380264742,
        "ci_upper": 0.8022462896109106,
        "n": 2493,
        "seeds_mean": null,
        "seeds_std": null,
        "ci_method": "bca"
      }
    }
  },
  "length_stress": {
    "short": {
      "range": "[0, 100)",
      "n_proteins": 602,
      "ret1_raw_cosine": {
        "value": 0.7209302325581395,
        "ci_lower": 0.6843853820598007,
        "ci_upper": 0.7558139534883721,
        "n": 602,
        "seeds_mean": null,
        "seeds_std": null,
        "ci_method": "bca"
      },
      "ret1_comp_cosine": {
        "value": 0.7192691029900332,
        "ci_lower": 0.6827242524916943,
        "ci_upper": 0.7558139534883721,
        "n": 602,
        "seeds_mean": null,
        "seeds_std": null,
        "ci_method": "bca"
      },
      "retention": {
        "value": 99.76958525345623,
        "ci_lower": 98.39816933638443,
        "ci_upper": 101.14440255470369,
        "n": 602,
        "seeds_mean": null,
        "seeds_std": null,
        "ci_method": "bca"
      },
      "status": "ok"
    },
    "medium": {
      "range": "[100, 300)",
      "n_proteins": 1577,
      "ret1_raw_cosine": {
        "value": 0.7723525681674065,
        "ci_lower": 0.75142675967026,
        "ci_upper": 0.7926442612555485,
        "n": 1577,
        "seeds_mean": null,
        "seeds_std": null,
        "ci_method": "bca"
      },
      "ret1_comp_cosine": {
        "value": 0.777425491439442,
        "ci_lower": 0.7564996829422955,
        "ci_upper": 0.797717184527584,
        "n": 1577,
        "seeds_mean": null,
        "seeds_std": null,
        "ci_method": "bca"
      },
      "retention": {
        "value": 100.6568144499179,
        "ci_lower": 99.91932542477686,
        "ci_upper": 101.48883374689825,
        "n": 1577,
        "seeds_mean": null,
        "seeds_std": null,
        "ci_method": "bca"
      },
      "status": "ok"
    },
    "long": {
      "range": "[300, 500)",
      "n_proteins": 314,
      "ret1_raw_cosine": {
        "value": 0.7197452229299363,
        "ci_lower": 0.6687898089171973,
        "ci_upper": 0.767515923566879,
        "n": 314,
        "seeds_mean": null,
        "seeds_std": null,
        "ci_method": "bca"
      },
      "ret1_comp_cosine": {
        "value": 0.7292993630573248,
        "ci_lower": 0.678343949044586,
        "ci_upper": 0.7770700636942676,
        "n": 314,
        "seeds_mean": null,
        "seeds_std": null,
        "ci_method": "bca"
      },
      "retention": {
        "value": 101.32743362831857,
        "ci_lower": 99.15254237288136,
        "ci_upper": 104.0,
        "n": 314,
        "seeds_mean": null,
        "seeds_std": null,
        "ci_method": "bca"
      },
      "status": "ok"
    },
    "very_long": {
      "range": "[500, inf)",
      "n_proteins": 0,
      "status": "skipped"
    }
  },
  "edge_cases": {
    "single_residue": {
      "shape": [
        1,
        1024
      ],
      "checks": {
        "no_crash": true,
        "per_res_shape_ok": true,
        "prot_vec_dim_ok": true,
        "per_res_no_nan": true,
        "prot_vec_no_nan": true,
        "per_res_finite": true,
        "prot_vec_finite": true,
        "per_res_dtype_fp16": true,
        "prot_vec_dtype_fp16": true,
        "per_res_nonzero": true,
        "prot_vec_nonzero": true
      },
      "passed": true
    },
    "very_short_L5": {
      "shape": [
        5,
        1024
      ],
      "checks": {
        "no_crash": true,
        "per_res_shape_ok": true,
        "prot_vec_dim_ok": true,
        "per_res_no_nan": true,
        "prot_vec_no_nan": true,
        "per_res_finite": true,
        "prot_vec_finite": true,
        "per_res_dtype_fp16": true,
        "prot_vec_dtype_fp16": true,
        "per_res_nonzero": true,
        "prot_vec_nonzero": true
      },
      "passed": true
    },