{
  "raw_baselines": {
    "ss3_q3": {
      "value": 0.8402178716664075,
      "ci_lower": 0.8234108441798264,
      "ci_upper": 0.852351909694747,
      "n": 103,
      "seeds_mean": 0.8402178716664075,
      "seeds_std": 0.0,
      "ci_method": "bca"
    },
    "ss8_q8": {
      "value": 0.7158267826797725,
      "ci_lower": 0.6959057796670515,
      "ci_upper": 0.7330236433263345,
      "n": 103,
      "seeds_mean": 0.7158267826797725,
      "seeds_std": 0.0,
      "ci_method": "bca"
    },
    "disorder_pooled_rho": {
      "value": 0.6626925021248122,
      "ci_lower": 0.5850701359463315,
      "ci_upper": 0.7229557989916314,
      "n": 117,
      "seeds_mean": null,
      "seeds_std": null,
      "ci_method": "bca"
    },
    "ret1_cosine": {
      "value": 0.793822703569996,
      "ci_lower": 0.7773766546329723,
      "ci_upper": 0.8094665062174088,
      "n": 2493,
      "seeds_mean": null,
      "seeds_std": null,
      "ci_method": "bca"
    }
  },
  "modes": {
    "full": {
      "ss3_q3": {
        "value": 0.8116381859342665,
        "ci_lower": 0.7944793828674144,
        "ci_upper": 0.825097435544585,
        "n": 103,
        "seeds_mean": 0.8116381859342665,
        "seeds_std": 0.0,
        "ci_method": "bca"
      },
      "ss3_retention": {
        "value": 96.59853870098493,
        "ci_lower": 95.85674184460662,
        "ci_upper": 97.3349508513715,
        "n": 103,
        "seeds_mean": null,
        "seeds_std": null,
        "ci_method": "bca"
      },
      "ss8_q8": {
        "value": 0.681946696891704,
        "ci_lower": 0.6619219171831957,
        "ci_upper": 0.6985941886946019,
        "n": 103,
        "seeds_mean": 0.681946696891704,
        "seeds_std": 0.0,
        "ci_method": "bca"
      },
      "ss8_retention": {
        "value": 95.2669994183181,
        "ci_lower": 94.46482161312451,
        "ci_upper": 95.99250347540206,
        "n": 103,
        "seeds_mean": null,
        "seeds_std": null,
        "ci_method": "bca"
      },
      "disorder_pooled_rho": {
        "value": 0.5966691340116372,
        "ci_lower": 0.5178453995400569,
        "ci_upper": 0.6604943359912889,
        "n": 117,
        "seeds_mean": null,
        "seeds_std": null,
        "ci_method": "bca"
      },
      "disorder_auc_roc": {
        "value": 0.8587940180773556,
        "ci_lower": 0.8128108234258261,
        "ci_upper": 0.8908878941579985,
        "n": 117,
        "seeds_mean": null,
        "seeds_std": null,
        "ci_method": "bca"
      },
      "disorder_retention": {
        "value": 90.03710349800515,
        "ci_lower": 85.01909973592413,
        "ci_upper": 92.95195008716493,
        "n": 117,
        "seeds_mean": null,
        "seeds_std": null,
        "ci_method": "bca"
      },
      "ret1_cosine": {
        "value": 0.7950260730044123,
        "ci_lower": 0.7789811472121941,
        "ci_upper": 0.8102687525070198,
        "n": 2493,
        "seeds_mean": null,
        "seeds_std": null,
        "ci_method": "bca"
      },
      "ret1_retention": {
        "value": 100.15159171298636,
        "ci_lower": 99.54682779456193,
        "ci_upper": 100.75834175935287,
        "n": 2493,
        "seeds_mean": null,
        "seeds_std": null,
        "ci_method": "bca"
      },
      "best_C_ss3": 0.01,
      "best_C_ss8": 0.1,
      "best_alpha_disorder": 100.0,
      "time_s": 189.94788217544556
    },
    "balanced": {
      "ss3_q3": {
        "value": 0.8042704524751841,
        "ci_lower": 0.7862287396636619,
        "ci_upper": 0.8182852398984646,
        "n": 103,
        "seeds_mean": 0.8042704524751841,
        "seeds_std": 0.0,
        "ci_method": "bca"
      },
      "ss3_retention": {
        "value": 95.72165501313026,
        "ci_lower": 94.84602277741189,
        "ci_upper": 96.62935875159894,
        "n": 103,
        "seeds_mean": null,
        "seeds_std": null,
        "ci_method": "bca"
      },
      "ss8_q8": {
        "value": 0.668882615192855,
        "ci_lower": 0.647870914934687,
        "ci_upper": 0.6854752895015314,
        "n": 103,
        "seeds_mean": 0.668882615192855,
        "seeds_std": 0.0,
        "ci_method": "bca"
      },
      "ss8_retention": {
        "value": 93.4419654834404,
        "ci_lower": 92.533576800939,
        "ci_upper": 94.29911344942244,
        "n": 103,
        "seeds_mean": null,
        "seeds_std": null,
        "ci_method": "bca"
      },
      "disorder_pooled_rho": {
        "value": 0.5831051692777139,
        "ci_lower": 0.5032163932130295,
        "ci_upper": 0.6466438901539583,
        "n": 117,
        "seeds_mean": null,
        "seeds_std": null,
        "ci_method": "bca"
      },
      "disorder_auc_roc": {
        "value": 0.8518752126191849,
        "ci_lower": 0.8069174914495111,
        "ci_upper": 0.8830735863470042,
        "n": 117,
        "seeds_mean": null,
        "seeds_std": null,
        "ci_method": "bca"
      },
      "disorder_retention": {
        "value": 87.99030733078843,
        "ci_lower": 82.23605553048758,
        "ci_upper": 91.14395014684186,
        "n": 117,
        "seeds_mean": null,
        "seeds_std": null,
        "ci_method": "bca"
      },
      "ret1_cosine": {
        "value": 0.7950260730044123,
        "ci_lower": 0.7789811472121941,
        "ci_upper": 0.8102687525070198,
        "n": 2493,
        "seeds_mean": null,
        "seeds_std": null,
        "ci_method": "bca"
      },
      "ret1_retention": {
        "value": 100.15159171298636,
        "ci_lower": 99.54682779456193,
        "ci_upper": 100.75834175935287,
        "n": 2493,
        "seeds_mean": null,
        "seeds_std": null,
        "ci_method": "bca"
      },
      "best_C_ss3": 0.01,
      "best_C_ss8": 0.1,
      "best_alpha_disorder": 100.0,
      "time_s": 326.5319449901581
    },
    "compact": {
      "ss3_q3": {
        "value": 0.7716422493736143,
        "ci_lower": 0.754902811800291,
        "ci_upper": 0.7855824825499904,
        "n": 103,
        "seeds_mean": 0.7716422493736143,
        "seeds_std": 0.0,
        "ci_method": "bca"
      },
      "ss3_retention": {
        "value": 91.83835233630691,
        "ci_lower": 90.86517057591888,
        "ci_upper": 92.78828871932912,
        "n": 103,
        "seeds_mean": null,
        "seeds_std": null,
        "ci_method": "bca"
      },
      "ss8_q8": {
        "value": 0.6354741954392998,
        "ci_lower": 0.6150364706544356,
        "ci_upper": 0.6517639004350626,
        "n": 103,
        "seeds_mean": 0.6354741954392998,
        "seeds_std": 0.0,
        "ci_method": "bca"
      },
      "ss8_retention": {
        "value": 88.7748559868542,
        "ci_lower": 87.601901633497,
        "ci_upper": 89.82432748072375,
        "n": 103,
        "seeds_mean": null,
        "seeds_std": null,
        "ci_method": "bca"
      },
      "disorder_pooled_rho": {
        "value": 0.5480625535768638,
        "ci_lower": 0.4693089529708627,
        "ci_upper": 0.6087929924557435,
        "n": 117,
        "seeds_mean": null,
        "seeds_std": null,
        "ci_method": "bca"
      },
      "disorder_auc_roc": {
        "value": 0.8321900278058646,
        "ci_lower": 0.7899091915286607,
        "ci_upper": 0.862732232201318,
        "n": 117,
        "seeds_mean": null,
        "seeds_std": null,
        "ci_method": "bca"
      },
      "disorder_retention": {
        "value": 82.70239240969126,
        "ci_lower": 76.46077138788175,
        "ci_upper": 86.18050332979278,
        "n": 117,
        "seeds_mean": null,
        "seeds_std": null,
        "ci_method": "bca"
      },
      "ret1_cosine": {
        "value": 0.7950260730044123,
        "ci_lower": 0.7789811472121941,
        "ci_upper": 0.8102687525070198,
        "n": 2493,
        "seeds_mean": null,
        "seeds_std": null,
        "ci_method": "bca"
      },
      "ret1_retention": {
        "value": 100.15159171298636,
        "ci_lower": 99.54682779456193,
        "ci_upper": 100.75834175935287,